Speed,LapDistPct,Lat,Lon,Brake,Throttle,RPM,SteeringWheelAngle,Gear,Clutch,ABSActive,DRSActive,LatAccel,LongAccel,VertAccel,Yaw,YawRate,PositionType
59.03956,0.00037354432,39.235206436380956,-77.96901958423861,0,1,6296.944,-0.009321576,6,1,false,false,-0.24502528,1.200504,7.7263074,3.0802114,-0.017408365,3
59.06091,0.0006813441,39.23519805942124,-77.96902317481823,0,1,6281.7505,-0.0055933576,6,1,false,false,-0.10389833,0.93329364,9.4059105,3.0799196,-0.01602614,3
59.0736,0.0009892298,39.23518959229802,-77.96902688133704,0,1,6290.689,-0.0013316534,6,1,false,false,-0.26849747,0.45865643,8.933654,3.0796545,-0.01446947,3
59.08543,0.0012971787,39.23518121506342,-77.96903047191667,0,1,6331.0283,0.002662277,6,1,false,false,-0.24098596,0.70294064,8.451453,3.079415,-0.0131223155,3
59.10271,0.0016051957,39.2351728381037,-77.96903417843548,0,1,6330.857,0.007457466,6,1,false,false,-0.07671225,1.0274577,7.924591,3.0791945,-0.012079694,3
59.123676,0.0019133092,39.23516437098048,-77.9690377690151,0,1,6319.4893,0.011718138,6,1,false,false,-0.18891636,1.2151489,8.431664,3.0790093,-0.009510761,3
59.14358,0.0022215387,39.235155994020765,-77.96904147482697,0,1,6318.061,0.017310465,6,1,false,false,-0.07505607,0.74482894,9.770162,3.0788846,-0.0039200084,3
59.16044,0.002529854,39.23514761706105,-77.96904506611354,0,1,6326.197,0.02103868,6,1,false,false,0.06804769,0.9479581,9.3602295,3.0788393,0.00027585303,3
59.17938,0.0028382642,39.23513914993783,-77.96904865669316,0,1,6335.042,0.021305429,6,1,false,false,0.2771595,1.0059386,10.305214,3.078914,0.00837966,3
59.201134,0.0031467848,39.23513077297811,-77.96905236250502,0,1,6324,0.022637075,6,1,false,false,-0.4174836,1.3448943,12.182354,3.0791335,0.013420184,3
59.22346,0.003455421,39.23512230585489,-77.96905595308465,0,1,6307.055,0.024234446,6,1,false,false,-0.03919527,1.0388024,9.902888,3.0793805,0.015272628,3
59.24274,0.0037641702,39.23511392862029,-77.96905965960346,0,1,6309.6147,0.022902796,6,1,false,false,0.35835397,1.1617279,13.469872,3.0796711,0.018681923,3
59.260456,0.0040730233,39.23510546177195,-77.96906325018308,0,1,6303.7544,0.021571143,6,1,false,false,0.3189078,0.8918637,10.247976,3.0800507,0.025526006,3
59.277103,0.0043819593,39.23509699464873,-77.96906695670188,0,1,6302.782,0.021571139,6,1,false,false,-0.025751382,0.88940346,9.30758,3.0804381,0.020275202,3
59.292732,0.0046909796,39.23508861741412,-77.96907054728152,0,1,6314.902,0.021305421,6,1,false,false,0.8709147,0.77037096,10.581811,3.0807743,0.02292057,3
59.306637,0.005000084,39.2350801502909,-77.96907425380031,0,1,6314.3354,0.02503364,6,1,false,false,0.2712826,0.6599648,10.390093,3.0811453,0.023006085,3
59.31901,0.00530925,39.23507168344256,-77.96907784437995,0,1,6334.567,0.029562086,6,1,false,false,0.7377014,0.61978847,10.376579,3.0815527,0.027138166,3
59.336636,0.0056184973,39.23506330620796,-77.96908155089875,0,1,6352.5293,0.031159457,6,1,false,false,0.96033645,1.0346859,9.631888,3.082031,0.030094892,3
59.35626,0.005927834,39.23505483908474,-77.96908514147837,0,1,6331.4155,0.028496144,6,1,false,false,0.60763884,1.0930077,8.1087475,3.082612,0.03672576,3
59.375473,0.0062372806,39.235046371961516,-77.96908873205801,0,1,6334.5845,0.024766905,6,1,false,false,0.6359465,0.9762567,9.576249,3.0832186,0.036892585,3
59.3922,0.006546817,39.23503790511318,-77.96909243857681,0,1,6339.133,0.018375376,6,1,false,false,0.44818383,0.8362776,10.5393,3.0838268,0.035612676,3
59.408665,0.0068564345,39.23502943798996,-77.96909602915645,0,1,6341.6084,0.010386484,6,1,false,false,0.629682,0.8863835,8.817981,3.0844064,0.034280907,3
59.426533,0.007166142,39.235020970866735,-77.96909961973607,0,1,6348.634,0.002662276,6,1,false,false,0.54317594,1.0117298,9.267405,3.0849392,0.028881196,3
59.445946,0.00747594,39.235012503743505,-77.96910332625487,0,1,6338.7812,-0.005060901,6,1,false,false,0.6003932,1.0568415,10.366347,3.08537,0.02333174,3
59.46357,0.007785848,39.23500403662028,-77.9691069168345,0,1,6334.5327,-0.0106532285,6,1,false,false,0.4410741,0.86619186,11.074626,3.0856895,0.015043501,3
59.47902,0.008095836,39.23499556949706,-77.96911050741413,0,1,6348.413,-0.0149139,6,1,false,false,0.5881661,0.76521003,10.342072,3.0859149,0.011143152,3
59.495766,0.008405905,39.234987102373836,-77.96911421393294,0,1,6352.347,-0.018377436,6,1,false,false,0.5629426,0.9761458,10.028939,3.0860531,0.005207476,3
59.51521,0.008716065,39.23497863525061,-77.96911780451256,0,1,6344.928,-0.021573199,6,1,false,false,0.077856466,1.1009835,10.665176,3.0861163,-0.00092289405,3
59.533154,0.009026326,39.23497016812739,-77.9691213950922,0,1,6338.656,-0.021838915,6,1,false,false,0.21309936,0.87524253,9.891086,3.0860548,-0.0056759496,3
59.54933,0.009336669,39.23496170100417,-77.969125101611,0,1,6346.3823,-0.021306459,6,1,false,false,-0.07522416,0.8224744,8.314253,3.0858972,-0.012998735,3
59.56476,0.009647098,39.234953233880944,-77.96912869219062,0,1,6352.0063,-0.020507257,6,1,false,false,-0.109382644,0.7849741,8.5578165,3.085629,-0.017585427,3
59.580185,0.009957602,39.2349446768691,-77.96913228277026,0,1,6354.9844,-0.019175608,6,1,false,false,0.07223056,0.78832465,9.717984,3.0852985,-0.019870877,3
59.59456,0.010268192,39.234936209745875,-77.96913598928906,0,1,6365.3066,-0.017045785,6,1,false,false,-0.14086606,0.67749023,7.0127645,3.0849435,-0.021427236,3
59.60966,0.0105788475,39.23492774262265,-77.9691395798687,0,1,6379.082,-0.013848992,6,1,false,false,-0.16019687,0.84888136,6.154954,3.0845578,-0.023291461,3
59.62805,0.0108895805,39.23491927549942,-77.96914317044832,0,1,6379.931,-0.011452425,6,1,false,false,-0.18847251,0.94196606,6.8995194,3.084163,-0.022091275,3
59.643578,0.011200407,39.234910718212696,-77.96914687696712,0,1,6377.549,-0.008256664,6,1,false,false,-0.27639294,0.6101911,7.078739,3.0837803,-0.021204995,3
59.655243,0.0115112895,39.234902251089466,-77.96915046754675,0,1,6408.346,-0.004527415,6,1,false,false,-0.36933237,0.5348177,5.7096777,3.0834084,-0.021301609,3
59.670544,0.01182223,39.23489378424113,-77.96915405812638,0,1,6427.064,-0.0018651388,6,1,false,false,-0.27469987,0.96410304,7.237403,3.0830448,-0.020094644,3
59.693478,0.012133267,39.2348852269544,-77.96915776464519,0,1,6410.486,0.0010649108,6,1,false,false,-0.39204848,1.1943551,6.456538,3.0827186,-0.018253973,3
59.7144,0.012444419,39.234876759831174,-77.96916135522481,0,1,6403.5264,0.0037282174,6,1,false,false,-0.39494535,1.0510982,6.6770535,3.0824218,-0.016034147,3
59.736588,0.012755671,39.23486829270795,-77.96916494580444,0,1,6410.808,0.007989921,6,1,false,false,-0.43951318,1.097898,8.0720215,3.0821598,-0.013778942,3
59.756866,0.013067036,39.234859735696105,-77.96916865232325,0,1,6395.5566,0.011185683,6,1,false,false,-0.36557662,0.9594715,9.520718,3.081947,-0.010413088,3
59.776497,0.013378509,39.23485126857288,-77.96917224290287,0,1,6403.934,0.012783051,6,1,false,false,-0.26448599,0.9755589,11.351748,3.0818055,-0.006256337,3
59.797615,0.0136900805,39.23484271128615,-77.96917594942168,0,1,6404.6943,0.013582247,6,1,false,false,-0.38777766,1.1848838,11.975229,3.0817628,-0.0016666771,3
59.822296,0.014001787,39.234834153999415,-77.9691795400013,0,1,6380.219,0.013848992,6,1,false,false,-0.42053533,1.3232548,10.44577,3.0817876,0.0016998504,3
59.84489,0.014313609,39.23482568687619,-77.9691832465201,0,1,6364.034,0.011451397,6,1,false,false,-0.17885411,1.0836009,11.565068,3.081869,0.006461041,3
59.86254,0.014625558,39.234817129864346,-77.96918683709974,0,1,6361.7505,0.008522378,6,1,false,false,-0.41218895,0.7605814,10.572343,3.0820227,0.011202938,3
59.876854,0.014937573,39.23480866274112,-77.96919054361854,0,1,6366.339,0.0055923257,6,1,false,false,-0.41981718,0.6668738,11.087765,3.0821977,0.010864939,3
59.891197,0.015249673,39.23480010545439,-77.96919413419818,0,1,6381.019,0.00079816836,6,1,false,false,-0.32902166,0.67997164,11.252583,3.082368,0.010422151,3
59.905674,0.01556184,39.23479154844255,-77.96919784001003,0,1,6386.3203,-0.0039949603,6,1,false,false,-0.4784701,0.7407032,11.6539955,3.0825462,0.0099710375,3
59.92204,0.015874093,39.23478308131932,-77.96920143129661,0,1,6392.4272,-0.008256664,6,1,false,false,-0.5068456,0.86922604,10.089094,3.082689,0.006093669,3
59.939438,0.016186444,39.23477452403259,-77.96920513710846,0,1,6393.01,-0.013582245,6,1,false,false,-0.7418247,0.87745214,9.809209,3.0827687,0.0013328207,3
59.95772,0.016498882,39.23476596702075,-77.96920872768808,0,1,6388.6675,-0.01811069,6,1,false,false,-0.49721047,0.91615415,11.137559,3.0827699,-0.0016086486,3
59.974422,0.016811408,39.234757409734016,-77.9692124342069,0,1,6390.6987,-0.020241551,6,1,false,false,-0.61015224,0.77005243,10.548442,3.082707,-0.0066289552,3
59.990017,0.01712403,39.23474885244728,-77.96921614072569,0,1,6397.027,-0.020507261,6,1,false,false,-0.5707326,0.77950764,11.478847,3.0825675,-0.01084873,3
60.006775,0.017436733,39.23474038559895,-77.96921973130533,0,1,6398.18,-0.019442342,6,1,false,false,-0.44723582,0.8897433,12.10564,3.0823383,-0.016113501,3
60.02433,0.017749533,39.23473182831221,-77.96922343782413,0,1,6393.373,-0.016246583,6,1,false,false,-0.79948986,0.9004077,11.05771,3.0820892,-0.016951356,3
60.0413,0.01806242,39.23472327102548,-77.96922714434292,0,1,6394.912,-0.010918941,6,1,false,false,-0.62162685,0.8408455,10.783446,3.08181,-0.01791839,3
60.057148,0.018375393,39.234714714013634,-77.96923073492256,0,1,6396.5093,-0.0061258106,6,1,false,false,-0.5726087,0.8351862,11.834325,3.0815291,-0.016534574,3
60.07334,0.018688455,39.2347061567269,-77.96923444144136,0,1,6396.8364,-0.0007991982,6,1,false,false,-0.454675,0.82209367,12.756163,3.0812826,-0.013496326,3
60.088627,0.019001603,39.234697599715055,-77.96923814796017,0,1,6402.13,0.0045263865,6,1,false,false,-0.88248825,0.81386375,11.562059,3.081106,-0.01160136,3
60.104942,0.019314839,39.23468904242832,-77.9692417385398,0,1,6406.3506,0.007723177,6,1,false,false,-0.3038363,0.94774425,10.164904,3.0809712,-0.0058718096,3
60.12215,0.01962816,39.23468048514159,-77.96924544505859,0,1,6396.965,0.0106532285,6,1,false,false,-0.42520076,0.87921673,10.803785,3.0809147,-0.0020929815,3
60.13741,0.019941567,39.23467192812974,-77.9692491515774,0,1,6395.778,0.012517335,6,1,false,false,-0.4847366,0.7078811,10.7178335,3.080917,0.0026492723,3
60.150414,0.020255044,39.23466337084301,-77.96925285738925,0,1,6409.061,0.014381444,6,1,false,false,-0.21168089,0.6450025,9.748972,3.0809634,0.004668754,3
60.164577,0.020568594,39.23465481383117,-77.96925644867584,0,1,6418.682,0.014647158,6,1,false,false,-0.24318099,0.7776719,8.989281,3.0810719,0.008213548,3
60.18051,0.02088222,39.23464625654444,-77.96926015448769,0,1,6417.7437,0.015446356,6,1,false,false,-0.3273528,0.86721295,9.042208,3.0812364,0.012512024,3
60.19642,0.02119593,39.23463760936908,-77.9692638610065,0,1,6421.31,0.015713101,6,1,false,false,-0.13872923,0.79299873,8.954981,3.0814238,0.012801598,3
60.21143,0.021509714,39.23462905208235,-77.96926756752529,0,1,6429.5186,0.013848992,6,1,false,false,-0.074382186,0.7601818,10.256797,3.0816562,0.016067151,3
60.227894,0.021823585,39.234620494795614,-77.96927115810492,0,1,6433.1577,0.012517335,6,1,false,false,-0.18269798,0.8430071,11.210201,3.0819392,0.017305044,3
60.24486,0.02213754,39.23461193778377,-77.96927486462373,0,1,6431.9146,0.010386484,6,1,false,false,-0.13412905,0.9590909,12.399233,3.0822384,0.015620401,3
60.263638,0.022451587,39.234603380497035,-77.96927857114252,0,1,6429.316,0.00692501,6,1,false,false,-0.03539881,1.0544778,11.385328,3.0825477,0.016231008,3
60.282494,0.022765737,39.234594733321686,-77.96928227766134,0,1,6414.913,0.0037282167,6,1,false,false,-0.12366682,1.0464566,11.582583,3.0828507,0.0152269425,3
60.299534,0.023079988,39.23458617603495,-77.96928598418013,0,1,6405.887,0.0010649109,6,1,false,false,-0.001573354,0.82788885,13.032084,3.0830946,0.012161544,3
60.31319,0.023394322,39.234577619023106,-77.96928957475976,0,1,6408.936,-0.0018651388,6,1,false,false,-0.23726945,0.65941876,12.046657,3.083269,0.008902306,3
60.325573,0.023708712,39.23456897157286,-77.96929328127857,0,1,6420.5537,-0.005593356,6,1,false,false,-0.2010219,0.6860235,12.456925,3.0833876,0.004362738,3
60.338757,0.024023175,39.23456041456102,-77.96929698779736,0,1,6425.1577,-0.010653227,6,1,false,false,-0.19397387,0.74964154,11.506395,3.0834486,0.0009132501,3
60.354046,0.024337726,39.23455185727428,-77.96930069360923,0,1,6423.026,-0.014381448,6,1,false,false,-0.111905605,0.8422504,11.181646,3.083444,-0.002439306,3
60.368477,0.02465234,39.23454321037382,-77.96930440012802,0,1,6421.7524,-0.016513329,6,1,false,false,-0.4881698,0.76629186,10.911844,3.0833647,-0.008606655,3
60.382,0.024967026,39.23453465308709,-77.96930799070766,0,1,6426.601,-0.018643146,6,1,false,false,-0.36406994,0.7318935,10.900531,3.0831923,-0.012122155,3
60.39539,0.025281783,39.234526005636845,-77.96931169722646,0,1,6431.347,-0.019974798,6,1,false,false,-0.30811012,0.7351041,9.667104,3.082951,-0.016206441,3
60.40892,0.025596615,39.23451744835011,-77.96931540374526,0,1,6435.3423,-0.020507254,6,1,false,false,-0.54412425,0.74653035,8.996047,3.0826735,-0.018026762,3
60.422405,0.025911512,39.23450880144964,-77.96931911026407,0,1,6440.086,-0.019175608,6,1,false,false,-0.6103413,0.7319576,8.788341,3.082348,-0.019801285,3
60.435436,0.02622648,39.23450024416291,-77.96932281678286,0,1,6443.158,-0.017578237,6,1,false,false,-0.7179589,0.67805713,8.969425,3.0820026,-0.020726241,3
60.448227,0.026541507,39.23449159671267,-77.96932652330167,0,1,6452.5625,-0.014381448,6,1,false,false,-0.5271025,0.66861314,9.718936,3.0816317,-0.021428373,3
60.46088,0.026856603,39.23448303942594,-77.96933022982047,0,1,6461.8867,-0.012783051,6,1,false,false,-0.6253376,0.67968285,9.044785,3.0812652,-0.021925773,3
60.475266,0.027171765,39.23447439252547,-77.96933393563233,0,1,6468.4434,-0.011185682,6,1,false,false,-0.82284176,0.8551333,9.255643,3.0809224,-0.019907964,3
60.492344,0.027487015,39.23446574507523,-77.9693375269189,0,1,6462.6343,-0.010120774,6,1,false,false,-0.6745131,0.97375906,9.450807,3.0805862,-0.019566683,3
60.5093,0.027802346,39.23445718778849,-77.96934123273076,0,1,6455.4297,-0.009854028,6,1,false,false,-0.8373637,0.8647693,8.685526,3.0802777,-0.017843613,3
60.524696,0.028117761,39.23444854088803,-77.96934493924957,0,1,6458.829,-0.007457465,6,1,false,false,-0.8961409,0.8671981,8.350183,3.0799856,-0.016200745,3
60.53949,0.028433247,39.23443989343779,-77.96934864576836,0,1,6459.3433,-0.0045274147,6,1,false,false,-0.64593935,0.7553047,9.381806,3.0796962,-0.016154438,3
60.55329,0.028748808,39.234431336151054,-77.96935246822635,0,1,6462.1836,-0.0018651388,6,1,false,false,-0.5731281,0.70082873,11.744791,3.0794475,-0.012090986,3
60.56637,0.029064437,39.234422689250586,-77.96935617474514,0,1,6474.91,0.0034614753,6,1,false,false,-0.58824074,0.7264279,9.070552,3.0792668,-0.010280531,3
60.582523,0.029380107,39.23441404180035,-77.96935988126394,0,1,6477.7207,0.010386486,6,1,false,false,-0.5242822,0.9849974,9.5546,3.0791426,-0.0062618707,3
60.601524,0.029695857,39.234405484513616,-77.96936358778275,0,1,6461.807,0.015446355,6,1,false,false,-0.7334937,1.0214864,10.915157,3.0790567,-0.004285151,3
60.61807,0.030011704,39.23439683761315,-77.9693672935946,0,1,6451.3394,0.018109666,6,1,false,false,-0.3892156,0.8150717,9.652232,3.0790772,0.0059574833,3
60.63198,0.030327642,39.2343881901629,-77.96937100011341,0,1,6462.394,0.019174578,6,1,false,false,-0.2710091,0.6796152,7.0939217,3.0792153,0.012304965,3
60.645817,0.03064364,39.23437954271266,-77.96937470663221,0,1,6465.34,0.016778009,6,1,false,false,-0.44356972,0.8208144,8.22641,3.0794296,0.014926891,3
60.658413,0.030959701,39.2343708958122,-77.96937841315102,0,1,6463.36,0.012783049,6,1,false,false,-0.23512165,0.5160204,8.039059,3.0796776,0.01983939,3
60.66673,0.031275827,39.234362338525465,-77.96938211966982,0,1,6487.351,0.008789117,6,1,false,false,-0.3987131,0.39580297,7.9802623,3.079977,0.01891116,3
60.677486,0.031591993,39.23435369107522,-77.96938594212779,0,1,6515.004,0.0029290183,6,1,false,false,-0.31138548,0.60168874,7.797488,3.0802631,0.017398102,3
60.693066,0.03190822,39.23434504417476,-77.9693896486466,0,1,6511.234,-0.0015983966,6,1,false,false,-0.35247663,0.9688189,9.161914,3.080543,0.01578371,3
60.713085,0.03222456,39.234336396724515,-77.96939335445845,0,1,6504.116,-0.0063925544,6,1,false,false,-0.26981294,1.110686,9.352401,3.0807877,0.013195709,3
60.73317,0.032541,39.23432774927427,-77.96939706097726,0,1,6494.3677,-0.010120774,6,1,false,false,-0.24030782,1.1024246,10.4675865,3.0810022,0.010543526,3
60.75298,0.03285754,39.2343191023738,-77.96940076749605,0,1,6481.923,-0.010653226,6,1,false,false,-0.32635278,1.0504307,11.742756,3.08116,0.0060619917,3
60.770798,0.03317419,39.234310454923566,-77.96940458995402,0,1,6473.9023,-0.010386482,6,1,false,false,-0.37194252,0.9160205,12.862247,3.0812464,0.000757682,3
60.786926,0.033490937,39.23430180747332,-77.96940829647284,0,1,6472.3457,-0.010120773,6,1,false,false,-0.35756716,0.832677,12.484966,3.0812726,-0.001216997,3
60.80157,0.033807766,39.234293160572854,-77.96941200299163,0,1,6468.5435,-0.010386485,6,1,false,false,-0.27683732,0.78117394,12.175357,3.081256,-0.0034470118,3
60.815727,0.034124684,39.23428451312261,-77.96941570951044,0,1,6465.7573,-0.013316535,6,1,false,false,-0.54908717,0.7771247,12.674156,3.0812008,-0.005572808,3
60.828735,0.03444166,39.23427586567237,-77.96941941532229,0,1,6464.635,-0.018110693,6,1,false,false,-0.5334578,0.6720252,11.817129,3.0810878,-0.008110072,3
60.840397,0.034758724,39.234267218771905,-77.96942323778028,0,1,6470.848,-0.023437303,6,1,false,false,-0.53686255,0.6063217,10.436884,3.0809147,-0.012041867,3
60.85222,0.035075843,39.23425848115815,-77.96942694429907,0,1,6478.7227,-0.028762888,6,1,false,false,-0.8416834,0.67313457,9.980473,3.0806756,-0.017187862,3
60.86447,0.035393033,39.23424983425769,-77.96943065081787,0,1,6480.8203,-0.032757856,6,1,false,false,-0.7534724,0.6612578,10.301075,3.0803366,-0.022322513,3
60.87681,0.03571029,39.234241186807445,-77.96943447327585,0,1,6487.401,-0.034621965,6,1,false,false,-0.8579366,0.6590305,10.016744,3.07993,-0.02663664,3
60.88872,0.03602763,39.2342325393572,-77.9694381790877,0,1,6494.9575,-0.0340895,6,1,false,false,-0.91675746,0.6309639,9.656484,3.0794425,-0.030798431,3
60.90208,0.036345024,39.23422389245674,-77.96944188560651,0,1,6502.06,-0.030893743,6,1,false,false,-0.8127259,0.77092934,9.748458,3.0788856,-0.034379397,3
60.916653,0.036662504,39.234215245006496,-77.96944570806448,0,1,6499.2964,-0.027431235,6,1,false,false,-0.89963293,0.8248917,9.527244,3.0783076,-0.03544871,3
60.931675,0.036980074,39.23420650794252,-77.9694494145833,0,1,6496.055,-0.022371363,6,1,false,false,-1.0820503,0.79728276,10.2759695,3.0777035,-0.036374435,3
60.945957,0.03729772,39.23419786049228,-77.96945323704126,0,1,6498.467,-0.017311491,6,1,false,false,-0.9201347,0.76587605,9.938491,3.0770974,-0.0358689,3
60.95951,0.03761544,39.234189213042036,-77.96945694356006,0,1,6499.7383,-0.013049789,6,1,false,false,-1.1550914,0.7799898,10.857283,3.0765278,-0.033722505,3
60.973614,0.03793326,39.23418056614157,-77.9694607653111,0,1,6499.0376,-0.008522378,6,1,false,false,-0.90043086,0.7661526,11.295287,3.0760007,-0.02906954,3
60.987453,0.038251147,39.23417182852782,-77.9694644718299,0,1,6498.141,-0.004261704,6,1,false,false,-1.3063455,0.78834933,10.399382,3.0755546,-0.026246231,3
61.00158,0.03856912,39.23416318162735,-77.96946829428788,0,1,6499.4385,-0.0013316527,6,1,false,false,-0.94185054,0.7859327,10.572277,3.0751693,-0.020358019,3
61.01517,0.03888718,39.23415453417711,-77.96947200080668,0,1,6497.4976,0.0007981683,6,1,false,false,-1.043201,0.7469243,9.734828,3.0748682,-0.015732788,3
61.028263,0.039205305,39.23414579656336,-77.96947582255771,0,1,6497.9873,0.0021298216,6,1,false,false,-1.2165107,0.7038262,9.272878,3.074673,-0.008981367,3
61.04051,0.039523512,39.23413714966289,-77.96947964501568,0,1,6502.2075,0.0026622764,6,1,false,false,-0.87884533,0.6596193,8.944044,3.0745325,-0.005912439,3
61.05212,0.039841797,39.23412850221265,-77.96948346747365,0,1,6508.2085,0.0015973661,6,1,false,false,-0.9973331,0.627793,9.587358,3.074442,-0.004459374,3
61.06355,0.04016014,39.23411976514868,-77.96948717399246,0,1,6517.705,0.00079816824,6,1,false,false,-0.91693306,0.6164696,9.88413,3.074394,-0.0010715786,3
61.075924,0.040478546,39.23411111769843,-77.96949099645043,0,1,6524.734,0.0007981682,6,1,false,false,-0.73461413,0.71204257,8.408185,3.074361,-0.0018494456,3
61.09016,0.04079704,39.23410247024819,-77.96949481820147,0,1,6525.219,0.00026571268,6,1,false,false,-0.95428646,0.82933116,9.126433,3.0743484,-0.0006514591,3
61.105682,0.04111562,39.23409373318422,-77.96949864065944,0,1,6519.412,0.0010649108,6,1,false,false,-0.730383,0.8353706,12.253624,3.0743482,0.0013578924,3
61.1195,0.041434284,39.23408508573397,-77.96950246311741,0,1,6518.748,0.0015973663,6,1,false,false,-0.6591779,0.73003364,10.418333,3.0743556,-0.00061948976,3
61.13343,0.04175303,39.234076438833505,-77.96950616963622,0,1,6525.9355,0.0015973662,6,1,false,false,-0.8849002,0.8747382,11.003564,3.0743804,-8.879827e-05,3
61.150394,0.042071864,39.23406770121976,-77.96950999138724,0,1,6512.8164,0.0015973662,6,1,false,false,-0.7764553,0.9578772,11.658852,3.0744183,0.0025016658,3
61.165276,0.042390794,39.23405905431929,-77.96951381384523,0,1,6499.204,0.0015973662,6,1,false,false,-0.4693017,0.7998467,11.138521,3.0744562,0.0022313385,3
61.176544,0.042709816,39.234050316705535,-77.9695176363032,0,1,6509.2583,0.00079816824,6,1,false,false,-0.69312793,0.54901004,9.9254675,3.0745223,0.0038827013,3
61.187576,0.04302888,39.2340416692553,-77.96952145805423,0,1,6513.4487,-1.0298681e-06,6,1,false,false,-0.5828686,0.65739685,10.876867,3.0745907,0.004291477,3
61.198963,0.04334803,39.23403293219132,-77.9695252805122,0,1,6513.7676,-0.0010659408,6,1,false,false,-0.5271981,0.60427034,10.074367,3.0746534,0.0030966443,3
61.209976,0.043667242,39.234024284741075,-77.96952910297017,0,1,6523.897,-0.0023975945,6,1,false,false,-0.41599068,0.650902,10.46067,3.0747142,0.0039753923,3
61.221844,0.043986518,39.2340155476771,-77.96953292542815,0,1,6528.7007,-0.003196792,6,1,false,false,-0.34833038,0.7138538,10.46383,3.0747714,0.0031678928,3
61.23467,0.044305865,39.23400681006335,-77.96953674717918,0,1,6527.256,-0.0034625055,6,1,false,false,-0.39189428,0.7185609,9.682532,3.0747929,0.00015413007,3
61.24741,0.044625286,39.23399816316289,-77.96954056963716,0,1,6530.595,-0.00399496,6,1,false,false,-0.4085105,0.7083102,9.833388,3.0748036,0.0006466195,3
61.25991,0.044944778,39.23398942554913,-77.96954439209513,0,1,6531.2373,-0.0023975945,6,1,false,false,-0.20987825,0.70540273,9.668105,3.0748029,0.00012117254,3
61.272594,0.045264352,39.23398077864867,-77.96954821384617,0,1,6532.007,-0.00026674266,6,1,false,false,-0.29072884,0.7190398,9.694849,3.0747972,-0.0011600911,3
61.285084,0.045583997,39.23397204103492,-77.96955203630414,0,1,6534.666,0.0021298216,6,1,false,false,-0.12585387,0.7061144,10.400205,3.0747857,0.00024898897,3
61.29746,0.045903698,39.233963303970945,-77.96955585876212,0,1,6537.54,0.004260673,6,1,false,false,-0.11907025,0.71396554,9.786761,3.0748007,0.0013235458,3
61.310253,0.046223443,39.2339546565207,-77.96955968122009,0,1,6538.1807,0.0061247805,6,1,false,false,-0.22033218,0.740146,9.573856,3.0748498,0.003968105,3
61.32354,0.04654326,39.23394591890695,-77.96956350297111,0,1,6537.4404,0.0071907225,6,1,false,false,-0.059717447,0.7436735,11.601994,3.0749032,0.0034409168,3
61.336235,0.04686313,39.233937181842975,-77.9695673254291,0,1,6537.961,0.0061247824,6,1,false,false,-0.02354984,0.71411186,12.531803,3.0749857,0.005551406,3
61.348858,0.04718307,39.23392853439273,-77.96957114788707,0,1,6541.8516,0.0039939294,6,1,false,false,-0.061329633,0.7993254,12.175756,3.0751083,0.00696372,3
61.362915,0.047503073,39.23391979732875,-77.96957497034505,0,1,6536.173,0.0015973666,6,1,false,false,-0.26590633,0.8679085,11.82252,3.0752451,0.0060108183,3
61.376637,0.047823153,39.233911059715005,-77.96957890803525,0,1,6526.5356,-0.0013316536,6,1,false,false,0.069726974,0.76575035,12.66425,3.0753589,0.0063823434,3
61.388004,0.04814329,39.233902322651026,-77.96958273049323,0,1,6525.9756,-0.004794159,6,1,false,false,-0.23029529,0.6560763,12.151287,3.0754504,0.003611783,3
61.39795,0.048463482,39.23389358503728,-77.9695865529512,0,1,6531.572,-0.0074574663,6,1,false,false,-0.19285126,0.6124498,11.137377,3.0754926,0.0011076888,3
61.408424,0.048783716,39.23388493813681,-77.96959037470222,0,1,6535.467,-0.00985403,6,1,false,false,-0.29864419,0.64252985,10.49285,3.0754957,-0.0010613152,3
61.419056,0.049104,39.233876200523056,-77.9695941971602,0,1,6537.089,-0.011185685,6,1,false,false,-0.29533166,0.6503354,9.18808,3.0754488,-0.0039418703,3
61.42936,0.049424343,39.233867463459084,-77.96959801961818,0,1,6541.3564,-0.011718135,6,1,false,false,-0.3066852,0.6112938,8.976707,3.0753539,-0.006293928,3
61.439346,0.049744736,39.23385872584533,-77.96960184136921,0,1,6547.682,-0.011984883,6,1,false,false,-0.24320774,0.55955184,8.54763,3.0752187,-0.007988689,3
61.448837,0.05006516,39.23384998878136,-77.96960566382718,0,1,6556.001,-0.011452429,6,1,false,false,-0.35670185,0.5629331,8.729598,3.0750568,-0.009955799,3
61.459038,0.050385643,39.233841251167604,-77.96960948628517,0,1,6565.698,-0.009854031,6,1,false,false,-0.4520122,0.6146564,9.74137,3.07488,-0.011276883,3
61.470467,0.05070617,39.23383251410363,-77.96961342397536,0,1,6570.488,-0.006658267,6,1,false,false,-0.52181053,0.70860505,10.27534,3.074697,-0.011707767,3
61.483738,0.051026754,39.23382377648988,-77.96961724643333,0,1,6570.4463,-0.004527414,6,1,false,false,-0.35763,0.83761895,9.755843,3.0745094,-0.011659104,3
61.498528,0.051347405,39.233815039425906,-77.96962106889131,0,1,6563.461,-0.0026633067,6,1,false,false,-0.3434409,0.91295826,11.146563,3.0743287,-0.0108272,3
61.513485,0.05166814,39.23380630181215,-77.96962489134928,0,1,6552.9985,-0.00079919817,6,1,false,false,-0.36566108,0.8286908,9.534449,3.0741765,-0.008220662,3
61.526173,0.051988937,39.23379756474818,-77.96962871310032,0,1,6549.085,0.0015973662,6,1,false,false,-0.3097626,0.70917416,10.82598,3.0740528,-0.006525282,3
61.53721,0.0523098,39.2337888276842,-77.96963253555829,0,1,6552.855,0.0042606727,6,1,false,false,-0.31964314,0.59169763,10.995315,3.073958,-0.0047083753,3
61.54749,0.052630704,39.233780090070454,-77.96963647395545,0,1,6557.323,0.007190724,6,1,false,false,-0.20555964,0.63696396,10.54478,3.0739083,-0.0014779251,3
61.55857,0.052951656,39.233771353006475,-77.96964029570647,0,1,6561.0864,0.009587288,6,1,false,false,-0.1480991,0.6835722,10.717216,3.0739124,0.0017974168,3
61.570534,0.05327266,39.23376261539273,-77.96964411816444,0,1,6557.928,0.010386485,6,1,false,false,-0.1609543,0.7450387,10.858507,3.0739753,0.004901186,3
61.582115,0.053593725,39.23375387832875,-77.96964794062242,0,1,6558.8447,0.010119745,6,1,false,false,-0.24362472,0.6853169,9.989064,3.0740974,0.008263015,3
61.593403,0.053914845,39.233745140715,-77.96965187831262,0,1,6560.942,0.008255635,6,1,false,false,-0.29805586,0.6931922,9.326872,3.074249,0.009539046,3
61.60473,0.05423602,39.23373640365102,-77.9696557007706,0,1,6559.945,0.005325583,6,1,false,false,-0.11637808,0.6483125,8.343844,3.0744052,0.010384051,3
61.615135,0.05455726,39.233727666037275,-77.96965952322857,0,1,6561.62,0.0015973666,6,1,false,false,-0.28859398,0.5903179,8.62772,3.074559,0.009667454,3
61.62427,0.054878525,39.233718838809786,-77.96966334497961,0,1,6570.262,-0.002397594,6,1,false,false,-0.20542356,0.4884004,8.009439,3.0746922,0.008555313,3
61.63267,0.055199843,39.23371010119604,-77.96966728337675,0,1,6582.6055,-0.0055933567,6,1,false,false,-0.3906324,0.5328784,7.9122305,3.0748026,0.0062728547,3
61.64277,0.055521198,39.23370136413206,-77.96967110583472,0,1,6591.421,-0.007190724,6,1,false,false,-0.2989369,0.6091252,8.867894,3.0748684,0.0032579263,3
61.65416,0.0558426,39.23369262651831,-77.96967492758576,0,1,6593.4575,-0.007723178,6,1,false,false,-0.2099513,0.6998355,8.539083,3.074892,0.000996673,3
61.667084,0.056164064,39.23368388945433,-77.96967875004373,0,1,6595.755,-0.0077231782,6,1,false,false,-0.25010192,0.7904677,8.251972,3.074894,-0.0008583435,3
61.681408,0.056485597,39.23367506222685,-77.96968268844088,0,1,6591.9585,-0.0071907234,6,1,false,false,-0.31349272,0.8672974,8.362414,3.0748584,-0.0033491156,3
61.695732,0.056807194,39.2336663246131,-77.9696865101919,0,1,6583.415,-0.0061258134,6,1,false,false,-0.19738686,0.83483654,9.237837,3.0748012,-0.0030477003,3
61.70839,0.057128865,39.233657587549125,-77.96969033264989,0,1,6582.0156,-0.0045274165,6,1,false,false,-0.23110498,0.65710354,9.703989,3.0747218,-0.0050580273,3
61.719543,0.05745059,39.23364875977186,-77.96969427104703,0,1,6588.1035,-0.0026633067,6,1,false,false,-0.39174968,0.6466279,9.803649,3.0746357,-0.006003244,3
61.731422,0.05777237,39.23364002270789,-77.96969809279807,0,1,6591.0137,-0.0010659411,6,1,false,false,-0.15164642,0.69908446,9.964687,3.0745418,-0.0049385005,3
61.74412,0.058094222,39.233631285094134,-77.96970191525604,0,1,6587.1562,0.00079816836,6,1,false,false,-0.15521508,0.75450915,10.896431,3.0744712,-0.0046222606,3
61.75713,0.058416124,39.23362245786665,-77.96970585365318,0,1,6586.046,0.0018630791,6,1,false,false,-0.21046922,0.76951724,11.471962,3.0744126,-0.0030555401,3
61.76994,0.058738094,39.23361372080268,-77.96970967540422,0,1,6583.354,0.0026622768,6,1,false,false,-0.2264053,0.7203095,11.570112,3.0743923,-0.0015475259,3
61.782375,0.059060138,39.233604983188926,-77.96971349786219,0,1,6579.7705,0.00292902,6,1,false,false,-0.15206273,0.72913474,11.9474125,3.0744088,0.0017712571,3
61.79439,0.05938223,39.23359615596144,-77.96971743625934,0,1,6580.458,0.0029290197,6,1,false,false,-0.0344238,0.69946724,12.047219,3.0744362,0.00071994285,3
61.80582,0.05970438,39.23358741834769,-77.96972125801037,0,1,6575.719,0.0018630791,6,1,false,false,-0.35214868,0.7109385,12.081683,3.0744836,0.00166697,3
61.817093,0.060026605,39.23357859112021,-77.96972508046835,0,1,6572.099,0.0013306235,6,1,false,false,-0.30185625,0.6415039,11.120025,3.074532,0.0023485338,3
61.82673,0.060348865,39.23356985405623,-77.9697290188655,0,1,6572.695,0.0013306235,6,1,false,false,-0.27357343,0.5665627,10.185188,3.0745664,0.0009993929,3
61.835472,0.060671184,39.23356102627897,-77.96973284061652,0,1,6578.7295,0.0023965642,6,1,false,false,-0.20289646,0.51545995,9.476949,3.074588,0.0023326923,3
61.843414,0.060993537,39.23355228921499,-77.9697366630745,0,1,6585.247,0.0050588413,6,1,false,false,-0.21079668,0.42227584,9.326302,3.0746062,0.0020211495,3
61.851402,0.06131593,39.23354346143773,-77.96974060147164,0,1,6598.824,0.0069250106,6,1,false,false,0.27391413,0.50941867,9.586859,3.0746286,0.0035765902,3
61.86084,0.061638363,39.23353472437376,-77.96974442322268,0,1,6607.972,0.009321575,6,1,false,false,-0.18472314,0.62130207,8.393619,3.0747209,0.0059252935,3
61.872395,0.06196086,39.23352589714627,-77.96974836161982,0,1,6606.974,0.011451393,6,1,false,false,0.02327931,0.76412606,9.317456,3.074823,0.0070078387,3
61.88527,0.062283445,39.233517159532525,-77.9697521840778,0,1,6604.326,0.011718136,6,1,false,false,0.12683767,0.7459724,8.476907,3.074956,0.008934405,3
61.897224,0.06260609,39.233508332305036,-77.96975600582883,0,1,6600.31,0.011185685,6,1,false,false,0.025803298,0.6689253,8.791023,3.0751314,0.012246923,3
61.908302,0.0629288,39.23349950452778,-77.96975994422598,0,1,6605.179,0.009854028,6,1,false,false,-0.0054965615,0.6441378,9.244524,3.0753143,0.011053876,3
61.91916,0.063251555,39.2334907674638,-77.96976376668395,0,1,6606.399,0.0061247814,6,1,false,false,-0.18128657,0.6498586,8.567299,3.075505,0.0117788995,3
61.9302,0.063574366,39.23348194023632,-77.96976758843498,0,1,6609.2764,0.0031947317,6,1,false,false,-0.010590076,0.6277529,8.106185,3.0756822,0.010979802,3
61.94143,0.06389724,39.23347311245906,-77.96977152683213,0,1,6610.772,-1.0301592e-06,6,1,false,false,-0.12938416,0.6870825,8.92702,3.0758524,0.010260807,3
61.95239,0.06422016,39.23346437539508,-77.9697753492901,0,1,6611.1113,-0.0018651386,6,1,false,false,-0.1825311,0.6067677,9.734013,3.0759819,0.0069347853,3
61.96285,0.064543135,39.2334555481676,-77.96977917104114,0,1,6616.9604,-0.003994961,6,1,false,false,-0.17358287,0.6331053,9.432791,3.0760727,0.003983624,3
61.974537,0.06486616,39.23344672039033,-77.96978310943828,0,1,6620.925,-0.005326613,6,1,false,false,-0.018791527,0.72654665,7.7740917,3.0761466,0.0040147,3
61.987633,0.06518926,39.23343789316285,-77.96978693189627,0,1,6612.593,-0.005326614,6,1,false,false,-0.12569478,0.7817319,9.660853,3.0761764,0.0006297055,3
61.999523,0.06551241,39.2334291555491,-77.96979086958646,0,1,6610.422,-0.0039949613,6,1,false,false,-0.17887853,0.5836971,10.689563,3.076164,-0.0012653312,3
62.00951,0.065835625,39.233420328321614,-77.96979469204443,0,1,6618.624,-0.0021308516,6,1,false,false,0.008534282,0.58937544,10.451418,3.0761302,-0.0017657331,3
62.021427,0.066158876,39.23341150109413,-77.96979851450241,0,1,6622.991,-0.0013316533,6,1,false,false,0.0070663095,0.7734234,11.543749,3.0761094,-0.0024618607,3
62.03539,0.066482216,39.233402673316874,-77.96980245219261,0,1,6610.0737,-0.0013316534,6,1,false,false,-0.108394235,0.8055675,10.983649,3.076098,-0.0015487182,3
62.047943,0.066805616,39.233393846089385,-77.9698062746506,0,1,6603.021,-0.0021308516,6,1,false,false,-0.21868685,0.7444031,11.250692,3.076085,-0.0021778285,3
62.058823,0.06712907,39.2333850188619,-77.96981009710856,0,1,6605.248,-0.0039949603,6,1,false,false,-0.2518022,0.5770941,12.485369,3.0760624,-0.0023365698,3
62.068428,0.06745259,39.23337619163442,-77.96981403479877,0,1,6602.4434,-0.005326613,6,1,false,false,-0.38697883,0.60009295,12.317124,3.0760248,-0.0037633567,3
62.07809,0.06777614,39.233367363857155,-77.96981785725674,0,1,6607.6113,-0.0063925544,6,1,false,false,-0.3708868,0.58058196,13.376398,3.075957,-0.0064183846,3
62.087585,0.06809976,39.23335862679318,-77.96982179565389,0,1,6610.329,-0.0066582663,6,1,false,false,-0.2084941,0.6274174,12.833534,3.0758727,-0.0062886025,3
62.09806,0.06842342,39.23334979901592,-77.96982561740492,0,1,6608.756,-0.00479416,6,1,false,false,-0.26415932,0.7036774,10.384742,3.0757887,-0.0065803723,3
62.10843,0.06874713,39.23334097178844,-77.96982943986289,0,1,6604.795,-0.0015983959,6,1,false,false,-0.52245563,0.6549737,12.745732,3.0757134,-0.0061695054,3
62.11776,0.0690709,39.233332144560954,-77.96983337826005,0,1,6604.204,0.0015973663,6,1,false,false,-0.40232506,0.5755334,15.705498,3.0756073,-0.0070469338,3
62.124607,0.069394715,39.23332331678369,-77.96983720001107,0,1,6611.32,0.003728218,6,1,false,false,-0.21884751,0.5230918,10.870625,3.0755723,-0.0023101117,3
62.135193,0.069718555,39.23331448955621,-77.96984102246905,0,1,6619.403,0.006925011,6,1,false,false,-0.3905456,0.7959436,7.969598,3.0755935,0.0009559016,3
62.14691,0.07004246,39.233305662328725,-77.9698449608662,0,1,6598.4536,0.008522377,6,1,false,false,-0.3836828,0.63946515,6.531298,3.0755901,2.4042967e-05,3
62.151676,0.07036643,39.23329683455146,-77.96984878261723,0,1,6599.6084,0.008522376,6,1,false,false,-0.022152767,0.025753565,5.174583,3.0755694,0.00491049,3
62.148106,0.07069038,39.23328791716047,-77.96985272101438,0,1,6649.186,0.008789122,6,1,false,false,-0.0066866577,-0.29752478,5.841863,3.0755868,0.0069918907,3
62.145565,0.07101431,39.233279089932985,-77.96985654347235,0,1,6693.71,0.009321572,6,1,false,false,-0.2889767,-0.082316756,5.5701895,3.0756612,0.0076342258,3
62.146786,0.07133824,39.2332702627055,-77.96986048116256,0,1,6719.4062,0.008522376,6,1,false,false,-0.10491392,0.1789173,5.873098,3.0757556,0.008493969,3
62.158085,0.071662195,39.23326143492824,-77.96986430362053,0,1,6738.7373,0.0061247833,6,1,false,false,-0.021263972,0.74149853,7.531944,3.075879,0.007972236,3
62.177914,0.071986236,39.233252607700756,-77.96986812607851,0,1,6716.607,0.0039939294,6,1,false,false,-0.2897591,1.4469148,8.084973,3.0760376,0.008348318,3
62.205627,0.07231041,39.23324378047327,-77.9698720637687,0,1,6675.31,0.0037282184,6,1,false,false,-0.0015143752,1.6954296,9.40357,3.0761957,0.008512418,3
62.231564,0.07263471,39.23323495269601,-77.96987588622669,0,1,6633.2896,0.0034614748,6,1,false,false,-0.20345123,1.3288224,11.772291,3.0763638,0.007718894,3
62.247417,0.07295914,39.233226125468526,-77.96987982391688,0,1,6611.122,0.00399393,6,1,false,false,-0.17750584,0.73870295,12.153229,3.076519,0.008388537,3
62.25686,0.07328363,39.233217298241044,-77.96988364637485,0,1,6620.212,0.004526385,6,1,false,false,0.08084884,0.49618894,12.161293,3.0766306,0.005605956,3
62.265472,0.07360817,39.23320838085005,-77.96988758477201,0,1,6623.783,0.004260674,6,1,false,false,-0.12411305,0.5164982,11.203213,3.076754,0.006404787,3
62.274136,0.07393275,39.23319955307279,-77.96989140652303,0,1,6620.9873,0.004260673,6,1,false,false,-0.08838917,0.52935493,10.578077,3.0768614,0.0062377155,3
62.282623,0.07425738,39.233190725845304,-77.96989534492019,0,1,6627.2744,0.0039939303,6,1,false,false,0.05893123,0.48823947,8.920902,3.076935,0.0032504164,3
62.290703,0.074582055,39.23318189861782,-77.96989916737816,0,1,6631.042,0.0031947326,6,1,false,false,0.049861014,0.47098747,7.2146807,3.0769804,0.0038946196,3
62.298595,0.074906774,39.23317298067705,-77.9699029891292,0,1,6638,0.0031947324,6,1,false,false,-0.07306079,0.4271002,6.305222,3.0770059,0.0018117961,3
62.30451,0.07523152,39.233164153449565,-77.96990692752634,0,1,6649.688,0.0045263856,6,1,false,false,-0.012640253,0.2156128,6.050236,3.0769835,7.175037e-05,3
62.3079,0.07555629,39.23315532622208,-77.96991074998431,0,1,6674.5527,0.007190722,6,1,false,false,0.13422829,0.09448658,6.2081084,3.0769508,0.0006319704,3
62.311493,0.075881094,39.23314640883109,-77.96991468767452,0,1,6703.6167,0.0109189395,6,1,false,false,0.23168804,0.28266567,7.5625772,3.0769606,0.003743534,3
62.320866,0.07620592,39.233137581053825,-77.96991851013249,0,1,6715.3276,0.015978811,6,1,false,false,0.18502969,0.6599357,8.597354,3.0770557,0.008011813,3
62.33846,0.07653081,39.23312875382634,-77.9699224478227,0,1,6704.6816,0.018908858,6,1,false,false,0.45587167,1.1932591,12.317055,3.077242,0.012917208,3
62.363777,0.07685582,39.23311983643535,-77.96992627028067,0,1,6671.367,0.018908862,6,1,false,false,0.39056188,1.5242889,13.420888,3.0775526,0.018031556,3
62.384743,0.07718097,39.23311100920786,-77.96993020867782,0,1,6631.368,0.016511269,6,1,false,false,0.5794456,1.1145382,12.507679,3.0779483,0.022520205,3
62.398518,0.0775062,39.23310209126709,-77.96993403042885,0,1,6622.6035,0.01358225,6,1,false,false,0.21784368,0.6387512,15.048573,3.0783706,0.021568261,3
62.406723,0.0778315,39.23309326403961,-77.96993785288683,0,1,6621.0127,0.009321575,6,1,false,false,0.50654256,0.46638218,15.790069,3.078726,0.01915058,3
62.4133,0.07815684,39.23308434664862,-77.96994179128397,0,1,6625.503,0.0037282181,6,1,false,false,0.45417538,0.40382153,15.376579,3.0790498,0.016826434,3
62.42015,0.07848221,39.23307551942113,-77.969945613035,0,1,6634.0996,-0.00053348555,6,1,false,false,0.16137722,0.45736557,13.54142,3.0793648,0.015989983,3
62.427757,0.07880763,39.23306660148036,-77.96994943549298,0,1,6632.32,-0.0026633071,6,1,false,false,0.22331518,0.5317916,12.825724,3.0795817,0.008478579,3
62.435707,0.07913308,39.23305777425288,-77.96995337389012,0,1,6628.6807,-0.0055933576,6,1,false,false,0.07206717,0.49361822,12.325618,3.079706,0.003791433,3
62.442036,0.07945857,39.233048856861885,-77.96995719564116,0,1,6635.174,-0.0063925544,6,1,false,false,0.23848101,0.42027166,10.924134,3.0797412,0.0016844557,3
62.44831,0.079784095,39.233040029634395,-77.96996101809913,0,1,6644.114,-0.0061258115,6,1,false,false,-0.041489452,0.43479925,9.618127,3.0797303,-0.003469537,3
62.455627,0.080109656,39.23303111169363,-77.96996495649628,0,1,6648.352,-0.0039949594,6,1,false,false,0.0051510185,0.5096855,9.13267,3.079654,-0.0049323463,3
62.46251,0.08043526,39.233022194302634,-77.9699687782473,0,1,6652.758,-1.0296935e-06,6,1,false,false,0.0868967,0.41838783,8.068444,3.0795472,-0.005836992,3
62.46979,0.080760896,39.23301336707515,-77.96997260070529,0,1,6663.8975,0.0053255847,6,1,false,false,0.10136932,0.47976938,7.972332,3.0794425,-0.004958803,3
62.477585,0.081086576,39.23300444968416,-77.96997653910243,0,1,6670.2915,0.010653228,6,1,false,false,0.2033716,0.52139354,8.430268,3.0793626,-0.0024317296,3
62.485813,0.0814123,39.23299553229316,-77.96998036085346,0,1,6673.956,0.01597881,6,1,false,false,0.34504175,0.5158959,8.473177,3.0793426,0.002122682,3
62.49502,0.08173807,39.2329867045159,-77.96998418331144,0,1,6682.837,0.019707026,6,1,false,false,0.2649466,0.62661237,8.810355,3.0794094,0.0062904516,3
62.506325,0.08206389,39.23297778712491,-77.96998800576941,0,1,6679.8,0.021571143,6,1,false,false,0.18246815,0.750303,9.188173,3.0795624,0.010903212,3
62.518806,0.08238977,39.23296886973392,-77.96999194345962,0,1,6670.906,0.021571139,6,1,false,false,0.3520571,0.7604037,9.206469,3.0797853,0.015589344,3
62.530323,0.08271572,39.232959952342924,-77.96999576591759,0,1,6667.8525,0.020240517,6,1,false,false,0.29046366,0.68318564,9.265635,3.0800798,0.019326158,3
62.5407,0.083041705,39.232951125115434,-77.96999958837557,0,1,6666.248,0.018109657,6,1,false,false,0.29669353,0.6218478,8.845684,3.0804112,0.020908086,3
62.550396,0.083367765,39.232942207174666,-77.97000352606577,0,1,6666.161,0.015446353,6,1,false,false,0.36516324,0.597186,9.189989,3.080761,0.022286117,3
62.55971,0.08369386,39.232933289783674,-77.97000734852374,0,1,6668.7446,0.013049792,6,1,false,false,0.23792548,0.564839,9.336601,3.081129,0.022459451,3
62.568275,0.084020026,39.23292437239268,-77.97001117098172,0,1,6671.052,0.010918939,6,1,false,false,0.33161846,0.52739716,8.752477,3.0814908,0.022107752,3
62.577164,0.08434623,39.23291545500169,-77.97001499343969,0,1,6676.3164,0.007190724,6,1,false,false,0.39755192,0.54604036,8.332639,3.0818503,0.022223195,3
62.586468,0.084672466,39.2329066277742,-77.97001881519073,0,1,6676.9946,0.0034614746,6,1,false,false,0.19408177,0.54388785,8.734077,3.0822077,0.021059308,3
62.59597,0.08499876,39.23289770983343,-77.97002275358787,0,1,6678.95,-0.0002667426,6,1,false,false,0.2303072,0.5536493,8.952694,3.0825233,0.018117597,3
62.604897,0.08532508,39.23288879244244,-77.97002657604585,0,1,6683.6963,-0.005060901,6,1,false,false,0.30753672,0.5036807,8.232397,3.082794,0.015507018,3
62.61492,0.085651495,39.232879875051445,-77.97003039779688,0,1,6688.0127,-0.008789119,6,1,false,false,0.09872612,0.6570513,9.423973,3.0830266,0.01160857,3
62.625996,0.085977934,39.23287095766045,-77.97003422025485,0,1,6684.6304,-0.010653227,6,1,false,false,0.16180362,0.62948304,8.517067,3.0831833,0.0074272356,3
62.636806,0.08630443,39.23286204026946,-77.97003804271283,0,1,6681.994,-0.011452425,6,1,false,false,0.20920876,0.68124807,10.636514,3.0832627,0.0026488828,3
62.64762,0.086630985,39.23285312287847,-77.9700418651708,0,1,6682.5283,-0.011452426,6,1,false,false,0.14120756,0.6143894,8.838784,3.0832915,-8.807282e-05,3
62.65773,0.0869576,39.23284420493769,-77.97004580286101,0,1,6679.885,-0.009054833,6,1,false,false,0.19885778,0.602385,7.9988275,3.0832663,-0.0025980151,3
62.66819,0.087284274,39.2328352875467,-77.97004962531898,0,1,6678.8794,-0.0063925544,6,1,false,false,0.26559192,0.60542303,10.028906,3.0831804,-0.0058341403,3
62.67748,0.08761098,39.232826370155706,-77.97005344777696,0,1,6678.0845,-0.005060902,6,1,false,false,0.31656617,0.5120025,10.921207,3.0830777,-0.0055720923,3
62.685852,0.08793774,39.23281745276471,-77.97005726952798,0,1,6688.79,-0.003196793,6,1,false,false,0.12710434,0.5379623,10.792579,3.0829976,-0.005084128,3
62.69603,0.08826456,39.23280853537372,-77.97006109198595,0,1,6692.1997,-0.0010659406,6,1,false,false,0.22959436,0.6789688,10.726926,3.082921,-0.004997581,3
62.708374,0.08859142,39.23279952781922,-77.97006491444394,0,1,6678.937,0.00079816836,6,1,false,false,0.3254313,0.7787376,11.841662,3.0828493,-0.0045811664,3
62.71969,0.08891836,39.232790610428225,-77.97006873619496,0,1,6671.4126,0.0021298216,6,1,false,false,0.14397298,0.63378197,12.2826605,3.0828035,-0.0030979756,3
62.728928,0.089245334,39.23278169303723,-77.97007267459212,0,1,6671.789,0.0039939303,6,1,false,false,0.2099086,0.5565944,11.792667,3.082783,-0.0011619275,3
62.737164,0.08957238,39.23277277509646,-77.97007649705009,0,1,6672.0684,0.0061247833,6,1,false,false,0.2428372,0.5145017,11.543135,3.0827813,-0.00028739715,3
62.745182,0.089899436,39.232763857705464,-77.97008031880112,0,1,6671.711,0.0077231773,6,1,false,false,0.19780722,0.50974023,11.304818,3.0828087,0.0026917285,3
62.75283,0.09022655,39.23275494031447,-77.9700841412591,0,1,6673.5327,0.009321574,6,1,false,false,0.28941393,0.49433067,11.823912,3.0828805,0.0058522252,3
62.76023,0.090553716,39.23274593275997,-77.97008796371706,0,1,6677.8926,0.010119744,6,1,false,false,0.08589609,0.48031485,10.666881,3.0829875,0.0069934973,3
62.76751,0.09088091,39.232737015368976,-77.97009178617505,0,1,6682.683,0.009854031,6,1,false,false,0.13656226,0.4726031,9.553545,3.08311,0.0075350385,3
62.77537,0.09120813,39.23272809797798,-77.97009560792607,0,1,6684.613,0.008522375,6,1,false,false,0.16650152,0.55505407,12.87722,3.0832565,0.010192926,3
62.783466,0.09153539,39.23271918058699,-77.97009943038405,0,1,6686.458,0.008255631,6,1,false,false,0.182092,0.525033,10.486382,3.0834384,0.010370481,3
62.792,0.0918627,39.23271017303249,-77.97010325284202,0,1,6689.655,0.0082556335,6,1,false,false,0.14849734,0.62204623,9.631262,3.083626,0.010055119,3
62.802082,0.09219006,39.23270125509171,-77.97010707459306,0,1,6684.006,0.008789119,6,1,false,false,0.58293223,0.61130786,10.361627,3.083799,0.011410083,3
62.810146,0.09251748,39.23269233770072,-77.97011089705103,0,1,6676.0034,0.009854029,6,1,false,false,0.29892108,0.47301117,10.488214,3.0839787,0.01062664,3
62.816753,0.09284493,39.232683330146216,-77.97011471950901,0,1,6690.018,0.010653228,6,1,false,false,0.32472974,0.39727303,9.378913,3.0841596,0.011230244,3
62.82368,0.093172416,39.23267441275522,-77.97011854196698,0,1,6696.0093,0.011718137,6,1,false,false,0.21993008,0.48492038,8.873159,3.084362,0.012249412,3
62.832027,0.093499936,39.23266549536423,-77.97012247965718,0,1,6693.2793,0.012517336,6,1,false,false,0.40213493,0.56737036,9.251869,3.0845635,0.012787047,3
62.840004,0.0938275,39.23265648780973,-77.97012630211516,0,1,6697.2744,0.012783049,6,1,false,false,0.39274782,0.48621663,8.783057,3.0847778,0.013983444,3
62.847195,0.0941551,39.232647570418735,-77.97013012457313,0,1,6701.6924,0.012250592,6,1,false,false,0.29985905,0.4869041,9.819654,3.0850148,0.015270973,3
62.855152,0.09448274,39.23263856286423,-77.97013394632417,0,1,6706.884,0.011451396,6,1,false,false,0.45942587,0.53093666,8.780396,3.0852668,0.015563978,3
62.863495,0.09481041,39.23262964547324,-77.97013776878214,0,1,6707.5234,0.010386487,6,1,false,false,0.35926434,0.5614264,8.4315,3.0855217,0.01525417,3
62.87304,0.09513815,39.23262072753247,-77.97014159124012,0,1,6707.9116,0.008522377,6,1,false,false,0.65931284,0.5854487,9.025294,3.085776,0.015652038,3
62.88196,0.09546593,39.23261171997797,-77.97014541299114,0,1,6705.366,0.008255631,6,1,false,false,0.20474094,0.5839374,8.661348,3.0860415,0.015695438,3
62.890446,0.095793754,39.232602802586975,-77.97014911950994,0,1,6710.0273,0.0082556335,6,1,false,false,0.6717399,0.51108783,8.928583,3.0862675,0.01405248,3
62.89886,0.09612163,39.23259379503247,-77.97015294196792,0,1,6714.1934,0.007190724,6,1,false,false,0.41795197,0.5166218,9.298488,3.0865035,0.014334053,3
62.907703,0.09644955,39.23258487764147,-77.9701567644259,0,1,6714.2964,0.0063904943,6,1,false,false,0.4584752,0.5532246,11.10358,3.0867414,0.014491589,3
62.917336,0.0967775,39.232575870086976,-77.97016058688388,0,1,6718.238,0.00585804,6,1,false,false,0.62214494,0.61035216,10.137697,3.0869823,0.013823491,3
62.928047,0.09710552,39.23256686253247,-77.9701644086349,0,1,6713.988,0.005058842,6,1,false,false,0.36126167,0.73472154,12.637485,3.087243,0.014027549,3
62.940254,0.0974336,39.23255794514147,-77.97016823109288,0,1,6701.4453,0.003728217,6,1,false,false,0.75568515,0.7685414,15.101082,3.0874803,0.012701195,3
62.950012,0.09776172,39.23254893758698,-77.97017205355085,0,1,6692.8843,0.0010649109,6,1,false,false,0.6288278,0.5362066,13.70917,3.0877292,0.012874718,3
62.95889,0.098089896,39.23254002019598,-77.97017587530188,0,1,6692.4214,-0.0005334853,6,1,false,false,0.46253747,0.63378567,13.804528,3.0879676,0.010442147,3
62.966236,0.098418124,39.23253101264147,-77.97017969775986,0,1,6681.5522,-0.0026633071,6,1,false,false,0.5326803,0.51940155,13.431473,3.088106,0.0039981953,3
62.972088,0.09874638,39.23252200508698,-77.97018340427866,0,1,6680.059,-0.0053266142,6,1,false,false,0.6296457,0.38486445,12.395286,3.088166,0.0025823736,3
62.975773,0.099074654,39.232512997532474,-77.97018722673664,0,1,6691.0513,-0.007190724,6,1,false,false,0.22713897,0.3021531,10.480712,3.0881777,-0.001379554,3
62.980038,0.099402934,39.232504080141474,-77.97019104848766,0,1,6696.9062,-0.00905483,6,1,false,false,0.04922466,0.35503194,9.584511,3.0881205,-0.0045926687,3
62.984734,0.099731244,39.23249507258697,-77.97019487094565,0,1,6702.543,-0.010120775,6,1,false,false,0.21112038,0.33694342,8.671047,3.088006,-0.006481031,3
62.989166,0.1000596,39.232486065032475,-77.97019869340362,0,1,6714.025,-0.010653226,6,1,false,false,-0.1074946,0.34753817,8.0644045,3.0878644,-0.008782575,3
62.99407,0.10038796,39.232477147641475,-77.97020239992241,0,1,6724.154,-0.010653228,6,1,false,false,-0.09456482,0.36227223,7.74521,3.087694,-0.0100343395,3
62.999893,0.10071636,39.23246814008697,-77.97020622167345,0,1,6732.733,-0.009587284,6,1,false,false,-0.09575913,0.4284447,7.373946,3.087503,-0.010913526,3
63.006702,0.101044774,39.232459132532476,-77.97021004413142,0,1,6740.5654,-0.00692501,6,1,false,false,-0.22397284,0.45717427,6.9210176,3.0873053,-0.011808736,3
63.015015,0.10137323,39.23245012497797,-77.9702138665894,0,1,6744.7676,-0.0031967927,6,1,false,false,-0.15034395,0.60299355,6.654695,3.0870986,-0.012026691,3
63.024906,0.101701766,39.2324412070372,-77.9702175731082,0,1,6742.252,-1.0295771e-06,6,1,false,false,-0.05562815,0.6433802,7.87889,3.0868957,-0.010402735,3
63.03498,0.102030344,39.232432199482695,-77.97022139556617,0,1,6741.0215,0.002662277,6,1,false,false,0.0390241,0.6294255,8.566979,3.0867307,-0.008021499,3
63.04438,0.10235896,39.23242319192819,-77.9702252173172,0,1,6741.964,0.005058842,6,1,false,false,-0.28218812,0.62180954,9.343009,3.086627,-0.005121584,3
63.055542,0.10268764,39.23241418437369,-77.97022903977518,0,1,6739.993,0.006390494,6,1,false,false,-0.080524534,0.728261,9.728187,3.0865552,-0.0031593852,3
63.06755,0.10301636,39.232405176819185,-77.97023286223316,0,1,6728.6855,0.0055923257,6,1,false,false,-0.20045877,0.78362674,10.833851,3.0865312,-0.0012050803,3
63.078808,0.10334516,39.23239616926468,-77.97023656875196,0,1,6718.545,0.003461474,6,1,false,false,-0.32098395,0.69151425,10.94747,3.0865588,0.0024210946,3
63.08779,0.10367401,39.23238716171018,-77.970240390503,0,1,6715.9746,0.002396564,6,1,false,false,-0.3252435,0.5524891,10.811134,3.0866148,0.0030680436,3
63.095516,0.104002915,39.232378244319186,-77.97024421296096,0,1,6716.462,0.0015973665,6,1,false,false,-0.016865328,0.5092426,10.210788,3.0866606,0.0038547562,3
63.102966,0.10433185,39.23236923676468,-77.97024803541895,0,1,6716.474,0.00079816824,6,1,false,false,0.004870981,0.4696874,9.915689,3.086707,0.0041523515,3
63.109806,0.10466082,39.23236022921018,-77.97025185716997,0,1,6718.1294,-1.0298681e-06,6,1,false,false,-0.18842965,0.4140285,10.446902,3.0867622,0.0033126608,3
63.11636,0.10498982,39.23235122165568,-77.97025567962794,0,1,6724.1494,-1.0298944e-06,6,1,false,false,-0.08255805,0.44717878,10.431047,3.0868206,0.004638917,3
63.123463,0.10531886,39.23234221410117,-77.97025938614675,0,1,6727.7397,0.0007981681,6,1,false,false,-0.18488254,0.5061538,10.246901,3.0868912,0.003168482,3
63.13142,0.105647944,39.23233320654668,-77.97026320860472,0,1,6726.725,-1.0298681e-06,6,1,false,false,-0.15645425,0.5622572,11.831185,3.0869665,0.0042518545,3
63.139824,0.10597706,39.232324198992174,-77.97026703035576,0,1,6726.575,-0.0018651386,6,1,false,false,-0.22682971,0.55105346,12.149262,3.0870614,0.00452669,3
63.147964,0.10630622,39.23231519143767,-77.97027085281373,0,1,6723.445,-0.005859069,6,1,false,false,-0.50444734,0.5829134,12.047654,3.08715,0.0017815048,3
63.15625,0.106635444,39.23230618388317,-77.97027467527171,0,1,6721.75,-0.010120774,6,1,false,false,-0.305106,0.55108494,11.89075,3.0871933,0.00021293045,3
63.163883,0.10696469,39.232297176328665,-77.97027849772968,0,1,6714.965,-0.014381445,6,1,false,false,-0.7392369,0.53231674,12.075284,3.0871842,-0.0046499153,3
63.170444,0.10729398,39.23228816877416,-77.97028220424848,0,1,6715.777,-0.018377434,6,1,false,false,-0.42301363,0.45082584,10.3450775,3.0870864,-0.0074138925,3
63.1758,0.10762331,39.23227916121966,-77.97028602599951,0,1,6719.8584,-0.020507256,6,1,false,false,-0.56613255,0.38577002,8.966396,3.0869362,-0.009426982,3
63.18135,0.107952654,39.232270153665155,-77.97028984845748,0,1,6723.6914,-0.0215732,6,1,false,false,-0.54294574,0.36744997,7.8924613,3.0867035,-0.014789768,3
63.185608,0.10828203,39.23226114611065,-77.97029367091547,0,1,6729.888,-0.022105651,6,1,false,false,-0.59664696,0.26614663,8.403304,3.0864058,-0.017635113,3
63.18995,0.10861144,39.23225213855615,-77.97029749266649,0,1,6743.4844,-0.019442342,6,1,false,false,-0.5880619,0.28444248,7.219982,3.0860643,-0.019749464,3
63.19361,0.10894086,39.232243131001646,-77.97030131512447,0,1,6758.564,-0.015180641,6,1,false,false,-0.7022399,0.353941,6.5421395,3.0856757,-0.023484623,3
63.200592,0.109270304,39.23223412344714,-77.97030513758244,0,1,6766.8906,-0.011718135,6,1,false,false,-0.64529824,0.5358614,8.428669,3.0852647,-0.023507157,3
63.208622,0.10959981,39.23222511589264,-77.97030896004041,0,1,6765.736,-0.0063925553,6,1,false,false,-0.5904542,0.5392805,7.51391,3.0848577,-0.02360372,3
63.217316,0.109929346,39.232216108338136,-77.97031278179145,0,1,6771.924,-0.0005334858,6,1,false,false,-0.5780631,0.69936067,6.7632947,3.0844479,-0.02419505,3
63.230858,0.11025894,39.23220701062012,-77.97031660424942,0,1,6762.996,0.003461475,6,1,false,false,-0.57404053,0.8123642,7.45607,3.0840693,-0.019719683,3
63.24251,0.110588595,39.23219800306562,-77.9703204267074,0,1,6742.716,0.0074574663,6,1,false,false,-0.44279575,0.6694039,8.547619,3.083769,-0.012698096,3
63.250576,0.11091832,39.232188995511116,-77.97032424845843,0,1,6752.565,0.010119743,6,1,false,false,-0.75393045,0.42395955,8.263762,3.083565,-0.009696595,3
63.25775,0.11124808,39.23217998795661,-77.97032807091641,0,1,6760.2397,0.010386483,6,1,false,false,-0.7519474,0.5071089,9.106553,3.0834305,-0.005845982,3
63.26786,0.11157788,39.23217098040211,-77.97033189337438,0,1,6754.1675,0.009587287,6,1,false,false,-0.85363925,0.63249016,9.6990385,3.083364,-0.0019079815,3
63.277695,0.111907735,39.23216197284761,-77.97033571583235,0,1,6748.3423,0.00798992,6,1,false,false,-0.63708526,0.5830803,9.584843,3.0833502,0.00026548965,3
63.287125,0.11223766,39.23215296529311,-77.97033953758338,0,1,6748.184,0.0061247824,6,1,false,false,-0.7622958,0.6070079,9.619232,3.0833688,0.0017335267,3
63.296318,0.112567596,39.23214386812487,-77.97034336004135,0,1,6743.109,0.005592327,6,1,false,false,-0.87438387,0.5575028,9.116591,3.083428,0.0042366385,3
63.30423,0.1128976,39.23213486057037,-77.97034718249934,0,1,6743.099,0.0061247814,6,1,false,false,-0.6300072,0.4585321,11.431132,3.0835161,0.007293161,3
63.31169,0.11322764,39.232125853015866,-77.97035100425036,0,1,6747.7324,0.006390494,6,1,false,false,-0.80179095,0.5068098,12.504174,3.0836492,0.006794653,3
63.319256,0.11355771,39.23211684546136,-77.97035482670834,0,1,6746.354,0.0055923257,6,1,false,false,-0.61923116,0.49410793,10.199566,3.083802,0.008920852,3
63.32817,0.11388783,39.23210783790686,-77.97035864916631,0,1,6746.8525,0.0037282167,6,1,false,false,-0.58208543,0.61382806,10.422602,3.083986,0.010731752,3
63.337154,0.114218004,39.232098740188846,-77.97036247162428,0,1,6737.4946,0.0015973661,6,1,false,false,-0.81261766,0.5693963,12.027005,3.084174,0.009527183,3
63.344666,0.114548214,39.23208973263434,-77.97036629337532,0,1,6736.5645,-0.00053348544,6,1,false,false,-0.5848863,0.46517164,11.0713215,3.0843189,0.006799412,3
63.35099,0.114878446,39.23208072507984,-77.97037023177246,0,1,6744.488,-0.0021308518,6,1,false,false,-0.41136578,0.4365597,10.880041,3.084445,0.006544439,3
63.358105,0.11520873,39.232071717525336,-77.97037405423045,0,1,6742.1133,-0.0023975945,6,1,false,false,-0.56669015,0.50802594,10.3604355,3.0845525,0.0046272245,3
63.365173,0.11553904,39.23206261980733,-77.97037787598147,0,1,6738.505,-0.0026633064,6,1,false,false,-0.3968979,0.42240483,10.701407,3.0846183,0.0035993531,3
63.37127,0.11586937,39.23205361225283,-77.97038169843945,0,1,6744.487,-0.002663307,6,1,false,false,-0.34131342,0.3943152,9.239101,3.0846496,0.0016281998,3
63.37707,0.116199754,39.232044604698324,-77.97038552089742,0,1,6748.002,-0.0029300498,6,1,false,false,-0.5328222,0.3833119,8.671705,3.0846658,0.00068584405,3
63.383514,0.116530165,39.23203559714382,-77.9703893433554,0,1,6751.47,-0.0034625046,6,1,false,false,-0.42397285,0.3996686,8.240026,3.0846488,7.665138e-05,3
63.389168,0.116860606,39.23202649942581,-77.97039316510643,0,1,6756.5225,-0.0050609005,6,1,false,false,-0.42859137,0.35261798,7.8832593,3.0846193,-0.0010951632,3
63.3948,0.11719107,39.232017491871304,-77.97039710350357,0,1,6764.238,-0.0063925534,6,1,false,false,-0.55181223,0.36117756,9.051925,3.084568,-0.0025533696,3
63.400757,0.11752156,39.2320084843168,-77.97040092596156,0,1,6772.3384,-0.006925009,6,1,false,false,-0.42524403,0.38745126,9.290221,3.0845,-0.0037054361,3
63.408257,0.11785209,39.23199938659879,-77.97040474771258,0,1,6779.0747,-0.007190722,6,1,false,false,-0.4249617,0.56209975,8.4543705,3.084426,-0.004923732,3
63.41877,0.11818266,39.231990379044284,-77.97040857017056,0,1,6773.4883,-0.007190723,6,1,false,false,-0.69039845,0.69043666,8.951472,3.0843403,-0.0071282964,3
63.429752,0.118513316,39.23198137148978,-77.97041239262853,0,1,6759.61,-0.006925011,6,1,false,false,-0.62611806,0.6579824,10.522966,3.0842245,-0.006815753,3
63.438858,0.118844,39.231972273771774,-77.97041633031874,0,1,6758.0376,-0.006658267,6,1,false,false,-0.46152303,0.50850004,9.110536,3.0841055,-0.00740804,3
63.44615,0.11917473,39.23196326621727,-77.97042015277671,0,1,6761.737,-0.0061258124,6,1,false,false,-0.75137424,0.50029767,10.640353,3.08399,-0.007711986,3
63.454212,0.11950548,39.23195425866277,-77.97042397523468,0,1,6760.5386,-0.005060902,6,1,false,false,-0.56638575,0.50020236,11.034855,3.0838625,-0.008040895,3
63.461926,0.119836286,39.231945160944754,-77.97042779698572,0,1,6757.7124,-0.004527415,6,1,false,false,-0.5962534,0.5035008,11.093246,3.0837379,-0.008281857,3
63.469807,0.12016713,39.23193615339025,-77.97043173538286,0,1,6761.2324,-0.003994961,6,1,false,false,-0.48596165,0.5395033,11.538298,3.083632,-0.0071655717,3
63.477757,0.12049803,39.23192705622201,-77.97043555784084,0,1,6754.8735,-0.0031967922,6,1,false,false,-0.73439085,0.5096812,11.049369,3.0835426,-0.0064584287,3
63.48522,0.12082895,39.23191804866751,-77.97043937959187,0,1,6751.8286,-0.0026633064,6,1,false,false,-0.60499614,0.47251853,11.04375,3.0834584,-0.005686602,3
63.49154,0.1211599,39.2319089509495,-77.97044331798902,0,1,6754.7173,-0.002397595,6,1,false,false,-0.6401533,0.40991083,10.726336,3.0833864,-0.0042836284,3
63.497414,0.1214909,39.231899943395,-77.97044714044699,0,1,6755.013,-0.0021308514,6,1,false,false,-0.6366302,0.40165946,10.569004,3.0833294,-0.0037378357,3
63.50337,0.12182191,39.2318909358405,-77.97045096219802,0,1,6758.444,-0.0021308516,6,1,false,false,-0.6653177,0.41561782,10.139487,3.0832765,-0.0030561984,3
63.50919,0.12215296,39.23188183812248,-77.970454784656,0,1,6762.3076,-0.0023975945,6,1,false,false,-0.4034501,0.3976545,9.893365,3.0832307,-0.002097224,3
63.515663,0.12248405,39.23187283056798,-77.97045872305314,0,1,6764.059,-0.003196792,6,1,false,false,-0.6940716,0.45159036,9.873039,3.0832012,-0.0022909858,3
63.521893,0.12281516,39.231863732849966,-77.97046254480418,0,1,6765.6743,-0.0045274156,6,1,false,false,-0.5308291,0.4292692,9.227829,3.0831537,-0.0030076343,3
63.52823,0.12314631,39.23185472529546,-77.97046648320132,0,1,6769.7407,-0.005593356,6,1,false,false,-0.59371763,0.4668785,10.895984,3.083115,-0.0030642655,3
63.534737,0.12347748,39.23184562757745,-77.9704703056593,0,1,6770.046,-0.0058590686,6,1,false,false,-0.53282386,0.4272344,9.989277,3.0830643,-0.0033201983,3
63.541847,0.1238087,39.231836620022946,-77.97047412741033,0,1,6771.915,-0.006392555,6,1,false,false,-0.46879986,0.53557926,9.105645,3.0830066,-0.004391615,3
63.54932,0.124139935,39.23182752230494,-77.97047806580747,0,1,6769.533,-0.006925009,6,1,false,false,-0.6557423,0.50515527,9.883895,3.0829532,-0.003466237,3
63.5565,0.124471225,39.23181851475044,-77.97048188826545,0,1,6766.412,-0.007190722,6,1,false,false,-0.6993531,0.45655307,10.256973,3.0828826,-0.0050725765,3
63.56278,0.12480255,39.2318094175822,-77.97048571001648,0,1,6770.8877,-0.007723178,6,1,false,false,-0.69989496,0.44348204,9.85898,3.0828047,-0.004965372,3
63.569027,0.12513392,39.231800410027695,-77.97048964841363,0,1,6774.786,-0.009054833,6,1,false,false,-0.50711584,0.44661328,9.959703,3.0827196,-0.0047431746,3
63.575832,0.1254653,39.23179131230968,-77.9704934708716,0,1,6773.0396,-0.010120775,6,1,false,false,-0.5434465,0.43598023,9.56263,3.0826333,-0.005824166,3
63.5828,0.12579674,39.23178221459167,-77.97049740856181,0,1,6774.219,-0.011185682,6,1,false,false,-0.74442935,0.45647514,9.117304,3.082523,-0.0067797326,3
63.58882,0.1261282,39.231773207037165,-77.97050123101978,0,1,6776.404,-0.011718135,6,1,false,false,-0.44870108,0.4270876,11.439659,3.0823736,-0.008658547,3
63.59463,0.1264597,39.23176410931916,-77.97050516941692,0,1,6779.517,-0.012517336,6,1,false,false,-0.70433164,0.34562778,8.997281,3.0822165,-0.011352862,3
63.601532,0.12679122,39.231755101764655,-77.97050899116796,0,1,6786.669,-0.011984879,6,1,false,false,-0.66278726,0.5736694,8.692166,3.0820386,-0.01126056,3
63.610554,0.1271228,39.23174600404664,-77.9705129295651,0,1,6777.031,-0.010918938,6,1,false,false,-0.65425557,0.59312826,9.442802,3.0818424,-0.011132441,3
63.618217,0.12745443,39.23173699649214,-77.97051675202309,0,1,6767.85,-0.0106532285,6,1,false,false,-0.64082706,0.43354505,9.111293,3.0816436,-0.0115029095,3
63.623245,0.12778609,39.231727898774125,-77.97052068971328,0,1,6783.9263,-0.011185685,6,1,false,false,-0.7668018,0.32050923,8.338522,3.0814404,-0.012349108,3
63.62897,0.12811777,39.23171880160589,-77.97052451217127,0,1,6787.8696,-0.011984881,6,1,false,false,-0.87174124,0.4273333,7.156599,3.0812175,-0.013628437,3
63.635662,0.12844948,39.23170979405139,-77.97052844986146,0,1,6784.783,-0.012517339,6,1,false,false,-0.5862323,0.40866828,7.9603972,3.0809634,-0.01301655,3
63.640594,0.12878123,39.23170069633338,-77.97053227231945,0,1,6792.668,-0.011984879,6,1,false,false,-0.88452554,0.23892234,8.386999,3.0807168,-0.014955847,3
63.64454,0.129113,39.231691688778874,-77.97053621071659,0,1,6807.556,-0.011452429,6,1,false,false,-0.6978372,0.3324271,8.725434,3.0804307,-0.016936392,3
63.652767,0.1294448,39.23168259106086,-77.97054014840678,0,1,6814.9727,-0.0106532285,6,1,false,false,-0.75986457,0.6308661,8.690894,3.0801632,-0.015709814,3
63.66463,0.12977666,39.231673493342846,-77.97054397086477,0,1,6799.9873,-0.00878912,6,1,false,false,-1.1217852,0.82827806,11.871083,3.079919,-0.015484628,3
63.676777,0.13010857,39.23166448578834,-77.97054790855496,0,1,6786.388,-0.0069250106,6,1,false,false,-0.7991374,0.6859159,10.49764,3.0796504,-0.017225811,3
63.686028,0.13044053,39.23165538807033,-77.97055184695212,0,1,6781.4673,-0.006658267,6,1,false,false,-1.0278963,0.627764,11.8335,3.0794046,-0.015628682,3
63.694828,0.13077256,39.23164629035232,-77.97055566941009,0,1,6771.9634,-0.0061258124,6,1,false,false,-0.9405979,0.52953845,12.157232,3.0792007,-0.010552123,3
63.70094,0.1311046,39.23163728279782,-77.9705596071003,0,1,6766.285,-0.0045274165,6,1,false,false,-0.96559197,0.3893468,10.695249,3.07905,-0.008721872,3
63.70501,0.13143668,39.23162818562958,-77.97056354549744,0,1,6777.028,-0.0029300493,6,1,false,false,-0.9873209,0.25282878,10.433064,3.0789251,-0.0073186485,3
63.70932,0.1317688,39.23161917807508,-77.97056748318765,0,1,6780.8857,-0.0018651385,6,1,false,false,-0.6747486,0.33351034,10.939585,3.078815,-0.0039998954,3
63.714752,0.13210094,39.231610080357065,-77.9705714215848,0,1,6782.934,-0.00079919817,6,1,false,false,-0.79394865,0.39626214,10.0246935,3.078772,-0.0016390467,3
63.720604,0.13243309,39.23160098263906,-77.97057524404276,0.03383772,0.9784061,6789.671,0.00079816836,6,1,false,false,-1.2325121,0.53087467,10.061597,3.078767,-0.00017159595,3
63.7238,0.13276528,39.231591975084555,-77.97057918173297,0.11533421,0.9127917,6784.6875,0.0015973661,6,1,false,false,-0.67300737,0.029094338,9.2365885,3.0787196,-0.0023448868,3
63.71116,0.13309745,39.23158287736654,-77.97058312013012,0.309782,0.83706605,6760.7583,-0.002130852,6,1,false,false,-0.66000086,-1.1931823,8.662646,3.0786955,-0.00047932618,3
63.661686,0.13342947,39.23157377964853,-77.97058705782032,0.5165018,0.61334187,6691.1855,-0.0045274156,6,1,false,false,-0.9438806,-4.184215,8.167602,3.0786748,-0.0020338271,3
63.550175,0.13376108,39.231564772094025,-77.97059099621747,0.6043131,0.47323495,6608.783,-0.0050609014,6,1,false,false,-0.55885017,-8.282291,8.757132,3.0785656,-0.007288881,3
63.377537,0.13409193,39.23155567437601,-77.97059481867545,0.7446681,0.3580358,6555.877,-0.003196793,6,1,false,false,-0.28637034,-11.278851,8.884769,3.0783737,-0.010221148,3
63.161617,0.13442178,39.23154675698502,-77.97059875636565,0.7917313,0.23124598,6470.1094,0.00026571314,6,1,false,false,-0.33721477,-14.192118,10.3995,3.0782366,-0.003963487,3
62.902344,0.13475037,39.231537749430515,-77.9706026947628,0.8259265,0.10914168,6368.502,0.0061247814,6,1,false,false,-0.43402952,-16.330534,9.640476,3.0781958,-0.0012902572,3
62.616783,0.13507755,39.23152883203952,-77.97060651722077,0.8343857,0.068450585,6306.743,0.010119743,6,1,false,false,0.021942824,-17.362097,9.525574,3.0781355,-0.00095282245,3
62.314125,0.13540319,39.23151991464853,-77.9706103389718,0.8380794,0.039828066,6225.746,0.011185685,6,1,false,false,-0.02677545,-18.736273,10.607154,3.0782468,0.012863156,3
62.000217,0.1357272,39.23151108742105,-77.97061416142978,0.84999406,0.023305,6133.848,0.011185683,6,1,false,false,-0.76990974,-19.19601,12.058501,3.07847,0.009227999,3
61.677155,0.13604957,39.23150225964378,-77.97061798388775,0.84999406,0.016893033,6199.3623,0.009854028,6,1,false,false,-0.49711978,-19.58126,10.847701,3.0785527,0.002489525,3
61.34806,0.13637023,39.23149352257981,-77.97062180563879,0.88109124,0.010727704,6256.019,0.006925012,6,1,false,false,-0.19320627,-19.46818,10.586175,3.0785875,0.0036634058,3
61.020462,0.1366892,39.23148487512957,-77.97062562809676,0.91969514,0.00037002447,6147.3813,0.0037282167,6,1,false,false,-0.41752785,-19.822632,10.970443,3.0786996,0.0072681135,3
60.696075,0.13700645,39.231476138065595,-77.97062933461557,0.93852013,-5.820766e-11,6090.1133,0.0013306232,6,1,false,false,-0.5723908,-19.517794,10.513133,3.0787494,-0.0016775978,3
60.36183,0.13732201,39.23146758077886,-77.97063304113436,0.9704517,0,6102.7227,-1.0299555e-06,6,1,false,false,-0.051375896,-20.630672,12.018246,3.0786757,-0.0036696403,3
60.018883,0.13763577,39.23145902349213,-77.97063674765316,0.9796258,0,6008.441,0.0013306235,6,1,false,false,0.023049086,-20.321157,10.141399,3.0786474,0.002085162,3
59.679436,0.13794778,39.231450466205395,-77.97064045417197,0.98486835,0,5933.2363,0.004526386,6,1,false,false,-0.5057801,-20.643036,11.456833,3.0786881,0.0002249557,3
59.322006,0.13825797,39.23144199908217,-77.97064416069077,0.9859405,0,5902.204,0.007457465,6,1,false,false,-0.2965684,-21.549982,10.26173,3.0786517,-0.004979424,3
58.966442,0.13856629,39.23143362212245,-77.9706477512704,0.98594064,0,5870.0854,0.00878912,6,1,false,false,-0.1137725,-21.100393,9.852424,3.0785475,-0.006562035,3
58.615437,0.13887276,39.23142524516274,-77.97065145708225,0.98451084,0,5820.157,0.009854029,6,1,false,false,-0.06342742,-21.34863,9.315568,3.0785046,0.0018447221,3
58.266315,0.13917743,39.23141695836654,-77.97065504766188,0.9796257,0,5794.383,0.011185685,6,1,false,false,-0.28299588,-20.86469,10.419163,3.0785596,0.0037984685,3
57.91588,0.13948026,39.23140867102055,-77.97065863894846,0.9737876,0,5743.3945,0.013049791,6,1,false,false,-0.1125586,-20.909151,10.669899,3.0785844,2.9566254e-05,3
57.573635,0.13978128,39.231400474387854,-77.97066211358892,0.9715239,0,5669.5425,0.0154463565,6,1,false,false,0.12570956,-20.37733,10.501764,3.0786095,0.004359311,3
57.227295,0.14008053,39.23139227775516,-77.97066570416855,0.9715239,0.77,5906.0757,0.018642118,0,1,false,false,0.26882616,-21.370285,11.291258,3.0787709,0.014523132,3
56.864582,0.14037791,39.2313841707362,-77.970669178809,0.97343004,0,5923.527,0.022104627,5,1,false,false,-0.47080797,-21.752773,11.110237,3.079022,0.00899918,3
56.492737,0.14067338,39.231376153880746,-77.97067265344945,0.9734302,0,6281.9634,0.02503364,5,1,false,false,0.068525895,-23.224926,10.387332,3.0791044,0.0012793178,3
56.098686,0.14096686,39.23136813702529,-77.97067612808992,0.97009426,0,6447.287,0.02663101,5,1,false,false,0.07897389,-23.473568,12.108518,3.0791147,1.7536955e-05,3
55.72126,0.1412583,39.231360120719614,-77.97067960343732,0.9637792,0,6341.234,0.026897755,5,1,false,false,0.109052435,-21.9169,11.631298,3.0791407,0.0025242358,3
55.370358,0.14154784,39.231352284191175,-77.9706830777243,0.9518646,0,6237.722,0.028229402,5,1,false,false,0.1991465,-20.554152,10.898027,3.0792,0.004674091,3
55.033634,0.1418356,39.23134435749923,-77.97068643677906,0.9430477,0,6136.776,0.030627,5,1,false,false,0.4639848,-20.005945,10.610437,3.0793147,0.0101757925,3
54.700375,0.14212161,39.23133661058453,-77.97068979583382,0.937448,0,6153.8105,0.033557046,5,1,false,false,0.22492427,-20.157324,9.98692,3.079536,0.014708968,3
54.36514,0.14240591,39.231328864219606,-77.97069315488858,0.92446095,0,6215.5024,0.035953604,5,1,false,false,0.2670554,-19.842417,9.8241825,3.0797942,0.016216468,3
54.04542,0.14268847,39.23132111785468,-77.97069651358986,0.9163588,0,6108.7764,0.036486078,5,1,false,false,0.21577778,-18.598736,8.476294,3.0800703,0.016353345,3
53.739796,0.1429694,39.231313461653265,-77.97069987264462,0.9040869,0,6010.295,0.034089513,5,1,false,false,0.14358923,-18.187155,7.932729,3.0803485,0.016322738,3
53.44133,0.14324877,39.23130580490207,-77.9707031157602,0.8988443,0,5914.4688,0.02876289,5,1,false,false,0.29220256,-17.730816,7.6366262,3.080618,0.017534453,3
53.14007,0.14352655,39.23129823886416,-77.97070635887579,0.88704866,0,5909.776,0.022370338,5,1,false,false,0.21725418,-17.939554,8.37919,3.0809343,0.020382466,3
52.84457,0.1438028,39.23129067227648,-77.97070971793055,0.881449,0,5845.225,0.014913897,5,1,false,false,0.06520137,-17.55606,7.7694297,3.0812585,0.018523553,3
52.552235,0.14407755,39.2312831958523,-77.97071296104612,0.8691768,0,5753.1504,0.010119743,5,1,false,false,0.3240463,-17.642914,8.170368,3.081566,0.02052713,3
52.247345,0.14435072,39.2312757199779,-77.97071608822253,0.8626235,0,5662.868,0.0085223755,5,1,false,false,0.28298083,-18.856764,8.393954,3.0819337,0.022854803,3
51.932976,0.14462225,39.23126833371724,-77.97071933133812,0.85106647,0,5574.387,0.010119744,5,1,false,false,0.23937164,-18.673065,8.026497,3.0823011,0.02106546,3
51.622414,0.14489219,39.23126094745657,-77.97072245886801,0.8477304,0,5638.5815,0.012517336,5,1,false,false,0.43053705,-18.82623,7.9559245,3.0826547,0.022169443,3
51.299706,0.14516047,39.23125365135942,-77.97072570198358,0.8470154,0,5681.4756,0.014913902,5,1,false,false,0.52889764,-19.595947,9.8697605,3.0830588,0.027367318,3
50.976845,0.14542703,39.23124635526226,-77.97072882916,0.847373,0,5603.5166,0.016245553,5,1,false,false,0.43654495,-19.081951,10.152206,3.0835464,0.029171212,3
50.66241,0.14569196,39.231239149328616,-77.97073195633641,0.8463006,0,5608.013,0.016778007,5,1,false,false,0.72291005,-18.781612,10.126909,3.0840275,0.029329168,3
50.35224,0.14595526,39.23123194284519,-77.97073496792711,0.8454665,0.77,5846.6685,0.015446359,0,1,false,false,0.98660356,-18.60418,10.01519,3.0845683,0.03549436,3
50.040768,0.14621693,39.23122482707505,-77.97073809510353,0.84439427,0.77,6265.2407,0.011718136,0,1,false,false,0.6225169,-18.63855,10.501015,3.085175,0.034217708,3
49.734844,0.146477,39.231217711304915,-77.97074110669425,0.84367925,0,6353.8184,0.006658268,4,1,false,false,0.79632926,-18.129318,10.949426,3.0856807,0.026962116,3
49.425957,0.14673546,39.231210594985,-77.97074411828495,0.8410579,0,6522.1333,0.002129821,4,1,false,false,0.77006537,-19.397898,9.586642,3.0861247,0.0253139,3
49.09563,0.14699225,39.23120356937837,-77.97074712987566,0.83927095,0,6783.6826,-0.0031967924,4,1,false,false,0.24382693,-19.689247,10.530674,3.0864792,0.015269009,3
48.775997,0.14724734,39.23119663338547,-77.9707501411129,0.83510053,0,6674.0396,-0.006392555,4,1,false,false,0.3664815,-18.687595,10.7851095,3.086606,0.001101698,3
48.474194,0.1475008,39.23118969739258,-77.97075315270361,0.83295596,0,6562.5483,-0.009054831,4,1,false,false,0.7111346,-17.692104,10.583156,3.0865853,-0.0018461637,3
48.18626,0.14775273,39.23118285211297,-77.97075604835516,0.828786,0,6453.765,-0.010386487,4,1,false,false,0.6430727,-17.056562,10.161453,3.0865674,-0.0001203833,3
47.9036,0.14800318,39.23117600628358,-77.97075905994586,0.8266412,0,6361.006,-0.009854032,4,1,false,false,0.45040628,-16.919222,9.341081,3.0865636,-0.0013268581,3
47.615795,0.14825214,39.23116916045419,-77.9707619555974,0.8206839,0,6446.8354,-0.006658267,4,1,false,false,0.43277216,-17.508144,8.613885,3.0865195,-0.003796296,3
47.324814,0.14849958,39.23116240478832,-77.97076485124894,0.8169903,0,6445.918,-0.0042617023,4,1,false,false,0.27030995,-17.237104,8.603729,3.0864167,-0.008815825,3
47.04665,0.14874554,39.23115564912244,-77.9707676309613,0.80996084,0,6338.7744,-0.0023975943,4,1,false,false,0.5210643,-16.23597,7.893072,3.0862353,-0.010499055,3
46.779716,0.14899008,39.23114898362007,-77.97077052661284,0.8066247,0,6277.003,-0.0018651391,4,1,false,false,0.42656845,-15.955033,8.210312,3.0860758,-0.007912951,3
46.51179,0.14923324,39.231142318117705,-77.97077342226439,0.799595,0,6239.999,-0.0015983959,4,1,false,false,0.25868964,-16.110243,8.406786,3.0859728,-0.0039846003,3
46.245537,0.14947496,39.23113574222907,-77.97077620197675,0.78839505,0,6146.025,-0.0013316532,4,1,false,false,0.17081049,-15.682166,7.578998,3.085938,-0.00038813837,3
45.992847,0.14971538,39.23112916689021,-77.97077898204259,0.78172284,0,6050.9336,-0.0021308516,4,1,false,false,0.21486136,-15.229273,7.435515,3.0859609,0.0036795908,3
45.73152,0.14995445,39.23112268116509,-77.97078176175495,0.76659125,0,5990.8354,-0.004261703,4,1,false,false,0.28882116,-16.15186,8.070021,3.0860417,0.006572051,3
45.455353,0.15019211,39.23111610582623,-77.97078454146732,0.7572979,0,5969.243,-0.0055933557,4,1,false,false,0.5769835,-16.971464,8.885453,3.0862157,0.01579524,3
45.16968,0.15042831,39.23110971081439,-77.97078732117969,0.7391875,0,5968.0674,-0.005060902,4,1,false,false,0.35495183,-17.077827,10.566102,3.0865629,0.023977656,3
44.885445,0.15066302,39.231103315252774,-77.97078998530635,0.72024316,0,5936.013,-0.0021308511,4,1,false,false,-0.06111075,-17.040634,10.639096,3.0869508,0.018070605,3
44.61262,0.15089627,39.231096919691154,-77.97079276501871,0.7109497,0,5923.7007,-1.0296353e-06,4,1,false,false,0.5737927,-16.01558,9.029933,3.0871859,0.012041495,3
44.34348,0.15112811,39.23109052467932,-77.97079542914538,0.70320517,0,5972.7476,0.0002657128,4,1,false,false,0.7313263,-16.44026,9.83243,3.0874605,0.021408351,3
44.062855,0.15135853,39.23108421928121,-77.97079809327205,0.6905754,0,6018.42,-0.0013316534,4,1,false,false,0.5884577,-17.009129,11.798572,3.0878646,0.025360549,3
43.786655,0.15158746,39.23107800404661,-77.97080075704524,0.68509483,0,6049.2803,-0.003462505,4,1,false,false,0.2470326,-16.10427,12.786248,3.0882504,0.018012514,3
43.53111,0.15181503,39.23107178881201,-77.97080342117191,0.6850947,0,6039.1455,-0.0066582677,4,1,false,false,0.79229903,-14.856402,12.6889515,3.0885546,0.019512566,3
43.291553,0.15204127,39.23106557357741,-77.97080608529856,0.6865245,0,5974.2344,-0.009587286,4,1,false,false,0.48694605,-14.07916,11.525654,3.088908,0.018959615,3
43.056057,0.15226631,39.23105944850632,-77.97080863348606,0.6902181,0,5924.805,-0.012517338,4,1,false,false,0.60612637,-14.34528,11.084741,3.089183,0.012118013,3
42.812252,0.1524901,39.23105332343523,-77.97081118167355,0.69129026,0,5920.881,-0.014114704,4,1,false,false,0.49542904,-14.753518,10.878309,3.0893674,0.0069199745,3
42.564037,0.15271258,39.231047198364145,-77.97081384544674,0.6905755,0,5922.295,-0.015446358,4,1,false,false,0.36939514,-14.782323,10.863615,3.0894551,0.0024570988,3
42.321453,0.1529338,39.23104116290679,-77.97081639363424,0.6905755,0,5895.1562,-0.017578242,4,1,false,false,0.18173572,-14.300292,10.582826,3.0894434,-0.004645888,3
42.086666,0.15315378,39.23103512799921,-77.97081894182173,0.6912904,0,5842.7744,-0.020774001,4,1,false,false,0.012306467,-13.828782,9.863125,3.0893068,-0.011429864,3
41.85798,0.15337256,39.231029183255146,-77.97082149000923,0.69212437,0,5787.978,-0.026099581,4,1,false,false,-0.12612177,-13.565725,9.224279,3.0890439,-0.01903627,3
41.631496,0.15359016,39.231023237961296,-77.97082392225754,0.69319654,0,5737.9185,-0.031426203,4,1,false,false,-0.16336517,-13.548394,8.774951,3.0886757,-0.023239655,3
41.406776,0.15380655,39.23101729321723,-77.97082647044503,0.6924818,0,5684.742,-0.036220357,4,1,false,false,-0.18729557,-13.706649,9.173038,3.088218,-0.028883098,3
41.176804,0.1540218,39.23101134792338,-77.97082890304684,0.68950313,0,5625.956,-0.041014515,4,1,false,false,-0.60633457,-13.450648,8.70258,3.0877383,-0.029524395,3
40.954872,0.15423588,39.23100549334282,-77.97083145123432,0.68807334,0,5559.6353,-0.045009486,4,1,false,false,-0.7226721,-13.2413225,8.471958,3.0871923,-0.035422485,3
40.733273,0.1544488,39.23099972837599,-77.97083388348264,0.6868818,0,5495.594,-0.048205238,4,1,false,false,-0.7072767,-13.320437,8.519327,3.086525,-0.043713916,3
40.50782,0.15466058,39.23099387324565,-77.97083631573096,0.6875968,0,5439.42,-0.051401,4,1,false,false,-0.8011794,-14.1653805,9.312288,3.085712,-0.053075876,3
40.26284,0.1548711,39.23098819844233,-77.97083874797929,0.68723917,0,5415.1855,-0.053797558,4,1,false,false,-1.057336,-14.583462,9.724902,3.0848498,-0.052225556,3
40.02067,0.15508027,39.23098243402528,-77.97084118058108,0.6861672,0,5429.115,-0.057792537,4,1,false,false,-1.1590196,-14.461689,9.223009,3.0839412,-0.05703042,3
39.78355,0.1552882,39.23097675922196,-77.9708436128294,0.68426055,0,5407.2944,-0.06152178,4,1,false,false,-1.5142024,-13.9756155,9.32741,3.0829558,-0.063208915,3
39.547874,0.1554949,39.23097108441864,-77.9708460450777,0.682116,0,5373.4424,-0.06711409,4,1,false,false,-1.645022,-14.269056,9.685983,3.0818343,-0.071396336,3
39.309116,0.15570037,39.23096549977883,-77.97084836174034,0.6802099,0,5373.621,-0.073505625,4,1,false,false,-1.8046215,-14.393927,9.650734,3.0805945,-0.07725972,3
39.06964,0.15590453,39.230959915139024,-77.97085079398865,0.6765161,0,5373.0586,-0.07909794,4,1,false,false,-1.9045484,-14.202616,10.041015,3.0792522,-0.08195978,3
38.833725,0.15610743,39.230954330499216,-77.97085311065128,0.6642441,0,5336.2935,-0.08389212,4,1,false,false,-1.7595599,-14.531872,11.327823,3.0778642,-0.08198601,3
38.58982,0.15630907,39.230948835473136,-77.9708555428996,0.65649956,0,5286.9478,-0.08628969,4,1,false,false,-2.685677,-14.807305,13.845263,3.0765235,-0.0819159,3
38.35282,0.15650943,39.23094334099684,-77.97085785956222,0.64136785,0,5258.2305,-0.08442557,4,1,false,false,-4.063527,-13.808206,14.213807,3.0750508,-0.10342233,3
38.129395,0.1567086,39.23093793668404,-77.97086017587137,0.63314664,0,5241.8457,-0.0812288,4,1,false,false,-3.827469,-12.96233,11.610628,3.0730891,-0.13590764,3
37.92728,0.1569066,39.23093253182148,-77.97086260811967,0.6243297,0,5226.937,-0.0812288,4,1,false,false,-2.4572656,-11.326685,8.307503,3.0707202,-0.14762363,3
37.735474,0.15710358,39.230927127508686,-77.9708649247823,0.60681534,0,5220.5596,-0.085756235,4,1,false,false,-1.5419433,-11.77307,5.9669333,3.068503,-0.11445166,3
37.529858,0.15729955,39.230921812809626,-77.97086724144492,0.6053854,0,5251.774,-0.09241449,4,1,false,false,-2.5458612,-12.60896,7.231671,3.067013,-0.06562089,3
37.316116,0.1574944,39.23091649866035,-77.97086955775407,0.6061003,0.77,5502.0566,-0.09880601,0,1,false,false,-3.8316507,-13.02833,10.002504,3.0660822,-0.04963515,3
37.09904,0.1576881,39.23091118396129,-77.97087187441669,0.6094363,0.4644444,5920.2974,-0.109726,0,1,false,false,-3.8761232,-12.378416,10.384221,3.0650623,-0.07292743,3
36.91311,0.1578807,39.23090595942574,-77.97087430666501,0.61313003,0,5868.1753,-0.1257048,3,1,false,false,-3.4655063,-10.347855,9.082729,3.0634973,-0.11299719,3
36.733925,0.15807237,39.23090073543997,-77.97087662332763,0.6143216,0,5934.717,-0.13955376,3,1,false,false,-3.352791,-10.830575,7.3281884,3.0613172,-0.14685786,3
36.5492,0.15826307,39.23089551090442,-77.97087893963678,0.6143215,0,5911.8555,-0.1448794,3,1,false,false,-3.0382419,-11.5446205,7.501163,3.0586023,-0.1767519,3
36.343945,0.15845278,39.23089037653238,-77.97088125629939,0.6106279,0,5818.602,-0.14381444,3,1,false,false,-2.5626473,-12.832065,6.945634,3.0555396,-0.18650869,3
36.12859,0.15864132,39.23088524216034,-77.97088357296201,0.6083641,0,5727.698,-0.14195032,3,1,false,false,-3.1396694,-12.942075,7.526395,3.0524924,-0.17953473,3
35.90218,0.15882869,39.230880107788295,-77.97088588927116,0.60729194,0,5717.876,-0.14381447,3,1,false,false,-4.4309964,-14.360462,8.851476,3.0495372,-0.1763714,3
35.645267,0.15901478,39.23087506357977,-77.97088820593378,0.60431314,0,5917.273,-0.15393524,3,1,false,false,-5.5912824,-15.843706,10.256758,3.0464501,-0.19831592,3
35.386036,0.1591995,39.23087001937124,-77.97089040665722,0.60204935,0,5990.4966,-0.16858241,3,1,false,false,-5.9353185,-14.8467865,10.682762,3.0429282,-0.22286804,3
35.155037,0.15938295,39.23086506532621,-77.97089272296637,0.5943049,0,5914.2227,-0.18615961,3,1,false,false,-6.5748954,-13.050849,10.893042,3.0390167,-0.2455662,3
34.94295,0.15956526,39.230860111281196,-77.97089503962899,0.5906112,0,5875.064,-0.19841121,3,1,false,false,-7.217372,-12.592082,10.797295,3.0347915,-0.26101884,3
34.722427,0.1597464,39.23085515723617,-77.97089735593813,0.58393896,0,5907.4814,-0.20320539,3,1,false,false,-8.1767235,-13.488128,11.543343,3.0303652,-0.2711953,3
34.49521,0.15992637,39.23085029280488,-77.97089967260077,0.58024544,0,5939.8555,-0.20480272,3,1,false,false,-8.936126,-13.192484,12.178798,3.0257816,-0.28202108,3
34.276653,0.16010518,39.230845428923374,-77.97090198926338,0.5727392,0,5925.619,-0.20533523,3,1,false,false,-9.021244,-12.625792,11.468793,3.020942,-0.29886025,3
34.072906,0.16028287,39.230840654655594,-77.9709044215117,0.5676158,0,5880.528,-0.20799845,3,1,false,false,-8.685567,-11.626188,10.51645,3.0159252,-0.3020444,3
33.88032,0.16045955,39.23083588093759,-77.97090673817432,0.55832255,0,5838.6616,-0.2133251,3,1,false,false,-8.532127,-11.210728,10.077993,3.0109909,-0.28929994,3
33.690296,0.16063486,39.23083119683332,-77.97090905448347,0.55391395,0,5805.732,-0.21971771,3,1,false,false,-8.482842,-11.227485,9.255229,3.0063121,-0.2719455,3
33.49437,0.16080917,39.23082651327883,-77.97091148673178,0.54319084,0,5780.008,-0.22797333,3,1,false,false,-8.366349,-11.598193,9.094566,3.0019267,-0.25331888,3
33.29747,0.16098244,39.23082182917456,-77.97091391933358,0.5356845,0,5759.4854,-0.23596218,3,1,false,false,-8.362608,-11.471086,9.640553,2.997842,-0.23700903,3
33.11064,0.16115472,39.23081723523379,-77.97091623564272,0.51423794,0,5724.8276,-0.24555054,3,1,false,false,-7.948139,-10.694244,9.289248,2.9939127,-0.2345574,3
32.929718,0.16132604,39.230812641293035,-77.97091866824452,0.4875491,0,5659.889,-0.25673515,3,1,false,false,-9.272385,-10.564117,10.819741,2.9899004,-0.25079504,3
32.75477,0.16149618,39.230808047352276,-77.97092110049283,0.47456208,0,5583.8687,-0.2647262,3,1,false,false,-9.822456,-10.205965,10.410679,2.9853427,-0.298621,3
32.583794,0.16166519,39.23080354357502,-77.97092353274115,0.4624092,0,5530.7397,-0.26978603,3,1,false,false,-9.164369,-9.887353,9.486298,2.9799285,-0.34871584,3
32.415375,0.16183333,39.23079903979777,-77.97092596498948,0.4360777,0,5502.964,-0.27271497,3,1,false,false,-9.036983,-9.895268,9.50098,2.9738524,-0.37739652,3
32.248165,0.16200058,39.23079462618403,-77.97092839759127,0.40462288,0,5481.92,-0.2732475,3,1,false,false,-9.866757,-9.743129,10.678739,2.9674292,-0.3963407,3
32.08438,0.16216697,39.23079021257029,-77.97093094577876,0.38865715,0,5469.8306,-0.27138332,3,1,false,false,-10.76321,-9.482074,11.770035,2.9608495,-0.3879536,3
31.919523,0.16233253,39.230785798956546,-77.97093337802708,0.37126184,0,5488.6943,-0.26659024,3,1,false,false,-13.049069,-9.512165,10.867491,2.9544759,-0.38340482,3
31.753752,0.16249701,39.2307813853428,-77.97093592621458,0.33492196,0,5532.7437,-0.25886708,3,1,false,false,-11.279207,-9.385118,10.76046,2.9482212,-0.36437172,3
31.593348,0.16266064,39.23077706134279,-77.97093847440206,0.31752658,0,5561.5312,-0.25407287,3,1,false,false,-12.6314,-8.889432,13.408699,2.9422636,-0.35567397,3
31.445261,0.16282345,39.23077282805607,-77.97094102258956,0.28345048,0,5548.133,-0.25353932,3,1,false,false,-14.818295,-8.123162,15.967662,2.936246,-0.37152204,3
31.314423,0.16298553,39.23076850460584,-77.97094368636274,0.26641256,0,5519.6426,-0.25513783,3,1,false,false,-15.344782,-6.9342813,15.82948,2.9298964,-0.39175972,3
31.194149,0.16314694,39.230764360932845,-77.97094623455024,0.23376626,0,5499.487,-0.254871,3,1,false,false,-15.549038,-6.490738,13.923457,2.923497,-0.37588972,3
31.108524,0.16330785,39.23076012764612,-77.97094889867691,0.19754559,0.77,5741.0522,-0.2562027,0,1,false,false,-8.562381,-4.048943,7.7364426,2.9175673,-0.33286697,3
31.03268,0.1634683,39.23075598397313,-77.97095156280358,0.17788632,0.77,6164.3525,-0.26659018,0,1,false,false,-8.583721,-4.1781178,6.9859533,2.912491,-0.2764349,3
30.957294,0.16362834,39.23075175013663,-77.97095422657677,0.16192067,0,6340.0864,-0.2958855,0,1,false,false,-9.874281,-4.010525,9.310329,2.908393,-0.21725595,3
30.881897,0.16378795,39.23074769717693,-77.9709570066426,0.1457167,0,6292.248,-0.33902997,2,1,false,false,-9.521473,-4.91239,8.382342,2.905196,-0.16449596,3
30.748447,0.16394708,39.230743553503935,-77.97095978635497,0.14786136,0,6551.682,-0.37844604,2,1,false,false,-8.195999,-8.529819,7.1308336,2.9029944,-0.10417354,3
30.623922,0.16410545,39.230739499994456,-77.97096245048164,0.1494102,0,6803.608,-0.4394343,2,1,false,false,-7.805383,-5.7197766,7.128169,2.9010592,-0.15256447,3
30.528034,0.16426331,39.23073544648497,-77.970965230194,0.14714643,0,6734.1196,-0.48364463,2,1,false,false,-8.756293,-5.483374,8.091919,2.8977733,-0.24325503,3
30.439562,0.1644207,39.23073139352527,-77.97096800990637,0.14678898,0,6621.506,-0.5326481,2,1,false,false,-9.501219,-4.7374306,8.321308,2.8930218,-0.32425916,3
30.368805,0.16457756,39.23072734001579,-77.97097078997221,0.14821878,0,6511.4453,-0.5717975,2,1,false,false,-9.035395,-3.5231676,6.6497245,2.8871377,-0.37842318,3
30.311934,0.16473408,39.230723376669815,-77.97097356968457,0.14905274,0,6404.181,-0.595767,2,1,false,false,-7.974717,-3.0344684,5.4145274,2.8805006,-0.41695872,3
30.244076,0.16489026,39.23071941332384,-77.97097646533611,0.14941023,0,6428.459,-0.622399,2,1,false,false,-8.244522,-4.561349,6.0578203,2.873233,-0.45689398,3
30.14861,0.165046,39.23071544997787,-77.97097924504847,0.14976767,0,6488.421,-0.6466345,2,1,false,false,-9.780037,-6.0596714,7.554142,2.8652294,-0.5048942,3
30.038448,0.16520116,39.2307114866319,-77.97098214070002,0.14857623,0,6487.902,-0.671935,2,1,false,false,-11.512083,-6.1980696,8.609936,2.8564663,-0.5436486,3
29.930191,0.16535564,39.23070761344943,-77.97098503635155,0.14678895,0,6478.17,-0.697769,2,1,false,false,-14.011771,-5.876688,9.844624,2.8471513,-0.57420796,3
29.828054,0.16550949,39.23070374026697,-77.97098793200308,0.14190397,0,6488.3257,-0.7217386,2,1,false,false,-14.603753,-5.4074755,9.92167,2.8373415,-0.60483545,3
29.733969,0.16566277,39.23069986708451,-77.97099082765463,0.13856784,0,6486.686,-0.7379832,2,1,false,false,-13.965997,-4.924869,8.475347,2.8269808,-0.63287026,3
29.646082,0.16581555,39.230696083515774,-77.97099383924534,0.12975098,0,6457.926,-0.7483708,2,1,false,false,-14.365515,-4.6441135,8.477238,2.816437,-0.62867534,3
29.557384,0.16596785,39.23069230049683,-77.97099685083604,0.12534252,0,6426.5483,-0.7571587,2,1,false,false,-15.759223,-4.821984,9.618105,2.8060973,-0.61374146,3
29.462933,0.16611968,39.23068851747787,-77.97099986207328,0.116049096,0,6414.459,-0.77526945,2,1,false,false,-17.095245,-5.025331,10.421212,2.7959085,-0.6138886,3
29.367367,0.16627097,39.23068482407265,-77.97100298960318,0.11235555,0,6415.834,-0.79444516,2,1,false,false,-18.524065,-5.064496,11.246108,2.7855015,-0.64047194,3
29.268246,0.16642168,39.2306811312172,-77.97100600084042,0.10496842,0,6411.0806,-0.81468546,2,1,false,false,-19.659056,-5.095067,11.216063,2.7744577,-0.6892438,3
29.175713,0.16657181,39.230677527975494,-77.97100924395599,0.102704644,0,6393.26,-0.8357252,2,1,false,false,-18.258085,-4.3809266,10.954796,2.7624393,-0.7504777,3
29.09764,0.16672143,39.23067392528356,-77.97101237148588,0.099368505,0,6365.086,-0.85596704,2,1,false,false,-17.44538,-3.7755418,9.234483,2.7495906,-0.7880544,3
29.02124,0.16687068,39.230670322041846,-77.97101561460147,0.093768604,0,6334.011,-0.8772722,2,1,false,false,-16.729408,-3.7780678,8.638526,2.7363226,-0.79817516,3
28.943382,0.16701953,39.23066680896364,-77.97101885771704,0.09126652,0,6312.0034,-0.8985787,2,1,false,false,-16.938805,-3.8178267,8.517829,2.7230918,-0.78521234,3
28.860195,0.16716741,39.23066329643522,-77.9710222167718,0.0886453,0,6300.174,-0.92387915,2,1,false,false,-17.433247,-4.083064,8.610641,2.7102711,-0.750407,3
28.77579,0.16731468,39.23065987352052,-77.97102545988739,0.083402835,0,6299.105,-0.95583785,2,1,false,false,-17.831654,-4.025481,9.256714,2.698081,-0.7167422,3
28.69206,0.16746148,39.23065645060583,-77.97102893452785,0.0772072,0,6295.7363,-0.99259156,2,1,false,false,-18.27302,-3.858507,9.602313,2.686334,-0.69714963,3
28.604433,0.1676078,39.23065302769114,-77.9710322935826,0.07303707,0,6273.8677,-1.0264145,2,1,false,false,-19.161303,-4.2514195,9.668173,2.6746392,-0.7158346,3
28.516333,0.16775367,39.230649694939956,-77.97103576822306,0.06267126,0,6240.8086,-1.0658307,2,1,false,false,-19.42183,-4.1423507,10.149569,2.6624117,-0.75433,3
28.421804,0.16789906,39.23064636218877,-77.97103924286351,0.05826284,0,6212.3076,-1.1049807,2,1,false,false,-20.542603,-4.351907,10.9622555,2.6493354,-0.81850964,3
28.33251,0.16804378,39.230643119051315,-77.97104271785744,0.054211855,0,6187.1743,-1.1396022,2,1,false,false,-21.100346,-4.2031193,10.508847,2.6352015,-0.8772244,3
28.239126,0.16818775,39.23063987646364,-77.97104630843708,0.047897052,0,6160.86,-1.1824807,2,1,false,false,-21.452885,-4.171934,10.423669,2.6201124,-0.92839706,3
28.149817,0.1683312,39.23063672403948,-77.9710498990167,0.044560947,0,6139.4834,-1.226425,2,1,false,false,-20.084839,-3.7045727,9.288329,2.6045341,-0.92769384,3
28.065401,0.16847418,39.23063357106554,-77.97105348959633,0.032765392,0,6130.659,-1.2693039,2,1,false,false,-19.876993,-3.5518808,9.648988,2.5892465,-0.90943325,3
27.982029,0.16861674,39.23063050880488,-77.97105719611514,0.0153699545,0,6118.657,-1.3268303,2,1,false,false,-20.549788,-3.5946357,9.814514,2.5741029,-0.9089951,3
27.896143,0.16875887,39.23062744599445,-77.97106090263394,0.0067913746,0.0020962956,6099.494,-1.3713065,2,1,false,false,-20.864077,-3.4550173,9.691284,2.5589943,-0.9003222,3
27.812037,0.16890061,39.23062438373379,-77.97106460879927,-9.313226e-10,0.016893031,6088.4556,-1.4136524,2,1,false,false,-20.957418,-3.3195496,10.092952,2.5441763,-0.87941176,3
27.728699,0.16904177,39.230621501250376,-77.97106843125725,0,0.034895778,6087.242,-1.4450788,2,1,false,false,-20.739927,-3.1780894,9.9452915,2.5296438,-0.8666095,3
27.648808,0.16918245,39.23061852860346,-77.97107225336174,0,0.040567867,6080.2065,-1.4719789,2,1,false,false,-20.617403,-2.9849856,9.831088,2.5151389,-0.8792178,3
27.571032,0.16932271,39.23061564612004,-77.97107607581972,0,0.040567875,6054.17,-1.490355,2,1,false,false,-20.140987,-2.9081235,8.997522,2.5003374,-0.8911265,3
27.493994,0.16946259,39.23061285380013,-77.9710800138634,0,0.04476028,6027.6396,-1.5071328,2,1,false,false,-19.491613,-2.7656822,8.668483,2.4856012,-0.87514806,3
27.418934,0.16960208,39.23061006148023,-77.9710838359679,0,0.044760287,6013.9463,-1.5225804,2,1,false,false,-19.353071,-2.7335544,9.338206,2.471116,-0.86873716,3
27.339449,0.16974123,39.230607359323834,-77.97108777401158,0,0.051912062,6002.2456,-1.5340316,2,1,false,false,-20.0953,-2.9445317,9.7720585,2.456608,-0.8713005,3
27.257753,0.16988006,39.23060465716744,-77.97109182799443,0,0.063271694,5991.204,-1.5438867,2,1,false,false,-20.484404,-2.9339757,10.147575,2.4421082,-0.8666453,3
27.175339,0.17001851,39.230602044624774,-77.9710957660381,0,0.094344914,5988.1895,-1.5545392,2,1,false,false,-21.338388,-3.071645,9.493925,2.4277954,-0.85426617,3
27.076887,0.17015645,39.23059943263189,-77.97109982002095,0,0.14417613,6001.7314,-1.5654589,2,1,false,false,-23.56443,-3.3644156,11.840589,2.4133084,-0.8849276,3
26.988287,0.17029391,39.230596910252736,-77.9711038740038,0,0.19967952,6031.7812,-1.5737159,2,1,false,false,-22.771664,-2.7073352,11.829746,2.398215,-0.92753476,3
26.911299,0.17043097,39.23059438842336,-77.97110804357234,0,0.23938414,6072.531,-1.5737157,2,1,false,false,-22.714804,-2.2679489,11.306137,2.382551,-0.9421054,3
26.833027,0.17056769,39.23059195620772,-77.97111209755519,0,0.28305003,6141.776,-1.5691881,2,1,false,false,-24.04056,-2.2455347,12.680659,2.3669984,-0.9183034,3
26.753088,0.17070405,39.23058961415558,-77.97111626747721,0,0.3281802,6240.8975,-1.5665247,2,1,false,false,-24.148304,-2.2083426,11.718872,2.35189,-0.89659816,3
26.681404,0.1708402,39.230587272653224,-77.97112055298493,0,0.36321467,6324.835,-1.564661,2,1,false,false,-21.331263,-1.5050814,10.428084,2.3370857,-0.8740156,3
26.638153,0.1709762,39.2305850207646,-77.97112472255348,0,0.38861573,6237.158,-1.562797,2,1,false,false,-20.594807,0.5774058,10.496116,2.3227537,-0.8455071,3
26.621807,0.17111209,39.23058276887597,-77.9711290080612,0,0.4103331,6166.9683,-1.5673244,2,1,false,false,-20.124678,1.3651166,9.618324,2.3088596,-0.81821626,3
26.60778,0.1712479,39.230580516987345,-77.97113329392239,0,0.43770725,6181.9907,-1.5779765,2,1,false,false,-15.621004,0.9379931,7.366918,2.2956462,-0.7568776,3
26.591393,0.17138374,39.23057844487596,-77.97113757943012,0,0.45768285,6242.325,-1.5899612,2,1,false,false,-13.105381,0.34149307,5.2913504,2.283736,-0.67587113,3
26.573467,0.17151956,39.230576283150846,-77.97114198087701,0,0.47274166,6309.8765,-1.6030111,2,1,false,false,-11.32736,0.24052097,4.504216,2.2731206,-0.6047331,3
26.565294,0.17165548,39.230574211589236,-77.97114638197043,0,0.48556548,6378.823,-1.6216543,2,1,false,false,-10.549395,1.3894994,4.8148394,2.2635257,-0.5522377,3
26.567286,0.17179178,39.23057213947785,-77.97115066783162,0,0.49616992,6408.318,-1.635503,2,1,false,false,-19.945951,1.9885414,10.679061,2.2549305,-0.49592626,3
26.560684,0.17192826,39.23057006791625,-77.97115518486422,0,0.50430804,6327.594,-1.6445583,2,1,false,false,-23.220877,2.511026,13.308633,2.2467918,-0.49946216,3
26.549555,0.1720647,39.23056808651815,-77.97115958631112,0,0.5109668,6223.7876,-1.6299111,2,1,false,false,-27.02419,2.0334377,15.752629,2.2378354,-0.5937171,3
26.541107,0.17220107,39.23056619473378,-77.97116410369718,0,0.5232973,6187.871,-1.6059413,2,1,false,false,-22.219553,1.7548351,12.690008,2.2272756,-0.6687461,3
26.52072,0.17233744,39.23056430294942,-77.97116862072977,0,0.5324218,6237.488,-1.5678567,2,1,false,false,-20.562813,0.18658221,10.830918,2.2155893,-0.7333213,3
26.491737,0.17247379,39.23056250187834,-77.97117313811584,0,0.54624784,6337.9517,-1.5396262,2,1,false,false,-18.266699,-0.20242825,9.310409,2.2029424,-0.7777491,3
26.478119,0.17261013,39.230560700257485,-77.97117777108761,0,0.55907154,6440.3936,-1.5207163,2,1,false,false,-15.620408,1.3815838,8.044728,2.1899166,-0.76468503,3
26.473606,0.1727468,39.230558988800134,-77.9711822881202,0,0.57288206,6476.6924,-1.5191191,2,1,false,false,-15.339799,0.9929757,8.177154,2.1774168,-0.7399321,3
26.49786,0.17288369,39.23055727734279,-77.97118692109197,0,0.5871856,6472.3677,-1.53563,2,1,false,false,-16.683952,4.578515,8.60999,2.1653633,-0.6855694,3
26.550528,0.17302087,39.230555656048956,-77.9711915544172,0,0.598283,6386.729,-1.5643942,2,1,false,false,-17.940601,4.629308,10.286318,2.1549506,-0.55487293,3
26.584682,0.17315838,39.230554034755116,-77.97119630332814,0,0.60988915,6250.9756,-1.5984839,2,1,false,false,-18.950891,3.8477511,11.110089,2.1462727,-0.5118514,3
26.609734,0.17329621,39.2305524129115,-77.97120105188561,0,0.6195073,6224.7803,-1.6216544,2,1,false,false,-20.15325,3.3308392,11.086455,2.1375957,-0.52728903,3
26.619213,0.17343436,39.23055088178117,-77.97120580079655,0,0.6325778,6293.1855,-1.6312423,2,1,false,false,-18.652391,1.7692555,9.989221,2.1287856,-0.53130317,3
26.618675,0.17357273,39.23054944081436,-77.9712105497075,0,0.6417022,6370.297,-1.6264482,2,1,false,false,-17.07235,1.8526379,9.346015,2.11991,-0.52778727,3
26.634111,0.17371038,39.23054790913425,-77.97121529861843,0,0.6493473,6421.837,-1.6144636,2,1,false,false,-15.819416,2.6771662,8.26652,2.1114042,-0.49007013,3
26.652021,0.173848,39.23054655833094,-77.97122016346854,0,0.656006,6422.2954,-1.6080719,2,1,false,false,-21.03282,2.7559578,11.974862,2.1032813,-0.50314397,3
26.665712,0.17398575,39.23054520697785,-77.97122491237948,0,0.6643908,6385.812,-1.6086042,2,1,false,false,-25.644432,2.6744893,15.165113,2.0941396,-0.60301304,3
26.675974,0.17412366,39.23054385617454,-77.97122977687613,0,0.6715579,6357.528,-1.5952878,2,1,false,false,-24.691406,1.6812725,14.67803,2.0832722,-0.689798,3
26.657433,0.17426167,39.23054259498497,-77.97123475731193,0,0.6772299,6409.475,-1.5737158,2,1,false,false,-24.888882,0.20732874,13.35646,2.071017,-0.76583815,3
26.648212,0.1743998,39.230541423958904,-77.97123962216205,0,0.6811757,6561.852,-1.552675,2,1,false,false,-20.380571,1.4956253,10.855242,2.058033,-0.76451164,3
26.679808,0.17453814,39.230540343096344,-77.97124460259786,0,0.68610823,6649.776,-1.5271075,2,1,false,false,-20.548267,4.2946796,11.783354,2.0457258,-0.69943595,3
26.742289,0.1746761,39.23053926223378,-77.97124958303367,0,0.6927664,6521.364,-1.511395,2,1,false,false,-18.894783,5.6530957,11.903329,2.0345895,-0.6314102,3
26.823473,0.17481452,39.23053818137122,-77.97125456382295,0,0.70139796,6309.282,-1.4948838,2,1,false,false,-21.165764,6.1803102,12.455487,2.0243905,-0.5965061,3
26.88175,0.17495336,39.23053719067218,-77.97125954425877,0,0.709783,6196.8325,-1.4813001,2,1,false,false,-22.636648,4.031997,13.531289,2.014217,-0.6216959,3
26.915117,0.17509258,39.23053628958686,-77.97126464063376,0,0.73321116,6243.893,-1.4586624,2,1,false,false,-22.035751,2.878762,12.055469,2.003756,-0.6230324,3
26.939077,0.17523208,39.23053538905132,-77.97126973700874,0,0.77811027,6359.472,-1.4037985,2,1,false,false,-19.32696,2.6002667,10.627698,1.9936043,-0.58876884,3
26.974768,0.175372,39.230534578129515,-77.97127483338373,0,0.821283,6431.2085,-1.3460059,2,1,false,false,-17.547014,3.594387,9.912388,1.9840997,-0.5535281,3
27.025942,0.17551234,39.230533767757485,-77.97127992940524,0,0.8987346,6438.403,-1.2951378,2,1,false,false,-16.01925,4.1929054,9.40086,1.9750334,-0.5382501,3
27.09575,0.17565286,39.230533046999184,-77.97128502578022,0,0.9729804,6429.9507,-1.2575853,2,1,false,false,-14.990248,5.3677917,8.935106,1.9661365,-0.5239338,3
27.175703,0.17579393,39.23053232624089,-77.97129012215521,0,1,6413.5303,-1.220566,2,1,false,false,-15.138848,5.384488,9.631613,1.9577566,-0.48160568,3
27.246714,0.17593554,39.23053160548259,-77.97129533446937,0,1,6388.276,-1.2003256,2,1,false,false,-16.413889,4.8222003,11.082927,1.9499866,-0.4662512,3
27.30841,0.17607766,39.23053097543758,-77.97130054678352,0,1,6398.425,-1.1792848,2,1,false,false,-17.031803,4.1208615,11.541062,1.9420077,-0.5036303,3
27.343601,0.1762203,39.2305304350063,-77.97130575874421,0,1,6472.5806,-1.15212,2,1,false,false,-16.50898,2.295671,9.80953,1.9330475,-0.5766987,3
27.39114,0.17636338,39.23052980441151,-77.97131097105837,0,1,6594.9966,-1.121759,2,1,false,false,-20.668554,3.4642878,12.717533,1.9227804,-0.6536746,3
27.434475,0.1765071,39.230529353593965,-77.97131629895823,0,1,6624.481,-1.0842066,2,1,false,false,-19.21231,3.9013379,12.641785,1.9111171,-0.73910266,3
27.502022,0.17665125,39.230528903326196,-77.9713215112724,0,1,6596.158,-1.0455903,2,1,false,false,-14.4339905,4.9401507,9.273584,1.8985225,-0.7582247,3
27.582466,0.17679591,39.230528453058426,-77.97132683917225,0,1,6582.3765,-1.0154957,2,1,false,false,-12.136939,5.705825,7.66562,1.8860606,-0.7196941,3
27.664263,0.17694122,39.23052809295417,-77.9713321670721,0,1,6581.374,-1.0093699,2,1,false,false,-12.317398,5.553101,7.6915565,1.8745902,-0.65077776,3
27.730892,0.17708708,39.230527732300125,-77.97133749497196,0,1,6580.103,-1.0240166,2,1,false,false,-11.99777,4.968046,7.842874,1.8642378,-0.59916514,3
27.823122,0.17723365,39.230527372195866,-77.97134282322529,0,1,6586.7227,-1.0535798,2,1,false,false,-14.540158,5.5778184,9.924628,1.8550979,-0.49702176,3
27.900003,0.17738113,39.23052710170534,-77.97134815112516,0,1,6543.8765,-1.0900658,2,1,false,false,-17.215132,5.2570615,11.477641,1.8475196,-0.4314438,3
27.942873,0.17752971,39.230526831764585,-77.97135359496419,0,1,6526.695,-1.1238897,2,1,false,false,-17.773125,2.204836,11.740873,1.8400156,-0.5033068,3
27.983376,0.17767845,39.23052665143757,-77.97135892286404,0,1,6662.8516,-1.1478595,2,1,false,false,-17.003706,4.724923,10.496088,1.8306798,-0.6026027,3
28.017063,0.17782758,39.230526471660326,-77.97136436670307,0,1,6787.062,-1.1507885,2,1,false,false,-20.76731,0.8521514,12.227376,1.8201871,-0.68101287,3
28.026077,0.17797686,39.230526381496816,-77.9713698105421,0,1,6821.022,-1.1465278,2,1,false,false,-20.875307,3.2823384,13.390933,1.8072381,-0.8582465,3
28.098423,0.17812656,39.23052629133331,-77.97137513844196,0,1,6841.2427,-1.1185629,2,1,false,false,-18.657898,5.593808,11.5905075,1.7921591,-0.90649223,3
28.178947,0.1782769,39.23052629133331,-77.97138058228099,0,1,6757.381,-1.088202,2,1,false,false,-19.483871,5.9548097,12.523388,1.7776014,-0.8200861,3
28.236193,0.17842914,39.230526381496816,-77.97138602612002,0,1,6654.1943,-1.0575746,2,1,false,false,-19.374544,3.5610192,11.142298,1.7644901,-0.75988126,3
28.316114,0.17858177,39.230526471660326,-77.97139146995904,0,1,6697.4717,-1.0429264,2,1,false,false,-22.54241,7.094441,12.9398155,1.752417,-0.6729859,3
28.375528,0.17873485,39.23052656127406,-77.97139702973726,0,1,6695.7046,-1.0431926,2,1,false,false,-22.932032,4.3179636,14.959452,1.741957,-0.5822401,3
28.438017,0.1788883,39.230526831764585,-77.97140247357629,0,1,6629.5425,-1.0455899,2,1,false,false,-18.612446,4.7057858,12.823592,1.7326748,-0.5467793,3
28.474781,0.17904224,39.23052710170534,-77.97140791741532,0,1,6647.2363,-1.0386649,2,1,false,false,-17.318754,2.353441,10.273542,1.7232835,-0.5779034,3
28.488207,0.17919652,39.230527372195866,-77.97141336125435,0,1,6834.2837,-1.0304095,2,1,false,false,-14.566922,1.76831,8.306814,1.713566,-0.5772154,3
28.534565,0.17935106,39.230527732300125,-77.97141892067908,0,1,7046.001,-1.0250828,2,1,false,false,-12.480531,4.4255514,7.459305,1.7045298,-0.5005617,3
28.60875,0.17950588,39.23052809295417,-77.97142436451811,0,1,7020.6733,-1.0309428,2,1,false,false,-12.861668,5.715278,9.165637,1.6968429,-0.43119594,3
28.701561,0.17966111,39.230528453058426,-77.97142992429632,0,1,6828.7075,-1.0535799,2,1,false,false,-13.917,6.438375,10.086721,1.6899338,-0.41584027,3
28.778736,0.17981687,39.230528903326196,-77.97143536813535,0,1,6727.4326,-1.0834075,2,1,false,false,-13.297828,4.1819463,9.19958,1.6827074,-0.4671376,3
28.811823,0.17997296,39.230529443757476,-77.97144092791355,0,1,6851.5664,-1.102583,2,1,false,false,-12.460017,1.9805793,7.7356887,1.6740794,-0.57050264,3
28.835371,0.18012929,39.230529894025246,-77.97144648733828,0,1,7087.5073,-1.1124374,2,1,false,false,-14.3157835,2.3517373,8.716584,1.6638228,-0.65275896,3
28.872034,0.18028484,39.2305304350063,-77.97145204711649,0,1,7173.5605,-1.1127042,2,1,false,false,-18.261118,3.5524454,12.527805,1.6524113,-0.71399194,3
28.94581,0.18044023,39.23053106505131,-77.97145749095552,0,1,7050.0747,-1.099122,2,1,false,false,-22.486067,6.813161,15.75638,1.6399766,-0.7547865,3
29.049465,0.18059604,39.2305316956461,-77.97146305073372,0,1,6830.791,-1.0706239,2,1,false,false,-21.931894,7.376946,15.036027,1.6275123,-0.719742,3
29.146786,0.18075238,39.2305324164044,-77.97146861015845,0,1,6674.272,-1.0357363,2,1,false,false,-20.50099,5.947336,12.972946,1.616039,-0.6536552,3
29.203949,0.18090916,39.230533227326205,-77.97147416993666,0,1,6684.251,-1.0064398,2,1,false,false,-18.646076,3.5229554,11.012691,1.6055541,-0.60155207,3
29.232096,0.18106619,39.230534037698234,-77.97147972936138,0,1,6838.1973,-0.98673254,2,1,false,false,-16.659145,1.7452209,9.434541,1.5960125,-0.5461099,3
29.247295,0.18122248,39.230534848620046,-77.97148517320042,0,1,7019.0366,-0.98833007,2,1,false,false,-15.945693,2.8839886,8.932921,1.5871568,-0.51594985,3
29.292587,0.18137863,39.230535749155585,-77.97149073297862,0,1,7097.2954,-1.008038,2,1,false,false,-14.745305,3.884412,9.024103,1.578773,-0.4982993,3
29.353436,0.18153492,39.23053673985463,-77.97149629275683,0,1,7031.958,-1.0317409,2,1,false,false,-13.082857,4.808206,8.920735,1.57049,-0.5016826,3
29.429562,0.18169153,39.23053773110345,-77.97150185218155,0,1,6962.526,-1.0506496,2,1,false,false,-13.5176115,5.3292384,9.729072,1.5620289,-0.51711965,3
29.499294,0.18184847,39.2305387218025,-77.97150729602059,0,1,6959.7295,-1.0618358,2,1,false,false,-14.483553,4.6169314,10.134392,1.5532304,-0.54085726,3
29.551506,0.18200573,39.230539802665064,-77.97151285579879,0,1,6999.199,-1.0644991,2,1,false,false,-15.43226,3.8336833,10.301407,1.5438884,-0.58445776,3
29.603268,0.1821626,39.230540883527624,-77.971518415577,0,1,7041.5923,-1.0557106,2,1,false,false,-16.785543,3.7078338,10.28383,1.533868,-0.61640817,3
29.649263,0.18231937,39.23054196439018,-77.97152397500172,0,1,7052.445,-1.0455899,2,1,false,false,-16.102892,3.7803001,9.851291,1.5232462,-0.6554099,3
29.701246,0.18247628,39.23054313541625,-77.97152941884076,0,1,7061.078,-1.034671,2,1,false,false,-15.05026,4.1313677,9.228589,1.5120642,-0.68049407,3
29.75668,0.1826334,39.23054439660582,-77.97153497861896,0,1,7074.947,-1.0237513,2,1,false,false,-16.139648,4.206596,10.051108,1.5006553,-0.68574935,3
29.813572,0.18279074,39.23054565724562,-77.97154053804368,0,1,7076.064,-1.0173596,2,1,false,false,-15.720822,4.5022798,10.572498,1.4892986,-0.6702035,3
29.869347,0.18294835,39.2305469184352,-77.97154598188271,0,1,7062.3774,-1.014696,2,1,false,false,-18.979788,4.330328,12.456278,1.4782416,-0.6629132,3
29.920732,0.18310586,39.23054826978829,-77.97155154166092,0,1,7047.945,-1.0133644,2,1,false,false,-21.119616,4.2514424,13.847584,1.4670446,-0.6810504,3
29.965086,0.1832634,39.230549710755106,-77.97155698549996,0,1,7045.5586,-1.008038,2,1,false,false,-20.380392,3.724158,12.838971,1.4554507,-0.70914423,3
29.997192,0.18342105,39.2305511522717,-77.97156254527816,0,1,7071.034,-0.9957873,2,1,false,false,-24.320969,2.904762,14.333803,1.4430788,-0.78540564,3
30.031408,0.1835788,39.23055268340203,-77.97156798911719,0,1,7116.7354,-0.9811382,2,1,false,false,-18.429169,3.4899447,11.246815,1.4293748,-0.8274588,3
30.069296,0.18373668,39.230554214532354,-77.97157343295622,0,1,7154.7104,-0.96436113,2,1,false,false,-17.164633,3.5519323,9.891149,1.4157281,-0.7937192,3
30.11652,0.18389481,39.230555835826195,-77.97157887679525,0,1,7173.826,-0.9531746,2,1,false,false,-17.181505,4.383928,9.5825205,1.4030577,-0.7179286,3
30.174429,0.18405323,39.23055745766981,-77.9715842046951,0,1,7161.3994,-0.95290875,2,1,false,false,-15.802081,4.777095,8.633137,1.3918526,-0.6241904,3
30.238503,0.18421185,39.23055916857738,-77.97158964853413,0,1,7127.7827,-0.9656929,2,1,false,false,-14.691955,5.2385654,8.421792,1.3822176,-0.5334834,3
30.307798,0.18437074,39.23056088003472,-77.97159509237316,0,1,7095.4873,-0.9867325,2,1,false,false,-14.136113,4.6139936,8.324777,1.3742073,-0.43757135,3
30.357115,0.18452984,39.230562681655584,-77.97160042027302,0,1,7093.643,-1.0107014,2,1,false,false,-14.875047,3.7879646,9.146836,1.3672111,-0.42577487,3
30.388327,0.1846891,39.23056448327644,-77.97160586411206,0,1,6892.661,-1.0237511,2,1,false,false,-17.01396,2.2068095,9.915135,1.3597523,-0.48403823,3
30.369093,0.18484837,39.2305663750608,-77.97161119201192,0,1,6757.222,-1.0213543,0,1,false,false,-15.653129,-1.0019739,8.611076,1.3512559,-0.5308794,3
30.342926,0.18500811,39.23056826629539,-77.97161652026524,0,1,6451.9688,-0.99924886,3,1,false,false,-14.933083,0.99374866,8.711594,1.3422084,-0.5568479,3
30.39768,0.18516782,39.23057015807976,-77.9716218481651,0,1,5838.142,-0.974481,3,1,false,false,-14.249357,5.6994796,9.237897,1.3324544,-0.6182831,3
30.480713,0.18532775,39.23057213947785,-77.97162717606497,0,1,5779.546,-0.955571,3,1,false,false,-14.845625,5.863166,9.385531,1.3216132,-0.67478484,3
30.53929,0.18548802,39.230574121425725,-77.97163250396483,0,1,5915.4927,-0.9443866,3,1,false,false,-15.588983,3.9408636,9.530994,1.3102723,-0.67818373,3
30.583323,0.18564846,39.230576102823825,-77.97163771627898,0,1,5913.2676,-0.93559736,3,1,false,false,-15.066475,4.095122,9.490286,1.2990865,-0.6631812,3
30.639273,0.18580922,39.23057817493521,-77.97164304417883,0,1,5831.915,-0.9292058,3,1,false,false,-18.076912,4.4987392,10.733598,1.2881057,-0.66301125,3
30.680592,0.18597086,39.230580336660324,-77.971648256493,0,1,5814.1953,-0.92334676,3,1,false,false,-19.31799,3.825245,11.940967,1.2765293,-0.7197725,3
30.717264,0.1861326,39.230582498385445,-77.97165346845368,0,1,5868.6245,-0.91509014,3,1,false,false,-18.146955,3.8149183,10.602748,1.2642502,-0.73706234,3
30.757578,0.18629444,39.23058466011056,-77.97165868076785,0,1,5897.5063,-0.8937836,3,1,false,false,-17.609045,4.0277653,9.639575,1.2522705,-0.6958809,3
30.805056,0.18645643,39.23058691199918,-77.971663893082,0,1,5871.9517,-0.8751404,3,1,false,false,-17.024134,4.406883,9.575556,1.241024,-0.6553369,3
30.857222,0.18661867,39.23058925405132,-77.97166910504268,0,1,5847.0537,-0.8636892,3,1,false,false,-16.986229,4.700108,9.529118,1.2303877,-0.62033635,3
30.906952,0.18678097,39.23059159610346,-77.97167420141767,0,1,5845.636,-0.8493077,3,1,false,false,-16.560476,4.2709956,9.548267,1.2203854,-0.5838937,3
30.954805,0.18694305,39.23059393815559,-77.97167941373182,0,1,5856.1143,-0.8383885,3,1,false,false,-16.852184,4.2397966,9.723502,1.2109377,-0.55219287,3
30.999271,0.18710525,39.230596369821455,-77.97168451010681,0,1,5862.449,-0.82374054,3,1,false,false,-16.069881,4.0408125,8.821851,1.201942,-0.5308597,3
31.041855,0.1872676,39.2305988020371,-77.9716896064818,0,1,5878.0986,-0.80829304,3,1,false,false,-14.878018,3.6617026,8.313901,1.1932442,-0.51855046,3
31.077076,0.18743011,39.230601324416256,-77.97169458691761,0,1,5922.3125,-0.7909825,3,1,false,false,-15.316106,3.3651512,9.024019,1.1845664,-0.5279424,3
31.10768,0.18759274,39.230603846245636,-77.9716996832926,0,1,5979.671,-0.7739377,3,1,false,false,-18.376944,3.4084842,11.095054,1.1754888,-0.5686813,3
31.146875,0.1877553,39.23060645823852,-77.9717046637284,0,1,5990.2573,-0.75715864,3,1,false,false,-18.196167,4.1430454,11.050421,1.1656921,-0.6028087,3
31.194231,0.1879178,39.230609070781185,-77.97170964416422,0,1,5947.8525,-0.7321252,3,1,false,false,-18.639841,4.3710327,11.763253,1.1554883,-0.62087524,3
31.23533,0.18808046,39.23061168277407,-77.9717146249535,0,1,5928.9014,-0.70149827,3,1,false,false,-15.797416,3.7402968,9.821585,1.1449292,-0.6427181,3
31.278214,0.18824326,39.23061438493046,-77.97171960538931,0,1,5990.472,-0.6676744,3,1,false,false,-16.156118,4.317142,9.956798,1.1341543,-0.6382463,3
31.322832,0.18840626,39.23061708763664,-77.97172446988596,0,1,6016.909,-0.64556867,3,1,false,false,-18.578358,4.2000737,11.815659,1.1237057,-0.6165208,3
31.367168,0.18856946,39.23061987995654,-77.97172933473607,0,1,5959.7886,-0.6285238,3,1,false,false,-18.949919,4.475769,11.737521,1.113471,-0.6142179,3
31.418102,0.18873267,39.230622672276446,-77.97173419923271,0,1,5928.118,-0.60801685,3,1,false,false,-17.706816,4.727038,10.684243,1.1031961,-0.60852814,3
31.465614,0.18889597,39.23062555475986,-77.97173906408283,0,1,5944.194,-0.5851128,3,1,false,false,-16.94485,4.1908326,9.734805,1.0932872,-0.5767451,3
31.509087,0.18905944,39.23062843669349,-77.97174381299376,0,1,5966.585,-0.56833583,3,1,false,false,-17.153786,4.105885,9.706372,1.0839831,-0.5393253,3
31.554802,0.18922311,39.23063140934042,-77.9717486774904,0,1,5970.167,-0.5558175,3,1,false,false,-17.233414,4.3841696,10.130137,1.0752629,-0.50560945,3
31.603989,0.18938698,39.23063438198734,-77.97175342640134,0,1,5955.145,-0.5419684,3,1,false,false,-17.476978,4.547969,10.12379,1.067128,-0.47046667,3
31.654413,0.18955113,39.23063735463427,-77.97175805972658,0,1,5938.374,-0.52865297,3,1,false,false,-16.348845,4.338228,9.501581,1.0596414,-0.43086955,3
31.698658,0.18971533,39.23064041689492,-77.97176280828404,0,1,5949.844,-0.5164014,3,1,false,false,-15.237916,3.6933663,8.668498,1.0527374,-0.4054242,3
31.738436,0.18987967,39.23064356986887,-77.97176744160929,0,1,6004.992,-0.5020212,3,1,false,false,-13.863436,3.5412002,8.2208805,1.0461681,-0.3857471,3
31.776974,0.19004413,39.23064663212952,-77.97177207458105,0,1,6060.9385,-0.49269837,3,1,false,false,-14.8465605,3.4489508,9.205936,1.0398259,-0.38456053,3
31.819305,0.1902088,39.230649785103466,-77.97177670755282,0,1,6080.842,-0.48897013,3,1,false,false,-15.526767,3.866182,10.051891,1.0333338,-0.4019061,3
31.867435,0.19037369,39.23065302769114,-77.97178122493888,0,1,6082.993,-0.48604122,3,1,false,false,-14.657368,4.055177,9.550045,1.0264341,-0.42634085,3
31.914476,0.1905388,39.230656180115304,-77.97178585791065,0,1,6093.7437,-0.47991642,3,1,false,false,-16.09446,3.8589747,10.660769,1.0190238,-0.4665427,3
31.960083,0.19070408,39.23065951286649,-77.97179037494324,0,1,6118.049,-0.47165874,3,1,false,false,-16.411348,4.1028337,11.058948,1.010786,-0.51824653,3
32.012833,0.19086958,39.23066275545416,-77.97179489232931,0,1,6127.9316,-0.46287066,3,1,false,false,-16.08076,4.621223,10.759645,1.0017501,-0.54962057,3
32.072834,0.19103535,39.23066608875512,-77.9717992937762,0,1,6092.7754,-0.45301652,3,1,false,false,-16.779947,4.9884815,10.788145,0.9925981,-0.54057,3
32.135494,0.19120139,39.230669421506306,-77.97180369486962,0,1,6042.6973,-0.44263014,3,1,false,false,-16.988127,4.991075,10.511762,0.9837753,-0.51186186,3
32.19576,0.19136778,39.230672844421,-77.97180809631652,0,1,6017.4155,-0.4373034,3,1,false,false,-16.297823,4.857383,10.893133,0.97559464,-0.46069255,3
32.25414,0.19153456,39.23067626678591,-77.97181249776341,0,1,6017.6294,-0.4357061,3,1,false,false,-14.706045,4.640928,9.393675,0.9684163,-0.3940319,3
32.312492,0.19170171,39.23067977986412,-77.97181689921031,0,1,6016.1895,-0.44049922,3,1,false,false,-15.327224,4.3047175,7.495911,0.96296537,-0.28089184,3
32.361294,0.19186907,39.230683292942324,-77.97182118471802,0,1,6021.1865,-0.45248404,3,1,false,false,-17.172821,4.0088825,10.806116,0.9583958,-0.2849686,3
32.407017,0.19203661,39.23068680602052,-77.97182547022575,0,1,6045.845,-0.47032812,3,1,false,false,-17.898453,3.6612105,12.687811,0.9536491,-0.29763874,3
32.448296,0.1922044,39.230690408712455,-77.97182975573347,0,1,6081.71,-0.47991642,3,1,false,false,-14.719082,3.4140537,9.546133,0.94816685,-0.35520765,3
32.490864,0.19237244,39.23069401195417,-77.97183392565549,0,1,6123.97,-0.48204622,3,1,false,false,-14.949788,3.1897926,11.370738,0.9420215,-0.38724992,3
32.523716,0.192541,39.23069761519588,-77.97183809522404,0,1,6188.2534,-0.48151368,3,1,false,false,-13.063791,4.104517,8.680709,0.93493736,-0.45601004,3
32.58993,0.19270979,39.23070130805133,-77.97184226514607,0,1,6230.4404,-0.4804489,3,1,false,false,-14.844117,4.3736944,9.643798,0.9271922,-0.4542513,3
32.65113,0.19287883,39.230705000906774,-77.9718464347146,0,1,6157.2935,-0.48231298,3,1,false,false,-14.423866,5.7246737,10.474468,0.9196856,-0.44428387,3
32.72402,0.19304824,39.23070869431199,-77.97185048869746,0,1,6088.9253,-0.48524192,3,1,false,false,-14.870133,4.606222,9.6341715,0.91256696,-0.40936974,3
32.78759,0.19321798,39.23071247733095,-77.97185465861948,0,1,6086.193,-0.488172,3,1,false,false,-14.833433,4.8639135,10.417777,0.905829,-0.39100096,3
32.842022,0.19338834,39.2307162603499,-77.97185859666315,0,1,6109.251,-0.49056864,3,1,false,false,-15.060698,3.9967108,10.086242,0.89967185,-0.35185945,3
32.896015,0.19355923,39.23072013408214,-77.971862650646,0,1,6116.595,-0.49216592,3,1,false,false,-14.568657,3.9310744,10.005841,0.8940458,-0.3277033,3
32.95057,0.19373031,39.230723917101095,-77.97186658868968,0,1,6118.705,-0.49349758,3,1,false,false,-14.326701,4.0076647,10.351818,0.88866985,-0.32335737,3
33.003323,0.19390166,39.23072779028356,-77.97187064231905,0,1,6137.175,-0.49349758,3,1,false,false,-14.201166,3.7657542,9.979534,0.8832477,-0.3326571,3
33.054344,0.19407324,39.23073175362953,-77.97187446477703,0,1,6168.1846,-0.49323186,3,1,false,false,-14.129854,3.6255417,10.158411,0.8775815,-0.3514412,3
33.104507,0.1942451,39.2307357169755,-77.9718784028207,0,1,6195.2656,-0.4926983,3,1,false,false,-13.390761,3.6604202,9.83766,0.8715329,-0.37527707,3
33.156624,0.19441712,39.23073968032147,-77.97188222492521,0,1,6217.777,-0.49243268,3,1,false,false,-12.937049,3.6317635,9.365653,0.86506045,-0.40060714,3
33.21072,0.19458933,39.230743643667445,-77.97188604738318,0,1,6238.516,-0.49323195,3,1,false,false,-12.995567,3.8762472,9.772582,0.85820156,-0.420666,3
33.267483,0.1947618,39.23074769717693,-77.97188986948768,0,1,6252.5425,-0.49562836,3,1,false,false,-12.866433,4.1165,9.3478155,0.85103065,-0.43531793,3
33.326885,0.19493453,39.23075175013663,-77.97189369194567,0,1,6251.343,-0.50015587,3,1,false,false,-13.512837,4.211884,10.352856,0.8436965,-0.4434256,3
33.38699,0.19510756,39.23075580364611,-77.97189739846446,0,1,6242.858,-0.50521666,3,1,false,false,-14.052394,4.263317,10.900553,0.8362758,-0.44691223,3
33.446022,0.19528078,39.2307598571556,-77.9719011046298,0,1,6241.9326,-0.50867826,3,1,false,false,-14.034195,4.169245,10.309627,0.8288101,-0.4466245,3
33.503323,0.19545418,39.230764000828586,-77.97190481114859,0,1,6248.9834,-0.50974405,3,1,false,false,-13.992085,4.109942,10.529058,0.82137597,-0.44210142,3
33.558647,0.1956278,39.2307681439518,-77.9719085176674,0,1,6254.0913,-0.5100099,3,1,false,false,-14.05431,3.9493606,10.147226,0.8140175,-0.43845809,3
33.613995,0.19580169,39.2307723777883,-77.97191210824703,0,1,6258.8438,-0.50974417,3,1,false,false,-14.8159075,3.973201,10.442875,0.8067612,-0.4345469,3
33.66867,0.19597585,39.23077652091151,-77.97191569882666,0,1,6264.911,-0.5065484,3,1,false,false,-15.36327,3.9192493,11.020638,0.79957986,-0.4302788,3
33.72223,0.19615024,39.23078075474802,-77.97191917346711,0,1,6273.16,-0.5017544,3,1,false,false,-14.76689,3.8859022,10.564757,0.7923942,-0.43034238,3
33.77507,0.19632474,39.230785078198245,-77.97192276404674,0,1,6285.892,-0.49349758,3,1,false,false,-14.300492,3.891899,10.159309,0.7851624,-0.43387616,3
33.826122,0.19649944,39.230789402198255,-77.97192623904067,0,1,6300.7627,-0.48763856,3,1,false,false,-14.180845,3.747802,9.997146,0.7779008,-0.4400048,3
33.878525,0.19667439,39.23079363548498,-77.97192971368113,0,1,6318.9497,-0.4809813,3,1,false,false,-14.358688,3.754078,10.612125,0.7705955,-0.4392524,3
33.93193,0.1968496,39.23079804909872,-77.97193307273588,0,1,6333.322,-0.4748544,3,1,false,false,-14.0906,3.903557,10.290634,0.7632691,-0.43721694,3
33.986057,0.19702509,39.23080237254896,-77.97193643179064,0,1,6338.462,-0.47112617,3,1,false,false,-13.732512,3.9744303,9.998243,0.75599277,-0.4331801,3
34.040813,0.1972007,39.23080678671248,-77.97193979049193,0,1,6341.0806,-0.47059372,3,1,false,false,-13.698847,3.918364,9.661224,0.74882364,-0.42738402,3
34.095497,0.19737655,39.230811200326215,-77.97194314954669,0,1,6349.123,-0.47245792,3,1,false,false,-13.331568,3.7610252,9.337405,0.74179626,-0.4156557,3
34.148922,0.19755268,39.23081561393996,-77.97194639266228,0,1,6364.225,-0.47618616,3,1,false,false,-12.686867,3.9133275,9.0462885,0.7348969,-0.40766764,3
34.20194,0.19772902,39.23082011771721,-77.97194963577785,0,1,6378.6875,-0.4820462,3,1,false,false,-12.8322525,3.8467965,8.768727,0.72821844,-0.39616525,3
34.2545,0.19790564,39.23082462149446,-77.97195287889343,0,1,6387.879,-0.49030185,3,1,false,false,-12.774585,3.7278829,9.01517,0.72171724,-0.38731492,3
34.306774,0.1980825,39.23082912527171,-77.97195600642333,0,1,6399.0674,-0.4974926,3,1,false,false,-13.4456215,3.7430408,10.069191,0.71527386,-0.38977462,3
34.35461,0.19825955,39.230833629048966,-77.97195913359973,0,1,6418.01,-0.5006894,3,1,false,false,-14.600113,3.608774,11.039537,0.7085619,-0.41961014,3
34.401627,0.19843681,39.230838222989725,-77.97196226077614,0,1,6443.306,-0.4977582,3,1,false,false,-14.870477,3.4496717,11.231498,0.70129013,-0.4558987,3
34.448997,0.1986143,39.23084281693048,-77.97196538830603,0,1,6464.4707,-0.48843777,3,1,false,false,-15.54284,3.5974457,11.607836,0.6933749,-0.4928834,3
34.49918,0.19879201,39.23084741032147,-77.97196839954326,0,1,6474.125,-0.4711262,3,1,false,false,-14.362574,3.8316205,10.20755,0.68486845,-0.5176481,3
34.554897,0.19897003,39.23085200426223,-77.9719712951948,0,1,6471.287,-0.4540815,3,1,false,false,-13.960252,4.3383713,10.512878,0.6762142,-0.51023257,3
34.6148,0.19914836,39.2308566883665,-77.97197430678551,0,1,6451.4453,-0.43757015,3,1,false,false,-15.337596,4.3616457,10.878502,0.66799694,-0.4734941,3
34.67223,0.19932693,39.23086137247077,-77.97197720243705,0,1,6426.23,-0.42744935,3,1,false,false,-16.775946,4.2693787,11.888969,0.6604201,-0.43890134,3
34.72568,0.1995058,39.23086605602526,-77.9719800980886,0,1,6415.8496,-0.42025864,3,1,false,false,-17.004656,3.9736927,12.0095625,0.65329975,-0.41367376,3
34.77499,0.19968495,39.23087083029304,-77.97198287780095,0,1,6420.8555,-0.41226876,3,1,false,false,-15.648624,3.724789,10.48718,0.64660245,-0.38975382,3
34.822662,0.19986433,39.23087560401105,-77.9719856578668,0,1,6440.9478,-0.4037465,3,1,false,false,-14.216716,3.526042,9.854313,0.6402916,-0.3686522,3
34.87058,0.20004413,39.230880378278826,-77.97198843757916,0,1,6467.552,-0.39522505,3,1,false,false,-14.121924,3.5421338,9.59933,0.6343155,-0.350391,3
34.92009,0.20022413,39.23088515199683,-77.97199110170583,0,1,6484.357,-0.38696834,3,1,false,false,-13.846239,3.711993,9.790711,0.62858814,-0.33753812,3
34.9711,0.2004044,39.23089001642812,-77.97199376547901,0,1,6488.841,-0.3819085,3,1,false,false,-12.501778,3.7027757,9.074536,0.6230489,-0.32862872,3
35.02217,0.20058493,39.23089479014612,-77.97199642960568,0,1,6503.81,-0.37738115,3,1,false,false,-10.389511,3.5970638,7.7168164,0.6176556,-0.318814,3
35.073296,0.20076573,39.23089965457741,-77.97199897779318,0,1,6538.4814,-0.37391856,3,1,false,false,-10.379542,3.5217714,7.733026,0.61245793,-0.30946863,3
35.123417,0.20094703,39.23090451845892,-77.97200164191985,0,1,6569.5586,-0.3733861,3,1,false,false,-10.588065,3.5614588,8.029315,0.6073367,-0.30774048,3
35.175175,0.20112866,39.23090947250394,-77.97200418975386,0,1,6582.8115,-0.3749835,3,1,false,false,-10.817713,3.6284635,8.291133,0.60223156,-0.30924615,3
35.227898,0.20131053,39.23091433693523,-77.97200662235565,0,1,6589.2056,-0.37604943,3,1,false,false,-10.424779,3.636315,8.17825,0.5970599,-0.3142144,3
35.27984,0.20149265,39.23091929098025,-77.97200917054315,0,1,6605.85,-0.37578267,3,1,false,false,-10.687227,3.4881814,8.499982,0.591767,-0.32535943,3
35.332394,0.20167506,39.23092424502527,-77.97201160279147,0,1,6628.2275,-0.37205446,3,1,false,false,-11.682075,3.6468635,9.363756,0.5862237,-0.3415528,3
35.384907,0.20185803,39.230929199070296,-77.97201403503979,0,1,6635.34,-0.36646122,3,1,false,false,-12.240156,3.707016,9.566589,0.5803796,-0.360985,3
35.43954,0.20204145,39.230934153115314,-77.97201646764158,0,1,6630.9023,-0.35634136,3,1,false,false,-12.495935,3.8631084,10.209362,0.5742182,-0.37755108,3
35.494328,0.2022251,39.23093919732384,-77.97201878395073,0,1,6629.2617,-0.34462228,3,1,false,false,-12.822993,3.8325324,10.365805,0.56779104,-0.39294067,3
35.549423,0.20240906,39.23094415191864,-77.97202110061335,0,1,6633.74,-0.33104005,3,1,false,false,-13.413664,3.8953893,10.54723,0.5611523,-0.40171957,3
35.605072,0.20259333,39.23094919612718,-77.9720234169225,0,1,6632.7812,-0.3153269,3,1,false,false,-13.538708,3.990804,11.036429,0.5544351,-0.39943048,3
35.66113,0.20277789,39.230954240335706,-77.97202561764594,0,1,6622.071,-0.299347,3,1,false,false,-13.735431,3.978571,10.562275,0.5478411,-0.38920674,3
35.717533,0.20296282,39.230959374707744,-77.97202781836938,0,1,6614.903,-0.2876299,3,1,false,false,-13.34276,3.9762423,10.462419,0.5415102,-0.36774603,3
35.7723,0.20314798,39.23096441891627,-77.97203001909283,0,1,6616.315,-0.27378097,3,1,false,false,-13.631202,3.8597667,11.234159,0.53555757,-0.34678915,3
35.82503,0.20333347,39.230969552738536,-77.97203210387711,0,1,6622.085,-0.26366007,3,1,false,false,-14.0339,3.7384892,11.995456,0.5299224,-0.3305746,3
35.876823,0.2035192,39.230974687110574,-77.97203418901485,0,1,6630.7007,-0.255937,3,1,false,false,-13.670226,3.704927,11.098533,0.5244801,-0.3204857,3
35.92818,0.20370519,39.23097982148262,-77.97203627379913,0,1,6641.427,-0.24794707,3,1,false,false,-13.019796,3.6106236,10.399,0.5192472,-0.3078923,3
35.979668,0.20389135,39.23098504601817,-77.97203824264423,0,1,6658.5044,-0.24102306,3,1,false,false,-11.980325,3.6379905,10.5664625,0.51422894,-0.29186994,3
36.03297,0.20407777,39.23099018039021,-77.97204021184281,0,1,6675.089,-0.23622999,3,1,false,false,-12.223041,3.7711813,10.150478,0.50945395,-0.2803673,3
36.089947,0.20426448,39.23099540492576,-77.97204218104137,0,1,6676.7954,-0.23569548,3,1,false,false,-11.797005,3.958198,10.169969,0.50492114,-0.26087287,3
36.14691,0.2044515,39.23100062891153,-77.97204403394731,0,1,6667.1655,-0.23676243,3,1,false,false,-11.612649,3.8728275,10.987154,0.50074536,-0.24163276,3
36.201412,0.20463882,39.23100585344708,-77.9720458872067,0,1,6670.442,-0.24315394,3,1,false,false,-12.138884,3.5427394,11.342922,0.49672714,-0.2432629,3
36.254482,0.20482637,39.23101107798263,-77.97204774046611,0,1,6694.162,-0.24981119,3,1,false,false,-12.02608,3.6446471,11.154677,0.49257022,-0.25236517,3
36.30715,0.20501417,39.231016392131906,-77.97204959372552,0,1,6709.5938,-0.25407287,3,1,false,false,-11.359137,3.5939114,10.207698,0.4883614,-0.25064996,3
36.36,0.20520227,39.231021616667455,-77.97205133104573,0,1,6713.886,-0.25620276,3,1,false,false,-10.995924,3.5709276,10.269617,0.48418105,-0.25199914,3
36.41706,0.20539063,39.231026931366515,-77.97205306836597,0,1,6723.402,-0.2572677,3,1,false,false,-11.404137,3.8438253,11.362367,0.4799815,-0.24986258,3
36.47326,0.20557931,39.2310322455158,-77.97205469010049,0,1,6723.062,-0.25726762,3,1,false,false,-11.147581,3.7774172,10.939062,0.47582853,-0.24531403,3
36.529488,0.20576821,39.23103756021486,-77.97205642742072,0,1,6718.8584,-0.2564694,3,1,false,false,-11.195713,3.6428,10.762577,0.4718249,-0.23797518,3
36.58419,0.2059574,39.231042874364135,-77.97205804915525,0,1,6727.8745,-0.25407296,3,1,false,false,-10.051454,3.6510944,10.390934,0.46785796,-0.235506,3
36.637367,0.20614685,39.231048279226705,-77.97205967053631,0,1,6747.838,-0.2524745,3,1,false,false,-10.096126,3.463148,10.236397,0.4639655,-0.23373994,3
36.691948,0.20633659,39.23105359337599,-77.97206117633166,0,1,6762.097,-0.2524745,3,1,false,false,-10.012547,3.5761895,10.508863,0.46014893,-0.22494376,3
36.746166,0.2065266,39.23105899823855,-77.97206268212702,0,1,6766.3945,-0.2524745,3,1,false,false,-8.896694,3.5974536,9.748879,0.45643452,-0.22038157,3
36.801395,0.20671687,39.23106440255135,-77.97206430350808,0,1,6774.75,-0.25513774,3,1,false,false,-9.490707,3.5111613,10.628471,0.4528048,-0.21888556,3
36.854794,0.20690736,39.231069806864134,-77.97206569371772,0,1,6790.2476,-0.25886714,3,1,false,false,-8.71991,3.5075817,9.654362,0.4491408,-0.22035505,3
36.906845,0.20709814,39.231075211726704,-77.97206719915961,0,1,6808.337,-0.2615303,3,1,false,false,-9.135896,3.3812656,10.55935,0.44540685,-0.22975333,3
36.95998,0.2072892,39.2310806160395,-77.97206858936927,0,1,6823.797,-0.26525864,3,1,false,false,-8.80695,3.3996212,9.917914,0.4415039,-0.23690581,3
37.013584,0.2074805,39.2310861105158,-77.97207009481114,0,1,6835.8154,-0.26552537,3,1,false,false,-8.606837,3.621801,9.559452,0.43747884,-0.24378993,3
37.06955,0.20767206,39.23109151537837,-77.97207136908163,0,1,6842.884,-0.2644594,3,1,false,false,-8.265667,3.5160089,9.019465,0.43346038,-0.2367841,3
37.125286,0.20786393,39.231097009854665,-77.97207275893781,0,1,6845.8867,-0.26419365,3,1,false,false,-8.819382,3.7040994,10.168745,0.42952722,-0.23476703,3
37.18119,0.20805603,39.23110250433096,-77.972074148794,0,1,6848.831,-0.26792192,3,1,false,false,-9.460745,3.486888,11.134877,0.4256864,-0.22960877,3
37.234917,0.20824842,39.23110799935704,-77.97207542306448,0,1,6854.0107,-0.26872012,3,1,false,false,-9.5194645,3.5172224,11.550033,0.42176548,-0.23938495,3
37.285892,0.20844111,39.23111349383334,-77.97207669698149,0,1,6868.073,-0.2660577,3,1,false,false,-9.533758,3.2224061,10.694277,0.4176981,-0.2515066,3
37.33775,0.20863406,39.231118988309646,-77.97207797125198,0,1,6890.9443,-0.25860032,3,1,false,false,-8.4609165,3.43453,9.099724,0.4134095,-0.2575975,3
37.390427,0.20882724,39.231124572949454,-77.97207912922981,0,1,6905.1914,-0.2535395,3,1,false,false,-7.9460745,3.4999762,8.399903,0.40916803,-0.24910711,3
37.4485,0.2090207,39.23113006742575,-77.9720804035003,0,1,6900.582,-0.2532737,3,1,false,false,-8.306633,3.7421477,9.34552,0.40519324,-0.22661597,3
37.50489,0.20921448,39.23113565206556,-77.9720815618316,0,1,6886.0884,-0.25593695,3,1,false,false,-8.337394,3.654688,10.092418,0.4016165,-0.20747407,3
37.55928,0.20940861,39.23114123725515,-77.97208260422374,0,1,6890.3057,-0.25860026,3,1,false,false,-8.674541,3.3315637,10.579075,0.39822352,-0.2039202,3
37.605946,0.20960298,39.23114682189496,-77.97208376255504,0,1,6918.6914,-0.26046443,3,1,false,false,-9.574078,2.9524324,11.467943,0.39471877,-0.22420277,3
37.65153,0.20979758,39.23115240653477,-77.97208480494719,0,1,6959.7466,-0.26099795,3,1,false,false,-9.053153,3.0731661,10.452724,0.39071274,-0.25354093,3
37.69931,0.2099924,39.23115799117458,-77.9720859632785,0,1,6985.633,-0.25753427,3,1,false,false,-8.790779,3.2496507,10.0638075,0.386296,-0.27363443,3
37.753353,0.21018752,39.231163575814385,-77.97208700567063,0,1,6985.4956,-0.25327376,3,1,false,false,-8.194584,3.599772,9.452669,0.38167605,-0.27530953,3
37.811234,0.21038309,39.23116916045419,-77.9720879321236,0,1,6972.97,-0.24901202,3,1,false,false,-8.626942,3.890771,9.880444,0.37712955,-0.2668715,3
37.869743,0.21057893,39.23117483525752,-77.97208897451574,0,1,6955.728,-0.24661544,3,1,false,false,-9.038904,3.634654,10.621758,0.372826,-0.24852087,3
37.924534,0.21077508,39.23118041989733,-77.97208990132218,0,1,6949.425,-0.246083,3,1,false,false,-9.518649,3.5300717,11.217576,0.36878532,-0.23856497,3
37.974545,0.21097147,39.23118609470065,-77.97209082777513,0,1,6963.696,-0.24581726,3,1,false,false,-9.620656,3.222296,11.335579,0.36481148,-0.24011874,3
38.02221,0.21116818,39.231191769503965,-77.9720916386424,0,1,6989.773,-0.24528377,3,1,false,false,-9.123298,3.1725256,10.422628,0.36076424,-0.24415755,3
38.07052,0.21136542,39.231197444307284,-77.97209256509537,0,1,7010.725,-0.24288721,3,1,false,false,-9.156975,3.2108326,10.661689,0.35665074,-0.24820176,3
38.120857,0.21156286,39.2312031191106,-77.97209337596263,0,1,7019.0605,-0.23995815,3,1,false,false,-9.021651,3.4362185,10.369152,0.35248014,-0.24979801,3
38.17332,0.21176057,39.23120879391392,-77.97209418682989,0,1,7020.2476,-0.23729491,3,1,false,false,-9.21229,3.4610095,11.045425,0.3483405,-0.24598171,3
38.22527,0.21195854,39.23121455833097,-77.97209499769716,0,1,7020.38,-0.23596218,3,1,false,false,-9.555354,3.388206,11.853902,0.3442577,-0.24394509,3
38.275703,0.212157,39.23122023313429,-77.97209569262525,0,1,7028.4976,-0.23489727,3,1,false,false,-9.628802,3.3412707,11.518276,0.3401689,-0.24549402,3
38.325115,0.2123559,39.23122599810112,-77.97209638755334,0,1,7041.0947,-0.23303315,3,1,false,false,-9.920361,3.2609973,11.812033,0.3360501,-0.24763438,3
38.374203,0.21255508,39.231231672904435,-77.97209708248143,0,1,7050.244,-0.23143476,3,1,false,false,-9.51472,3.3378935,11.252057,0.33189717,-0.24754396,3
38.4249,0.2127545,39.231237437871265,-77.97209777740953,0,1,7055.621,-0.23010315,3,1,false,false,-9.645538,3.4322083,11.73162,0.3277952,-0.24221154,3
38.475983,0.2129542,39.23124320228832,-77.97209835639845,0,1,7054.5913,-0.22930491,3,1,false,false,-9.45091,3.4290743,10.946946,0.32382056,-0.23219888,3
38.52693,0.21315403,39.23124896725515,-77.97209893574083,0,1,7054.3374,-0.22930495,3,1,false,false,-9.459869,3.396788,11.71159,0.32005268,-0.22000563,3
38.576405,0.21335408,39.23125473222198,-77.97209951472975,0,1,7060.3228,-0.23036988,3,1,false,false,-9.4047785,3.256116,11.365868,0.3164525,-0.21209888,3
38.624317,0.21355438,39.2312604971888,-77.97209997813297,0,1,7072.8477,-0.23143479,3,1,false,false,-9.049504,3.2041726,11.151818,0.3129657,-0.20596533,3
38.67111,0.21375494,39.23126626160585,-77.97210055712189,0,1,7087.419,-0.23223399,3,1,false,false,-9.052146,3.0954883,11.251938,0.30955264,-0.20431325,3
38.717422,0.21395573,39.23127211673619,-77.9721010205251,0,1,7102.1206,-0.2330332,3,1,false,false,-8.640862,3.172066,10.7479515,0.30610195,-0.20865051,3
38.764786,0.21415666,39.23127788170302,-77.97210148392833,0,1,7115.2407,-0.2332989,3,1,false,false,-8.566344,3.1702697,11.098235,0.30260235,-0.21023059,3
38.811886,0.21435787,39.23128373628358,-77.97210183139238,0,1,7122.836,-0.23383138,3,1,false,false,-8.490146,3.1843398,10.642708,0.29906115,-0.2141769,3
38.859856,0.2145593,39.23128950125041,-77.97210229444212,0,1,7132.0796,-0.23436484,3,1,false,false,-8.244014,3.2251475,10.853511,0.29546517,-0.21537009,3
38.907593,0.21476099,39.23129535638075,-77.97210264190616,0,1,7139.6777,-0.23436484,3,1,false,false,-8.194909,3.1751301,10.201929,0.2918759,-0.21488886,3
38.955345,0.21496291,39.231301210961306,-77.97210298972368,0,1,7146.4546,-0.23463055,3,1,false,false,-7.5287724,3.2232244,9.398731,0.28832737,-0.20912588,3
39.003315,0.215165,39.231307066091645,-77.97210322124856,0,1,7154.5728,-0.23569547,3,1,false,false,-7.6309977,3.1644948,9.513492,0.28491324,-0.20111199,3
39.04949,0.21536739,39.231312921221985,-77.9721035687126,0,1,7162.8184,-0.23756164,3,1,false,false,-7.8175488,3.1060681,10.091648,0.28159207,-0.19997495,3
39.095814,0.21557,39.23131877580254,-77.97210380023748,0,1,7176.8423,-0.23782735,3,1,false,false,-7.8289356,3.0551772,10.153549,0.2782367,-0.20320414,3
39.138374,0.21577285,39.23132463093288,-77.97210403211582,0,1,6935.714,-0.23756161,3,1,false,false,-7.275123,2.5950763,8.878353,0.27481148,-0.20868859,3
39.139156,0.21597576,39.23133048551344,-77.97210426364069,0,1,6798.951,-0.23623,0,1,false,false,-6.872225,-0.6151545,8.670881,0.2713552,-0.20414317,3
39.136166,0.21617867,39.23133634064378,-77.97210437957986,0,1,6319.844,-0.23383136,4,1,false,false,-7.281017,2.5133839,9.743112,0.26800606,-0.20150727,3
39.225967,0.21638174,39.231342285387846,-77.97210461110474,0,1,5534.513,-0.2317015,4,1,false,false,-7.0529118,6.5181575,9.583249,0.2644629,-0.22679046,3
39.29888,0.21658534,39.231348140518186,-77.97210472704391,0,1,5689.1406,-0.22903827,4,1,false,false,-7.236852,2.642425,8.487409,0.2605524,-0.2367907,3
39.316963,0.21678913,39.231353995648526,-77.9721048426296,0,1,5921.8716,-0.22664167,4,1,false,false,-7.4964733,1.4535493,9.204114,0.25670126,-0.22595736,3
39.356422,0.21699303,39.23135994039259,-77.97210495856878,0,1,5848.1255,-0.22504324,4,1,false,false,-7.8704205,3.509273,10.245942,0.25296018,-0.22686629,3
39.415504,0.21719721,39.23136588513666,-77.97210495856878,0,1,5762.369,-0.22317912,4,1,false,false,-8.174633,3.8597243,10.671529,0.24906363,-0.24058202,3
39.465805,0.21740167,39.231371740267,-77.97210507450795,0,1,5809.0806,-0.21998338,4,1,false,false,-8.388976,2.9569159,10.3417845,0.24497004,-0.24772118,3
39.507626,0.21760635,39.23137768556085,-77.97210507450795,0,1,5846.149,-0.21492349,4,1,false,false,-8.573554,2.942263,10.299882,0.24082932,-0.24724606,3
39.555283,0.21781127,39.23138363030492,-77.97210507450795,0,1,5825.8354,-0.20906343,4,1,false,false,-8.870472,3.430975,10.671016,0.23671453,-0.24497865,3
39.606686,0.21801643,39.231389575048986,-77.97210495856878,0,1,5808.2334,-0.20160696,4,1,false,false,-8.926367,3.4208765,10.675416,0.23268132,-0.23649609,3
39.654705,0.21822186,39.231395520342836,-77.97210495856878,0,1,5812.462,-0.19441624,4,1,false,false,-8.964269,3.167446,10.759047,0.22886105,-0.22115153,3
39.699715,0.21842754,39.231401465086904,-77.9721048426296,0,1,5821.666,-0.18829045,4,1,false,false,-8.9846735,3.0812929,10.738173,0.22528455,-0.20851685,3
39.744778,0.21863343,39.231407410380754,-77.97210472704391,0,1,5828.4253,-0.18402976,4,1,false,false,-8.7380295,3.0882146,10.578982,0.22189605,-0.1979981,3
39.789913,0.21883957,39.23141344528833,-77.97210449516557,0,1,5834.397,-0.18189894,4,1,false,false,-8.391861,3.0719528,10.034244,0.21866721,-0.1894972,3
39.834724,0.21904597,39.2314193900324,-77.97210437957986,0,1,5843.603,-0.18189892,4,1,false,false,-7.943663,3.0531728,9.610871,0.2155753,-0.18187232,3
39.879623,0.21925259,39.23142533532625,-77.97210414770151,0,1,5854.377,-0.18349734,4,1,false,false,-7.6958027,3.0377889,9.606829,0.21260013,-0.17543113,3
39.924538,0.21945944,39.23143137023383,-77.97210391617665,0,1,5863.0977,-0.18642637,4,1,false,false,-7.5361123,3.0416827,9.475578,0.2097156,-0.17177108,3
39.969288,0.21966657,39.23143731552768,-77.9721035687126,0,1,5872.2173,-0.1896221,4,1,false,false,-7.374026,2.983396,9.222134,0.20686834,-0.17127296,3
40.01311,0.21987392,39.231443350435256,-77.97210333718773,0,1,5884.8423,-0.19308564,4,1,false,false,-6.985534,2.9423034,8.941108,0.20399927,-0.17362805,3
40.057354,0.22008154,39.231449385342835,-77.97210298972368,0,1,5900.8174,-0.19521548,4,1,false,false,-6.7642193,2.987108,8.677578,0.20109232,-0.17586869,3
40.10223,0.22028938,39.231455330636685,-77.97210264190616,0,1,5911.8716,-0.19654708,4,1,false,false,-6.947524,3.0117698,9.035264,0.19813612,-0.17970209,3
40.148155,0.22049746,39.23146136554426,-77.97210229444212,0,1,5916.92,-0.19761203,4,1,false,false,-6.971796,3.1068597,8.869272,0.19510193,-0.18430346,3
40.19444,0.22070584,39.23146740045184,-77.97210194697807,0,1,5922.489,-0.19814551,4,1,false,false,-6.7939515,3.0562418,8.809703,0.19202146,-0.18540466,3
40.24013,0.22091444,39.23147343535942,-77.97210148392833,0,1,5931.689,-0.19841123,4,1,false,false,-6.724572,3.0317569,8.684387,0.18893304,-0.18566239,3
40.286407,0.22112334,39.23147947081678,-77.9721010205251,0,1,5940.3984,-0.1981455,4,1,false,false,-7.1278715,3.1245284,8.936644,0.18583147,-0.18686885,3
40.333042,0.22133245,39.23148550572436,-77.97210055712189,0,1,5941.235,-0.19814551,4,1,false,false,-7.206721,3.0591617,9.387006,0.18272518,-0.18634707,3
40.37934,0.22154185,39.231491540631936,-77.97210009407215,0,1,5943.862,-0.19814551,4,1,false,false,-7.237851,3.0764232,9.125284,0.17961963,-0.18727814,3
40.42504,0.22175153,39.23149757608929,-77.97209963066892,0,1,5953.5444,-0.19681388,4,1,false,false,-7.2989354,3.0002818,8.95671,0.17649083,-0.1883615,3
40.470314,0.22196147,39.23150370116038,-77.97209905132654,0,1,5960.729,-0.19468302,4,1,false,false,-7.0931215,3.016962,8.643616,0.17336102,-0.18699145,3
40.516304,0.22217162,39.231509736067956,-77.97209847233762,0,1,5965.609,-0.19361807,4,1,false,false,-6.882272,3.0636044,8.527406,0.17028978,-0.18202975,3
40.562557,0.22238204,39.23151577097554,-77.9720980089344,0,1,5969.7617,-0.19494972,4,1,false,false,-6.8891277,3.0104048,8.690182,0.16731921,-0.17586085,3
40.607624,0.2225928,39.23152189604663,-77.9720973140063,0,1,5976.241,-0.19761202,4,1,false,false,-6.875426,2.9449635,8.330129,0.1644221,-0.17411046,3
40.65139,0.22280379,39.23152793150398,-77.97209673501739,0,1,5989.6074,-0.19894364,4,1,false,false,-6.8037996,2.8376334,8.463555,0.16151606,-0.17640272,3
40.694134,0.22301503,39.23153405657507,-77.9720960400893,0,1,6006.054,-0.1994761,4,1,false,false,-7.0466557,2.8279715,9.143835,0.15852568,-0.18509637,3
40.737667,0.22322647,39.23154009148265,-77.9720954607469,0,1,6021.811,-0.1992104,4,1,false,false,-7.4627914,2.9312556,9.563433,0.15531988,-0.2010418,3
40.78263,0.22343819,39.23154621655374,-77.97209476581881,0,1,6030.321,-0.19681387,4,1,false,false,-7.3605695,2.9838395,9.454504,0.15185237,-0.21377549,3
40.828785,0.22365016,39.23155234162483,-77.97209395495155,0,1,6032.5825,-0.19361809,4,1,false,false,-7.6238647,3.1267595,9.928243,0.14819722,-0.22319233,3
40.877674,0.22386238,39.23155837708219,-77.97209326002346,0,1,6030.9443,-0.18935534,4,1,false,false,-8.302181,3.2646804,11.434185,0.14443219,-0.22706047,3
40.92794,0.22407486,39.231564502153276,-77.97209244950966,0,1,6017.569,-0.18482797,4,1,false,false,-9.756029,3.3168957,12.5378475,0.14060377,-0.2310973,3
40.97622,0.22428758,39.231570627224365,-77.9720916386424,0,1,6002.738,-0.17950232,4,1,false,false,-10.060372,3.2237852,12.149327,0.13669622,-0.23454686,3
41.022427,0.22450055,39.23157675229545,-77.97209082777513,0,1,6003.301,-0.16938157,4,1,false,false,-9.618327,3.0815232,12.220031,0.13279866,-0.22840159,3
41.067245,0.2247137,39.23158287736654,-77.97208990132218,0,1,6009.8564,-0.1597943,4,1,false,false,-9.746367,3.0712357,13.164757,0.12908839,-0.21380208,3
41.11315,0.22492711,39.23158900243763,-77.97208909045492,0,1,6007.171,-0.15207115,4,1,false,false,-9.534045,3.165756,12.592571,0.12566619,-0.1913737,3
41.15859,0.22514075,39.23159512750872,-77.97208804806277,0,1,5999.729,-0.14807615,4,1,false,false,-8.987061,3.0432835,11.739423,0.12271177,-0.16143614,3
41.201958,0.22535463,39.23160125257981,-77.97208712125634,0,1,6005.865,-0.14701025,4,1,false,false,-8.702612,2.9118369,12.432587,0.12021965,-0.13899893,3
41.243893,0.22556871,39.231607467814406,-77.9720860788642,0,1,6021.9497,-0.14860962,4,1,false,false,-8.570661,2.8539693,12.070464,0.11797834,-0.12897092,3
41.28544,0.22578302,39.231613592885495,-77.97208515241124,0,1,6029.8164,-0.15446767,4,1,false,false,-7.7485304,2.8224704,10.961429,0.11589363,-0.12081701,3
41.327335,0.22599754,39.23161971850636,-77.97208399407992,0,1,6036.8984,-0.16112591,4,1,false,false,-7.0868535,2.8356676,10.243224,0.1139036,-0.118232064,3
41.369766,0.22621231,39.23162584357745,-77.97208295168778,0,1,6052.885,-0.1685824,4,1,false,false,-6.476288,2.8540123,9.628313,0.11193415,-0.11742476,3
41.41226,0.22642724,39.231632058812046,-77.97208190929565,0,1,6062.712,-0.17710581,4,1,false,false,-5.9786186,2.824459,9.388546,0.11001029,-0.1146543,3
41.45447,0.22664244,39.231638183883135,-77.97208075096434,0,1,6070.042,-0.1874913,4,1,false,false,-5.5321493,2.78632,8.475876,0.10812357,-0.11448865,3
41.495705,0.22685784,39.23164430895422,-77.97207959263304,0,1,6087.3843,-0.19894366,4,1,false,false,-5.375027,2.6557055,8.493131,0.10621124,-0.118602276,3
41.535297,0.22707346,39.23165052418882,-77.97207843430172,0,1,6109.48,-0.20959687,4,1,false,false,-5.298081,2.6085021,8.478649,0.10418704,-0.12871654,3
41.575638,0.2272893,39.23165664925991,-77.97207727632389,0,1,6130.4014,-0.21838605,4,1,false,false,-5.388759,2.6872702,8.469505,0.101941,-0.14373,3
41.617363,0.22750534,39.23166286449451,-77.9720760020534,0,1,6144.2026,-0.22823903,4,1,false,false,-5.4742937,2.7514467,8.422034,0.09943657,-0.15918286,3
41.660454,0.22772162,39.2316689895656,-77.97207484372208,0,1,6153.6143,-0.23489732,4,1,false,false,-5.925575,2.8699496,9.200144,0.096659854,-0.17644413,3
41.705944,0.22793812,39.2316752048002,-77.97207356980508,0,1,6159.3423,-0.23942575,4,1,false,false,-6.367406,3.0362315,9.945172,0.09356465,-0.19439101,3
41.752415,0.22815485,39.231681420034796,-77.9720722955346,0,1,6154.296,-0.24075638,4,1,false,false,-7.07016,3.043696,10.994161,0.09015709,-0.21304338,3
41.79905,0.22837183,39.231687545105885,-77.9720710216176,0,1,6148.8735,-0.23862651,4,1,false,false,-7.648665,3.079173,11.258818,0.08642009,-0.23125911,3
41.845573,0.22858904,39.23169376034048,-77.9720697473471,0,1,6148.48,-0.23249966,4,1,false,false,-7.7189445,3.1097898,11.033731,0.082424045,-0.24095075,3
41.891926,0.2288065,39.231699975575076,-77.97206835749093,0,1,6143.232,-0.22424403,4,1,false,false,-7.677057,3.0763073,10.42935,0.07839692,-0.23571938,3
41.93786,0.2290242,39.231706190809675,-77.97206696763475,0,1,6134.726,-0.21625519,4,1,false,false,-7.6357536,3.0365617,10.082487,0.07455753,-0.22097774,3
41.981827,0.22924215,39.231712406044274,-77.97206557777855,0,1,6132.733,-0.2109275,4,1,false,false,-7.892472,2.8988066,11.185952,0.07102096,-0.20473637,3
42.02304,0.2294603,39.23171862127887,-77.97206418792237,0,1,6140.8286,-0.20533521,4,1,false,false,-8.404169,2.7341754,12.114936,0.06768738,-0.1984741,3
42.062363,0.22967866,39.23172474634996,-77.97206268212702,0,1,6156.6064,-0.2013413,4,1,false,false,-8.221328,2.6897218,11.021611,0.06435042,-0.20254815,3
42.10128,0.22989725,39.23173096158456,-77.97206117633166,0,1,6172.3374,-0.19441625,4,1,false,false,-7.6319456,2.6481268,10.012612,0.06093345,-0.20651776,3
42.141907,0.23011604,39.23173717681916,-77.97205967053631,0,1,6184.6616,-0.18829045,4,1,false,false,-6.772618,2.8148992,9.40367,0.057505433,-0.2017962,3
42.185368,0.23033504,39.23174339205376,-77.97205816474096,0,1,6188.2686,-0.18189892,4,1,false,false,-6.515634,2.9480903,8.708892,0.054241423,-0.18831249,3
42.229023,0.23055428,39.23174960728835,-77.9720565433599,0,1,6183.901,-0.17976809,4,1,false,false,-6.6547437,2.8653057,9.039884,0.051273927,-0.17230795,3
42.27053,0.23077378,39.23175582252295,-77.97205503756454,0,1,6189.198,-0.17976807,4,1,false,false,-7.0970364,2.6649003,10.196188,0.0484879,-0.16841802,3
42.308895,0.23099348,39.23176212792106,-77.97205341583002,0,1,6209.3228,-0.1818989,4,1,false,false,-7.029111,2.6003008,10.224951,0.045669742,-0.17415673,3
42.34653,0.23121339,39.23176834315566,-77.97205179444896,0,1,6232.0825,-0.18189892,4,1,false,false,-6.855933,2.5387812,9.088446,0.042679593,-0.1857544,3
42.386475,0.23143351,39.231774558390256,-77.97205005712873,0,1,6247.4375,-0.180834,4,1,false,false,-6.3132772,2.8465784,8.353656,0.039504997,-0.19223247,3
42.431347,0.23165387,39.231780773624855,-77.9720484353942,0,1,6247.538,-0.17843746,4,1,false,false,-6.867637,3.0287173,9.528848,0.036296487,-0.19164626,3
42.4774,0.2318745,39.23178698830967,-77.97204669807397,0,1,6232.085,-0.17657232,4,1,false,false,-6.9893327,3.041429,9.903979,0.033153262,-0.18583037,3
42.521645,0.23209538,39.23179320354427,-77.97204496075375,0,1,6227.5103,-0.1733776,4,1,false,false,-6.820683,2.8409767,9.258519,0.03012438,-0.17937943,3
42.561687,0.23231651,39.23179950894238,-77.97204322343352,0,1,6244.206,-0.16964734,4,1,false,false,-6.434841,2.6668656,8.537424,0.02719344,-0.17502077,3
42.602707,0.23253782,39.23180572417698,-77.97204137017411,0,1,6263.0137,-0.16698502,4,1,false,false,-6.5505795,2.760103,8.848969,0.024350235,-0.16853292,3
42.644806,0.2327594,39.23181193941158,-77.97203963285388,0,1,6262.1943,-0.16512088,4,1,false,false,-6.3736315,2.8189466,8.728653,0.021640807,-0.16049516,3
42.686882,0.23298128,39.23181824480968,-77.97203777959449,0,1,6262.3477,-0.16485414,4,1,false,false,-6.296604,2.7089438,8.896614,0.019068666,-0.1546526,3
42.72672,0.23320332,39.23182446004428,-77.97203592633508,0,1,6279.5615,-0.16485417,4,1,false,false,-6.098506,2.584889,8.543973,0.016516471,-0.15618312,3
42.765663,0.23342563,39.23183067527888,-77.97203407307568,0,1,6300.0864,-0.16485417,4,1,false,false,-6.377419,2.5930736,8.912684,0.013905577,-0.16191067,3
42.805935,0.23364812,39.23183698067699,-77.97203210387711,0,1,6309.2407,-0.16485417,4,1,false,false,-6.3464375,2.6966655,8.772595,0.011163344,-0.16984662,3
42.848415,0.23387095,39.23184319591159,-77.9720302506177,0,1,6313.75,-0.16432166,4,1,false,false,-6.3665447,2.823879,8.768987,0.008301943,-0.17507944,3
42.891567,0.23409401,39.23184941114618,-77.97202828177261,0,1,6316.701,-0.16219087,4,1,false,false,-6.094467,2.826745,8.18023,0.0053836084,-0.1757853,3
42.9355,0.23431732,39.23185571599451,-77.97202631257403,0,1,6319.296,-0.15872937,4,1,false,false,-6.084626,2.8686712,8.133363,0.0025162809,-0.17011264,3
42.979164,0.23454084,39.23186193122911,-77.97202434372893,0,1,6318.475,-0.15500014,4,1,false,false,-6.1782966,2.8008564,8.410976,-0.0002158877,-0.16217694,3
43.02196,0.23476465,39.23186823662722,-77.97202225894466,0,1,6321.1753,-0.15153866,4,1,false,false,-6.3448777,2.7540097,8.88984,-0.0028295782,-0.15717255,3
43.062794,0.23498872,39.23187445186181,-77.97202028974608,0,1,6331.2812,-0.14940783,4,1,false,false,-6.4020224,2.6169298,9.247598,-0.0054047117,-0.15735126,3
43.102844,0.235213,39.23188075725992,-77.97201820496181,0,1,6345.561,-0.14701027,4,1,false,false,-6.564212,2.60599,9.627956,-0.008044779,-0.16283323,3
43.143524,0.23543747,39.23188706265803,-77.97201612017753,0,1,6357.4478,-0.14434688,4,1,false,false,-6.7495675,2.6954684,10.211512,-0.010816176,-0.17012869,3
43.18648,0.23566212,39.23189327789263,-77.97201403503979,0,1,6361.1597,-0.14141792,4,1,false,false,-7.13651,2.8578591,10.702546,-0.013738302,-0.17784177,3
43.23148,0.23588693,39.23189958274096,-77.97201183431633,0,1,6355.931,-0.13742292,4,1,false,false,-7.1895547,2.9685414,10.653181,-0.016766684,-0.17984442,3
43.27718,0.23611201,39.23190579797556,-77.97200974953206,0,1,6347.7046,-0.13316225,4,1,false,false,-7.228706,2.966898,10.592994,-0.019768434,-0.17434435,3
43.322105,0.23633732,39.231912103373666,-77.97200754880862,0,1,6342.8765,-0.12916729,4,1,false,false,-7.4911404,2.9076989,11.716588,-0.022620998,-0.16339932,3
43.365643,0.23656286,39.23191840877177,-77.97200523249947,0,1,6340.5947,-0.12570477,4,1,false,false,-7.80272,2.8096857,12.249598,-0.025283983,-0.1527727,3
43.40744,0.23678862,39.23192462400637,-77.97200303177603,0,1,6341.6475,-0.12277475,4,1,false,false,-7.8458276,2.7185698,12.722515,-0.027807012,-0.1462801,3
43.447926,0.23701459,39.23193092940448,-77.97200071511341,0,1,6348.5557,-0.120644934,4,1,false,false,-7.7670107,2.6620593,12.340072,-0.0302863,-0.14548343,3
43.48862,0.23724079,39.23193723480259,-77.97199839845078,0,1,6356.6836,-0.11798162,4,1,false,false,-7.429007,2.7198744,11.818623,-0.03276057,-0.14350158,3
43.5303,0.2374672,39.231943450037186,-77.97199608214164,0,1,6357.9575,-0.114519104,4,1,false,false,-6.79835,2.7787197,11.377799,-0.0351466,-0.13479891,3
43.57254,0.2376938,39.23194975488551,-77.97199376547901,0,1,6355.869,-0.11132335,4,1,false,false,-6.629987,2.7567012,11.540298,-0.03734359,-0.12452491,3
43.6138,0.23792064,39.23195606028362,-77.9719913332307,0,1,6358.6465,-0.10866005,4,1,false,false,-6.5780373,2.6786861,12.070891,-0.03937172,-0.11681245,3
43.653233,0.23814769,39.23196227551822,-77.97198901656807,0,1,6367.4507,-0.1070627,4,1,false,false,-6.209521,2.529665,11.725073,-0.04129178,-0.112085,3
43.691895,0.23837496,39.23196858091632,-77.97198658431977,0,1,6381.42,-0.10519855,4,1,false,false,-5.6115522,2.5602455,10.830942,-0.043181773,-0.11151712,3
43.731396,0.2386024,39.23197488631443,-77.97198403613227,0,1,6394.061,-0.10439935,4,1,false,false,-5.21261,2.619973,10.047162,-0.045045286,-0.1097606,3
43.772297,0.23883007,39.23198119116277,-77.97198160388395,0,1,6399.4355,-0.10413365,4,1,false,false,-4.887392,2.6966622,9.51758,-0.04685905,-0.10595705,3
43.813366,0.239058,39.23198740639736,-77.97197917163562,0,1,6400.798,-0.10493183,4,1,false,false,-4.935979,2.6372778,10.283536,-0.048560154,-0.10063677,3
43.853,0.23928614,39.23199371179547,-77.97197662344813,0,1,6408.2236,-0.10706266,4,1,false,false,-4.7110124,2.533115,9.838781,-0.05022957,-0.10189439,3
43.89117,0.23951446,39.23200001719358,-77.97197407526065,0,1,6425.7534,-0.10866003,4,1,false,false,-4.3765326,2.4424295,8.716868,-0.051939018,-0.104846135,3
43.928288,0.239743,39.23200632259169,-77.97197152707315,0,1,6444.106,-0.109726,4,1,false,false,-4.210489,2.4086509,9.274193,-0.053707536,-0.10922196,3
43.968563,0.23997174,39.232012537826286,-77.97196897888566,0,1,6458.149,-0.11105761,4,1,false,false,-4.39157,2.706222,9.386605,-0.055578835,-0.114516035,3
44.010536,0.24020073,39.23201884322439,-77.97196643069816,0,1,6455.1904,-0.11212256,4,1,false,false,-4.38182,2.6714115,9.999537,-0.05749474,-0.1155768,3
44.0516,0.24042994,39.23202514807272,-77.97196376657149,0,1,6454.8413,-0.11318747,4,1,false,false,-4.467124,2.6760325,10.838272,-0.059445664,-0.11806144,3
44.093246,0.24065933,39.232031453470825,-77.97196121838401,0,1,6469.4644,-0.11371992,4,1,false,false,-4.410664,2.7093534,9.273521,-0.06145451,-0.118888065,3
44.134796,0.24088898,39.232037758868934,-77.97195855461081,0,1,6471.352,-0.11585075,4,1,false,false,-3.9509447,2.6693275,7.485431,-0.06334999,-0.10695963,3
44.176983,0.24111886,39.23204406426704,-77.97195589048415,0,1,6467.486,-0.11877978,4,1,false,false,-3.608133,2.7445211,7.400514,-0.06497819,-0.09041558,3
44.21893,0.24134898,39.23205036966515,-77.97195322635748,0,1,6468.851,-0.12437312,4,1,false,false,-3.9909842,2.5817587,7.7732563,-0.066292055,-0.076003045,3
44.255894,0.2415793,39.23205667451348,-77.97195056258428,0,1,6475.186,-0.12996653,4,1,false,false,-4.1171336,2.1802638,7.0294027,-0.06744453,-0.075990774,3
44.286182,0.2418098,39.23206297991159,-77.97194789845763,0,1,6507.5283,-0.13289547,4,1,false,false,-4.1460576,1.8545506,8.250782,-0.06873654,-0.0922877,3
44.31636,0.24204049,39.2320692853097,-77.97194523433096,0,1,6560.108,-0.1323631,4,1,false,false,-4.843462,2.0113683,10.673956,-0.07047319,-0.12426788,3
44.3506,0.24227132,39.2320755907078,-77.9719424546186,0,1,6586.9717,-0.12650396,4,1,false,false,-4.5907164,2.3121822,9.409003,-0.07281213,-0.1548272,3
44.39083,0.24250239,39.23208189610591,-77.97193967490622,0,1,6587.2427,-0.11718242,4,1,false,false,-4.0936713,2.7544525,8.675696,-0.07560708,-0.17311105,3
44.443558,0.2427337,39.23208820095424,-77.97193701077956,0,1,6577.975,-0.10120258,4,1,false,false,-4.122906,3.7497826,8.877752,-0.07858065,-0.17224541,3
44.50184,0.24296531,39.23209450635235,-77.9719342310672,0,1,6519.3086,-0.09055036,4,1,false,false,-4.9407377,3.4942923,9.999556,-0.081279404,-0.14543648,3
44.552696,0.2431972,39.232100811750456,-77.97193133541566,0,1,6463.387,-0.08415885,4,1,false,false,-5.2763414,2.9840887,10.542239,-0.08345085,-0.11661845,3
44.59237,0.24342936,39.23210720731207,-77.97192855534982,0,1,6483.075,-0.08415885,4,1,false,false,-5.1653566,2.2522817,10.494153,-0.08519809,-0.09644641,3
44.62431,0.2436617,39.2321135121604,-77.97192577563746,0,1,6529.093,-0.08788708,4,1,false,false,-4.9458003,2.0687175,10.774524,-0.08669524,-0.08710967,3
44.658924,0.2438942,39.23211981755851,-77.97192287998591,0,1,6547.4043,-0.0942786,4,1,false,false,-5.120621,2.3629315,10.841657,-0.088134944,-0.08792001,3
44.698353,0.24412695,39.232126122956615,-77.97191998433438,0,1,6545.7524,-0.09987091,4,1,false,false,-5.1649547,2.5906498,10.87879,-0.08966397,-0.094865255,3
44.738274,0.24435991,39.232132428354724,-77.97191708868284,0,1,6548.1025,-0.1049318,4,1,false,false,-5.086019,2.5283456,10.686925,-0.09131397,-0.101483226,3
44.7777,0.24459307,39.23213882336656,-77.9719141930313,0,1,6558.6177,-0.10812759,4,1,false,false,-4.8740587,2.5210638,11.047893,-0.09307387,-0.106523596,3
44.817696,0.24482644,39.23214512876467,-77.97191129737976,0,1,6563.7715,-0.10999168,4,1,false,false,-5.059672,2.6040893,11.330562,-0.09490106,-0.109195545,3
44.8584,0.24506007,39.23215143416278,-77.97190828578906,0,1,6559.7803,-0.111323364,4,1,false,false,-5.078768,2.6005824,10.811749,-0.09676617,-0.11087557,3
44.89861,0.24529393,39.23215773956089,-77.97190527455182,0,1,6560.038,-0.11212256,4,1,false,false,-5.003901,2.560097,11.325968,-0.09864501,-0.111043915,3
44.937794,0.24552798,39.2321641351225,-77.97190237890028,0,1,6566.7954,-0.11238929,4,1,false,false,-5.141466,2.5158577,11.753262,-0.100509025,-0.110391006,3
44.97632,0.24576224,39.23217043997084,-77.97189936730956,0,1,6571.4507,-0.1118558,4,1,false,false,-5.2888603,2.4895108,11.984939,-0.102377996,-0.11097076,3
45.014526,0.24599677,39.23217674536894,-77.97189624013315,0,1,6574.396,-0.109726,4,1,false,false,-5.1459875,2.4808745,11.820566,-0.10429113,-0.115170486,3
45.05254,0.24623148,39.23218314093056,-77.97189322854244,0,1,6580.741,-0.105997756,4,1,false,false,-4.9572306,2.4837782,11.225801,-0.10627039,-0.11773893,3
45.09076,0.24646644,39.23218944632867,-77.97189021695173,0,1,6585.84,-0.09987093,4,1,false,false,-4.87181,2.4842799,10.965196,-0.10825075,-0.11702467,3
45.129242,0.24670155,39.232195751176995,-77.97188708977532,0,1,6588.1396,-0.09108284,4,1,false,false,-4.23215,2.5432158,10.3216915,-0.1102232,-0.114624046,3
45.16757,0.24693695,39.232202056575105,-77.97188396259891,0,1,6591.8516,-0.08335964,4,1,false,false,-3.8402722,2.4292188,8.702793,-0.11202817,-0.10235226,3
45.204082,0.2471725,39.23220845213672,-77.97188083506903,0,1,6600.562,-0.074570544,4,1,false,false,-3.6151721,2.3305578,8.582046,-0.113598846,-0.08958654,3
45.240227,0.24740826,39.23221475753483,-77.97187770789262,0,1,6615.0156,-0.06951064,4,1,false,false,-3.498005,2.3801003,9.645212,-0.11497948,-0.080896184,3
45.273354,0.24764422,39.23222106238316,-77.9718745807162,0,1,6628.8403,-0.067379825,4,1,false,false,-3.4633646,1.921636,10.134753,-0.11628676,-0.08165227,3
45.30403,0.2478803,39.232227457944774,-77.97187145318632,0,1,6661.2256,-0.067646556,4,1,false,false,-3.4478323,2.1059506,8.631217,-0.11767958,-0.08784147,3
45.339447,0.2481165,39.23223376334288,-77.97186821007074,0,1,6696.191,-0.06897819,4,1,false,false,-2.559492,2.4334455,6.625989,-0.119165294,-0.08623235,3
45.38028,0.24835292,39.23224015835472,-77.97186508289433,0,1,6689.99,-0.07297318,4,1,false,false,-2.033692,2.7227902,4.9492416,-0.1204708,-0.069757216,3
45.425034,0.24858959,39.23224646375283,-77.97186183977874,0,1,6665.095,-0.079364695,4,1,false,false,-2.6044688,2.71668,5.9132657,-0.121422924,-0.051145848,3
45.463326,0.24882646,39.23225285931444,-77.97185871224886,0,1,6658.7354,-0.086022966,4,1,false,false,-3.8031037,2.1263883,9.539681,-0.12216482,-0.051253147,3
45.491505,0.2490635,39.23225916471255,-77.97185546913327,0,1,6694.937,-0.09134956,4,1,false,false,-4.299085,1.601303,11.345498,-0.12319138,-0.07957981,3
45.51601,0.24930067,39.23226555972439,-77.97185222601769,0,1,6757.907,-0.092681244,4,1,false,false,-3.8135514,1.7626083,8.766301,-0.12479782,-0.11094645,3
45.55486,0.249538,39.2322718651225,-77.9718489829021,0,1,6789.4985,-0.08788705,4,1,false,false,-3.275634,3.1023877,7.7530627,-0.12686396,-0.12767465,3
45.61497,0.2497756,39.23227826068412,-77.97184562420082,0,1,6725.3853,-0.07696708,4,1,false,false,-3.4304132,3.9506414,8.014746,-0.12896247,-0.116085865,3
45.67352,0.25001353,39.23228456608223,-77.97184238108524,0,1,6622.0493,-0.06338587,4,1,false,false,-3.9065125,3.354464,8.937292,-0.1306865,-0.091203526,3
45.716087,0.2502517,39.232290961094066,-77.97183913796965,0,1,6613.022,-0.054063283,4,1,false,false,-3.7003987,2.169486,9.649819,-0.13199767,-0.07175649,3
45.742996,0.25049007,39.232297266492175,-77.9718357789149,0,1,6682.0786,-0.04820524,4,1,false,false,-3.2963998,1.5350107,9.772362,-0.13307895,-0.0647925,3
45.769444,0.25072855,39.23230366205379,-77.97183241986014,0,1,6733.0693,-0.043677825,4,1,false,false,-3.3371027,1.8556684,10.268895,-0.13414867,-0.06749622,3
45.803455,0.25096717,39.232310057065625,-77.97182906080538,0,1,6739.7153,-0.039949596,4,1,false,false,-3.4953966,2.3422775,10.346477,-0.1353255,-0.074075565,3
45.84483,0.251206,39.232316362463735,-77.97182581768979,0,1,6733.5596,-0.038617954,4,1,false,false,-3.444777,2.7205226,10.854289,-0.13659607,-0.07583775,3
45.887627,0.25144506,39.232322758025354,-77.97182234304934,0,1,6725.657,-0.038883667,4,1,false,false,-3.1244357,2.7020044,10.521744,-0.13785753,-0.07156477,3
45.93004,0.25168434,39.23232915303719,-77.97181898399458,0,1,6718.7734,-0.041281246,4,1,false,false,-3.0932455,2.6338224,9.441018,-0.13898791,-0.06038745,3
45.971203,0.25192383,39.23233554859881,-77.97181562493982,0,1,6713.3657,-0.044742737,4,1,false,false,-3.2256389,2.5561404,9.954242,-0.1398902,-0.047379117,3
46.010418,0.25216353,39.232341853996914,-77.97181226623854,0,1,6711.133,-0.049270146,4,1,false,false,-3.298641,2.4143205,10.648574,-0.1405819,-0.036968872,3
46.04726,0.25240347,39.23234824900876,-77.97180879124461,0,1,6716.0767,-0.05459677,4,1,false,false,-3.2013862,2.218343,9.326331,-0.14115123,-0.033381965,3
46.081543,0.25264353,39.23235464457037,-77.97180531660416,0,1,6732.416,-0.06098829,4,1,false,false,-2.9601657,2.1375134,9.307007,-0.14168508,-0.033839338,3
46.116108,0.25288376,39.23236104013199,-77.9718019575494,0,1,6752.814,-0.06578243,4,1,false,false,-2.568078,2.2150772,8.836935,-0.1422511,-0.035279877,3
46.152225,0.25312424,39.23236743514383,-77.97179848290894,0,1,6760.834,-0.06951067,4,1,false,false,-2.7427702,2.2412615,9.281135,-0.14284721,-0.03902546,3
46.188065,0.25336486,39.23237383070545,-77.971795007915,0,1,6764.3696,-0.071907215,4,1,false,false,-2.7716184,2.2955394,9.32028,-0.14355774,-0.0484556,3
46.224957,0.25360566,39.23238022626706,-77.97179153327455,0,1,6778.0693,-0.07350564,4,1,false,false,-2.511273,2.2624097,8.579319,-0.14441654,-0.055143047,3
46.26124,0.25384668,39.232386531115395,-77.9717880586341,0,1,6788.2007,-0.072706416,4,1,false,false,-2.4175668,2.2792478,8.970388,-0.14538059,-0.061481155,3
46.29991,0.25408787,39.23239292667701,-77.97178446805447,0,1,6792.965,-0.06951066,4,1,false,false,-2.4820204,2.461498,10.04171,-0.14645,-0.06650287,3
46.33927,0.2543293,39.23239932223863,-77.97178099306053,0,1,6788.8945,-0.06498326,4,1,false,false,-2.634158,2.4214106,9.619195,-0.1476005,-0.071062155,3
46.37802,0.25457087,39.232405717250465,-77.97177751842008,0,1,6787.849,-0.06072257,4,1,false,false,-2.301596,2.4142957,9.36479,-0.14880402,-0.07186124,3
46.416817,0.2548127,39.232412112812085,-77.97177392784046,0,1,6795.0825,-0.05592739,4,1,false,false,-2.0505588,2.4039488,7.832203,-0.1499889,-0.068290025,3
46.455868,0.2550547,39.23241859853721,-77.97177033726082,0,1,6795.036,-0.051401,4,1,false,false,-2.0593393,2.4015374,7.5169187,-0.15103099,-0.05867103,3
46.493774,0.25529692,39.23242499354905,-77.97176686226689,0,1,6789.3105,-0.047671746,4,1,false,false,-2.1847346,2.2550094,7.875912,-0.15190488,-0.051934622,3
46.529015,0.25553933,39.232431389110666,-77.97176327168727,0,1,6799.9243,-0.046074387,4,1,false,false,-2.1601462,1.9942838,7.8968205,-0.15270391,-0.050879784,3
46.55818,0.25578192,39.2324377841225,-77.97175968110763,0,1,6830.624,-0.044210274,4,1,false,false,-1.90352,1.7059926,7.5465293,-0.15351738,-0.053479984,3
46.58711,0.2560246,39.23244417968412,-77.971756090528,0,1,6871.793,-0.04128126,4,1,false,false,-1.8731637,1.8168255,8.083711,-0.1544151,-0.058157045,3
46.62192,0.25626752,39.23245057524574,-77.97175249994838,0,1,6892.6562,-0.036752816,4,1,false,false,-2.081293,2.300168,8.837494,-0.155424,-0.06459462,3
46.661858,0.2565106,39.23245706042109,-77.97174890936874,0,1,6881.006,-0.030627005,4,1,false,false,-2.0820556,2.5105836,9.325458,-0.15653417,-0.06786682,3
46.7055,0.25675392,39.2324634559827,-77.97174531878912,0,1,6868.2666,-0.023437304,4,1,false,false,-2.1183574,2.7093754,9.244208,-0.15768662,-0.06788182,3
46.750748,0.25699744,39.23246985099455,-77.9717416122703,0,1,6857.055,-0.016513329,4,1,false,false,-2.2247188,2.7464082,10.173177,-0.15879461,-0.06230142,3
46.79435,0.25724122,39.23247633671967,-77.97173802169068,0,1,6835.631,-0.010918943,4,1,false,false,-2.3677168,2.6233199,10.53145,-0.15977281,-0.05347102,3
46.835545,0.25748524,39.23248273228129,-77.97173443111106,0,1,6825.155,-0.008789121,4,1,false,false,-2.3217733,2.4075081,10.443882,-0.16057982,-0.04233972,3
46.87288,0.25772944,39.23248912729313,-77.97173072459225,0,1,6832.134,-0.008522375,4,1,false,false,-2.1310318,2.1890657,9.515938,-0.16119498,-0.031583935,3
46.908165,0.25797382,39.23249561301825,-77.97172701807345,0,1,6844.592,-0.011185681,4,1,false,false,-2.0199337,2.1332884,9.979956,-0.16163301,-0.022447364,3
46.943356,0.2582184,39.232502008030096,-77.97172342749381,0,1,6852.355,-0.015180644,4,1,false,false,-2.1809876,2.150598,10.396484,-0.16195604,-0.018505018,3
46.97867,0.2584632,39.23250849375522,-77.97171972097502,0,1,6858.7354,-0.019709084,4,1,false,false,-2.1063466,2.0922472,11.235007,-0.16225234,-0.01862013,3
47.012817,0.25870815,39.23251488876706,-77.97171601480969,0,1,6872.297,-0.024235474,4,1,false,false,-2.0408897,2.0812192,10.695498,-0.16260828,-0.023701685,3
47.047817,0.2589533,39.23252137449219,-77.97171230829089,0,1,6888.692,-0.029295351,4,1,false,false,-1.8423425,2.1784408,10.594336,-0.16305465,-0.027798554,3
47.085194,0.25919867,39.2325277700538,-77.97170860177208,0,1,6890.6646,-0.032757852,4,1,false,false,-1.9119934,2.3660753,10.267225,-0.16356167,-0.03081924,3
47.125248,0.2594442,39.232534255229154,-77.97170489525328,0,1,6879.2476,-0.03542115,4,1,false,false,-1.8768257,2.444887,10.070522,-0.16409175,-0.03139684,3
47.16392,0.25969,39.23254074095428,-77.97170107314878,0,1,6870.706,-0.039682854,4,1,false,false,-1.7781852,2.2965906,10.079513,-0.16461428,-0.030934922,3
47.19969,0.25993592,39.232547135966115,-77.97169736662997,0,1,6876.954,-0.044742737,4,1,false,false,-1.8690622,2.1058936,10.6024475,-0.16512276,-0.03069985,3
47.23357,0.26018202,39.232553621691245,-77.97169366011117,0,1,6890.666,-0.050069354,4,1,false,false,-1.9776663,2.0726802,10.644649,-0.1656559,-0.034190465,3
47.267097,0.26042834,39.23256010686659,-77.97168983800667,0,1,6901.314,-0.054330014,4,1,false,false,-1.9712148,2.0127053,9.559478,-0.16627397,-0.040561933,3
47.30078,0.26067483,39.232566592591716,-77.97168613148787,0,1,6912.554,-0.057525784,4,1,false,false,-1.7809495,2.0998635,9.0797615,-0.16699949,-0.045999013,3
47.335644,0.26092148,39.232573077767064,-77.97168230938337,0,1,6922.3965,-0.061521783,4,1,false,false,-1.8971593,2.1326349,9.267273,-0.16779515,-0.049689814,3
47.371273,0.2611683,39.232579473328684,-77.97167848692538,0,1,6924.1626,-0.06631488,4,1,false,false,-1.9014304,2.191807,9.498744,-0.16863401,-0.051879585,3
47.406246,0.26141533,39.23258595850403,-77.97167478076005,0,1,6926.185,-0.07057559,4,1,false,false,-1.9308668,2.0523705,8.80141,-0.16951808,-0.05485122,3
47.439735,0.26166254,39.23259244422916,-77.97167095830208,0,1,6940.2666,-0.074570544,4,1,false,false,-2.000748,2.0348158,8.641277,-0.17045301,-0.058038358,3
47.473446,0.2619099,39.23259892940451,-77.97166713619758,0,1,6955.7837,-0.077233836,4,1,false,false,-2.3029962,2.0821676,9.555402,-0.17145962,-0.063733414,3
47.50835,0.26215747,39.23260541512963,-77.97166331373961,0,1,6958.4717,-0.078831196,4,1,false,false,-2.3872163,2.1740823,9.165554,-0.17255883,-0.06890983,3
47.543747,0.2624052,39.23261190030498,-77.97165949163511,0,1,6959.7476,-0.07803303,4,1,false,false,-2.3080745,2.1171942,8.037617,-0.17375264,-0.07391718,3
47.578945,0.26265308,39.23261838603011,-77.97165566917712,0,1,6968.7075,-0.075635456,4,1,false,false,-2.367178,2.147323,8.277888,-0.17500219,-0.076200694,3
47.61476,0.26290122,39.23262487120546,-77.97165173113345,0,1,6974.1426,-0.07350564,4,1,false,false,-2.2364566,2.1608016,8.51782,-0.17626216,-0.07521088,3
47.650185,0.2631495,39.23263135693058,-77.97164790902895,0,1,6971.901,-0.07137479,4,1,false,false,-2.481969,2.108565,8.884077,-0.17748949,-0.07373993,3
47.683773,0.263398,39.23263784210594,-77.97164408657098,0,1,6979.9355,-0.06951064,4,1,false,false,-2.4587572,2.008858,8.032188,-0.17872505,-0.07558911,3
47.717052,0.26364663,39.23264432783106,-77.9716401485273,0,1,6999.833,-0.06684736,4,1,false,false,-2.1856353,1.9734803,7.2279124,-0.17997292,-0.07421657,3
47.7505,0.26389545,39.23265081300641,-77.9716363264228,0,1,7009.1216,-0.0644508,4,1,false,false,-2.3550444,2.0509956,8.112437,-0.1811775,-0.071576506,3
47.786755,0.26414445,39.23265729873154,-77.97163238837912,0,1,7008.0454,-0.06338587,4,1,false,false,-2.79721,2.164929,9.457385,-0.18237595,-0.07345613,3
47.821262,0.26439363,39.2326638740704,-77.97162845033544,0,1,7008.3164,-0.06338588,4,1,false,false,-2.756813,1.9846417,9.057235,-0.1836114,-0.07601253,3
47.854115,0.264643,39.232670359245745,-77.9716245119383,0,1,7025.8633,-0.061787482,4,1,false,false,-2.7529757,1.9630412,9.50328,-0.18491518,-0.08009146,3
47.8904,0.26489252,39.23267684497087,-77.97162057389463,0,1,7038.816,-0.05752579,4,1,false,false,-3.1487863,2.3131754,9.810007,-0.18628818,-0.082646646,3
47.930084,0.26514226,39.232683330146216,-77.97161663585095,0,1,7019.509,-0.052731626,4,1,false,false,-3.1572905,2.4015386,10.106195,-0.18765083,-0.0790968,3
47.969894,0.26539218,39.232689815871346,-77.97161269780727,0,1,6998.635,-0.049270142,4,1,false,false,-2.9913266,2.3537326,9.476751,-0.18890558,-0.07010247,3
48.00694,0.26564234,39.232696391210204,-77.9716087597636,0,1,7000.9194,-0.046341132,4,1,false,false,-3.022266,2.1234937,9.185117,-0.18997891,-0.058466174,3
48.04112,0.26589268,39.23270287693533,-77.97160470578075,0,1,7008.518,-0.044742733,4,1,false,false,-2.8627381,2.0151246,8.490471,-0.19086452,-0.048068497,3
48.07358,0.26614317,39.232709362110675,-77.97160076773707,0,1,7013.834,-0.044742733,4,1,false,false,-2.643892,1.8849719,8.238324,-0.19156694,-0.038558863,3
48.10417,0.26639384,39.232715847835806,-77.97159671375422,0,1,7028.532,-0.04500948,4,1,false,false,-2.4295595,1.7373171,8.460038,-0.19215232,-0.03430267,3
48.133595,0.2666447,39.232722423174664,-77.97159265977137,0,1,7053.457,-0.04554194,4,1,false,false,-2.6398675,1.7377893,8.416843,-0.19271651,-0.036386926,3
48.162827,0.26689562,39.23272890835001,-77.9715887217277,0,1,7074.4644,-0.04580765,4,1,false,false,-2.270895,1.6915207,7.4264464,-0.19335869,-0.04137495,3
48.19385,0.26714677,39.232735394075135,-77.97158466809833,0,1,7092.2144,-0.046873577,4,1,false,false,-2.2371674,1.8869131,8.277015,-0.19407248,-0.045342926,3
48.229378,0.26739806,39.23274196941399,-77.97158061411548,0,1,7100.1865,-0.047139302,4,1,false,false,-2.3729925,2.208014,9.237599,-0.19486436,-0.04979756,3
48.26884,0.26764953,39.232748455139124,-77.97157656013263,0,1,7087.229,-0.04421028,4,1,false,false,-2.3680823,2.2964294,8.021511,-0.19572106,-0.051964357,3
48.30661,0.2679012,39.23275494031447,-77.97157239021061,0,1,7074.8745,-0.038351215,4,1,false,false,-1.9760271,2.2173836,7.020848,-0.19657868,-0.049931828,3
48.34455,0.2681531,39.23276151565333,-77.97156833658123,0,1,7080.6055,-0.033290304,4,1,false,false,-2.1644003,2.1853008,8.885305,-0.19734493,-0.043427635,3
48.38117,0.26840517,39.23276800137845,-77.97156428259838,0,1,7076.6387,-0.030094545,4,1,false,false,-2.3873909,2.1073859,10.602161,-0.19802319,-0.039744835,3
48.41453,0.26865745,39.23277457671731,-77.97156022861553,0,1,7073.5225,-0.028762896,4,1,false,false,-2.2450647,1.8317006,9.111163,-0.19866322,-0.038581103,3
48.445736,0.26890987,39.23278106244244,-77.97155605904699,0,1,7098.689,-0.02556713,4,1,false,false,-2.1477473,1.8528353,9.615672,-0.19931869,-0.040292103,3
48.449253,0.2691624,39.2327876377813,-77.97155200506414,0,1,7206.375,-0.020241547,0,1,false,false,-2.1305733,-0.8331304,8.935594,-0.19996798,-0.03672233,3
48.455788,0.26941487,39.23279412295665,-77.97154783514212,0,1,6497.6685,-0.017311499,5,1,false,false,-2.0318065,3.9561393,9.898899,-0.20052354,-0.030742282,3
48.551605,0.2696677,39.23280069884528,-77.97154366557358,0,1,5729.2627,-0.014913902,5,1,false,false,-1.7263416,4.573675,9.151233,-0.20106202,-0.033055313,3
48.584343,0.26992086,39.23280718402063,-77.97153961159073,0,1,5984.5723,-0.012783048,5,1,false,false,-1.8921183,0.6127013,9.586877,-0.20154849,-0.02612745,3
48.605747,0.27017412,39.23281375990927,-77.97153544202217,0,1,5974.992,-0.009854032,5,1,false,false,-1.7190193,1.8859229,9.397296,-0.2019324,-0.021570867,3
48.647133,0.27042755,39.23282033524813,-77.97153127210015,0,1,5879.5796,-0.008256663,5,1,false,false,-1.5803756,2.478884,9.668403,-0.20228113,-0.020999199,3
48.683594,0.2706812,39.232826820423476,-77.97152710253161,0,1,5946.008,-0.006658268,5,1,false,false,-1.5485321,1.8115036,10.610865,-0.20261611,-0.018633554,3
48.71547,0.27093503,39.23283339631211,-77.97152293260959,0,1,5957.817,-0.0058590695,5,1,false,false,-1.6060675,1.9751635,10.716647,-0.20291705,-0.01686426,3
48.75365,0.271189,39.23283997165097,-77.97151876304103,0,1,5919.9683,-0.005593357,5,1,false,false,-1.3732235,2.31357,11.041351,-0.20318614,-0.013878341,3
48.791145,0.27144322,39.232846546989826,-77.97151447717984,0,1,5930.4688,-0.004794159,5,1,false,false,-1.3505623,2.0580664,10.330901,-0.20340733,-0.010977266,3
48.825726,0.2716976,39.23285303271496,-77.9715103076113,0,1,5934.9316,-0.0042617037,5,1,false,false,-1.3171388,2.0208902,9.591284,-0.20354612,-0.005613189,3
48.86072,0.27195218,39.232859608053815,-77.97150613804274,0,1,5924.2676,-0.006658268,5,1,false,false,-1.0266528,2.032705,9.626026,-0.20360877,-0.0018111197,3
48.89408,0.2722069,39.23286618339267,-77.97150185218155,0,1,5930.351,-0.011984882,5,1,false,false,-0.782032,1.8199366,8.807942,-0.2035774,0.004537692,3
48.924538,0.27246183,39.23287275928131,-77.971497682613,0,1,5945.568,-0.014647158,5,1,false,false,-0.9350073,1.6897032,8.21238,-0.20346184,0.0062587773,3
48.953506,0.27271688,39.232879334620165,-77.97149351269098,0,1,5962.5635,-0.015979841,5,1,false,false,-1.0889515,1.619478,9.5730505,-0.203373,0.0013260434,3
48.983273,0.2729721,39.23288590995902,-77.97148922718326,0,1,5981.9395,-0.018110689,5,1,false,false,-1.1001707,1.6991242,11.814071,-0.20341374,-0.007614157,3
49.01488,0.27322748,39.23289248584766,-77.97148494167554,0,1,5994.963,-0.01624658,5,1,false,false,-0.80898494,1.8837663,10.764776,-0.20361778,-0.014828277,3
49.050537,0.27348307,39.232899061186515,-77.97148077210699,0,1,5999.2114,-0.009054834,5,1,false,false,-0.620349,2.2203803,9.944637,-0.20394093,-0.020038249,3
49.09335,0.27373886,39.23290563652537,-77.9714764862458,0,1,5982.5303,-0.0013316534,5,1,false,false,-0.45215344,2.5885813,10.045172,-0.20428793,-0.018005341,3
49.135143,0.27399486,39.232912212414014,-77.97147220073808,0,1,5944.624,0.0050588413,5,1,false,false,-0.19896752,2.2988772,10.361366,-0.20454207,-0.010072431,3
49.170517,0.2742511,39.23291878775287,-77.97146803116954,0,1,5939.3604,0.011718139,5,1,false,false,-0.17602877,1.8875142,10.412275,-0.2046339,-0.00150637,3
49.200397,0.2745075,39.232925453255234,-77.97146374566181,0,1,5962.5947,0.018642116,5,1,false,false,-0.2433127,1.6278764,9.934649,-0.20459206,0.0049288417,3
49.228264,0.27476406,39.23293202859409,-77.97145945980061,0,1,5976.114,0.023701994,5,1,false,false,0.010112345,1.6196773,10.144622,-0.2044493,0.010822354,3
49.257538,0.27502075,39.23293860448273,-77.9714551742929,0,1,5990.5444,0.026897753,5,1,false,false,0.0828031,1.714201,9.037802,-0.20421857,0.015303036,3
49.2884,0.2752776,39.2329452699851,-77.97145088878517,0,1,6005.6675,0.028229402,5,1,false,false,0.12538402,1.78286,8.272021,-0.20391893,0.019081576,3
49.319935,0.27553463,39.23295184532396,-77.97144660327746,0,1,6013.263,0.028496152,5,1,false,false,0.46677572,1.8355676,8.658301,-0.20357734,0.022012357,3
49.35345,0.27579182,39.23295851082633,-77.97144231776973,0,1,6018.9175,0.028496148,5,1,false,false,0.5083408,1.9246323,9.070815,-0.20316446,0.026156414,3
49.38618,0.27604917,39.23296508671496,-77.97143803226201,0,1,6020.8613,0.029827798,5,1,false,false,0.57061,1.8456069,8.67377,-0.20269231,0.029474521,3
49.41828,0.27630672,39.23297175221733,-77.97143386233999,0,1,6033.7827,0.030893745,5,1,false,false,0.71939564,1.8536836,8.4656725,-0.20217316,0.032926545,3
49.452587,0.27656442,39.23297832755619,-77.97142957683226,0,1,6040.1187,0.030094545,5,1,false,false,0.85720193,1.9841932,9.76679,-0.20159942,0.036354907,3
49.488808,0.27682233,39.23298499305856,-77.97142529132455,0,1,6030.2305,0.02583284,5,1,false,false,0.8416559,2.1109354,10.610084,-0.20097232,0.038650807,3
49.524017,0.2770804,39.2329916591107,-77.97142100581682,0,1,6027.0806,0.02316953,5,1,false,false,0.9812797,1.9606737,10.760772,-0.20033345,0.039273307,3
49.557907,0.27733865,39.23299832461307,-77.97141672030911,0,1,6033.3643,0.021305421,5,1,false,false,0.9610616,1.954782,9.912799,-0.19968836,0.038870253,3
49.592564,0.27759713,39.23300489995193,-77.97141243444791,0,1,6030.7607,0.02103868,5,1,false,false,1.1066313,2.018931,9.648459,-0.19907162,0.036583677,3
49.62759,0.27785572,39.23301156545429,-77.97140814894018,0,1,6023.4346,0.018908864,5,1,false,false,1.3091252,1.9923965,10.382293,-0.19847615,0.03502891,3
49.660236,0.27811456,39.23301823095666,-77.97140386343247,0,1,6025.1924,0.016511269,5,1,false,false,1.3052405,1.7849811,10.306137,-0.19788967,0.034054004,3
49.69041,0.2783735,39.233024897008804,-77.97139957792474,0,1,6037.1587,0.015179615,5,1,false,false,1.2619407,1.6923636,10.6472225,-0.19733381,0.031980112,3
49.72061,0.27863264,39.23303165267468,-77.97139529241703,0,1,6051.472,0.012250597,5,1,false,false,1.3678372,1.7751213,10.267628,-0.19680648,0.031334884,3
49.75155,0.27889195,39.23303831817705,-77.9713910069093,0,1,6057.1353,0.010386487,5,1,false,false,1.436486,1.7931864,11.991735,-0.19630289,0.030615473,3
49.784615,0.2791514,39.23304498367942,-77.9713867210481,0,1,6060.8286,0.010918942,5,1,false,false,1.2939674,1.9605018,11.766924,-0.19582649,0.029163577,3
49.81844,0.27941105,39.23305164918179,-77.97138243554039,0,1,6059.7603,0.013582245,5,1,false,false,1.4937589,1.951915,11.60422,-0.19541469,0.025466321,3
49.85225,0.27967086,39.23305840484766,-77.97137815003266,0,1,6055.486,0.015978811,5,1,false,false,1.7493913,2.0385983,12.709561,-0.19504099,0.024478592,3
49.88648,0.27993086,39.23306507035003,-77.97137386452495,0,1,6050.9624,0.018908858,5,1,false,false,1.8443072,1.9852931,12.248957,-0.19469434,0.022428378,3
49.918896,0.28019103,39.23307182601591,-77.97136957901722,0,1,6045.599,0.020772975,5,1,false,false,1.6480063,1.8808727,11.56292,-0.19436061,0.020402798,3
49.949425,0.28045136,39.23307849151828,-77.9713652935095,0,1,6051.677,0.021305421,5,1,false,false,1.8012561,1.7611403,12.0970955,-0.19406144,0.018553426,3
49.979107,0.28071183,39.23308524718416,-77.97136100764831,0,1,6059.048,0.021305425,5,1,false,false,1.6247934,1.7547344,11.3672,-0.19376254,0.017739473,3
50.008324,0.28097248,39.23309191268652,-77.9713567221406,0,1,6062.0903,0.021305425,5,1,false,false,1.5272106,1.716313,10.414108,-0.19348025,0.016837377,3
50.037315,0.28123328,39.2330986683524,-77.97135243663287,0,1,6073.2593,0.020506227,5,1,false,false,1.414108,1.7016753,10.005055,-0.19320746,0.016101543,3
50.066067,0.28149423,39.23310542401828,-77.97134815112516,0,1,6084.0356,0.019174578,5,1,false,false,1.4147712,1.6936066,9.065659,-0.19294266,0.015260413,3
50.094746,0.2817553,39.233112179684156,-77.97134386561743,0,1,6090.1675,0.018375376,5,1,false,false,1.1813385,1.6744633,8.926633,-0.19266053,0.016076935,3
50.124035,0.28201652,39.23311893535003,-77.97133958010971,0,1,6101.9683,0.018375376,5,1,false,false,1.0906004,1.6895345,10.221083,-0.19238265,0.015275197,3
50.152866,0.2822779,39.23312569101591,-77.97133529460199,0,1,6111.3765,0.018375376,5,1,false,false,1.1768076,1.671616,9.748102,-0.1921123,0.016664201,3
50.182034,0.28253946,39.233132446681786,-77.97133100874079,0,1,6121.876,0.018375376,5,1,false,false,1.3775185,1.7714717,10.224121,-0.19182475,0.019747183,3
50.214417,0.28280112,39.233139202347665,-77.97132672323308,0,1,6128.022,0.018375376,5,1,false,false,1.3371348,2.0106611,10.273695,-0.1914918,0.022792686,3
50.24876,0.28306302,39.23314595801354,-77.97132243772535,0,1,6116.116,0.017842924,5,1,false,false,1.455383,2.0291975,10.592813,-0.191141,0.023284197,3
50.282722,0.28332505,39.23315271367942,-77.97131826815681,0,1,6106.742,0.01651127,5,1,false,false,1.4287715,1.9962924,11.031816,-0.19077563,0.022971377,3
50.314598,0.28358728,39.233159469345296,-77.97131398229561,0,1,6105.9224,0.016245551,5,1,false,false,1.4347626,1.8665588,10.627572,-0.19042459,0.020510718,3
50.344822,0.28384963,39.23316631517468,-77.97130969678788,0,1,6107.93,0.017842922,5,1,false,false,1.3249744,1.7816701,12.1128435,-0.19010243,0.018689942,3
50.373985,0.28411216,39.23317307084056,-77.97130541128017,0,1,6112.8926,0.019973768,5,1,false,false,1.472229,1.7199483,11.543677,-0.1898162,0.017702064,3
50.40246,0.2843748,39.23317991666995,-77.97130112577244,0,1,6119.257,0.022370337,5,1,false,false,1.5183175,1.7243439,10.96174,-0.18955074,0.016215274,3
50.431175,0.28463766,39.23318667233582,-77.97129684026473,0,1,6127.621,0.023968732,5,1,false,false,1.4600731,1.7759109,10.4284,-0.18928064,0.017821541,3
50.460808,0.2849006,39.23319351816521,-77.971292554757,0,1,6130.763,0.026631005,5,1,false,false,1.4268074,1.7822108,10.118822,-0.18897457,0.019334838,3
50.490128,0.28516376,39.23320027383109,-77.9712882688958,0,1,6129.355,0.030626997,5,1,false,false,1.3346598,1.7597756,8.992785,-0.18864256,0.01946025,3
50.518337,0.285427,39.23320711966047,-77.97128398338809,0,1,6137.6655,0.033023555,5,1,false,false,1.2994268,1.6754671,8.896865,-0.18833253,0.017274642,3
50.545937,0.28569043,39.23321396548986,-77.97127969788036,0,1,6151.19,0.033557054,5,1,false,false,1.401201,1.6363503,9.199304,-0.18801498,0.01828467,3
50.57299,0.28595397,39.23322072115573,-77.97127541237265,0,1,6159.9976,0.035953604,5,1,false,false,1.4043005,1.587343,9.937682,-0.18767859,0.020396821,3
50.600048,0.28621766,39.23322756698512,-77.97127124245063,0,1,6174.1006,0.038083427,5,1,false,false,1.3795118,1.670738,9.965874,-0.18731044,0.02355704,3
50.628967,0.2864815,39.23323441226473,-77.9712669569429,0,1,6184.96,0.039947547,5,1,false,false,1.6019971,1.8208619,9.362871,-0.18688951,0.028472887,3
50.66183,0.2867455,39.23324125809412,-77.97126267143518,0,1,6180.4297,0.04021429,5,1,false,false,1.5387219,2.064112,8.70325,-0.18639667,0.031818613,3
50.69587,0.28700966,39.2332481039235,-77.97125838592746,0,1,6166.183,0.037550986,5,1,false,false,1.4003719,1.9887054,8.804216,-0.18586174,0.03185224,3
50.72738,0.287274,39.23325494975289,-77.97125410041974,0,1,6160.657,0.032225408,5,1,false,false,1.5658926,1.8097506,9.80227,-0.18533275,0.031006338,3
50.755943,0.28753853,39.23326179558228,-77.97124981491201,0,1,6169.782,0.0247669,5,1,false,false,1.3420222,1.6266396,10.433621,-0.18480226,0.030401025,3
50.782246,0.28780317,39.23326864141166,-77.97124564499,0,1,6182.6616,0.015978811,5,1,false,false,1.246419,1.5647277,10.051065,-0.18430303,0.029043175,3
50.81031,0.28806797,39.23327557685478,-77.97124135948228,0,1,6195.3076,0.006925009,5,1,false,false,1.1478043,1.7708402,9.798892,-0.18385173,0.02506324,3
50.84092,0.2883329,39.23328242268417,-77.97123707397456,0,1,6194.879,-0.002397594,5,1,false,false,1.138515,1.8887734,8.929027,-0.18347724,0.020228572,3
50.87333,0.288598,39.23328926851355,-77.97123278846684,0,1,6186.3735,-0.010386487,5,1,false,false,0.98114693,1.8859229,8.11134,-0.18318962,0.013467653,3
50.903675,0.28886324,39.23329620450645,-77.97122850295912,0,1,6183.432,-0.017578237,5,1,false,false,0.9043288,1.7640821,8.258692,-0.18301651,0.006109442,3
50.931953,0.28912866,39.23330304978606,-77.9712243330371,0,1,6193.152,-0.02290382,5,1,false,false,0.7420629,1.5923833,7.6249633,-0.18295495,-0.00042809782,3
50.956627,0.28939423,39.23330998577896,-77.97122004752937,0,1,6207.4507,-0.024768963,5,1,false,false,0.4402568,1.3788936,7.4777665,-0.18300103,-0.0074540856,3
50.980965,0.2896599,39.23331683160834,-77.97121576202166,0,1,6230.9287,-0.025833875,5,1,false,false,0.39087886,1.4983555,8.147441,-0.18316233,-0.013278101,3
51.0079,0.2899257,39.23332376760124,-77.97121147651393,0,1,6247.9966,-0.026366323,5,1,false,false,0.44122356,1.6069448,8.028617,-0.18339023,-0.015126448,3
51.036873,0.29019162,39.23333061288085,-77.97120719065273,0,1,6251.062,-0.026633073,5,1,false,false,0.34047008,1.7608415,8.953314,-0.18363398,-0.01472283,3
51.07028,0.29045773,39.23333754887374,-77.97120290514502,0,1,6252.6904,-0.026366323,5,1,false,false,0.20425032,2.0735621,8.727311,-0.18389113,-0.015376949,3
51.10525,0.290724,39.23334448486664,-77.97119873557646,0,1,6238.2686,-0.025833875,5,1,false,false,0.072257444,2.046337,8.777876,-0.18416944,-0.017455764,3
51.14085,0.29099047,39.233351420859535,-77.97119445006875,0,1,6224.3164,-0.023703024,5,1,false,false,-0.10409875,2.0624995,8.448332,-0.18447837,-0.020096136,3
51.173058,0.29125708,39.23335826613914,-77.97119016456102,0,1,6218.9565,-0.019175608,5,1,false,false,-0.19693674,1.7815161,8.847271,-0.18484639,-0.025151812,3
51.202255,0.29152387,39.23336520213204,-77.97118587869983,0,1,6222.2075,-0.013848991,5,1,false,false,-0.10305464,1.6083715,8.936438,-0.18527697,-0.028116245,3
51.228527,0.2917908,39.233372138124935,-77.97118159319211,0,1,6235.7314,-0.0050609,5,1,false,false,0.14810632,1.4532712,9.0578375,-0.18573108,-0.027061963,3
51.255512,0.29205787,39.23337907356805,-77.97117730768439,0,1,6252.318,0.0010649113,5,1,false,false,0.39139193,1.585035,9.621797,-0.18612924,-0.0206507,3
51.283638,0.29232508,39.23338600956095,-77.97117302217667,0,1,6258.335,0.006925011,5,1,false,false,0.18013397,1.676959,10.1167965,-0.18640752,-0.013635537,3
51.314774,0.29259247,39.233392945553845,-77.97116873666894,0,1,6260.724,0.011451395,5,1,false,false,-0.047827885,1.8216615,10.227308,-0.1866005,-0.00947441,3
51.34646,0.29286,39.23339988099696,-77.97116433522206,0,1,6256.507,0.014114701,5,1,false,false,0.038446337,1.8596061,11.059132,-0.18673645,-0.005459245,3
51.37893,0.2931277,39.23340681698986,-77.97116004971433,0,1,6251.5615,0.0157131,5,1,false,false,0.18709165,1.8905368,11.737792,-0.18680626,-0.00028723647,3
51.411232,0.29339555,39.233413843146266,-77.97115576420661,0,1,6243.258,0.016778003,5,1,false,false,0.059353635,1.8798081,11.621221,-0.18677938,0.005175175,3
51.442036,0.2936636,39.233420778589384,-77.97115147834542,0,1,6237.5146,0.017842924,5,1,false,false,0.21285525,1.7476618,11.139157,-0.18666655,0.010376535,3
51.470924,0.29393175,39.233427714582284,-77.97114719283769,0,1,6240.053,0.01784292,5,1,false,false,0.23373729,1.6815863,12.064461,-0.18645616,0.01600004,3
51.49896,0.2942001,39.23343465057518,-77.97114290732998,0,1,6243.3564,0.018375373,5,1,false,false,0.2926144,1.6355586,11.706972,-0.18616688,0.019051936,3
51.526314,0.29446855,39.233441676181805,-77.97113850588308,0,1,6246.26,0.019707026,5,1,false,false,0.35829005,1.5775329,11.9299,-0.18586119,0.018049594,3
51.552807,0.2947372,39.233448612174705,-77.97113422037536,0,1,6254.964,0.02237034,5,1,false,false,0.6104108,1.5682113,12.336875,-0.18558654,0.016984241,3
51.579617,0.29500592,39.23345563778133,-77.97112993486763,0,1,6261.919,0.026365297,5,1,false,false,1.0574847,1.6231651,12.404971,-0.18532044,0.01916933,3
51.607952,0.29527482,39.233462573774226,-77.97112564935992,0,1,6264.082,0.029562088,5,1,false,false,0.99067974,1.7376271,12.281407,-0.18496746,0.025307896,3
51.636993,0.29554385,39.23346959993063,-77.97112124791302,0,1,6262.6504,0.032225396,5,1,false,false,0.85056704,1.7863948,9.605278,-0.1845468,0.02760556,3
51.666195,0.29581305,39.23347653537375,-77.9711169624053,0,1,6260.264,0.03275786,5,1,false,false,0.7835435,1.6853276,7.135739,-0.18409152,0.026809134,3
51.692757,0.2960824,39.23348356153016,-77.97111267689758,0,1,6260.348,0.031958647,5,1,false,false,0.90032715,1.540657,6.5456176,-0.18362224,0.027203662,3
51.71574,0.29635185,39.233490587136785,-77.9711083910364,0,1,6270.4053,0.03169191,5,1,false,false,0.7385455,1.1133296,6.7327375,-0.18314348,0.024541236,3
51.727108,0.2966214,39.23349752312968,-77.97110398994297,0,1,6310.2495,0.031958655,5,1,false,false,0.82872474,0.4671633,8.832021,-0.18266888,0.026800206,3
51.741386,0.29689103,39.23350454928608,-77.97109970408178,0,1,6382.133,0.034089513,5,1,false,false,1.256042,0.96508706,8.613874,-0.18214934,0.033506367,3
51.7631,0.29716074,39.23351157489271,-77.97109541857405,0,1,6404.055,0.036751777,5,1,false,false,1.2933114,1.4686233,8.327945,-0.18152261,0.041652247,3
51.80192,0.29743057,39.23351860104912,-77.97109101712716,0,1,6387.3306,0.039149385,5,1,false,false,1.5577552,2.8201137,9.914767,-0.18079977,0.047854524,3
51.851105,0.29770067,39.23352562665575,-77.97108673161944,0,1,6326.1216,0.039947536,5,1,false,false,1.7289959,2.789413,10.437527,-0.17999485,0.050996296,3
51.891,0.297971,39.23353265281215,-77.97108244611172,0,1,6272.24,0.03941508,5,1,false,false,2.0279596,2.1221986,11.268859,-0.17916186,0.051923893,3
51.920246,0.2982415,39.23353967841878,-77.971078160604,0,1,6287.2324,0.036751788,5,1,false,false,2.1339374,1.535639,13.5255575,-0.17832656,0.050375096,3
51.944923,0.29851213,39.23354670457518,-77.97107387509628,0,1,6299.1772,0.034355227,5,1,false,false,2.0726988,1.5247464,12.624594,-0.17751476,0.04803294,3
51.97204,0.2987829,39.23355373018181,-77.97106947364938,0,1,6290.414,0.03222539,5,1,false,false,1.8596041,1.6778948,11.093771,-0.17677358,0.04248197,3
51.99935,0.29905382,39.23356075633822,-77.97106518814167,0,1,6296.547,0.031159462,5,1,false,false,1.7126294,1.6064527,8.853319,-0.17611517,0.035653993,3
52.024616,0.29932487,39.23356787210835,-77.97106090263394,0,1,6303.7256,0.03329031,5,1,false,false,1.4779568,1.4507354,6.719005,-0.17560813,0.023288963,3
52.047543,0.29959604,39.23357489826476,-77.97105661677274,0,1,6309.214,0.039681833,5,1,false,false,1.1698661,1.2825937,5.5870275,-0.17527907,0.012113371,3
52.066532,0.2998673,39.2335820140349,-77.97105233126503,0,1,6336.2617,0.050334025,5,1,false,false,1.7894233,0.8723495,5.2000084,-0.17505859,0.012348594,3
52.07603,0.30013865,39.23358903964153,-77.9710480457573,0,1,6385.2563,0.061253995,5,1,false,false,2.2636561,0.4190065,8.786383,-0.17470893,0.027279444,3
52.0898,0.3004101,39.23359615596144,-77.97104376024959,0,1,6446.461,0.07350562,5,1,false,false,2.6216927,0.79014134,12.153637,-0.17403446,0.052652583,3
52.1099,0.3006816,39.23360318156807,-77.97103947474186,0,1,6474.008,0.079630405,5,1,false,false,2.9872093,1.6352159,14.101577,-0.17291284,0.08465097,3
52.15796,0.30095327,39.233610297887985,-77.97103518923414,0,1,6452.951,0.07829878,5,1,false,false,3.5342588,3.8972623,14.212911,-0.17134658,0.108976215,3
52.222374,0.30122527,39.23361741365812,-77.97103090372642,0,1,6314.926,0.072438665,5,1,false,false,3.406223,3.5042639,13.42293,-0.1695788,0.10569779,3
52.264225,0.30149755,39.23362452942826,-77.97102661786522,0,1,6228.305,0.06764554,5,1,false,false,3.6491063,1.9686555,11.361281,-0.16811392,0.07489399,3
52.280533,0.30176997,39.233631645748176,-77.97102244829668,0,1,6286.9487,0.06684632,5,1,false,false,3.4718988,0.7175559,12.058111,-0.16713439,0.043189812,3
52.294147,0.30204248,39.233638761518314,-77.97101816278895,0,1,6318.9453,0.06897716,5,1,false,false,3.2870047,0.985326,10.932187,-0.16658798,0.02250942,3
52.310394,0.30231497,39.233645877288446,-77.97101387728124,0,1,6314.528,0.07164048,5,1,false,false,2.4893305,0.9633436,7.746455,-0.16621582,0.021204276,3
52.324387,0.30258754,39.233652993608366,-77.97100970735922,0,1,6368.642,0.0759022,5,1,false,false,2.7308912,0.789808,7.2993746,-0.16572283,0.036161344,3
52.33697,0.30286014,39.2336601093785,-77.97100542185149,0,1,6415.402,0.08096208,5,1,false,false,3.0378017,0.73730016,13.966451,-0.16495231,0.055689402,3
52.349613,0.3031328,39.23366722569842,-77.97100125192947,0,1,6441.056,0.07963039,5,1,false,false,2.984542,0.57761085,11.661907,-0.16372798,0.09060445,3
52.36525,0.30340546,39.23367443163206,-77.97099696642175,0,1,6506.448,0.072706416,5,1,false,false,2.5944684,1.6896982,8.174942,-0.16205971,0.110631175,3
52.4184,0.30367827,39.2336815474022,-77.9709927968532,0,1,6484.1855,0.065248944,5,1,false,false,2.886358,4.012601,9.673291,-0.16014162,0.119669564,3
52.47728,0.30395144,39.23368875333585,-77.97098862693119,0,1,6301.6157,0.061253987,5,1,false,false,4.111706,3.039452,13.429636,-0.15831523,0.102610804,3
52.51065,0.3042248,39.23369586965576,-77.97098434142346,0,1,6272.673,0.0585907,5,1,false,false,4.062945,1.3326247,10.971501,-0.15676048,0.085629754,3
52.523087,0.30449823,39.23370307558941,-77.97098017185492,0,1,6375.1343,0.06072155,5,1,false,false,3.2410142,0.7698039,9.35923,-0.15551476,0.06516021,3
52.542324,0.30477175,39.23371028152305,-77.9709760019329,0,1,6374.223,0.06498223,5,1,false,false,3.6361496,1.5827824,11.026755,-0.15457997,0.047345515,3
52.568825,0.30504537,39.23371739729319,-77.97097183236434,0,1,6335.74,0.071107,5,1,false,false,4.067324,1.4920715,12.197447,-0.15380846,0.045366317,3
52.586,0.30531907,39.233724603776615,-77.97096766244232,0,1,6375.2495,0.08016285,5,1,false,false,3.436461,0.8527316,9.059631,-0.1529515,0.05632755,3
52.601807,0.30559286,39.233731809710264,-77.97096349287378,0,1,6430.056,0.089217685,5,1,false,false,3.093805,1.2058861,7.184077,-0.15192103,0.06676291,3
52.626682,0.30586675,39.23373901564391,-77.97095943889093,0,1,6423.11,0.09960468,5,1,false,false,3.6679296,1.7668622,9.52827,-0.15073171,0.075901546,3
52.65519,0.30614078,39.233746311741065,-77.97095526896891,0,1,6400.6943,0.10599622,5,1,false,false,4.8096104,1.6294122,11.748103,-0.14928797,0.09905966,3
52.678673,0.3064149,39.233753517674714,-77.97095109940035,0,1,6417.508,0.11078986,5,1,false,false,4.062396,1.4313138,9.021564,-0.14745478,0.1201945,3
52.703793,0.30668917,39.23376072360836,-77.9709470454175,0,1,6437.849,0.11078986,5,1,false,false,3.952734,1.8696983,8.838828,-0.14538917,0.12755734,3
52.738167,0.3069636,39.23376793009179,-77.97094287584896,0,1,6406.096,0.10626246,5,1,false,false,4.7993445,2.1275725,10.40503,-0.14330666,0.12142476,3
52.768024,0.30723816,39.23377522618894,-77.97093882186611,0,1,6365.0024,0.10253422,5,1,false,false,5.0065327,1.6901461,10.761077,-0.14135431,0.11256865,3
52.78995,0.30751288,39.2337825222861,-77.97093465194409,0,1,6390.3154,0.10146881,5,1,false,false,4.890243,1.2270361,9.6792755,-0.1395225,0.1078461,3
52.808926,0.3077877,39.23378972821974,-77.97093059831471,0,1,6419.0483,0.1014688,5,1,false,false,4.93443,1.2881117,9.532965,-0.13773945,0.106401764,3
52.83129,0.3080626,39.2337970243169,-77.97092654433187,0,1,6413.748,0.10173501,5,1,false,false,4.816416,1.5042354,9.438229,-0.13595927,0.106716946,3
52.854935,0.30833766,39.23380432041406,-77.97092249034903,0,1,6415.579,0.10333291,5,1,false,false,4.813694,1.4486328,9.389801,-0.13417985,0.10657711,3
52.877132,0.30861282,39.23381161651121,-77.97091843636618,0,1,6431.6323,0.10466458,5,1,false,false,4.726286,1.3921559,8.4680605,-0.13236599,0.109959945,3
52.898983,0.3088881,39.23381891260837,-77.9709144983225,0,1,6440.312,0.10786033,5,1,false,false,5.1987042,1.4207442,9.54088,-0.13051537,0.11356378,3
52.92216,0.30916348,39.23382620870552,-77.97091044433965,0,1,6442.7573,0.11158855,5,1,false,false,5.082244,1.5228037,9.525723,-0.12859024,0.117352776,3
52.94666,0.309439,39.23383350480268,-77.97090650629598,0,1,6446.365,0.11478431,5,1,false,false,5.5559106,1.4769825,9.032391,-0.1265875,0.123100206,3
52.97133,0.30971465,39.233840800899834,-77.97090245231313,0,1,6449.6045,0.11851356,5,1,false,false,5.78801,1.6233379,9.230686,-0.12449822,0.1271809,3
52.99584,0.3099904,39.233848187160504,-77.97089851426945,0,1,6445.1636,0.120910645,5,1,false,false,6.336384,1.5778272,11.549409,-0.12233342,0.1335308,3
53.020054,0.31026632,39.233855483257656,-77.97089457622577,0,1,6441.904,0.120377675,5,1,false,false,7.365802,1.5589305,13.139524,-0.119996555,0.14912154,3
53.043575,0.31054232,39.233862869518326,-77.9708906381821,0,1,6444.3716,0.11451806,5,1,false,false,7.3006396,1.5510657,12.208133,-0.11734152,0.16873938,3
53.068523,0.31081846,39.23387025577899,-77.97088670013842,0,1,6445.0586,0.10226749,5,1,false,false,6.731276,1.6794293,11.00256,-0.11448494,0.17101118,3
53.09399,0.31109473,39.23387755187615,-77.97088287768045,0,1,6433.8633,0.08975015,5,1,false,false,6.678549,1.6906997,11.258181,-0.11175916,0.15431191,3
53.117855,0.31137112,39.23388493813681,-77.97087893963678,0,1,6422.4775,0.08069532,5,1,false,false,6.9664445,1.4896616,12.446563,-0.10940396,0.12963729,3
53.13813,0.31164762,39.23389232439748,-77.97087511753227,0,1,6429.7812,0.0777663,5,1,false,false,7.0129695,1.3118548,12.598005,-0.10737038,0.11616958,3
53.15631,0.3119242,39.23389980027188,-77.97087129507429,0,1,6446.982,0.078831226,5,1,false,false,6.706467,1.2933475,11.507871,-0.1054695,0.11315863,3
53.17666,0.31220087,39.23390718653254,-77.97086747296979,0,1,6457.063,0.08255944,5,1,false,false,6.6995964,1.4657542,12.278785,-0.10362585,0.10947576,3
53.19957,0.31247768,39.2339145727932,-77.97086365086528,0,1,6453.6733,0.08708686,5,1,false,false,7.131468,1.5856357,12.529284,-0.10184998,0.105397545,3
53.221516,0.31275457,39.233922049217384,-77.97085982840731,0,1,6448.2153,0.09241295,5,1,false,false,6.7914333,1.4389278,11.791954,-0.10011621,0.1032473,3
53.242493,0.31303152,39.233929435478046,-77.97085612188852,0,1,6455.766,0.09720761,5,1,false,false,6.8739223,1.4966094,12.115976,-0.098388426,0.105458885,3
53.263824,0.31330863,39.233936911352444,-77.97085241572319,0,1,6459.086,0.10253421,5,1,false,false,6.599775,1.5399476,10.99115,-0.09665137,0.10246664,3
53.285877,0.3135858,39.23394438777662,-77.9708485932652,0,1,6453.744,0.106794916,5,1,false,false,6.2266216,1.4705902,10.14401,-0.09503171,0.09258036,3
53.306793,0.31386304,39.23395177403729,-77.9708448867464,0,1,6458.0454,0.11212101,5,1,false,false,6.830419,1.4147036,12.822536,-0.093528345,0.09106089,3
53.3252,0.31414035,39.23395925046146,-77.97084118058108,0,1,6466.4834,0.11611597,5,1,false,false,6.7458296,1.197949,12.653912,-0.09191107,0.10364242,3
53.341892,0.31441778,39.23396672688563,-77.97083759000144,0,1,6479.992,0.117981076,5,1,false,false,6.655407,1.3467748,11.086615,-0.09001265,0.12568806,3
53.36428,0.3146953,39.23397429292354,-77.97083388348264,0,1,6491.7393,0.11824731,5,1,false,false,5.684382,1.6861135,9.477649,-0.087824285,0.13182002,3
53.389492,0.31497294,39.233981769347714,-77.97083029290302,0,1,6469.7495,0.11664841,5,1,false,false,4.684612,1.7108339,7.5211716,-0.08575899,0.11216719,3
53.41266,0.3152507,39.233989245771895,-77.97082670232338,0,1,6459.4653,0.11505053,5,1,false,false,4.5089645,1.4061807,6.0888653,-0.08413756,0.083677344,3
53.427837,0.31552875,39.2339968118098,-77.97082299580458,0,1,6480.9863,0.11451807,5,1,false,false,4.455045,0.7864335,6.0848007,-0.08287431,0.07216892,3
53.435406,0.31580693,39.234004288233976,-77.97081940522494,0,1,6521.616,0.11664842,5,1,false,false,3.8554897,0.483389,5.5964007,-0.08162291,0.08162964,3
53.443913,0.31608513,39.234011854271884,-77.97081581464532,0,1,6574.205,0.11744865,5,1,false,false,3.551798,0.7357331,4.4670787,-0.08012505,0.09916642,3
53.45734,0.3163633,39.23401933069606,-77.9708122240657,0,1,6606.7456,0.11451806,5,1,false,false,3.2362015,1.0434798,3.6281922,-0.07835395,0.11337689,3
53.47538,0.3166415,39.23402689728374,-77.97080874907176,0,1,6619.108,0.10892522,5,1,false,false,3.0533266,1.1874295,2.942453,-0.0764028,0.12115232,3
53.494698,0.31691983,39.23403437315814,-77.97080515849213,0,1,6634.03,0.099870905,5,1,false,false,3.2587357,1.1985974,3.890487,-0.074340835,0.12730375,3
53.51565,0.31719822,39.23404193974582,-77.9708015679125,0,1,6647.988,0.08895093,5,1,false,false,3.6912658,1.168419,4.5770187,-0.07210344,0.14185774,3
53.536003,0.3174766,39.23404950578373,-77.97079809327205,0,1,6658.6987,0.08042961,5,1,false,false,3.9490113,1.5092171,6.192185,-0.06961658,0.15630572,3
53.568073,0.3177551,39.234057072371414,-77.97079450269241,0,1,6659.3823,0.07403808,5,1,false,false,4.881111,2.6124492,7.74944,-0.06690592,0.16735338,3
53.613506,0.3180338,39.2340646389591,-77.97079102769848,0,1,6590.363,0.07270641,5,1,false,false,6.616834,2.6402879,9.822239,-0.064103894,0.16792876,3
53.65453,0.3183127,39.234072204997005,-77.97078743711886,0,1,6521.279,0.07510298,5,1,false,false,6.3416424,2.4111018,8.130368,-0.061394736,0.15256122,3
53.684803,0.31859174,39.23407977158469,-77.9707839624784,0,1,6516.2715,0.08042959,5,1,false,false,8.525123,1.6026601,13.19804,-0.059037216,0.13520727,3
53.70851,0.3188709,39.2340873376226,-77.97078060342365,0,1,6516.5728,0.08815227,5,1,false,false,9.26047,1.608556,11.560134,-0.056760605,0.13633798,3
53.726486,0.31915018,39.23409499437379,-77.97077712878318,0,1,6506.1216,0.09481104,5,1,false,false,8.3691435,1.136901,12.15738,-0.05451607,0.13621053,3
53.74933,0.3194295,39.23410265057521,-77.97077365378925,0,1,6525.9243,0.10066962,5,1,false,false,9.555358,1.794884,15.086087,-0.052173316,0.1429201,3
53.77131,0.31970894,39.23411021716289,-77.97077029508797,0,1,6505.1387,0.10386536,5,1,false,false,10.2842045,1.3685427,15.433767,-0.04986853,0.13611798,3
53.791313,0.31998846,39.23411787336431,-77.97076693603321,0,1,6497.397,0.10626245,5,1,false,false,10.032415,1.3783602,13.430472,-0.047535654,0.14458747,3
53.809586,0.32026806,39.23412552956572,-77.97076369291763,0,1,6518.7896,0.10999067,5,1,false,false,9.331728,1.3117448,15.168955,-0.04522606,0.13182394,3
53.82939,0.32054773,39.23413318631692,-77.97076033386287,0,1,6509.6245,0.11718189,5,1,false,false,9.821188,1.5214849,13.807558,-0.043145787,0.11918012,3
53.849876,0.3208275,39.234140842518336,-77.97075709074728,0,1,6496.3223,0.13076416,5,1,false,false,8.359736,1.3635483,10.967361,-0.041345615,0.09592755,3
53.86666,0.32110733,39.234148588883265,-77.97075384763171,0,1,6510.74,0.14780886,5,1,false,false,8.002896,1.2042193,12.16754,-0.039863598,0.08557504,3
53.88307,0.3213873,39.23415624563446,-77.97075060451613,0,1,6526.876,0.16618533,5,1,false,false,8.644778,1.1304919,12.426556,-0.038407568,0.09243934,3
53.897694,0.32166722,39.23416390183587,-77.97074747733971,0,1,6529.943,0.18296386,5,1,false,false,8.00779,1.065582,10.77542,-0.03667222,0.118557006,3
53.914963,0.32194728,39.234171648750575,-77.97074423422413,0.028595258,0.94363356,6552.125,0.1912195,5,1,false,false,7.504225,1.2814344,10.006808,-0.03442159,0.14938372,3
53.931057,0.3222274,39.234179395115504,-77.97074110669425,0.18968187,0.8649333,6546.7515,0.1930836,5,1,false,false,7.170866,1.0591692,9.569791,-0.03177827,0.1646728,3
53.92434,0.32250753,39.234187051316916,-77.97073797951784,0.26045516,0.8146243,6501.6343,0.19148569,5,1,false,false,6.56244,-1.0406715,7.8037376,-0.029005019,0.1651359,3
53.88657,0.32278755,39.234194797681845,-77.97073485198794,0.3435006,0.68290204,6450.0083,0.18882242,5,1,false,false,6.1482763,-2.8016613,7.354404,-0.026337331,0.15590644,3
53.81615,0.32306722,39.23420254459655,-77.97073184075072,0.36458948,0.6039704,6426.1055,0.18642583,5,1,false,false,6.02032,-4.936587,7.8086133,-0.023828011,0.14908311,3
53.717094,0.32334647,39.23421020079796,-77.97072871322082,0.36458954,0.5408224,6407.6377,0.18695831,5,1,false,false,6.1372876,-6.2085047,8.6697035,-0.021354955,0.15407686,3
53.599976,0.32362512,39.23421794716289,-77.97072570198358,0.37567025,0.47175512,6375.578,0.19361606,5,1,false,false,7.896231,-7.373381,10.946285,-0.018585011,0.18837725,3
53.471474,0.3239031,39.23422560391408,-77.97072269039288,0.3734064,0.40762037,6343.711,0.20906287,5,1,false,false,8.847004,-7.6711664,11.620981,-0.015016755,0.24035916,3
53.338223,0.3241804,39.23423335027901,-77.97071967880217,0.36756814,0.3706131,6321.2446,0.23196673,5,1,false,false,9.743061,-7.860838,11.312589,-0.010594244,0.2835235,3
53.202065,0.32445696,39.234241006480424,-77.97071678315062,0.3612534,0.3247276,6304.6387,0.25780007,5,1,false,false,11.41918,-8.0482435,11.907431,-0.0056226887,0.30510747,3
53.06147,0.3247328,39.23424866323162,-77.97071388749909,0.35863218,0.27392536,6284.9736,0.29535154,5,1,false,false,12.944477,-8.144823,12.2834425,-0.00044170694,0.31113926,3
52.919624,0.32500786,39.23425631943304,-77.97071110778673,0.35493863,0.2475224,6270.0073,0.3254456,5,1,false,false,13.690984,-8.140561,11.9071865,0.0047517247,0.31045464,3
52.778095,0.3252822,39.23426388602072,-77.97070832807435,0.34123683,0.22951964,6252.0166,0.35287637,5,1,false,false,14.00831,-8.067295,11.732037,0.009953794,0.31459466,3
52.639187,0.3255558,39.23427154222214,-77.97070554800852,0.31311807,0.20954403,6225.5225,0.3725843,5,1,false,false,14.385522,-7.879622,11.384156,0.01530728,0.3312572,3
52.505966,0.32582867,39.23427910880982,-77.97070288423532,0.29608,0.19522503,6202.957,0.3843031,5,1,false,false,14.069054,-7.3959312,10.376052,0.02106071,0.3617946,3
52.380657,0.32610086,39.23428676501124,-77.97070022010867,0.26819974,0.18585372,6181.999,0.39229244,5,1,false,false,13.495223,-6.938245,8.998949,0.027364498,0.39439183,3
52.259045,0.32637239,39.234294331598925,-77.97069767192117,0.25783384,0.17549601,6158.106,0.3976186,5,1,false,false,14.262178,-6.914019,9.821232,0.03418466,0.42681673,3
52.140125,0.32664332,39.23430189763683,-77.97069512373368,0.2349577,0.16908407,6142.123,0.40294468,5,1,false,false,14.565418,-6.6507196,9.851458,0.041527294,0.45459303,3
52.02236,0.32691368,39.234309464224516,-77.97069257554618,0.22197072,0.16785097,6128.7534,0.41306534,5,1,false,false,15.728554,-6.3614054,10.168658,0.049397886,0.4914719,3
51.908382,0.32718343,39.234317030262424,-77.97069014329786,0.19194569,0.16908407,6114.1953,0.42212018,5,1,false,false,16.713161,-6.162565,10.519013,0.057923384,0.5288095,3
51.79874,0.3274526,39.23432459685011,-77.97068782663524,0.15858454,0.16563144,6108.656,0.42931142,5,1,false,false,17.338934,-5.608568,10.025396,0.0669778,0.5542752,3
51.696415,0.327721,39.234332162888016,-77.97068551032609,0.14047417,0.1599594,6106.1885,0.432241,5,1,false,false,18.374678,-5.095921,10.775574,0.07626405,0.55702454,3
51.599564,0.32798883,39.2343397294757,-77.97068319366348,0.1090194,0.15305421,6098.8354,0.43277353,5,1,false,false,19.268785,-4.678244,10.249907,0.08555137,0.5565856,3
51.51102,0.3282562,39.23434729606338,-77.9706809932935,0.09972597,0.14910844,6088.8945,0.43357205,5,1,false,false,18.969221,-4.0406623,9.528752,0.094721854,0.540796,3
51.427876,0.32852277,39.23435486210129,-77.97067890850923,0.09496008,0.14762872,6076.3955,0.4362354,5,1,false,false,19.914408,-3.8393116,10.917961,0.10362268,0.5306477,3
51.3454,0.32878846,39.234362338525465,-77.97067682301801,0.08793042,0.14910841,6064.949,0.4404966,5,1,false,false,20.339317,-3.7534769,9.812519,0.112441495,0.52883446,3
51.264698,0.3290537,39.23436990456337,-77.97067485417291,0.07196475,0.1505881,6055.4434,0.44715443,5,1,false,false,19.732119,-3.5152898,9.313674,0.12133255,0.54076636,3
51.18569,0.32931858,39.234377471151056,-77.9706728853278,0.05862029,0.155767,6047.9087,0.46419913,5,1,false,false,20.519447,-3.4472046,10.492048,0.13050815,0.5590134,3
51.10544,0.32958254,39.23438494757523,-77.97067103171493,0.044203494,0.16168562,6044.8374,0.4817764,5,1,false,false,22.134697,-3.3467424,11.203953,0.13997334,0.5787694,3
51.02718,0.32984605,39.23439251361314,-77.970669178809,0.0153699545,0.1648916,6045.234,0.5017506,5,1,false,false,22.358767,-3.0161974,10.699276,0.14983833,0.6039364,3
50.953964,0.33010912,39.23440008020082,-77.9706674411353,-9.313226e-10,0.16711113,6047.375,0.5190616,5,1,false,false,23.749043,-2.703641,11.477481,0.16006105,0.62277275,3
50.882385,0.33037177,39.23440755607522,-77.97066582010773,0,0.17105696,6051.817,0.5315786,5,1,false,false,23.91751,-2.3816013,10.94655,0.17053524,0.626509,3
50.813625,0.3306338,39.2344151226629,-77.97066431431236,0,0.17376971,6058.098,0.5456937,5,1,false,false,24.085503,-2.2565613,10.988004,0.18079387,0.6030714,3
50.741585,0.33089548,39.234422689250586,-77.970662808517,0,0.17697567,6066.2417,0.5528838,5,1,false,false,25.761368,-2.4552386,12.189169,0.19074248,0.59417266,3
50.663292,0.33115682,39.234430165124984,-77.97066141866082,0,0.18338758,6078.752,0.5582111,5,1,false,false,27.186018,-2.5325212,12.964697,0.20074509,0.6121894,3
50.58638,0.33141762,39.234437731712674,-77.97066002880464,0,0.18585369,6093.2915,0.56540185,5,1,false,false,26.018702,-2.3690863,12.000662,0.21119137,0.6389036,3
50.512966,0.33167797,39.234445297750575,-77.97065887011986,0,0.19201905,6109.35,0.57392365,5,1,false,false,25.147467,-2.2370422,11.028738,0.22196478,0.6496141,3
50.442318,0.33193803,39.234452774174756,-77.97065771214203,0,0.19349873,6128.133,0.58324516,5,1,false,false,23.587162,-2.0963717,9.849004,0.23267487,0.62864506,3
50.373837,0.3321978,39.23446034076244,-77.97065655345725,0,0.19721332,6082.5107,0.5930985,5,1,false,false,23.518625,-1.721551,10.70075,0.2429223,0.60280585,3
50.315735,0.33245718,39.23446781663684,-77.97065562735774,0,0.2004193,5976.9336,0.60401815,5,1,false,false,23.007235,-1.2839969,9.959162,0.25275254,0.5758054,3
50.25308,0.33271638,39.23447529306101,-77.97065470055131,0,0.20584479,6005.177,0.6138715,5,1,false,false,22.22232,-1.7446604,9.593379,0.26212126,0.55150735,3
50.185497,0.33297524,39.23448285964869,-77.97065377374487,0,0.21028379,6038.256,0.6247915,5,1,false,false,23.157598,-1.9150398,11.10575,0.27126148,0.54699135,3
50.11724,0.33323392,39.23449033552309,-77.97065307881678,0,0.21127024,6017.3364,0.63384604,5,1,false,false,22.554913,-1.694688,10.158892,0.28030643,0.5353971,3
50.053432,0.3334923,39.234497811947264,-77.97065226794952,0,0.21644917,5977.041,0.6466297,5,1,false,false,23.1475,-1.5025718,10.663313,0.28915018,0.5283695,3
49.986423,0.33375046,39.234505378534955,-77.9706516889606,0,0.21990177,5993.0728,0.6564829,5,1,false,false,23.025106,-1.7919481,10.493193,0.29796857,0.52467084,3
49.918865,0.33400834,39.23451285440935,-77.97065110997168,0,0.2270535,5987.5986,0.66820174,5,1,false,false,22.91052,-1.6128207,9.566128,0.30644527,0.48998892,3
49.85431,0.3342661,39.234520330833526,-77.97065064692194,0,0.24209687,5966.404,0.6775229,5,1,false,false,22.486916,-1.4854087,10.413116,0.31433487,0.4562225,3
49.7904,0.33452365,39.2345278072577,-77.97065018316525,0,0.27071944,5970.717,0.68391424,5,1,false,false,22.53835,-1.4971247,10.372588,0.32168925,0.42738318,3
49.726513,0.3347809,39.23453528368187,-77.97064995199385,0,0.3059851,5974.704,0.6892404,5,1,false,false,23.051641,-1.3832285,10.043434,0.32858273,0.40331197,3
49.6678,0.335038,39.23454266939276,-77.97064960417633,0,0.34521198,5971.1133,0.6916379,5,1,false,false,21.865026,-1.122868,9.854649,0.33515945,0.39066505,3
49.614014,0.33529508,39.23455014581694,-77.97064948823716,0,0.4152655,5987.2217,0.69057256,5,1,false,false,21.423456,-0.9752377,9.978903,0.34162134,0.38671926,3
49.564938,0.33555198,39.23455762224111,-77.97064925635881,0,0.518365,6015.652,0.68684316,5,1,false,false,20.84268,-0.67997324,9.014325,0.34802255,0.3841394,3
49.52394,0.3358087,39.234565008501775,-77.97064925635881,0,0.62813854,6038.856,0.683115,5,1,false,false,20.76327,-0.17364219,9.089585,0.35449684,0.3970867,3
49.491367,0.3360655,39.23457248465107,-77.97064925635881,0,0.72803235,6061.4204,0.6844468,5,1,false,false,20.859224,0.31493765,9.601843,0.36128333,0.41820556,3
49.465763,0.3363223,39.23457987091173,-77.97064937229798,0,0.83262694,6083.4565,0.6921704,5,1,false,false,20.792835,0.6840545,9.31601,0.36844072,0.4398877,3
49.44668,0.33657908,39.234587347061016,-77.97064948823716,0,0.933507,6097.7837,0.70468736,5,1,false,false,21.774584,1.1201946,10.459663,0.37592828,0.4590634,3
49.42976,0.3368359,39.234594733321686,-77.9706497201155,0,1.0000001,6097.1787,0.7145413,5,1,false,false,24.263779,1.353033,12.645511,0.38383493,0.49142027,3
49.41019,0.33709282,39.23460211958235,-77.97064995199385,0,1,6092.0874,0.7211989,5,1,false,false,26.581343,1.3740731,13.844475,0.39244995,0.540828,3
49.391228,0.33734965,39.234609595731634,-77.9706504150436,0,1,6088.173,0.7235962,5,1,false,false,25.736599,1.430298,12.39207,0.4017796,0.56767154,3
49.37499,0.33760652,39.2346169819923,-77.97065087809334,0,1,6080.1665,0.72546005,5,1,false,false,23.79306,1.6729256,11.460149,0.41124114,0.55214584,3
49.365944,0.33786348,39.234624368252966,-77.97065134185003,0,1,6062.928,0.72865593,5,1,false,false,22.872528,1.9225273,10.405385,0.41990334,0.47680476,3
49.358738,0.3381206,39.23463175423874,-77.97065203677812,0,1,6038.506,0.7353146,5,1,false,false,21.78335,1.753758,9.778879,0.4270537,0.38271618,3
49.35006,0.33837777,39.23463914049941,-77.97065273170621,0,1,6035.838,0.7518257,5,1,false,false,20.82889,1.5308982,9.783672,0.43271905,0.3054571,3
49.335728,0.33863497,39.23464652676007,-77.9706534266343,0,1,6053.6636,0.77366376,5,1,false,false,18.309874,0.69811636,8.1403885,0.43738988,0.27036253,3
49.31774,0.3388921,39.23465391302074,-77.97065423750156,0,1,6101.573,0.7968339,5,1,false,false,17.507908,0.8031897,8.11934,0.44194394,0.2846178,3
49.30396,0.33914915,39.23466129900652,-77.97065516360105,0,1,6145.7285,0.81760705,5,1,false,false,16.299038,0.82927597,6.9458427,0.44682965,0.3057482,3
49.297527,0.3394062,39.23466859537856,-77.9706560904075,0,1,6156.7827,0.8359833,5,1,false,false,19.825058,1.5280048,8.789088,0.4521602,0.3410299,3
49.287632,0.3396632,39.23467598136434,-77.97065701721394,0,1,6142.6455,0.8538268,5,1,false,false,21.382963,1.4675044,11.214895,0.45856035,0.42850944,3
49.28297,0.33991987,39.234683367625,-77.9706580592526,0,1,6128.5557,0.863148,5,1,false,false,24.475046,2.1820087,12.348778,0.46644613,0.50299346,3
49.277065,0.3401764,39.23469066372216,-77.97065921793738,0,1,6080.9116,0.8626149,5,1,false,false,24.916191,1.7014105,13.760303,0.47506282,0.5206269,3
49.26554,0.3404329,39.234698049982825,-77.97066049185439,0,1,6053.814,0.8538268,5,1,false,false,26.62089,1.9481481,13.9097,0.48381072,0.51258856,3
49.25148,0.3406893,39.234705346079984,-77.9706617657714,0,1,6042.371,0.8394451,5,1,false,false,25.867386,1.376979,13.234969,0.49207443,0.47637725,3
49.236805,0.34094527,39.234712642177136,-77.97066315562758,0,1,6026.9517,0.82799405,5,1,false,false,25.873205,1.6267753,13.701345,0.49975243,0.4389263,3
49.21903,0.34120113,39.234719938274296,-77.97066466142294,0,1,6019.4243,0.8197374,5,1,false,false,26.536913,1.2892543,14.439627,0.50690335,0.42033824,3
49.199238,0.3414569,39.23472723437145,-77.9706661672183,0,1,6017.083,0.82053655,5,1,false,false,28.002531,1.1355699,15.068279,0.5138702,0.42025805,3
49.175926,0.34171242,39.23473453046861,-77.97066778895282,0,1,6020.626,0.82373327,5,1,false,false,26.628286,0.99621385,13.700268,0.52114475,0.44695276,3
49.15449,0.34196758,39.234741736677144,-77.97066952591958,0,1,6035.2295,0.82533073,5,1,false,false,26.03906,1.033459,13.166673,0.5288406,0.47000456,3
49.139362,0.34222266,39.234749032774296,-77.97067137953245,0,1,6033.7593,0.8253306,5,1,false,false,26.156462,1.4756811,13.394043,0.5367393,0.4688642,3
49.127987,0.34247768,39.234756238707945,-77.97067323243839,0,1,6010.052,0.82346666,5,1,false,false,25.921751,1.591475,13.856771,0.54447854,0.4543486,3
49.117615,0.34273243,39.23476344491648,-77.97067520199043,0,1,5997.7764,0.8200039,5,1,false,false,24.793097,1.433637,13.772926,0.55195284,0.4358562,3
49.10465,0.34298706,39.23477065085013,-77.9706772867747,0,1,6001.4688,0.81521034,5,1,false,false,24.436216,1.2660224,12.3301525,0.5590891,0.4190236,3
49.089325,0.3432416,39.23477785678377,-77.97067937155897,0,1,6007.9243,0.8117485,5,1,false,false,25.798786,1.1491419,13.601293,0.566067,0.42262304,3
49.07413,0.34349608,39.2347849728288,-77.97068157228242,0,1,6010.7417,0.8088187,5,1,false,false,26.34318,1.1802003,14.01901,0.5733304,0.44798246,3
49.061417,0.34375033,39.234792179037335,-77.97068388859157,0,1,6010.524,0.80695486,5,1,false,false,24.652872,1.348572,12.689994,0.5810159,0.46660155,3
49.050873,0.3440045,39.23479929480747,-77.97068632119336,0,1,6011.5,0.8045575,5,1,false,false,24.590578,1.3864858,12.556739,0.5889083,0.47544405,3
49.04415,0.34425864,39.2348064108525,-77.97068875344168,0,1,6001.9707,0.80082935,5,1,false,false,23.94129,1.627326,12.531139,0.59679675,0.46304312,3
49.038506,0.3445128,39.234813436734015,-77.97069130162917,0,1,5984.6885,0.7981658,5,1,false,false,23.193726,1.4198941,12.681979,0.604314,0.43778598,3
49.031338,0.34476683,39.23482055277904,-77.97069384981667,0,1,5989.7046,0.79576844,5,1,false,false,22.773954,1.3727137,12.318535,0.6114829,0.42044955,3
49.02379,0.34502086,39.23482757866056,-77.97069651358986,0,1,5997.3267,0.7957685,5,1,false,false,22.30856,1.3851461,11.254389,0.6184039,0.40879884,3
49.0156,0.34527484,39.23483460454208,-77.9706992936557,0,1,5994.1475,0.7981657,5,1,false,false,21.841742,1.2628274,11.260233,0.62521195,0.41207016,3
49.007164,0.3455289,39.234841630423595,-77.97070207336806,0,1,6006.4355,0.800296,5,1,false,false,21.389301,1.1627917,11.040322,0.63218373,0.42183313,3
49.00093,0.34578297,39.23484865630511,-77.97070496901961,0,1,6018.1533,0.8008295,5,1,false,false,20.376925,1.3129532,10.436873,0.6392894,0.42625567,3
48.997807,0.34603694,39.23485568218663,-77.97070786467114,0,1,6019.79,0.80056334,5,1,false,false,19.618488,1.619149,10.595511,0.64642406,0.42838764,3
48.998928,0.346291,39.23486261790463,-77.97071087626185,0,1,6016.9233,0.8000296,5,1,false,false,18.687551,1.7847543,9.703867,0.65350765,0.41780952,3
49.001484,0.34654537,39.23486955389753,-77.97071388749909,0,1,6008.5435,0.80242723,5,1,false,false,17.743168,1.6285106,9.310161,0.6602276,0.3905644,3
49.000282,0.34679964,39.23487657977905,-77.97071701502897,0,1,6014.626,0.8082863,5,1,false,false,18.979807,1.4293692,10.207944,0.6666351,0.38415238,3
48.997025,0.34705395,39.23488342533354,-77.97072014220538,0,1,6025.6445,0.8173408,5,1,false,false,19.429491,1.3331069,10.874594,0.67314595,0.3993752,3
48.990917,0.3473085,39.23489036132644,-77.97072338532097,0,1,6025.941,0.82639617,5,1,false,false,21.347504,1.1761546,11.7965765,0.68013984,0.44501638,3
48.990414,0.3475632,39.23489729704445,-77.97072662843655,0,1,6032.627,0.8293257,5,1,false,false,18.148666,1.6678123,9.615913,0.6877843,0.45745775,3
48.99474,0.34781796,39.23490414287384,-77.97072998749131,0,1,6021.9873,0.8255973,5,1,false,false,17.541964,1.8314992,8.811122,0.6952482,0.43105593,3
49.00236,0.34807265,39.23491098842833,-77.97073346213176,0,1,5999.2197,0.82479805,5,1,false,false,17.252304,2.0554576,8.812848,0.7020336,0.37776494,3
49.00803,0.348328,39.23491783425772,-77.97073682118652,0,1,5985.532,0.8293257,5,1,false,false,16.555992,1.5641024,8.248907,0.7077631,0.31780693,3
49.00811,0.34858343,39.234924680087104,-77.97074029582699,0,1,6000.439,0.83891284,5,1,false,false,14.541639,1.2621213,6.90453,0.71271396,0.2818044,3
49.0061,0.34883884,39.234931525641606,-77.97074388640661,0,1,6037.8374,0.8495662,5,1,false,false,12.569107,1.0704436,5.352178,0.7172148,0.26444653,3
49.004204,0.34909415,39.23493828130748,-77.97074747733971,0,1,6067.0757,0.8583541,5,1,false,false,12.968905,1.1558089,6.443176,0.7216201,0.27311215,3
48.999676,0.34934917,39.23494512713687,-77.97075106791934,0,1,6093.2827,0.8692736,5,1,false,false,16.534962,0.7234611,8.063996,0.72637415,0.31754267,3
48.98159,0.34960407,39.23495188280275,-77.97075477408467,0,1,6129.3413,0.87353474,5,1,false,false,20.252892,0.39283392,11.391655,0.73279655,0.46337515,3
48.96809,0.34985876,39.23495863846862,-77.97075848060348,0,1,6158.8726,0.86740935,5,1,false,false,24.105211,1.7304524,13.9614525,0.7420002,0.6302682,3
48.977463,0.35011336,39.2349653941345,-77.97076230306145,0,1,6104.187,0.84237486,5,1,false,false,21.727043,2.749836,13.326725,0.753085,0.6561291,3
48.992374,0.35036775,39.23497205963687,-77.97076612516595,0,1,6006.876,0.8104166,5,1,false,false,21.888624,2.7749958,11.995396,0.76348716,0.5746809,3
48.997345,0.35062218,39.234978815302746,-77.97077006320963,0,1,5979.579,0.78245306,5,1,false,false,22.999374,2.1050043,13.181976,0.77224755,0.4764109,3
48.988987,0.35087654,39.23498539091649,-77.97077411719248,0,1,5974.7246,0.7670063,5,1,false,false,23.061964,1.1172196,11.971132,0.7794327,0.40268114,3
48.972115,0.35113063,39.23499205641886,-77.97077817117533,0,1,5982.6426,0.7638104,5,1,false,false,23.66392,0.9537667,12.312164,0.7861208,0.40863636,3
48.955135,0.35138446,39.23499872219612,-77.97078222515817,0,1,6013.308,0.7627454,5,1,false,false,22.264202,1.0640436,12.058061,0.7932024,0.43919873,3
48.943836,0.3516382,39.235005297534975,-77.97078639472672,0,1,6019.626,0.7563539,5,1,false,false,20.761301,1.3267443,11.602347,0.8006815,0.4532532,3
48.940445,0.35189188,39.23501178298521,-77.97079068023444,0,1,6012.2905,0.74570084,5,1,false,false,19.52321,1.7761992,10.488186,0.80821675,0.44191188,3
48.939583,0.35214528,39.23501835859896,-77.97079496574216,0,1,6005.71,0.7385106,5,1,false,false,18.698957,1.6556958,9.42641,0.8153342,0.40943497,3
48.93632,0.35239866,39.23502484404919,-77.97079936718906,0,1,6005.8936,0.73318326,5,1,false,false,19.132654,1.5392562,9.653577,0.821964,0.3876907,3
48.931477,0.35265195,39.235031329499435,-77.97080376863595,0,1,6013.251,0.7315855,5,1,false,false,19.150784,1.409974,9.562235,0.8283487,0.38136303,3
48.925533,0.35290518,39.23503781494967,-77.97080828602202,0,1,6023.5146,0.72892225,5,1,false,false,18.604408,1.3794503,9.940116,0.8347577,0.38776043,3
48.92016,0.35315818,39.235044210236396,-77.97081280305461,0,1,6033.0586,0.7211989,5,1,false,false,19.635271,1.4680716,11.362024,0.8413681,0.40547603,3
48.915867,0.3534111,39.23505069568664,-77.97081732044067,0,1,6031.5977,0.7070838,5,1,false,false,20.021122,1.5681152,11.630739,0.84831876,0.4242828,3
48.91269,0.35366404,39.23505709097336,-77.97082206899815,0,1,6026.043,0.68284875,5,1,false,false,20.53123,1.6551437,11.432531,0.855522,0.4358362,3
48.909252,0.35391682,39.23506339637147,-77.97082670232338,0,1,6022.792,0.65515196,5,1,false,false,21.49228,1.7462852,12.5017805,0.8628941,0.44646317,3
48.9058,0.35416952,39.2350697916582,-77.97083145123432,0,1,6012.1377,0.62532395,5,1,false,false,21.62879,1.7382056,12.902744,0.8704061,0.45040077,3
48.900482,0.35442215,39.23507609705631,-77.97083631573096,0,1,5998.3457,0.5957619,5,1,false,false,22.207617,1.663098,12.374545,0.8780129,0.46044225,3
48.89578,0.35467473,39.235082312290906,-77.97084118058108,0,1,5998.052,0.56646657,5,1,false,false,21.407911,1.7314876,11.945955,0.8856305,0.45018595,3
48.89358,0.35492727,39.23508861741412,-77.9708460450777,0,1,5993.536,0.536639,5,1,false,false,20.984903,1.935008,11.298248,0.8928453,0.41718292,3
48.894966,0.35517976,39.23509483264872,-77.9708511414527,0,1,5980.2295,0.5150671,5,1,false,false,19.352104,2.2480567,10.786034,0.8994312,0.36801127,3
48.894653,0.3554322,39.23510104788332,-77.97085612188852,0,1,5971.96,0.50281554,5,1,false,false,19.581755,1.821423,10.71507,0.90514445,0.32420757,3
48.89169,0.35568467,39.23510717295441,-77.9708612182635,0,1,5979.0596,0.49376127,5,1,false,false,18.99494,1.6462222,11.121466,0.91039395,0.3068641,3
48.888187,0.3559371,39.235113298300384,-77.97086643057766,0,1,5993.2275,0.4871024,5,1,false,false,17.9488,1.5693098,10.820948,0.9154642,0.30525047,3
48.885143,0.3561895,39.23511942337147,-77.97087164289181,0,1,6009.198,0.47751516,5,1,false,false,18.887383,1.7915394,10.390067,0.92065006,0.32136446,3
48.886127,0.35644183,39.23512554844256,-77.97087685485249,0,1,6010.2275,0.46553037,5,1,false,false,18.394073,1.8532687,10.862602,0.92619056,0.3388709,3
48.88885,0.35669428,39.235131583625034,-77.97088218275236,0,1,6000.6353,0.44928578,5,1,false,false,18.380783,1.8842868,11.376769,0.9319796,0.35116944,3
48.891617,0.3569468,39.23513761853261,-77.97088751100569,0,1,6007.3433,0.42957765,5,1,false,false,18.359058,2.0547266,11.000388,0.93795854,0.35864097,3
48.896263,0.35719925,39.23514365371508,-77.97089295484471,0,1,6005.23,0.4109351,5,1,false,false,18.414066,2.010469,10.793774,0.94387984,0.34922445,3
48.901337,0.35745174,39.23514959873404,-77.97089839868374,0,1,5992.092,0.3933573,5,1,false,false,18.993507,1.9974542,11.810943,0.9496471,0.34256402,3
48.90602,0.35770446,39.235155543752995,-77.97090395810848,0,1,5991.8325,0.38030753,5,1,false,false,19.860981,1.9975123,12.875091,0.95533925,0.3394608,3
48.908875,0.35795718,39.23516148849706,-77.97090951788668,0,1,5991.636,0.36379623,5,1,false,false,18.805553,1.9088292,11.160775,0.96102375,0.33782935,3
48.91389,0.3582099,39.235167433516025,-77.97091507766488,0,1,5992.933,0.35074592,5,1,false,false,17.759308,1.9622753,9.870696,0.96657544,0.32499737,3
48.922283,0.35846266,39.235173288646365,-77.97092075302879,0,1,5993.578,0.3403601,5,1,false,false,16.779057,2.1124468,9.577787,0.97179997,0.29766944,3
48.933193,0.3587158,39.23517914350181,-77.9709264283927,0,1,5984.199,0.3366307,5,1,false,false,16.454926,2.0677369,9.229381,0.97638345,0.253088,3
48.942852,0.3589689,39.23518490819375,-77.97093221969577,0,1,5980.267,0.3398276,5,1,false,false,15.77874,1.9051288,9.50535,0.98032326,0.22245474,3
48.951675,0.35922208,39.2351907630492,-77.97093801099885,0,1,5993.944,0.34808323,5,1,false,false,14.851616,1.7593609,8.553591,0.98388946,0.2070177,3
48.95867,0.35947546,39.235196528016026,-77.97094380230192,0,1,6006.565,0.35766995,5,1,false,false,14.904027,1.781613,8.658366,0.9873782,0.21510957,3
48.96854,0.35972908,39.235202292982855,-77.97094970954417,0,1,6013.5376,0.36566046,5,1,false,false,14.091472,1.8163669,7.796588,0.9910628,0.22777985,3
48.98034,0.35998276,39.235207967511286,-77.97095561678643,0,1,6018.819,0.3707203,5,1,false,false,13.352459,1.8517543,7.5725923,0.9948839,0.2309605,3
48.99589,0.3602365,39.235213732478115,-77.9709615236752,0,1,6023.1885,0.37098652,5,1,false,false,12.266773,2.0601869,6.7224665,0.9986565,0.21860193,3
49.014862,0.36049032,39.235219407281434,-77.97096754685663,0,1,6014.3516,0.36859,5,1,false,false,10.803492,2.13269,6.187018,1.0021039,0.19146807,3
49.03179,0.3607442,39.23522508208475,-77.9709734537454,0,1,6010.9067,0.36779064,5,1,false,false,10.237302,1.9546134,5.56977,1.0050329,0.16802868,3
49.04616,0.36099824,39.235230756613184,-77.97097959251252,0,1,6028.312,0.37072024,5,1,false,false,9.686687,1.5658262,4.940046,1.0076133,0.1519089,3
49.055622,0.36125225,39.2352364314165,-77.97098561569395,0,1,6049.1235,0.37657928,5,1,false,false,10.798968,1.1502562,5.810703,1.0101328,0.16610001,3
49.06432,0.36150634,39.23524201605631,-77.9709916385219,0,1,6084.046,0.38350445,5,1,false,false,9.69506,1.179709,4.5185227,1.0129882,0.18350278,3
49.074776,0.36176047,39.23524769085963,-77.97099777728901,0,1,6122.3906,0.38723263,5,1,false,false,7.268443,1.5420179,3.8568687,1.01627,0.2004973,3
49.086864,0.3620146,39.23525327549944,-77.97100391605613,0,1,6144.9,0.39149317,5,1,false,false,6.617024,1.9751413,3.5706513,1.0197549,0.21332872,3
49.100906,0.3622688,39.23525886041414,-77.97101005482325,0,1,6156.4336,0.39895013,5,1,false,false,8.259792,1.2033825,4.010583,1.023271,0.22654437,3
49.12002,0.36252305,39.23526453494257,-77.97101630952956,0,1,6178.2363,0.40720692,5,1,false,false,8.835074,1.1587714,4.224287,1.0270872,0.2411739,3
49.133224,0.36277738,39.23527002969376,-77.97102244829668,0,1,6200.312,0.414397,5,1,false,false,8.577107,1.7613883,4.4992642,1.0314076,0.2706323,3
49.148582,0.36303172,39.23527561433357,-77.97102870300297,0,1,6221.771,0.42105484,5,1,false,false,9.607112,2.258546,5.412747,1.0362505,0.30550393,3
49.17202,0.36328614,39.235281198973375,-77.9710349573558,0,1,6202.9546,0.42984387,5,1,false,false,11.714267,2.3119526,7.1985784,1.041544,0.33434683,3
49.19599,0.36354065,39.23528669372457,-77.97104121206209,0,1,6169.7036,0.4335722,5,1,false,false,12.527023,1.7766751,7.4673295,1.0472699,0.3594689,3
49.21431,0.36379525,39.235292278364376,-77.97104758235409,0,1,6180.6543,0.431708,5,1,false,false,13.608539,1.9941511,8.670146,1.0535156,0.38804698,3
49.23349,0.3640499,39.235297772840674,-77.97105383706038,0,1,6182.236,0.42584956,5,1,false,false,14.6344,2.4792066,9.144125,1.0601958,0.4079114,3
49.25407,0.3643047,39.23530317742836,-77.97106032329155,0,1,6136.1235,0.4202562,5,1,false,false,14.929063,2.4397578,8.173547,1.0671806,0.4259781,3
49.275642,0.36455956,39.23530867217954,-77.97106669393702,0,1,6113.872,0.415995,5,1,false,false,15.684873,2.4871826,9.708597,1.074244,0.42009273,3
49.29336,0.3648145,39.23531407649234,-77.97107318016819,0,1,6101.344,0.41146755,5,1,false,false,14.553432,2.317,8.365233,1.0811154,0.39737627,3
49.309624,0.36506954,39.23531948108001,-77.97107966639935,0,1,6078.174,0.40694067,5,1,false,false,15.176211,1.8714991,7.3683968,1.0873548,0.35369748,3
49.32092,0.36532468,39.235324885667694,-77.97108615263052,0,1,6078.459,0.4002818,5,1,false,false,14.284295,1.7093817,7.7466254,1.0930293,0.32855076,3
49.330585,0.36557984,39.235330200091866,-77.97109275480086,0,1,6100.4985,0.39016205,5,1,false,false,13.927311,1.6439692,6.8067718,1.098344,0.30781364,3
49.333168,0.365835,39.23533560467954,-77.97109935661773,0,1,6113.455,0.37764424,5,1,false,false,14.418516,1.0856498,8.402962,1.103506,0.32277766,3
49.33911,0.3660902,39.23534091910371,-77.97110595878807,0,1,6155.959,0.36193222,5,1,false,false,16.62723,2.0151203,10.102303,1.109328,0.3709398,3
49.350624,0.36634552,39.235346143364374,-77.97111267689758,0,1,6132.7866,0.3347666,5,1,false,false,18.908094,1.9104478,10.310745,1.1156478,0.38519758,3
49.364098,0.36660084,39.235351458063434,-77.97111939465363,0,1,6088.9487,0.30520514,5,1,false,false,19.190765,2.4759853,10.88061,1.1222388,0.40143093,3
49.377968,0.36685628,39.235356592160585,-77.97112622834884,0,1,6092.281,0.27431193,5,1,false,false,17.300247,2.2831194,9.778235,1.128813,0.3862414,3
49.39224,0.36711183,39.235361816696134,-77.97113294645835,0,1,6075.746,0.24927826,5,1,false,false,19.092983,2.1629152,11.8189745,1.1348968,0.34814596,3
49.405167,0.36736745,39.23536695106817,-77.97113989573927,0,1,6048.314,0.23116803,5,1,false,false,16.831303,2.2559328,9.932578,1.1405497,0.31864682,3
49.414734,0.36762315,39.235372085165324,-77.97114672978795,0,1,6049.212,0.2154544,5,1,false,false,18.35785,1.9463156,10.173933,1.1456591,0.2979872,3
49.42054,0.36787888,39.23537721953736,-77.97115367906886,0,1,6065.5103,0.20666635,5,1,false,false,17.233236,1.7688359,10.271728,1.150416,0.2815999,3
49.42727,0.3681348,39.2353822637459,-77.97116062870325,0,1,6068.8774,0.19947506,5,1,false,false,13.817859,0.8091312,9.03212,1.1550899,0.28060344,3
49.437553,0.3683907,39.235387307954426,-77.97116769427682,0,1,6087.931,0.19601308,5,1,false,false,19.762712,2.7119844,12.046301,1.1601634,0.32449076,3
49.448105,0.36864668,39.23539226227434,-77.9711747594969,0,1,6076.437,0.18962158,5,1,false,false,17.064192,2.0555353,11.579139,1.1652993,0.2972715,3
49.46194,0.3689028,39.23539730648287,-77.97118182507046,0,1,6068.134,0.17310928,5,1,false,false,14.02453,2.1683273,7.777256,1.1699399,0.25096837,3
49.481346,0.36915907,39.23540217036438,-77.97118889029055,0,1,6069.6377,0.1629895,5,1,false,false,15.276904,2.494051,8.994656,1.1737185,0.19820878,3
49.498928,0.36941543,39.235407124684286,-77.9711960714498,0,1,6040.406,0.16591905,5,1,false,false,13.610974,2.0958953,7.5998693,1.1764008,0.13481909,3
49.510372,0.36967188,39.23541198884069,-77.97120325260906,0,1,6055.522,0.1715114,5,1,false,false,13.373833,1.5457592,8.257525,1.1785902,0.128993,3
49.513935,0.36992854,39.235416942885706,-77.9712104341218,0,1,6107.137,0.17017978,5,1,false,false,11.789379,1.3997704,7.4678044,1.1809369,0.15188123,3
49.526398,0.37018532,39.2354217168786,-77.97121773086675,0,1,6122.553,0.15872735,5,1,false,false,11.245363,0.9770413,13.215523,1.1833316,0.13243565,3
49.519356,0.3704421,39.235426581035,-77.97122502796519,0,1,6094.848,0.1424828,5,1,false,false,9.610324,0.13712281,12.697315,1.1856353,0.14693661,3
49.51124,0.37069884,39.23543135502789,-77.97123232506362,0,1,6145.567,0.118247345,5,1,false,false,7.819445,0.5544894,10.66884,1.1879567,0.13199614,3
49.509956,0.3709558,39.235436218909406,-77.97123962216205,0,1,6156.7373,0.07856548,5,1,false,false,6.92023,0.028231025,11.242285,1.1896434,0.07475889,3
49.49808,0.37121272,39.235440993177185,-77.97124691926048,0,1,6116.09,0.04793747,5,1,false,false,5.7081,-0.47689882,14.34783,1.1903367,0.009434501,3
49.464237,0.37146953,39.23544576717008,-77.97125421635891,0,1,6160.525,0.025566097,5,1,false,false,4.9078674,-2.0302358,19.06544,1.1901746,-0.023204751,3
49.442257,0.37172666,39.23545054116296,-77.97126151310387,0,1,6208.302,0.012783049,5,1,false,false,4.7186465,-1.5432419,13.561471,1.1893802,-0.06896652,3
49.42631,0.37198395,39.23545522499234,-77.97126892614148,0,1,6163.33,0.005058841,5,1,false,false,2.9418445,0.32200876,5.04396,1.1879961,-0.0974922,3
49.41794,0.37224126,39.235459998985235,-77.97127622323991,0,1,6138.248,0.003194732,5,1,false,false,3.7708273,-0.3204179,5.660778,1.1855489,-0.1926432,3
49.413773,0.37249848,39.235464682814616,-77.97128352033835,0,1,6098.3633,0.00585804,5,1,false,false,3.1702046,0.40799874,4.5805497,1.1816806,-0.26877683,3
49.42337,0.3727562,39.23546945680751,-77.97129093302247,0,1,6066.3438,0.0061247824,5,1,false,false,2.0489664,-0.877036,5.4573736,1.1767758,-0.32825553,3
49.40628,0.37301388,39.235474140911776,-77.97129823012091,0,1,6099.6187,0.0021298216,5,1,false,false,3.6220894,0.16954905,4.3431935,1.1712484,-0.332872,3
49.38514,0.3732715,39.23547891490467,-77.97130564280504,0,1,6209.5757,-0.002663307,5,1,false,false,0.9846436,-0.5415639,1.2675551,1.1658462,-0.32868686,3
49.383137,0.37352908,39.23548359873405,-77.97131293990347,0,1,6237.751,-0.0018651388,5,1,false,false,2.3580947,0.15566705,1.183634,1.1603717,-0.32830673,3
49.398853,0.3737867,39.23548828256343,-77.97132035294108,0,1,6228.798,0.0010649108,5,1,false,false,3.5825815,1.1163929,9.114032,1.1551403,-0.29915774,3
49.422237,0.37404436,39.23549296666771,-77.9713277656252,0,1,6243.5684,-0.0029300496,5,1,false,false,2.1224651,1.6063011,5.6180596,1.1504705,-0.26684013,3
49.447624,0.3743022,39.2354977406606,-77.97133506272364,0,1,6267.828,-0.018909892,5,1,false,false,0.8022062,1.4189594,8.2111845,1.1462159,-0.24746233,3
49.4749,0.37456015,39.23550242448998,-77.97134247576125,0,1,6269.012,-0.04394353,5,1,false,false,-0.42159003,2.0827281,8.90564,1.1421968,-0.23847386,3
49.51236,0.3748183,39.23550710859425,-77.97134988844537,0,1,6246.0312,-0.06711411,5,1,false,false,-1.1014392,2.5986087,7.412353,1.1381478,-0.24204977,3
49.555813,0.37507668,39.23551179242363,-77.97135730148298,0,1,6199.067,-0.078831196,5,1,false,false,-3.3052368,2.9735713,9.516599,1.1339984,-0.25780863,3
49.611034,0.37533528,39.23551656641652,-77.97136471416711,0,1,6145.4595,-0.07909796,5,1,false,false,-3.0279303,3.446536,6.500921,1.1297209,-0.24473803,3
49.66114,0.37559423,39.23552134040941,-77.97137212720472,0,1,6067.5923,-0.06498326,5,1,false,false,-3.630689,2.7325974,6.265419,1.1260235,-0.19884412,3
49.699825,0.3758534,39.235526024238794,-77.97137942430315,0,1,6047.29,-0.042611882,5,1,false,false,-4.9739933,2.2308218,11.7051525,1.1230116,-0.16669087,3
49.720238,0.37611273,39.235530798231686,-77.97138683698728,0,1,6060.418,-0.022638103,5,1,false,false,-5.771631,1.1558999,16.707415,1.1202866,-0.16394539,3
49.735806,0.37637216,39.23553557222458,-77.97139425002489,0,1,6087.073,-0.010120776,5,1,false,false,-5.035323,1.3711804,12.227201,1.117431,-0.17486466,3
49.75884,0.37663174,39.23554034649236,-77.97140154676985,0,1,6116.4595,0.0021298225,5,1,false,false,-5.302559,1.8764876,11.146324,1.1143998,-0.1795077,3
49.799465,0.37689146,39.235545210373864,-77.97140895980745,0,1,6080.5103,0.00878912,5,1,false,false,-6.130871,3.0987825,11.770772,1.1115521,-0.15229668,3
49.842884,0.37715146,39.235549984366756,-77.97141625690588,0,1,6002.3726,0.014114701,5,1,false,false,-5.0625877,2.439653,8.125894,1.1096213,-0.0741695,3
49.870987,0.3774116,39.23555484852316,-77.97142366959002,0,1,6002.3926,0.021571143,5,1,false,false,-4.8756824,1.4922644,9.22665,1.1090455,-0.00072501507,3
49.889816,0.377672,39.23555971267956,-77.97143096668844,0,1,6056.5864,0.0255661,5,1,false,false,-4.4963284,1.2252783,8.612002,1.1093719,0.03294865,3
49.90648,0.37793237,39.23556457656107,-77.97143837972605,0,1,6071.7944,0.023701986,5,1,false,false,-2.363947,1.0316985,4.732198,1.1100963,0.05127306,3
49.9254,0.37819287,39.23556944071747,-77.97144567682449,0,1,6110.2886,0.012783052,5,1,false,false,-2.408224,1.3642812,4.378852,1.1110176,0.05652964,3
49.942898,0.3784535,39.23557430487387,-77.97145297356944,0,1,6150.094,-0.0042617037,5,1,false,false,-3.5962117,0.8814187,10.017248,1.1118853,0.041159302,3
49.950035,0.3787142,39.23557916903027,-77.97146027066788,0,1,6162.292,-0.0322254,5,1,false,false,-3.4784284,0.1298978,11.115201,1.1123135,0.0070967856,3
49.95735,0.37897494,39.23558403291178,-77.97146756776631,0,1,6258.9443,-0.054596763,5,1,false,false,-4.17486,1.26538,8.257264,1.1120218,-0.041879255,3
49.998707,0.3792358,39.235588987231694,-77.97147498080392,0,1,6288.8223,-0.066847354,5,1,false,false,-2.896861,3.589261,6.661189,1.1110042,-0.06595149,3
50.083553,0.37949705,39.2355938511132,-77.97148227754887,0,1,6094.0825,-0.075369716,5,1,false,false,-3.2071767,4.477015,6.845868,1.1101344,-0.03367312,3
50.136986,0.37975866,39.23559880543311,-77.97148957464731,0,1,5952.838,-0.086555436,5,1,false,false,-4.6000075,2.299799,11.235535,1.1098118,-0.012504772,3
50.155777,0.38002044,39.235603669589516,-77.97149687174574,0,1,6065.7417,-0.098806,5,1,false,false,-4.4863124,0.54073113,12.216232,1.1096462,-0.014766981,3
50.16277,0.38028228,39.23560862363453,-77.97150416884418,0,1,6148.806,-0.107595116,5,1,false,false,-3.6291175,0.7941182,9.078886,1.1091273,-0.046607263,3
50.19152,0.38054422,39.23561357767956,-77.9715114659426,0,1,6145.8965,-0.112654984,5,1,false,false,-4.1536636,2.5794852,9.870233,1.1080819,-0.078033656,3
50.23288,0.38080633,39.235618531999464,-77.97151876304103,0,1,6109.5312,-0.11425342,5,1,false,false,-4.9640884,2.3662882,12.263054,1.1066809,-0.0935033,3
50.27116,0.3810687,39.235623576208,-77.971526059786,0,1,6086.393,-0.11398665,5,1,false,false,-4.6320553,1.9746579,11.538684,1.1051056,-0.0966688,3
50.30169,0.38133124,39.23562853025302,-77.97153335688442,0,1,6101.0254,-0.112654984,5,1,false,false,-4.3579855,2.1170545,11.085435,1.1034477,-0.09902593,3
50.330368,0.3815939,39.23563348457293,-77.97154065398286,0,1,6111.6978,-0.112655,5,1,false,false,-3.6311615,2.1327586,9.997304,1.1017802,-0.09891982,3
50.36006,0.3818567,39.23563852878146,-77.97154795108129,0,1,6101.914,-0.11691569,5,1,false,false,-3.4997869,1.9440168,9.274253,1.1001806,-0.09453125,3
50.390633,0.38211972,39.235643572989986,-77.97155513224055,0,1,6108.2,-0.12437315,5,1,false,false,-3.4053712,1.646459,7.3748484,1.0986643,-0.089361005,3
50.41765,0.3823828,39.23564861719852,-77.97156242933899,0,1,6122.4233,-0.1339615,5,1,false,false,-3.6928115,1.549948,7.372057,1.0972509,-0.08566699,3
50.44232,0.38264605,39.23565366140705,-77.97156972643742,0,1,6138.9736,-0.14328197,5,1,false,false,-3.845327,1.5160065,7.398799,1.0958061,-0.09107622,3
50.46319,0.38290942,39.23565870561558,-77.97157702353584,0,1,6165.2646,-0.15207115,5,1,false,false,-3.7645094,1.2737764,8.353542,1.0941787,-0.106928036,3
50.487507,0.38317287,39.23566374982411,-77.9715842046951,0,1,6201.4316,-0.1611259,5,1,false,false,-3.9115133,1.6768187,7.9092116,1.0921524,-0.13363424,3
50.51744,0.38343644,39.23566879403264,-77.97159150179354,0,1,6206.916,-0.16645156,5,1,false,false,-4.3723803,1.8761221,7.9504585,1.089824,-0.14866371,3
50.550446,0.38370016,39.23567383824117,-77.97159879889197,0,1,6198.5093,-0.16884916,5,1,false,false,-5.1067667,2.1908753,8.468389,1.0871826,-0.16765329,3
50.58973,0.38396403,39.23567897261321,-77.97160598005124,0,1,6188.0654,-0.17097996,5,1,false,false,-6.0901456,2.2889297,10.536104,1.0843555,-0.17299551,3
50.622066,0.38422808,39.23568410698525,-77.97161327714966,0,1,6166.348,-0.17097998,5,1,false,false,-6.671339,2.2008047,10.932154,1.081347,-0.18756503,3
50.65614,0.38449225,39.23568915119378,-77.97162045830892,0,1,6170.1113,-0.17071426,5,1,false,false,-7.7760124,2.0574799,12.306374,1.0780935,-0.2000387,3
50.685333,0.3847566,39.23569428556582,-77.97162763946818,0,1,6156.6846,-0.16778316,5,1,false,false,-7.910021,2.1057777,12.499121,1.0746738,-0.20764022,3
50.715935,0.38502106,39.23569950982648,-77.97163482062744,0,1,6150.983,-0.1632558,5,1,false,false,-8.661091,2.008721,12.273093,1.0711813,-0.21086538,3
50.745316,0.38528565,39.23570464419852,-77.9716420017867,0,1,6150.9126,-0.15260355,5,1,false,false,-7.922166,1.8529258,10.44737,1.0677809,-0.19410728,3
50.773453,0.38555038,39.23570986845918,-77.97164918294597,0,1,6151.355,-0.1430152,5,1,false,false,-7.430338,1.8313394,9.891861,1.0647718,-0.16636473,3
50.800545,0.38581523,39.23571509299473,-77.97165636410521,0,1,6157.3896,-0.13635801,5,1,false,false,-6.5664062,1.7094988,9.610995,1.0622703,-0.13430266,3
50.82427,0.38608024,39.23572031725539,-77.97166354561796,0,1,6169.5054,-0.13555881,5,1,false,false,-6.728513,1.5245982,9.959189,1.0601138,-0.12745112,3
50.84651,0.38634527,39.23572554179094,-77.97167061083803,0,1,6193.8267,-0.14141786,5,1,false,false,-6.497833,1.4801295,9.551576,1.0579537,-0.13426895,3
50.867397,0.38661045,39.2357307660516,-77.9716777919973,0,1,6218.2217,-0.14914212,5,1,false,false,-6.241589,1.4804326,8.18927,1.0555845,-0.15135881,3
50.895294,0.38687572,39.235736080475775,-77.97168485757086,0,1,6233.382,-0.15846261,5,1,false,false,-6.9689474,1.857132,9.395534,1.0529313,-0.16757551,3
50.926212,0.38714114,39.235741305011324,-77.97169192279094,0,1,6220.855,-0.16565338,5,1,false,false,-7.129359,2.0554674,9.255029,1.050041,-0.1778066,3
50.95785,0.3874067,39.23574661943549,-77.9716991039502,0,1,6211.6523,-0.16991504,5,1,false,false,-7.8502,2.0304983,10.013295,1.0470105,-0.1855154,3
50.98895,0.38767245,39.23575193385966,-77.97170616952376,0,1,6211.592,-0.17097999,5,1,false,false,-8.046213,2.0825574,9.863026,1.0439065,-0.18408294,3
51.01882,0.38793832,39.23575733844734,-77.97171323474385,0,1,6200.7964,-0.16884914,5,1,false,false,-8.274126,1.9591056,10.262687,1.0408887,-0.17626904,3
51.047447,0.38820434,39.235762652871514,-77.97172018437824,0,1,6195.9126,-0.16485415,5,1,false,false,-7.866199,1.886923,10.294874,1.0380268,-0.16561286,3
51.07308,0.38847047,39.23576805745919,-77.9717272499518,0,1,6202.9,-0.16032678,5,1,false,false,-8.501514,1.6837293,10.774148,1.0353056,-0.16277054,3
51.097946,0.38873675,39.235773461771984,-77.97173431517189,0,1,6210.8916,-0.15659857,5,1,false,false,-8.102912,1.6677841,10.45458,1.0325867,-0.16393217,3
51.123318,0.38900316,39.23577886635966,-77.97174126480627,0,1,6218.093,-0.15207115,5,1,false,false,-7.947909,1.6945305,10.302271,1.0298603,-0.16419324,3
51.14982,0.38926965,39.23578427094734,-77.97174821444065,0,1,6224.344,-0.14727694,5,1,false,false,-8.139204,1.7780712,9.864479,1.027112,-0.16447861,3
51.176838,0.38953635,39.23578967553502,-77.97175527966074,0,1,6223.8735,-0.1435477,5,1,false,false,-7.7366776,1.8639363,9.538467,1.0244225,-0.15971285,3
51.20331,0.38980314,39.23579517001132,-77.97176222929512,0,1,6227.8403,-0.13955382,5,1,false,false,-7.431928,1.7990824,8.774295,1.0218172,-0.15368356,3
51.229904,0.39007005,39.23580066476251,-77.97176917892952,0,1,6235.8594,-0.13529211,5,1,false,false,-7.136022,1.7875578,8.453746,1.0193311,-0.14682905,3
51.25596,0.39033708,39.23580615923881,-77.97177601262473,0,1,6240.836,-0.13396144,5,1,false,false,-6.7714853,1.754988,7.923222,1.0169607,-0.13995206,3
51.281834,0.3906043,39.23581165399,-77.97178296225911,0,1,6249.6064,-0.13422717,5,1,false,false,-6.229058,1.6224465,6.9284215,1.0146976,-0.13335972,3
51.307274,0.39087158,39.235817148466296,-77.9717899118935,0,1,6262.911,-0.13689044,5,1,false,false,-5.989257,1.6316742,7.3798327,1.0125173,-0.13029023,3
51.332306,0.39113906,39.235822733106104,-77.97179674558872,0,1,6274.144,-0.14221707,5,1,false,false,-6.774777,1.5771384,7.971424,1.0102798,-0.13957594,3
51.357933,0.3914066,39.2358282278573,-77.97180369486962,0,1,6283.9106,-0.14940782,5,1,false,false,-6.1505165,1.588377,7.7659616,1.0079074,-0.14530624,3
51.384033,0.3916743,39.235833812497106,-77.97181052891831,0,1,6297.3833,-0.1539352,5,1,false,false,-7.3142796,1.7097186,9.689548,1.0053495,-0.16240275,3
51.414753,0.39194214,39.235839397136914,-77.97181736261352,0,1,6295.8794,-0.15606606,5,1,false,false,-8.687306,2.0326047,11.533828,1.002423,-0.18553936,3
51.44414,0.39221016,39.23584498177672,-77.97182419630875,0,1,6275.2905,-0.15393524,5,1,false,false,-8.83802,1.9522355,11.960886,0.99912405,-0.20886987,3
51.47667,0.3924783,39.23585056641654,-77.97183103000395,0,1,6274.433,-0.14487937,5,1,false,false,-9.751616,2.2220352,12.184399,0.99544454,-0.2222183,3
51.50906,0.39274663,39.23585624121986,-77.97183786369916,0,1,6250.8335,-0.1257048,5,1,false,false,-9.648682,2.1204488,11.985565,0.99179596,-0.20525387,3
51.539463,0.39301512,39.235861916023175,-77.97184458145522,0,1,6225.749,-0.10653022,5,1,false,false,-9.852994,1.9509125,12.197018,0.9886626,-0.1673057,3
51.564426,0.3932838,39.235867590826494,-77.97185141550389,0,1,6229.6445,-0.08788708,5,1,false,false,-9.590842,1.5540276,12.668427,0.986182,-0.13005835,3
51.58683,0.39355257,39.23587326562981,-77.97185813325994,0,1,6240.9565,-0.0785655,5,1,false,false,-8.39411,1.5035692,10.72989,0.9842844,-0.09956658,3
51.60963,0.39382145,39.23587894043313,-77.97186485101598,0,1,6251.2803,-0.069777414,5,1,false,false,-7.4344883,1.5461669,10.005831,0.9827941,-0.08193312,3
51.633827,0.39409047,39.235884705125066,-77.9718715691255,0,1,6262.1177,-0.06125504,5,1,false,false,-6.341271,1.6150625,8.753727,0.9815826,-0.06564544,3
51.65797,0.39435965,39.235890470091896,-77.97187828688153,0,1,6272.093,-0.056194127,5,1,false,false,-5.0276737,1.5319526,7.106226,0.98061293,-0.051676232,3
51.68125,0.3946289,39.23589623478384,-77.97188488905188,0,1,6287.8423,-0.056993335,5,1,false,false,-4.6123233,1.3857067,7.0447392,0.97984076,-0.044030547,3
51.702747,0.3948983,39.235901999750666,-77.97189160716138,0,1,6308.9595,-0.06445079,5,1,false,false,-3.9604142,1.3876202,6.0777817,0.97912407,-0.044921108,3
51.7248,0.39516783,39.23590776444261,-77.97189832491743,0,1,6333.3906,-0.071907245,5,1,false,false,-3.511661,1.1764743,5.5295396,0.97834265,-0.0503789,3
51.74745,0.39543748,39.23591352940944,-77.97190492708776,0,1,6358.4956,-0.0767014,5,1,false,false,-3.3628526,1.6159214,5.1572886,0.97741914,-0.060348324,3
51.7745,0.39570722,39.23591929410137,-77.97191164484381,0,1,6372.102,-0.07856548,5,1,false,false,-3.1325188,1.6780283,5.195802,0.9763703,-0.06586266,3
51.80258,0.3959771,39.235925148956824,-77.97191824701414,0,1,6373.8867,-0.07963042,5,1,false,false,-3.4469256,1.8046348,5.8451324,0.97521836,-0.0727384,3
51.833782,0.3962472,39.23593091392365,-77.9719249647702,0,1,6378.8403,-0.08096208,5,1,false,false,-3.829352,1.8958669,6.291907,0.9739474,-0.080605134,3
51.86458,0.39651746,39.2359367687791,-77.97193156694053,0,1,6377.249,-0.08122881,5,1,false,false,-4.1320915,1.9610214,7.6052804,0.97253764,-0.08875208,3
51.89785,0.3967879,39.23594262363455,-77.97193816911087,0,1,6375.41,-0.08042959,5,1,false,false,-4.8059206,2.200778,8.162377,0.9709743,-0.098344654,3
51.93319,0.3970585,39.23594838860138,-77.97194488686691,0,1,6361.1206,-0.07936468,5,1,false,false,-5.046529,2.205815,9.945368,0.96925735,-0.1066497,3
51.9684,0.3973293,39.235954243456824,-77.97195148903725,0,1,6343.746,-0.07696711,5,1,false,false,-5.5467997,2.193385,10.206875,0.967431,-0.11175486,3
52.00307,0.3976003,39.23596018847579,-77.9719580912076,0,1,6335.3345,-0.07350562,5,1,false,false,-5.9926243,2.1215122,11.290234,0.96555644,-0.11304257,3
52.036304,0.39787143,39.23596604333124,-77.97196469337794,0,1,6322.762,-0.06844573,5,1,false,false,-6.232812,2.004349,11.56503,0.96371496,-0.10708576,3
52.066994,0.39814276,39.23597189818668,-77.9719712951948,0,1,6314.6787,-0.06418403,5,1,false,false,-6.3733335,1.8642966,12.479495,0.9619978,-0.098928794,3
52.096474,0.39841422,39.235977843205646,-77.97197789736515,0,1,6316.511,-0.061521776,5,1,false,false,-6.4562855,1.797714,12.760024,0.9604242,-0.089510694,3
52.124165,0.3986858,39.2359837882246,-77.97198449953548,0,1,6316.176,-0.059923377,5,1,false,false,-6.6918645,1.6988804,12.823122,0.9589964,-0.08260123,3
52.15162,0.39895758,39.23598964308005,-77.97199098576665,0,1,6318.1997,-0.056726586,5,1,false,false,-6.3882,1.7346852,12.319784,0.95766675,-0.07714694,3
52.17904,0.39922953,39.23599558809901,-77.971997587937,0,1,6320.2046,-0.05219917,5,1,false,false,-5.7519546,1.7111846,11.712859,0.9564785,-0.06597238,3
52.206608,0.3995016,39.236001623281474,-77.97200407416815,0,1,6321.0986,-0.04713929,5,1,false,false,-5.5201664,1.7338613,11.668429,0.95546794,-0.05536857,3
52.23348,0.39977378,39.23600756830044,-77.9720106763385,0,1,6321.4536,-0.04421028,5,1,false,false,-5.1465015,1.6587205,12.446504,0.95463467,-0.045365624,3
52.258854,0.40004614,39.23601351331939,-77.97201716256967,0,1,6329.388,-0.04527518,5,1,false,false,-4.9218163,1.548213,11.6480055,0.95390934,-0.042344514,3
52.28435,0.4003186,39.23601954822697,-77.97202364880084,0,1,6341.6494,-0.04847095,5,1,false,false,-4.292168,1.6078942,10.793665,0.95320916,-0.040820442,3
52.31106,0.40059122,39.23602558340944,-77.972030135032,0,1,6345.58,-0.05326511,5,1,false,false,-4.158856,1.6948359,11.139102,0.95254886,-0.03899828,3
52.339203,0.40086398,39.2360315284284,-77.97203673720234,0,1,6344.8843,-0.057525776,5,1,false,false,-4.006868,1.7488856,11.148181,0.95190483,-0.037823986,3
52.365696,0.4011369,39.23603756333598,-77.97204322343352,0,1,6345.7373,-0.06231994,5,1,false,false,-4.044579,1.6043563,11.396034,0.95126116,-0.04047056,3
52.391453,0.40140992,39.23604359851845,-77.97204970966469,0,1,6358.2144,-0.06578245,5,1,false,false,-3.8693357,1.6287726,11.287443,0.9505212,-0.047459923,3
52.4179,0.40168312,39.23604963342603,-77.97205619589585,0,1,6364.13,-0.067114115,5,1,false,false,-3.5093942,1.6656709,10.481109,0.94967616,-0.052298415,3
52.445126,0.40195647,39.23605566860849,-77.97206256618784,0,1,6363.3447,-0.066847354,5,1,false,false,-3.499815,1.7603346,10.437195,0.9487818,-0.055458393,3
52.47299,0.4022299,39.23606179367958,-77.97206905241902,0,1,6366.532,-0.064184055,5,1,false,false,-3.5445018,1.7355496,10.7338,0.9478513,-0.056537803,3
52.499443,0.40250352,39.23606782886205,-77.97207553865019,0,1,6367.613,-0.059657663,5,1,false,false,-3.2635908,1.6064081,10.250356,0.9469123,-0.05614583,3
52.5245,0.40277728,39.23607386376963,-77.97208202488135,0,1,6379.1577,-0.053530827,5,1,false,false,-3.1755872,1.6186979,10.142479,0.9459691,-0.057752274,3
52.55081,0.40305117,39.23607998884072,-77.972088511466,0,1,6389.854,-0.04820525,5,1,false,false,-3.0336442,1.7091409,10.389281,0.9450146,-0.056927245,3
52.5776,0.4033252,39.2360861141867,-77.97209488175798,0,1,6387.809,-0.04128125,5,1,false,false,-2.611336,1.7517773,8.502738,0.9441016,-0.052803203,3
52.60443,0.40359932,39.236092149094276,-77.97210136798915,0,1,6394.038,-0.035421167,5,1,false,false,-2.4975233,1.674571,9.219517,0.9432757,-0.046774805,3
52.63174,0.40387362,39.236098274165364,-77.97210785422033,0,1,6399.8506,-0.030094542,5,1,false,false,-2.72362,1.710104,9.835319,0.94254,-0.042521708,3
52.65651,0.40414807,39.23610439951134,-77.97211422451231,0,1,6402.028,-0.024502218,5,1,false,false,-2.2982512,1.4999758,8.789764,0.94186574,-0.039522644,3
52.68231,0.40442264,39.23611052458243,-77.97212071109696,0,1,6420.4673,-0.019175608,5,1,false,false,-2.1539044,1.6509489,8.627706,0.9412257,-0.037082497,3
52.710823,0.40469736,39.23611664965352,-77.97212719732812,0,1,6422.3555,-0.00985403,5,1,false,false,-2.1227393,1.858265,8.844956,0.94063914,-0.032923345,3
52.740894,0.40497217,39.236122774724606,-77.97213356762012,0,1,6407.757,-0.0002667422,5,1,false,false,-1.8654757,1.8163018,9.554051,0.9401486,-0.02568129,3
52.768818,0.40524718,39.23612890007058,-77.97214005385129,0,1,6410.6064,0.013582248,5,1,false,false,-1.5428517,1.5965348,7.8091764,0.93980694,-0.015874581,3
52.79504,0.40552238,39.23613502514167,-77.97214642449676,0,1,6423.3867,0.029029636,5,1,false,false,-1.1018113,1.5372064,8.381126,0.93963915,-0.0045008077,3
52.821507,0.40579763,39.23614115021276,-77.97215291072793,0,1,6426.6455,0.04420924,5,1,false,false,-1.146431,1.6414361,9.413495,0.9396287,0.0039503807,3
52.84728,0.40607306,39.23614736544736,-77.97215928101991,0,1,6429.368,0.06125399,5,1,false,false,-0.40742266,1.516726,8.008726,0.93980545,0.017769217,3
52.874485,0.40634862,39.23615349051845,-77.97216576725108,0,1,6442.621,0.079097934,5,1,false,false,-0.23941086,1.561404,7.574193,0.9402026,0.030673806,3
52.903137,0.40662432,39.236159615589536,-77.97217225348226,0,1,6441.7354,0.094811045,5,1,false,false,0.10256638,1.6830074,7.69491,0.9408311,0.045057848,3
52.93142,0.40690017,39.236165830824135,-77.97217862412772,0,1,6434.9727,0.10519701,5,1,false,false,0.66464317,1.4920061,9.369729,0.94171286,0.061238084,3
52.955982,0.4071762,39.23617195617011,-77.9721851103589,0,1,6447.1953,0.112387754,5,1,false,false,1.2061785,1.3329281,11.221812,0.9428955,0.08053325,3
52.98115,0.4074523,39.23617817140471,-77.97219159659006,0,1,6468.3364,0.11744863,5,1,false,false,1.8182697,1.4924531,12.635675,0.94441146,0.10185034,3
53.01075,0.40772855,39.2361842964758,-77.97219808282122,0,1,6463.717,0.11877978,5,1,false,false,2.2139103,1.8951883,13.01463,0.9462656,0.1217207,3
53.04599,0.408005,39.2361905117104,-77.9722045690524,0,1,6439.412,0.11584973,5,1,false,false,2.1249537,2.170698,10.492638,0.94842404,0.13279559,3
53.079315,0.40828165,39.236196636781486,-77.97221105528357,0,1,6413.2397,0.10759407,5,1,false,false,2.1967473,1.8571703,8.28655,0.95062816,0.12841356,3
53.10699,0.40855843,39.236202852016085,-77.97221754151474,0,1,6408.118,0.10040336,5,1,false,false,2.6174238,1.4685067,8.316706,0.95264983,0.112975605,3
53.12661,0.40883532,39.23620897708717,-77.9722240277459,0,1,6417.169,0.09667515,5,1,false,false,2.7556152,0.82096833,8.368923,0.95444363,0.102981,3
53.137596,0.40911233,39.23621510215826,-77.97223051397707,0,1,6459.42,0.09560974,5,1,false,false,3.0191615,0.57289314,10.268218,0.9561697,0.10774067,3
53.150047,0.40938938,39.23622131739286,-77.97223700020824,0,1,6524.8267,0.09587648,5,1,false,false,3.3596969,0.9172822,9.541537,0.9581357,0.12793428,3
53.169884,0.40966654,39.23622744273884,-77.97224360237858,0,1,6544.4434,0.098805495,5,1,false,false,3.632468,1.4886152,8.977348,0.9604335,0.14747876,3
53.203705,0.40994376,39.236233567809926,-77.97225008860974,0,1,6532.786,0.10253421,5,1,false,false,3.9790146,2.417965,8.581308,0.9630129,0.15876245,3
53.24449,0.41022125,39.236239783044525,-77.97225669078009,0,1,6492.5576,0.10652866,5,1,false,false,4.5920143,2.3902025,9.310766,0.96564865,0.15436248,3
53.279537,0.41049892,39.23624590811561,-77.97226317701126,0,1,6451.945,0.11078985,5,1,false,false,5.2953305,1.9532118,9.683733,0.9681375,0.14303358,3
53.306202,0.41077676,39.2362520331867,-77.97226977918159,0,1,6458.9136,0.11505055,5,1,false,false,5.821495,1.4698809,11.896761,0.9704519,0.1357277,3
53.327976,0.41105467,39.23625815825779,-77.97227638099847,0,1,6475.0938,0.11664841,5,1,false,false,7.1384473,1.34152,14.447721,0.97274584,0.14393169,3
53.35047,0.41133273,39.23626428360377,-77.97228309910797,0,1,6479.789,0.11318644,5,1,false,false,7.112423,1.5303634,13.018866,0.97530866,0.16206701,3
53.37615,0.41161087,39.236270408674855,-77.97228970127831,0,1,6478.3276,0.10546323,5,1,false,false,7.0338116,1.7932824,12.329747,0.97808594,0.16721092,3
53.404053,0.41188914,39.236276533745944,-77.97229641903435,0,1,6464.845,0.09587649,5,1,false,false,6.6902933,1.7892886,11.848356,0.98074454,0.14738782,3
53.4297,0.41216752,39.23628265881703,-77.9723030212047,0,1,6448.7925,0.08282618,5,1,false,false,6.967597,1.5395992,11.149468,0.98295224,0.11767712,3
53.450527,0.41244605,39.2362886939995,-77.97230973896073,0,1,6455.9414,0.073505625,5,1,false,false,5.989761,1.236516,9.939515,0.98467636,0.090510815,3
53.46826,0.41272464,39.23629481907059,-77.97231645707025,0,1,6480.522,0.06418303,5,1,false,false,5.1169224,1.1504924,9.015643,0.9860041,0.07121681,3
53.486866,0.41300336,39.236300944141675,-77.97232329076546,0,1,6498.9624,0.054862477,5,1,false,false,4.6902165,1.2440779,9.0159645,0.9871271,0.0646305,3
53.506424,0.41328216,39.23630697932415,-77.97233000852151,0,1,6511.5327,0.04500741,5,1,false,false,4.1184535,1.1572047,8.126339,0.9881927,0.06400161,3
53.525547,0.41356102,39.236313014506614,-77.97233672663101,0,1,6533.229,0.02902963,5,1,false,false,3.6990595,1.2594559,7.5343127,0.9892487,0.06378642,3
53.547012,0.41384,39.2363191395777,-77.97234356032624,0,1,6554.473,0.008522377,5,1,false,false,3.2264173,1.4297942,7.776632,0.990295,0.061427344,3
53.572243,0.41411912,39.23632517448528,-77.97235039402145,0,1,6554.8184,-0.013582249,5,1,false,false,3.1688654,1.5760324,8.105427,0.99125075,0.053449284,3
53.599216,0.41439837,39.23633120966775,-77.97235711177748,0,1,6551.0444,-0.03355705,5,1,false,false,2.6413589,1.6827989,8.357344,0.9920482,0.04162194,3
53.62766,0.41467774,39.23633733473884,-77.97236394582617,0,1,6552.4766,-0.04820524,5,1,false,false,2.3764887,1.7498298,7.774409,0.9925915,0.02360076,3
53.656445,0.4149573,39.23634336992131,-77.97237077952138,0,1,6543.666,-0.05885743,5,1,false,false,2.213846,1.7505561,7.9911647,0.9928212,0.003745924,3
53.68511,0.41523698,39.236349404828886,-77.97237761321661,0,1,6534.3604,-0.060190115,5,1,false,false,2.0227423,1.6768694,8.475174,0.9926967,-0.017166572,3
53.71105,0.41551682,39.23635544001135,-77.97238444691182,0,1,6535.4395,-0.052998357,5,1,false,false,1.8994064,1.4383599,7.7238617,0.9922555,-0.033856865,3
53.734985,0.4157968,39.23636156508244,-77.97239128060703,0,1,6545.8887,-0.03675281,5,1,false,false,1.5220361,1.3631021,7.891372,0.991581,-0.044905595,3
53.759098,0.4160769,39.23636760026491,-77.97239811430224,0,1,6555.0444,-0.015714124,5,1,false,false,2.070079,1.3796561,9.258196,0.9907875,-0.04709652,3
53.783672,0.4163571,39.23637363517249,-77.97240506393663,0,1,6559.3853,0.0026622768,5,1,false,false,1.5081358,1.4097385,8.820258,0.9900356,-0.04268564,3
53.809177,0.41663745,39.23637967035496,-77.97241189763184,0,1,6566.3994,0.027696954,5,1,false,false,1.854893,1.4584078,7.7171135,0.9893829,-0.03410447,3
53.838455,0.41691795,39.236385705262535,-77.97241873132705,0,1,6567.797,0.04580662,5,1,false,false,1.3851812,1.7695482,8.858975,0.98889565,-0.024721798,3
53.86837,0.4171986,39.23639183060851,-77.97242568096145,0,1,6546.942,0.059655596,5,1,false,false,1.8530148,1.6589022,8.437788,0.98858744,-0.011014551,3
53.894897,0.41747943,39.236397865516096,-77.97243251465666,0,1,6545.552,0.06684633,5,1,false,false,1.2016225,1.4237641,9.484133,0.98849714,0.00028298574,3
53.91928,0.41776034,39.23640390069856,-77.97243946429104,0,1,6563.749,0.068444744,5,1,false,false,1.932193,1.3891833,11.105319,0.9886366,0.017438112,3
53.944298,0.4180414,39.23640993560614,-77.97244641392543,0,1,6565.9116,0.06524896,5,1,false,false,1.3592837,1.5039694,11.291682,0.9890739,0.032514032,3
53.971672,0.41832262,39.23641606067723,-77.97245324762065,0,1,6561.8965,0.05566167,5,1,false,false,1.6316252,1.6892445,10.3413725,0.98975337,0.045134388,3
54.001564,0.41860396,39.236422095859695,-77.97246019725503,0,1,6556.266,0.042078387,5,1,false,false,1.0583616,1.7948432,10.747644,0.99057835,0.04899483,3
54.030266,0.41888553,39.23642813104217,-77.97246714653595,0,1,6538.7974,0.028762888,5,1,false,false,1.1601484,1.6410753,11.041843,0.99141335,0.048462044,3
54.05608,0.4191672,39.236434165949746,-77.97247409617033,0,1,6535.701,0.014913898,5,1,false,false,1.0430005,1.4724288,11.903969,0.9922087,0.043511193,3
54.07837,0.41944894,39.236440291020834,-77.97248104580471,0,1,6548.2285,0.006658268,5,1,false,false,0.6974057,1.2713352,13.192808,0.9929023,0.036871124,3
54.10086,0.4197309,39.2364463262033,-77.97248799543911,0,1,6557.11,-0.0002667436,5,1,false,false,1.050956,1.3836852,11.251956,0.9934752,0.030759024,3
54.12517,0.42001292,39.23645236111088,-77.97249494507349,0,1,6556.8076,-0.0055933567,5,1,false,false,0.8185022,1.4646666,9.3986435,0.99395466,0.025232935,3
54.149696,0.4202951,39.23645839629335,-77.97250189435441,0,1,6559.5557,-0.007190724,5,1,false,false,0.7394208,1.6018473,8.686251,0.9943186,0.018737346,3
54.173622,0.4205774,39.23646452136444,-77.97250884398879,0,1,6560.223,-0.005326613,5,1,false,false,0.5343251,1.3546499,7.7012525,0.9945522,0.011527509,3
54.19439,0.42085987,39.236470556546905,-77.97251590956235,0,1,6567.9243,0.0007981686,5,1,false,false,0.64315504,1.1163559,7.021656,0.99464965,0.0062011983,3
54.211548,0.42114237,39.23647659145448,-77.97252285884326,0,1,6599.0747,0.00985403,5,1,false,false,0.7370043,0.9940395,7.827784,0.9947089,0.0067173718,3
54.22796,0.42142504,39.23648271680046,-77.97252980847765,0,1,6630.9985,0.020240515,5,1,false,false,0.7512468,1.0632458,5.9788837,0.99481,0.009280538,3
54.246304,0.42170772,39.23648875170804,-77.97253687405122,0,1,6652.1016,0.02929534,5,1,false,false,1.0420814,1.1732583,5.2358017,0.9949991,0.016764034,3
54.274517,0.42199057,39.23649478689051,-77.9725438236856,0,1,6657.755,0.036751777,5,1,false,false,0.74527204,1.7458683,5.4259257,0.99529326,0.019874165,3
54.30048,0.42227358,39.23650082179809,-77.97255077296651,0,1,6629.4414,0.04074675,5,1,false,false,0.6865709,1.1982087,6.7421303,0.9956212,0.02262529,3
54.322155,0.4225567,39.236506947144065,-77.97255783854007,0,1,6645.078,0.04341004,5,1,false,false,0.8953071,1.1747723,7.6076946,0.9959988,0.025977006,3
54.3436,0.4228399,39.23651298205164,-77.97256478817445,0,1,6673.2197,0.0458066,5,1,false,false,1.3917964,1.3118763,9.172239,0.996414,0.028807307,3
54.375168,0.4231233,39.23651910712273,-77.97257185339454,0,1,6666.2075,0.047138263,5,1,false,false,1.1905549,1.6625195,12.960199,0.997056,0.042303916,3
54.40688,0.42340684,39.236525142305204,-77.9725789189681,0,1,6643.029,0.0428776,5,1,false,false,1.0669918,1.9652182,6.7646294,0.9978371,0.04766797,3
54.437187,0.42369056,39.23653117721278,-77.97258586824901,0,1,6637.4917,0.03169191,5,1,false,false,3.318668,2.246409,14.282776,0.9986979,0.06314691,3
54.478092,0.42397448,39.23653730255876,-77.97259293382257,0,1,6588.79,0.026631005,5,1,false,false,1.6008766,1.4037433,17.87486,0.9997636,0.06521051,3
54.497395,0.42425853,39.23654333746634,-77.97259999904266,0,1,6567.259,0.009854026,5,1,false,false,0.0883161,0.6024376,7.8276353,1.0007331,0.048591986,3
54.5272,0.42454273,39.2365493726488,-77.97260706461621,0,1,6666.777,-0.018110693,5,1,false,false,2.1994526,3.1057432,15.729085,1.0014223,0.03256337,3
54.556442,0.42482707,39.23655549771989,-77.9726141298363,0,1,6575.774,-0.032225393,5,1,false,false,0.36989182,1.4777548,10.545216,1.0018289,0.010588843,3
54.56651,0.42511156,39.236561532902364,-77.97262119540987,0,1,6548.1147,-0.036486063,5,1,false,false,-0.4286142,0.28278768,7.261913,1.0019346,0.00030575617,3
54.59849,0.4253961,39.23656765797345,-77.97262826062995,0,1,6696.327,-0.033290308,5,1,false,false,0.35303754,1.8525087,5.944373,1.0016257,-0.03160348,3
54.604313,0.4256808,39.23657369288103,-77.97263532620352,0,1,6599.0044,-0.026366329,5,1,false,false,0.09916611,-0.35479778,5.5357714,1.001088,-0.026303176,3
54.62837,0.42596555,39.2365797280635,-77.97264239142359,0,1,6654.586,-0.0042617023,5,1,false,false,0.7510376,0.79150116,7.3611217,1.0004832,-0.04013828,3
54.622036,0.42625037,39.236585853134585,-77.97264957258285,0,1,6752.827,0.012517336,5,1,false,false,1.0606906,-0.4097886,7.1781735,0.9999625,-0.021426715,3
54.65615,0.42653525,39.23659188831705,-77.97265663815642,0,1,6775.4966,0.033290308,5,1,false,false,1.0615265,1.6657662,5.6558986,0.9996035,-0.022677867,3
54.703426,0.42682034,39.23659801338815,-77.9726637033765,0,1,6655.96,0.04820317,5,1,false,false,-0.019582495,2.4423046,5.925193,0.9992924,-0.018475069,3
54.740932,0.4271057,39.23660404857061,-77.97267076895007,0,1,6626.3413,0.059123144,5,1,false,false,0.26870555,2.134957,6.0783534,0.9989667,-0.01785253,3
54.76407,0.42739117,39.2366101736417,-77.97267795010931,0,1,6656.577,0.06604713,5,1,false,false,0.28483766,0.58699554,7.867794,0.99866486,-0.013780961,3
54.77995,0.42767677,39.23661620854928,-77.9726850153294,0,1,6672.5537,0.07030884,5,1,false,false,1.4668125,1.110183,9.145475,0.99849796,0.0016450558,3
54.801373,0.42796242,39.236622333895255,-77.97269208090297,0,1,6690.7046,0.07164046,5,1,false,false,0.8142646,0.9078087,8.147367,0.99860626,0.01214601,3
54.825474,0.42824823,39.236628458966344,-77.97269926206222,0,1,6699.48,0.07110699,5,1,false,false,0.8803748,1.6578293,6.7588305,0.9989186,0.026340207,3
54.856277,0.42853412,39.23663449387392,-77.97270632763579,0,1,6690.718,0.071107,5,1,false,false,0.6305478,1.5897627,6.6718755,0.9993658,0.029559467,3
54.88432,0.42882022,39.2366406192199,-77.97271350879504,0,1,6666.4766,0.07350561,5,1,false,false,0.55081296,1.3836977,6.625481,0.99988186,0.036628164,3
54.90396,0.4291064,39.23664665412748,-77.9727206899543,0,1,6689.448,0.07909794,5,1,false,false,0.84980524,0.7000747,6.631651,1.0004501,0.038871005,3
54.919636,0.4293927,39.23665277919857,-77.97272775517439,0,1,6738.047,0.08362538,5,1,false,false,0.84571636,0.98736686,5.2347736,1.0011322,0.047424678,3
54.942017,0.4296791,39.23665890454455,-77.97273493668712,0,1,6752.102,0.08682113,5,1,false,false,1.1767484,1.2354382,6.5352917,1.0019273,0.054067437,3
54.972137,0.42996562,39.236664939452126,-77.97274211784638,0,1,6734.764,0.08815227,5,1,false,false,1.5819535,1.4222503,9.237651,1.002865,0.063811414,3
54.998253,0.43025228,39.236671064523215,-77.97274918306647,0,1,6737.408,0.087619804,5,1,false,false,1.5330456,1.3859911,6.629246,1.0040185,0.07511727,3
55.029034,0.43053907,39.23667709970568,-77.97275636422573,0,1,6748.721,0.08096208,5,1,false,false,1.4914775,1.7426374,6.774657,1.0053511,0.08322057,3
55.06429,0.43082604,39.23668322477677,-77.97276354573846,0,1,6715.395,0.07164049,5,1,false,false,1.7354095,2.0835917,8.650606,1.0067561,0.085935496,3
55.096237,0.43111315,39.236689350122745,-77.97277072689772,0,1,6683.094,0.060721528,5,1,false,false,1.5090798,1.450726,7.4163513,1.0081874,0.08686312,3
55.119946,0.43140042,39.23669538503033,-77.97277790805698,0,1,6703.708,0.052731622,5,1,false,false,1.4484487,1.014424,6.202735,1.009577,0.08401246,3
55.140865,0.43168783,39.23670151010142,-77.97278520515542,0,1,6735.4233,0.04500742,5,1,false,false,1.5580871,1.2411268,6.334114,1.0108979,0.08057947,3
55.166058,0.43197528,39.236707635447395,-77.97279238631467,0,1,6726.304,0.04074675,5,1,false,false,1.9822733,0.9313842,7.170993,1.0121706,0.08111428,3
55.18571,0.4322629,39.23671367035497,-77.97279956747393,0,1,6735.7544,0.03808344,5,1,false,false,1.7764311,0.9688411,5.8893886,1.0134622,0.08078513,3
55.20588,0.4325506,39.23671979542606,-77.97280686457236,0,1,6784.472,0.030893749,5,1,false,false,2.0046155,1.0290492,5.595597,1.0147859,0.08350081,3
55.23566,0.4328384,39.23672583060853,-77.97281404573162,0,1,6779.3096,0.024766907,5,1,false,false,2.4554007,1.493336,6.2448864,1.0160846,0.07727843,3
55.26306,0.43312633,39.236731955679616,-77.97282134283006,0,1,6748.788,0.02077297,5,1,false,false,2.2719438,1.2671144,6.8525023,1.0173426,0.077411786,3
55.288937,0.43341443,39.23673799086209,-77.9728285239893,0,1,6782.0923,0.016778009,5,1,false,false,2.2910004,1.2116141,5.4933066,1.0185059,0.06707956,3
55.31273,0.43370262,39.23674411593318,-77.97283582108774,0,1,6798.6606,0.009854032,5,1,false,false,2.623173,1.3753182,6.794996,1.0196408,0.0678547,3
55.344307,0.43399093,39.23675015111564,-77.972843002247,0,1,6781.445,0.010119742,5,1,false,false,1.4193054,1.7332925,4.872948,1.0207049,0.054598656,3
55.371468,0.43427938,39.23675627618673,-77.97285029934544,0,1,6778.7197,0.014114703,5,1,false,false,1.1700641,1.6610156,3.3155632,1.0215504,0.043865915,3
55.401943,0.43456796,39.23676240125782,-77.97285759644387,0,1,6799.6436,0.020240512,5,1,false,false,1.5732769,2.030548,4.079891,1.0221395,0.028462462,3
55.422096,0.43485668,39.236768436440286,-77.97286489354231,0,1,6779.309,0.030627001,5,1,false,false,2.1064165,0.50370854,5.88529,1.0225917,0.03242453,3
55.43657,0.43514544,39.236774561511375,-77.97287219028726,0,1,6838.974,0.04607335,5,1,false,false,2.360724,1.1765202,4.766393,1.0231756,0.041315805,3
55.45879,0.43543428,39.23678059641895,-77.9728794873857,0,1,6888.6978,0.054862462,5,1,false,false,3.314489,1.3635691,8.639533,1.0239996,0.06167817,3
55.50169,0.4357233,39.236786631601426,-77.97288678448413,0,1,6832.442,0.060454793,5,1,false,false,4.7083497,2.3398426,11.834759,1.0251303,0.07589831,3
55.544327,0.43601254,39.236792756672514,-77.97289408158255,0,1,6770.5015,0.058323942,5,1,false,false,3.791546,2.2373018,11.097834,1.0265646,0.08933534,3
55.58601,0.43630204,39.23679879185498,-77.9729014942667,0,1,6766.043,0.046605803,5,1,false,false,4.1221004,2.0048242,10.545978,1.0281043,0.089199305,3
55.62081,0.43659168,39.23680491692607,-77.97290879136513,0,1,6730.1313,0.02583284,5,1,false,false,3.531085,1.7703278,9.439134,1.0294597,0.06671978,3
55.649258,0.4368815,39.236810952108534,-77.97291620440272,0,1,6707.7954,0.009321576,5,1,false,false,3.9929223,1.114108,10.332125,1.0303442,0.045135126,3
55.669647,0.4371715,39.23681698701612,-77.97292361708686,0,1,6739.0435,-0.00026674266,5,1,false,false,3.0869968,0.78676623,10.244055,1.0309104,0.02778983,3
55.687424,0.43746153,39.236823022198585,-77.97293103012446,0,1,6768.1665,-0.007457466,5,1,false,false,2.8021703,0.545259,9.785595,1.0312946,0.022971068,3
55.7108,0.43775165,39.23682905710616,-77.9729384428086,0,1,6789.854,-0.014114703,5,1,false,false,2.4291382,1.2058679,7.433176,1.0316398,0.01925711,3
55.735165,0.43804193,39.23683518217725,-77.9729458558462,0,1,6794.531,-0.019974804,5,1,false,false,2.4348493,1.1549729,9.700657,1.0319531,0.019950682,3
55.761063,0.43833232,39.23684121735972,-77.97295326853033,0,1,6801.4453,-0.022638112,5,1,false,false,2.1947517,1.2676915,12.682047,1.0322952,0.020350503,3
55.78754,0.4386229,39.23684725254219,-77.97296068156794,0,1,6813.609,-0.026366323,5,1,false,false,1.7447698,1.2676616,10.349391,1.0326513,0.020262713,3
55.820717,0.43891355,39.23685328744977,-77.97296809425207,0,1,6808.802,-0.03568687,5,1,false,false,1.7092729,1.9663694,10.589871,1.0329714,0.01593565,3
55.85965,0.43920445,39.236859322632235,-77.97297562322885,0,1,6762.456,-0.04793849,5,1,false,false,1.8364586,1.818522,11.292382,1.0331181,0.0017608037,3
55.891556,0.4394955,39.23686535753981,-77.97298303591297,0,1,6727.3877,-0.058857433,5,1,false,false,1.0838443,1.2999743,9.6671915,1.033046,-0.011702806,3
55.91406,0.43978673,39.23687148274835,-77.97299044895058,0,1,6756.259,-0.06951067,5,1,false,false,0.48269102,0.8505205,8.585435,1.0327313,-0.027455218,3
55.93536,0.44007805,39.236877517793374,-77.9729979775739,0,1,6777.711,-0.0788312,5,1,false,false,0.39366546,0.83727926,8.094187,1.0321513,-0.043116286,3
55.955875,0.44036928,39.23688355283839,-77.97300539025802,0,1,6779.986,-0.087621346,5,1,false,false,-0.14548562,0.7683193,7.155761,1.0313776,-0.05546201,3
55.97301,0.44066066,39.23688958788342,-77.9730129192348,0,1,6818.616,-0.090817116,5,1,false,false,-0.460353,0.4358297,4.5097256,1.0303859,-0.06852125,3
55.989536,0.44095206,39.236895713091954,-77.9730204478581,0,1,6866.6406,-0.08868628,5,1,false,false,-0.32661158,0.56809205,2.961361,1.0292011,-0.078158915,3
56.007877,0.44124353,39.23690174813697,-77.97302786054223,0,1,6879.2812,-0.07590219,5,1,false,false,-0.16464654,0.39888453,4.618549,1.0278934,-0.08279505,3
56.00663,0.441535,39.236907783182,-77.97303538916555,0,1,6911.764,-0.054063283,5,1,false,false,0.24536747,-0.82768,5.385578,1.0265195,-0.08231299,3
56.02705,0.44182652,39.23691381822702,-77.97304280220315,0,1,7022.9116,-0.032491118,5,1,false,false,-0.12575904,1.1863387,8.961853,1.0251638,-0.08086754,3
56.063335,0.4421181,39.23691994343555,-77.97305033082645,0,1,6971.0728,-0.0103864875,5,1,false,false,-0.22827464,2.073665,11.305981,1.0238895,-0.06989788,3
56.11544,0.44240996,39.23692597848058,-77.97305774386406,0,1,6887.2144,-0.00026674254,5,1,false,false,-0.3796715,3.0082183,12.092331,1.0228424,-0.051515553,3
56.16418,0.44270208,39.236932103551666,-77.97306527248736,0,1,6848.9644,0.00026571276,5,1,false,false,-1.0352114,2.1703331,11.7895155,1.0221616,-0.02818311,3
56.2001,0.44299445,39.23693813859669,-77.97307280111066,0,1,6807.773,-0.0058590695,5,1,false,false,-1.3209205,1.6241467,13.750431,1.0218921,-0.0044208104,3
56.22825,0.44328696,39.23694426380523,-77.97308021414827,0,1,6801.994,-0.01784395,5,1,false,false,-1.212626,1.0744517,13.727064,1.0219581,0.012415802,3
56.250042,0.4435796,39.236950388876316,-77.97308774277158,0,1,6821.188,-0.030627001,5,1,false,false,-1.4566292,0.937733,13.282155,1.0222473,0.020313185,3
56.272987,0.4438724,39.236956423921335,-77.97309527139488,0,1,6835.7773,-0.044210285,5,1,false,false,-1.30568,1.0617849,12.506726,1.0225798,0.019013638,3
56.29774,0.4441653,39.23696254912987,-77.97310280001818,0,1,6835.619,-0.05566168,5,1,false,false,-1.362964,1.1495137,11.755769,1.0228419,0.012850811,3
56.32299,0.44445828,39.23696867420096,-77.97311021305579,0,1,6839.628,-0.06391834,5,1,false,false,-1.2422184,1.1282291,10.5134945,1.0229815,0.004070155,3
56.348698,0.44475144,39.23697479940949,-77.9731177416791,0,1,6845.9126,-0.0697774,5,1,false,false,-1.2643819,1.2103868,9.526763,1.022973,-0.005333994,3
56.37489,0.4450447,39.23698092448058,-77.9731252703024,0,1,6844.53,-0.07563544,5,1,false,false,-1.0316972,1.1926764,8.97089,1.0228304,-0.012064015,3
56.400295,0.4453381,39.23698704968911,-77.97313268334001,0,1,6846.9062,-0.0846913,5,1,false,false,-1.1836294,1.106074,8.539352,1.0225954,-0.017822485,3
56.423317,0.4456316,39.2369931747602,-77.97314021196331,0,1,6859.8027,-0.09667515,5,1,false,false,-1.436786,0.92900515,7.995826,1.0222257,-0.028595662,3
56.445194,0.44592518,39.23699929996874,-77.97314774058661,0,1,6878.589,-0.11105761,5,1,false,false,-1.5107727,0.94551486,8.258419,1.0216765,-0.04024345,3
56.467495,0.44621885,39.237005425039825,-77.97315526920993,0,1,6893.712,-0.12703645,5,1,false,false,-1.8095849,1.0404589,8.259943,1.020887,-0.05624349,3
56.4928,0.44651267,39.237011550248354,-77.97316268224753,0,1,6901.923,-0.14195034,5,1,false,false,-1.6205344,1.1534202,6.4370556,1.0198166,-0.072190054,3
56.520542,0.44680658,39.23701776548295,-77.97317021087083,0,1,6906.475,-0.1563318,5,1,false,false,-1.9366666,1.3819772,7.2277255,1.018519,-0.0849234,3
56.55003,0.4471006,39.23702389055404,-77.97317773949413,0,1,6900.159,-0.16804992,5,1,false,false,-2.736705,1.2996042,8.646091,1.0169908,-0.10097074,3
56.57624,0.4473948,39.23703010578864,-77.97318515253174,0,1,6897.041,-0.17710578,5,1,false,false,-3.6143804,1.0669433,9.909575,1.0151031,-0.12801693,3
56.602528,0.44768915,39.23703623085973,-77.97319268115504,0,1,6915.0923,-0.18669307,5,1,false,false,-4.2983103,1.322959,10.484403,1.012716,-0.157081,3
56.63326,0.44798356,39.23704244609433,-77.97320009383918,0,1,6906.177,-0.19335139,5,1,false,false,-5.0975327,1.5716257,12.137493,1.0098522,-0.18199424,3
56.666378,0.4482782,39.23704866132893,-77.97320762281596,0,1,6871.4272,-0.19841124,5,1,false,false,-6.200324,1.5994407,13.229065,1.006583,-0.20415385,3
56.69503,0.448573,39.237054876563526,-77.97321503550009,0,1,6857.5205,-0.20240618,5,1,false,false,-7.3059855,1.2714272,13.298393,1.0030236,-0.21733922,3
56.718666,0.44886795,39.237061091798125,-77.97322256412339,0,1,6862.305,-0.2026719,5,1,false,false,-7.6626167,1.0657802,14.20133,0.9992761,-0.22536066,3
56.74059,0.44916302,39.23706730703272,-77.973229977161,0,1,6858.991,-0.20080775,5,1,false,false,-8.559355,1.051929,14.19916,0.99544287,-0.230401,3
56.76197,0.44945824,39.237073612293386,-77.97323738984514,0,1,6855.726,-0.19654709,5,1,false,false,-8.590361,1.0059447,13.990946,0.9915721,-0.22915567,3
56.781815,0.44975355,39.23707991755405,-77.97324468694356,0,1,6863.179,-0.19095372,5,1,false,false,-8.357711,0.943012,12.524891,0.9877771,-0.2214931,3
56.800472,0.450049,39.23708622281471,-77.97325209998117,0,1,6869.543,-0.18589385,5,1,false,false,-9.93327,0.94164646,13.581413,0.9841114,-0.22152953,3
56.818962,0.45034456,39.23709252807537,-77.9732593970796,0,1,6871.3564,-0.18136649,5,1,false,false,-8.813255,0.83512187,11.9166765,0.98046184,-0.21610726,3
56.837353,0.4506402,39.23709883347348,-77.97326680976373,0,1,6884.229,-0.17603986,5,1,false,false,-8.04408,0.9961286,10.002551,0.9768966,-0.20967834,3
56.858013,0.45093596,39.23710522876021,-77.97327410686216,0,1,6889.022,-0.17311087,5,1,false,false,-8.441791,1.0254335,11.096049,0.9735551,-0.19019262,3
56.87752,0.45123184,39.23711162418438,-77.9732814039606,0,1,6881.936,-0.17044756,5,1,false,false,-6.909233,0.88088274,8.347617,0.9705251,-0.17290644,3
56.8959,0.45152777,39.23711801947111,-77.97328870105903,0,1,6903.716,-0.16964734,5,1,false,false,-6.7748027,0.8192129,7.417344,0.96774316,-0.16368148,3
56.913624,0.45182383,39.237124414895284,-77.9732958822183,0,1,6926.453,-0.17097999,5,1,false,false,-7.345534,0.93328184,9.213064,0.96499664,-0.16849943,3
56.93029,0.45211992,39.23713081018201,-77.97330317931672,0,1,6929.7524,-0.17204589,5,1,false,false,-7.9030643,0.9676171,9.178585,0.96204823,-0.19048086,3
56.94946,0.45241615,39.23713720560618,-77.97331036047598,0,1,6948.4614,-0.16938159,5,1,false,false,-7.263864,1.0570304,8.046002,0.95863646,-0.21460196,3
56.973972,0.45271242,39.23714369105642,-77.97331765757441,0,1,6951.147,-0.16299006,5,1,false,false,-7.982685,1.3866564,8.701596,0.954989,-0.21936648,3
57.00157,0.45300886,39.23715017650666,-77.97332483873367,0,1,6921.214,-0.15713096,5,1,false,false,-9.32328,1.4934754,11.326706,0.95139176,-0.21112438,3
57.02499,0.45330545,39.237156571793385,-77.97333201989294,0,1,6906.6987,-0.15153867,5,1,false,false,-9.500392,1.1341138,10.704803,0.947896,-0.20699884,3
57.044735,0.45360214,39.23716314740713,-77.9733392010522,0,1,6922.4653,-0.147277,5,1,false,false,-9.816279,1.0427704,10.509167,0.944493,-0.20003323,3
57.065025,0.4538989,39.237169632719926,-77.97334626662575,0,1,6922.074,-0.14514612,5,1,false,false,-9.700672,1.1808703,10.013825,0.94126546,-0.18251555,3
57.086475,0.4541958,39.23717620833367,-77.97335344778502,0,1,6906.3735,-0.14647773,5,1,false,false,-8.937603,1.1234796,8.134467,0.93845356,-0.15540954,3
57.106064,0.4544929,39.23718269378391,-77.97336051300509,0,1,6914.429,-0.15047371,5,1,false,false,-8.538339,0.97420514,7.8791046,0.9360902,-0.13085347,3
57.095825,0.45479006,39.23718926926021,-77.97336757857866,0,1,7032.2324,-0.15553366,0,1,false,false,-7.984197,-1.5581017,7.9276185,0.93410116,-0.11119548,3
57.084183,0.45508707,39.23719584473652,-77.97337464379875,0,1,6379.4995,-0.16245757,6,1,false,false,-8.028592,1.0741833,8.145393,0.9322543,-0.11866856,3
57.128254,0.45538387,39.237202420350265,-77.97338159343313,0,1,5859.103,-0.16884913,6,1,false,false,-6.9793744,1.9649189,6.6391063,0.92997444,-0.15169884,3
57.134277,0.4556808,39.23720908585263,-77.97338865865322,0,1,6349.0913,-0.17391,6,1,false,false,-7.4301786,-0.708388,6.3273907,0.9273596,-0.15840584,3
57.144623,0.45597768,39.23721566132893,-77.9733956082876,0,1,6154.006,-0.17976806,6,1,false,false,-7.397892,1.607157,6.7278686,0.92472553,-0.16098298,3
57.18306,0.45627454,39.23722232696875,-77.97340267386116,0,1,6042.872,-0.18669309,6,1,false,false,-7.907389,1.8586184,7.192897,0.9219399,-0.17174236,3
57.20229,0.45657146,39.23722899260856,-77.97340962349554,0,1,6214.8525,-0.19281888,6,1,false,false,-8.152698,0.499351,7.1380277,0.9191378,-0.16626501,3
57.22132,0.45686847,39.237235658110926,-77.97341657277646,0,1,6119.318,-0.1981455,6,1,false,false,-8.554128,1.3351352,7.0412974,0.9163324,-0.17364486,3
57.247772,0.45716542,39.237242323750735,-77.97342352241085,0,1,6123.37,-0.2021394,6,1,false,false,-7.1836314,1.2290001,6.243793,0.91341174,-0.173145,3
57.265324,0.45746246,39.23724898939055,-77.97343047204524,0,1,6169.1846,-0.20640111,6,1,false,false,-9.844688,0.88639593,8.570419,0.91047317,-0.18656752,3
57.285664,0.45775956,39.23725574505643,-77.97343730574045,0,1,6132.6577,-0.21199346,6,1,false,false,-10.344597,1.1102284,9.247259,0.90721905,-0.20553721,3
57.30393,0.4580567,39.23726241055879,-77.97344413943566,0,1,6146.644,-0.2130584,6,1,false,false,-10.40187,0.82461023,9.878122,0.9035408,-0.23592038,3
57.32688,0.4583539,39.23726916622467,-77.97345097313088,0,1,6159.0845,-0.21146104,6,1,false,false,-11.4345455,1.250448,10.271953,0.89945096,-0.24749267,3
57.349846,0.45865119,39.23727592189055,-77.97345780682609,0,1,6120.792,-0.20826524,6,1,false,false,-12.655982,1.3711675,12.29044,0.8952634,-0.2529276,3
57.37057,0.4589486,39.23728276771993,-77.97346464087478,0,1,6123.0894,-0.20640111,6,1,false,false,-12.996714,1.0964149,12.255854,0.8910264,-0.25351,3
57.387497,0.45924604,39.23728952338581,-77.97347135863082,0,1,6128.163,-0.20160696,6,1,false,false,-13.653109,1.029752,13.003579,0.88677925,-0.25463784,3
57.40463,0.45954365,39.237296369077754,-77.97347807638685,0,1,6118.6963,-0.1936181,6,1,false,false,-14.749642,1.0845733,13.616548,0.88246876,-0.25810143,3
57.42084,0.45984128,39.237303214769696,-77.97348479449637,0,1,6115.265,-0.18642637,6,1,false,false,-15.126837,0.96753854,13.506767,0.8781495,-0.25504175,3
57.436428,0.46013904,39.23731015062515,-77.97349139666672,0,1,6113.9634,-0.17976803,6,1,false,false,-15.035301,0.9869952,13.050842,0.8739777,-0.24167441,3
57.452343,0.46043685,39.2373170864806,-77.97349811442275,0,1,6109.197,-0.1733776,6,1,false,false,-14.323692,0.9826508,13.084407,0.87014127,-0.21475014,3
57.46741,0.4607348,39.237324022336054,-77.97350460065392,0,1,6107.806,-0.17177916,6,1,false,false,-13.992467,0.9394617,12.924819,0.866783,-0.19023316,3
57.482224,0.46103287,39.23733095805406,-77.97351120282426,0,1,6114.431,-0.17497493,6,1,false,false,-12.705878,0.91756696,11.4024315,0.8637593,-0.17262211,3
57.4974,0.461331,39.23733789390951,-77.97351768905543,0,1,6122.5654,-0.18269809,6,1,false,false,-10.929652,0.92318535,9.257771,0.86100686,-0.156804,3
57.514565,0.46162927,39.23734491979103,-77.9735241752866,0,1,6127.0215,-0.1981455,6,1,false,false,-10.492374,0.92217875,9.451328,0.8585266,-0.14146945,3
57.529877,0.4619277,39.23735194567254,-77.97353066151777,0,1,6131.107,-0.21678758,6,1,false,false,-11.249004,0.66902983,10.213653,0.8561706,-0.14784399,3
57.543926,0.46222624,39.23735897155406,-77.97353703216324,0,1,6147.6963,-0.23995815,6,1,false,false,-10.743856,0.7880478,8.851836,0.85348535,-0.17609064,3
57.560158,0.46252486,39.237365997435575,-77.97354351839441,0,1,6160.523,-0.25487107,6,1,false,false,-10.276128,0.9776813,9.389189,0.8503295,-0.20150965,3
57.581223,0.46282366,39.2373731134806,-77.97354988868639,0,1,6154.1367,-0.2668559,6,1,false,false,-11.27914,1.3237802,9.186308,0.84682214,-0.2170333,3
57.600716,0.46312264,39.23738022938819,-77.97355625897839,0,1,6141.454,-0.2751116,6,1,false,false,-12.473256,1.0148478,10.853978,0.84318197,-0.22638401,3
57.61692,0.46342173,39.2373872552697,-77.97356251368468,0,1,6149.739,-0.27963898,6,1,false,false,-13.0182295,0.8445507,10.92428,0.839169,-0.2552655,3
57.63189,0.46372098,39.23739446134079,-77.97356876839098,0,1,6153.811,-0.27963898,6,1,false,false,-13.163037,0.89643466,11.998487,0.83464265,-0.28229353,3
57.64979,0.4640204,39.23740157724838,-77.97357502309728,0,1,6148.853,-0.27484587,6,1,false,false,-14.403794,1.1087803,12.140555,0.8297651,-0.2956412,3
57.665363,0.46431988,39.23740878331947,-77.9735812774501,0,1,6135.1885,-0.26765507,6,1,false,false,-16.83759,0.99791145,15.769878,0.82472533,-0.3090961,3
57.676926,0.46461958,39.23741589936449,-77.97358741621723,0,1,6137.703,-0.26286203,6,1,false,false,-16.058552,0.82150555,13.166102,0.81937754,-0.3256527,3
57.68967,0.46491936,39.23742319546165,-77.97359355498435,0,1,6142.3945,-0.25913373,6,1,false,false,-14.865141,0.9431878,12.549061,0.8140083,-0.30935568,3
57.70401,0.46521923,39.23743040153274,-77.97359969375147,0,1,6130.6714,-0.25833467,6,1,false,false,-15.052271,0.9692502,12.801693,0.8091435,-0.26903525,3
57.716232,0.4655193,39.23743769762989,-77.9736057169329,0,1,6127.571,-0.2684544,6,1,false,false,-13.733876,0.77950346,11.390063,0.80500907,-0.22908823,3
57.72552,0.46581945,39.23744499372705,-77.97361173976084,0,1,6145.778,-0.2897597,6,1,false,false,-12.567951,0.63438106,9.556609,0.8013939,-0.2113568,3
57.735207,0.46611968,39.23745228982421,-77.97361776258879,0,1,6163.1196,-0.31665856,6,1,false,false,-13.066271,0.69302166,9.598665,0.7978196,-0.22232117,3
57.744705,0.46641997,39.237459585921364,-77.97362366983104,0,1,6168.793,-0.35421056,6,1,false,false,-13.126541,0.5212579,9.004186,0.7939195,-0.250096,3
57.754383,0.46672037,39.23746697218203,-77.97362957707328,0,1,6186.6094,-0.38457084,6,1,false,false,-12.413038,0.6347985,8.583087,0.7894433,-0.28718573,3
57.76601,0.46702084,39.237474268279186,-77.97363548431554,0,1,6192.682,-0.40933868,6,1,false,false,-15.419916,0.80343515,10.206762,0.78430307,-0.33255208,3
57.77527,0.4673214,39.23748165440241,-77.97364127561862,0,1,6184.1426,-0.42212287,6,1,false,false,-15.32202,0.8720227,11.56222,0.7781021,-0.40052554,3
57.784687,0.46762222,39.23748904066307,-77.97364706692169,0,1,6192.31,-0.42105797,6,1,false,false,-15.988019,0.74721813,11.749307,0.77112997,-0.4320492,3
57.799988,0.46792313,39.237496516949804,-77.97365285804803,0,1,6191.976,-0.4082738,6,1,false,false,-12.599799,1.6648595,7.470626,0.76399875,-0.40149146,3
57.81997,0.46822414,39.23750399323654,-77.97365853358868,0,1,6149.8765,-0.3973549,6,1,false,false,-12.331581,1.0234325,6.2154436,0.7581915,-0.29537457,3
57.83268,0.46852526,39.23751137935976,-77.97366432489174,0,1,6152.13,-0.3984208,6,1,false,false,-12.470464,0.7007673,7.821847,0.75398844,-0.21577293,3
57.833267,0.46882638,39.237518855646485,-77.97366988449322,0,1,6189.045,-0.40854064,6,1,false,false,-10.720791,-0.12130697,6.275359,0.75069165,-0.19643044,3
57.83074,0.46912748,39.23752642195928,-77.97367556003385,0,1,6237.2793,-0.42718264,6,1,false,false,-11.326478,0.033546254,5.2000484,0.74710846,-0.24212791,3
57.833538,0.4694283,39.237533898246014,-77.97368111963532,0,1,6263.9644,-0.44795662,6,1,false,false,-12.323638,0.31481954,6.327794,0.7425954,-0.30548653,3
57.838966,0.46972907,39.23754146469626,-77.97368667923679,0,1,6277.7393,-0.46313727,6,1,false,false,-10.664009,0.9926603,5.6818557,0.73693407,-0.36696914,3
57.854347,0.4700299,39.23754894084554,-77.97369223883825,0,1,6284.1875,-0.46766472,6,1,false,false,-10.493571,1.0035582,5.118738,0.73061186,-0.3841955,3
57.87218,0.47033057,39.23755650729578,-77.97369768267728,0,1,6260.4517,-0.46659884,6,1,false,false,-11.637236,1.2210573,5.9475374,0.7242615,-0.37379232,3
57.886753,0.4706313,39.237564073608574,-77.97370312651631,0,1,6251.38,-0.4663331,6,1,false,false,-14.619058,1.0403489,8.324223,0.7180234,-0.38377836,3
57.89252,0.470932,39.23757163992137,-77.97370857035534,0,1,6252.624,-0.46872973,6,1,false,false,-15.789895,0.91582537,8.389323,0.7111926,-0.43160102,3
57.89872,0.47123268,39.237579296397676,-77.97371401419439,0,1,6252.261,-0.46739805,6,1,false,false,-18.01118,0.8904786,9.540732,0.7036911,-0.46923578,3
57.90572,0.4715333,39.237586952736535,-77.97371934227097,0,1,6224.93,-0.45674574,6,1,false,false,-20.752478,1.1356871,11.691567,0.695704,-0.47847134,3
57.905205,0.4718339,39.23759460921284,-77.97372455440839,0,1,6197.577,-0.4394343,6,1,false,false,-23.051874,0.71280545,13.048873,0.68774223,-0.48638204,3
57.895966,0.4721345,39.2376022655517,-77.97372976654582,0,1,6212.083,-0.41439965,6,1,false,false,-25.125008,0.57095087,15.2767515,0.679321,-0.51921767,3
57.88602,0.47243494,39.23761001205408,-77.97373486292081,0,1,6206.088,-0.38856572,6,1,false,false,-25.320337,0.73316383,15.356125,0.6705015,-0.5328298,3
57.87883,0.47273538,39.237617668530376,-77.97373995929578,0,1,6191.3335,-0.3683262,6,1,false,false,-25.017282,0.98911524,13.477028,0.6616323,-0.5193611,3
57.874477,0.47303578,39.237625505058816,-77.9737449397316,0,1,6181.4424,-0.34941742,6,1,false,false,-23.821198,0.9422131,13.214592,0.6535109,-0.44782478,3
57.868053,0.47333616,39.237633251561185,-77.97374980440497,0,1,6165.8066,-0.33849743,6,1,false,false,-24.490416,0.9782518,14.625124,0.6466907,-0.37146083,3
57.85577,0.47363654,39.237641088227065,-77.97375466907835,0,1,6170.3486,-0.34089392,6,1,false,false,-25.82183,0.36750397,12.646035,0.64086854,-0.33902302,3
57.840645,0.47393683,39.2376489247555,-77.97375941798929,0,1,6185.178,-0.35101485,6,1,false,false,-25.506187,0.34630167,14.992729,0.6350864,-0.3610255,3
57.826767,0.47423708,39.23765685144745,-77.97376416690022,0,1,6191.8345,-0.36140138,6,1,false,false,-25.788265,0.60625553,14.324523,0.6286765,-0.4057553,3
57.816765,0.47453728,39.23766468797588,-77.97376879987199,0,1,6187.457,-0.36885872,6,1,false,false,-25.079508,0.7429626,13.027666,0.6216147,-0.43225822,3
57.80879,0.47483748,39.23767261466782,-77.97377331708132,0,1,6177.3965,-0.37258703,6,1,false,false,-25.28445,0.8151628,15.099173,0.61440676,-0.42474768,3
57.798958,0.47513774,39.237680541222325,-77.97377771852823,0,1,6170.461,-0.3744511,6,1,false,false,-26.022709,0.7056974,14.891468,0.60748,-0.40440586,3
57.78807,0.47543797,39.23768855794033,-77.97378211997511,0,1,6170.784,-0.3760495,6,1,false,false,-25.646751,0.6826368,14.214958,0.6008621,-0.39002702,3
57.776833,0.47573817,39.237696574658344,-77.97378640548284,0,1,6172.5103,-0.3779136,6,1,false,false,-26.291111,0.6224004,15.546111,0.5943924,-0.38750976,3
57.766914,0.47603846,39.23770459137636,-77.97379069099055,0,1,6168.5195,-0.3803102,6,1,false,false,-25.135836,0.7321052,13.329138,0.58793044,-0.38172457,3
57.759132,0.47633874,39.23771260809436,-77.97379486073584,0,1,6165.9824,-0.3835059,6,1,false,false,-23.148304,0.6963759,12.548664,0.58172816,-0.3576794,3
57.7535,0.47663903,39.237720714975886,-77.97379891471869,0,1,6166.286,-0.3877665,6,1,false,false,-22.278448,0.725268,12.16494,0.576121,-0.31438556,3
57.748196,0.47693944,39.23772873169389,-77.97380296870153,0,1,6164.0566,-0.39309415,6,1,false,false,-20.224836,0.6335429,10.378871,0.57120985,-0.2759997,3
57.745255,0.47723994,39.23773683843797,-77.97380690674521,0,1,6175.306,-0.40108308,6,1,false,false,-18.915512,0.60570407,10.3013935,0.5668859,-0.2504649,3
57.742855,0.47754043,39.237745035345554,-77.97381072902645,0,1,6185.1836,-0.41466635,6,1,false,false,-17.128302,0.6130552,8.722574,0.56272465,-0.24954072,3
57.744637,0.47784114,39.23775314208962,-77.9738145513077,0,1,6192.2637,-0.43091092,6,1,false,false,-15.531693,0.7176501,7.6380296,0.55863297,-0.24067646,3
57.74881,0.47814193,39.23776124897115,-77.9738183734122,0,1,6198.85,-0.45168498,6,1,false,false,-15.008966,0.89355046,7.764432,0.55466974,-0.23168112,3
57.753277,0.4784428,39.23776944587873,-77.97382219569343,0,1,6196.8223,-0.4828454,6,1,false,false,-15.082761,0.71127665,7.4020367,0.55090886,-0.22426817,3
57.752216,0.47874385,39.23777764264887,-77.97382590221224,0,1,6206.6885,-0.5113416,6,1,false,false,-16.312681,0.41529715,9.360746,0.5468709,-0.26531023,3
57.748245,0.47904497,39.23778574953039,-77.97382949279186,0,1,6230.8096,-0.5467639,6,1,false,false,-16.573706,0.49855646,9.428068,0.54183227,-0.33515117,3
57.752583,0.47934613,39.23779403646404,-77.97383308337149,0,1,6232.8213,-0.5654047,6,1,false,false,-17.46881,1.0592961,9.249723,0.53601617,-0.35973907,3
57.757282,0.4796475,39.237802233371625,-77.97383667395113,0,1,6203.2446,-0.5715317,6,1,false,false,-20.076422,1.1259559,11.9718685,0.52965665,-0.39815304,3
57.75769,0.47994897,39.237810430141764,-77.97384014876832,0,1,6184.076,-0.57126486,6,1,false,false,-21.958023,0.55721354,12.981438,0.5227623,-0.4283067,3
57.75224,0.48025045,39.23781871721285,-77.97384362358551,0,1,6189.7256,-0.5635408,6,1,false,false,-19.688177,0.9354298,11.442585,0.5151938,-0.4575924,3
57.74501,0.48055205,39.237826913983,-77.97384698246353,0,1,6180.9546,-0.54969263,6,1,false,false,-25.263546,0.66459924,14.819711,0.5074574,-0.4780233,3
57.736084,0.48085377,39.23783520091664,-77.97385022557911,0,1,6159.0513,-0.5393051,6,1,false,false,-25.00203,0.77148604,13.865236,0.4992823,-0.49421895,3
57.724125,0.48115546,39.2378435780138,-77.97385346887144,0,1,6163.9053,-0.52705467,6,1,false,false,-22.356699,0.41601524,12.295288,0.49107832,-0.48879036,3
57.71721,0.48145714,39.23785186494745,-77.97385659604785,0,1,6171.1753,-0.51506984,6,1,false,false,-21.98403,0.7872923,11.297603,0.4832568,-0.4422591,3
57.711628,0.48175874,39.2378601518811,-77.97385960763856,0,1,6151.106,-0.5065483,6,1,false,false,-20.738867,0.7330919,10.155059,0.47642156,-0.381488,3
57.703735,0.4820603,39.23786852897826,-77.97386261905254,0,1,6157.9194,-0.5092106,6,1,false,false,-21.509644,0.46618712,11.287603,0.47038335,-0.35639632,3
57.690434,0.48236188,39.23787690593797,-77.97386551470407,0,1,6179.5396,-0.5198637,6,1,false,false,-20.254835,0.32960254,10.360869,0.4642948,-0.37703776,3
57.67743,0.4826632,39.23788528303513,-77.9738684103556,0,1,6189.4253,-0.52945226,6,1,false,false,-22.710308,0.35232273,11.5280075,0.45766008,-0.42707443,3
57.664898,0.48296446,39.237893659994846,-77.97387119024471,0,1,6189.599,-0.5361095,6,1,false,false,-23.544077,0.6025944,13.25507,0.4499851,-0.4877924,3
57.6523,0.48326567,39.237902037092006,-77.97387385419464,0,1,6187.465,-0.53264797,6,1,false,false,-22.495842,0.54614407,11.76207,0.4414014,-0.5319476,3
57.64347,0.48356664,39.237910414051726,-77.97387651814456,0,1,6186.107,-0.5203964,6,1,false,false,-22.202534,0.7978283,11.19107,0.43254143,-0.5189729,3
57.636047,0.48386765,39.23791879101144,-77.97387918209449,0,1,6172.1523,-0.50601614,6,1,false,false,-21.208838,0.78614867,10.577797,0.42428175,-0.46624526,3
57.627,0.4841686,39.23792725813466,-77.97388161451956,0,1,6167.698,-0.49349755,6,1,false,false,-21.029228,0.61901575,10.338731,0.4169467,-0.41685614,3
57.6129,0.4844693,39.237935725257884,-77.9738840469446,0,1,6181.8237,-0.4839103,6,1,false,false,-22.807209,0.42601147,12.764903,0.4101178,-0.41204306,3
57.594296,0.48476997,39.237944102355044,-77.97388647919293,0,1,6194.818,-0.47911718,6,1,false,false,-23.210558,0.36571398,11.713467,0.40290445,-0.45459548,3
57.576836,0.4850706,39.23795256934082,-77.97388879567882,0,1,6204.3516,-0.4732571,6,1,false,false,-23.412209,0.6138418,12.907689,0.3948571,-0.5038499,3
57.563007,0.485371,39.23796103646404,-77.97389099640226,0,1,6196.527,-0.46739805,6,1,false,false,-25.262442,0.95574236,13.960941,0.38615716,-0.52955294,3
57.54963,0.48567128,39.23796950358727,-77.97389308136327,0,1,6168.9585,-0.461539,6,1,false,false,-26.848846,0.9401971,14.127096,0.3773156,-0.5269555,3
57.533066,0.48597157,39.23797806073656,-77.97389516614754,0,1,6156.059,-0.45701262,6,1,false,false,-26.7912,0.8209739,14.228605,0.36863577,-0.50827503,3
57.51495,0.4862717,39.23798652785978,-77.97389713516938,0,1,6153.5405,-0.45434824,6,1,false,false,-25.192211,0.7436875,12.544559,0.36041033,-0.47010064,3
57.49781,0.48657173,39.237994994983005,-77.97389898842879,0,1,6143.9688,-0.45248407,6,1,false,false,-25.023409,0.72796583,12.300183,0.35306844,-0.41204357,3
57.479595,0.48687166,39.2380035521323,-77.97390084168819,0,1,6144.302,-0.45035332,6,1,false,false,-25.045918,0.614594,13.230777,0.3465229,-0.37562865,3
57.459965,0.48717153,39.238012109281584,-77.97390257900841,0,1,6151.0537,-0.44982076,6,1,false,false,-23.241634,0.5390877,12.264734,0.34035337,-0.36898375,3
57.44228,0.48747125,39.23802057647353,-77.97390420056621,0,1,6157.7075,-0.4498208,6,1,false,false,-21.985992,0.4766749,10.601957,0.33415404,-0.37548476,3
57.429817,0.48777094,39.23802913362282,-77.973905822124,0,1,6160.952,-0.44875488,6,1,false,false,-21.696308,0.8177456,10.881912,0.3278936,-0.36908787,3
57.42024,0.4880706,39.23803769077211,-77.97390732791935,0,1,6154.94,-0.44635838,6,1,false,false,-20.351418,0.8828235,10.175874,0.32192189,-0.34426305,3
57.411926,0.4883702,39.23804624799012,-77.97390871777553,0,1,6149.9165,-0.44609258,6,1,false,false,-18.260742,0.75664955,8.65197,0.31653994,-0.30752096,3
57.404537,0.48866984,39.238054805139406,-77.97391010780845,0,1,6156.1924,-0.4487548,6,1,false,false,-17.766205,0.60956764,8.876908,0.31174317,-0.2712764,3
57.393494,0.48896948,39.238063362357416,-77.9739113819022,0,1,6158.936,-0.45408154,6,1,false,false,-18.528978,0.44156063,8.843694,0.30728415,-0.2691609,3
57.37902,0.48926902,39.23807191950671,-77.9739126558192,0,1,6175.5586,-0.46047407,6,1,false,false,-18.978048,0.42123917,9.302286,0.30248904,-0.3149426,3
57.36766,0.4895686,39.238080476655995,-77.97391392991295,0,1,6190.4526,-0.45647806,6,1,false,false,-19.551628,0.6054679,10.122015,0.29697543,-0.3483399,3
57.358646,0.48986816,39.238089033874004,-77.97391508824427,0,1,6184.2524,-0.4359729,6,1,false,false,-18.51826,0.8016295,9.825133,0.29092127,-0.36948785,3
57.35159,0.49016774,39.2380975910233,-77.97391613063641,0,1,6179.5796,-0.4114696,6,1,false,false,-19.000513,0.77386445,9.534812,0.28469384,-0.37646514,3
57.34417,0.49046734,39.23810614824131,-77.97391717320528,0,1,6179.8145,-0.37338614,6,1,false,false,-19.468122,0.9340892,11.185572,0.27837038,-0.37895247,3
57.33639,0.49076697,39.23811470539059,-77.97391809965825,0,1,6176.317,-0.34595394,6,1,false,false,-20.574574,0.80411,11.863528,0.27209505,-0.37586004,3
57.3277,0.49106663,39.23812326253989,-77.97391902628794,0,1,6173.757,-0.315327,6,1,false,false,-20.310032,0.94420695,11.832985,0.26577774,-0.37786445,3
57.31979,0.49136633,39.23813190978396,-77.97391983715521,0,1,6170.146,-0.2886949,6,1,false,false,-20.148302,0.8112977,11.95783,0.2595344,-0.36875346,3
57.311966,0.49166602,39.23814046700197,-77.9739205320833,0,1,6164.0815,-0.26845437,6,1,false,false,-22.512192,1.0946695,13.017317,0.25340772,-0.3646043,3
57.30317,0.49196586,39.23814902415126,-77.97392122701139,0,1,6152.1167,-0.24288717,6,1,false,false,-23.687374,1.081731,14.315113,0.24727562,-0.36799762,3
57.293648,0.4922657,39.238157671395335,-77.97392180617705,0,1,6139.1636,-0.21785353,6,1,false,false,-23.364697,1.0361823,13.821279,0.24116914,-0.36292493,3
57.285667,0.49256548,39.238166228613345,-77.9739223853427,0,1,6137.9946,-0.1978788,6,1,false,false,-21.372671,1.0260634,12.100666,0.23542741,-0.3169671,3
57.279434,0.49286547,39.23817478576264,-77.97392284856919,0,1,6125.418,-0.1723116,6,1,false,false,-21.990677,1.1442717,12.499752,0.23062071,-0.25813362,3
57.274868,0.49316555,39.23818343300671,-77.97392319603323,0,1,6114.066,-0.1597943,6,1,false,false,-19.989065,0.9719355,10.738231,0.2268879,-0.19098118,3
57.26885,0.4934656,39.23819199022473,-77.97392354349728,0,1,6123.367,-0.1494078,6,1,false,false,-18.422422,0.88968754,11.245036,0.2240492,-0.15229784,3
57.2659,0.49376592,39.2382006374688,-77.97392377519888,0,1,6132.982,-0.14621097,6,1,false,false,-17.017937,0.85602856,9.645392,0.22183357,-0.11664817,3
57.263546,0.49406636,39.238209194618086,-77.97392400690049,0,1,6134.345,-0.14621101,6,1,false,false,-16.782412,0.8763178,10.194056,0.21998948,-0.10977515,3
57.262882,0.49436685,39.2382177518361,-77.97392412266292,0,1,6143.344,-0.1520711,6,1,false,false,-16.509201,0.79204196,9.87391,0.21805103,-0.12457925,3
57.26469,0.49466732,39.238226399080176,-77.97392423842537,0,1,6146.6055,-0.15659851,6,1,false,false,-16.045242,0.97978234,10.258597,0.21583301,-0.14210369,3
57.26981,0.49496782,39.23823495622946,-77.97392435436454,0,1,6143.777,-0.15579933,6,1,false,false,-15.524468,1.1168177,9.897203,0.21337059,-0.14936364,3
57.277496,0.49526837,39.23824360347354,-77.97392435436454,0,1,6133.5757,-0.15180436,6,1,false,false,-14.956674,1.2185327,10.490896,0.2109088,-0.1418492,3
57.28579,0.49556884,39.23825216069155,-77.97392423842537,0,1,6125.316,-0.14674349,6,1,false,false,-14.382871,1.1129928,9.810133,0.20867518,-0.12359831,3
57.293045,0.49586895,39.23826080793563,-77.97392412266292,0,1,6124.1694,-0.14008623,6,1,false,false,-14.476613,1.0272136,10.443018,0.20673962,-0.1097128,3
57.299904,0.49616912,39.23826936508492,-77.97392400690049,0,1,6124.1733,-0.13156387,6,1,false,false,-13.364403,0.9145284,9.616921,0.20499767,-0.0994724,3
57.307064,0.49646938,39.23827801232899,-77.97392377519888,0,1,6128.627,-0.12011145,6,1,false,false,-13.081017,0.9792352,10.568862,0.2034016,-0.09558838,3
57.316486,0.49676964,39.23828656954701,-77.97392354349728,0,1,6132.3853,-0.109991685,6,1,false,false,-11.957947,1.0024872,9.428966,0.2018473,-0.0889433,3
57.326946,0.49706995,39.23829521679108,-77.9739233119724,0,1,6130.487,-0.09614269,6,1,false,false,-10.795237,1.0508412,9.163976,0.20042282,-0.0810078,3
57.33989,0.4973704,39.238303773940366,-77.9739230802708,0,1,6133.857,-0.084425606,6,1,false,false,-9.912141,1.056016,8.318004,0.19918656,-0.06723502,3
57.352463,0.4976708,39.238312421184446,-77.97392273280674,0,1,6132.124,-0.07243969,6,1,false,false,-9.801849,1.0193176,9.054255,0.19818063,-0.05620107,3
57.36553,0.49797127,39.238320978402456,-77.97392226940353,0,0.96311605,6135.277,-0.06524998,6,1,false,false,-9.208706,1.008312,9.27747,0.19728735,-0.052823897,3
57.378315,0.49827188,39.238329625646536,-77.97392192193948,0.06862862,0.9132849,6137.4873,-0.06178748,6,1,false,false,-9.65539,0.936791,10.4317665,0.19639148,-0.05794531,3
57.38279,0.4985724,39.23833818279582,-77.973921458713,0.2811867,0.78748137,6118.9204,-0.059923373,6,1,false,false,-9.553745,0.14235571,11.220825,0.1952919,-0.070936695,3
57.35057,0.49887294,39.238346830039895,-77.97392099530978,0.50982964,0.64268863,6052.24,-0.05646087,6,1,false,false,-8.927108,-3.051642,10.78074,0.19410415,-0.06805436,3
57.249527,0.49917313,39.23835538725791,-77.9739205320833,0.596092,0.52748966,5967.974,-0.044742726,6,1,false,false,-8.626976,-7.691958,11.029219,0.19307451,-0.050784834,3
57.09363,0.4994725,39.238364034501984,-77.97392006885681,0.71094954,0.40564755,5913.8994,-0.029029638,6,1,false,false,-6.972137,-10.088314,8.965311,0.19248307,-0.01770799,3
56.898514,0.49977094,39.23837250155648,-77.97391948969116,0.7532466,0.3180691,5872.0396,-0.0135822445,6,1,false,false,-5.658942,-12.734016,9.426975,0.19253464,0.02034273,3
56.662083,0.50006837,39.2383810587745,-77.97391891052551,0.7873229,0.19201905,5799.8633,-0.0015983949,6,1,false,false,-4.8143363,-14.856799,11.253095,0.1930894,0.041379247,3
56.407764,0.5003643,39.23838952589772,-77.97391833135985,0.7950672,0.13036579,5731.966,0.003728218,6,1,false,false,-4.0483084,-15.289665,9.372752,0.19383985,0.040778067,3
56.153835,0.50065887,39.23839799295222,-77.9739177521942,0.81699026,0.0973043,5633.677,0.006925011,6,1,false,false,-3.737415,-15.613946,8.943563,0.19435956,0.017191362,3
55.880463,0.5009522,39.23840636998066,-77.97391717320528,0.83510065,0.074862465,5546.588,0.00692501,6,1,false,false,-2.9216003,-17.139566,9.452332,0.19450736,0.0037659758,3
55.589066,0.5012439,39.238414747009095,-77.97391659403962,0.8447516,0.05832403,5493.642,0.002662276,6,1,false,false,-2.952511,-17.514206,9.238635,0.19453993,-0.0019841678,3
55.297306,0.501534,39.238423033942745,-77.97391601487396,0.85511744,0.039828062,5429.602,-0.0031967927,6,1,false,false,-2.8126872,-17.62474,8.621436,0.19439763,-0.014253644,3
54.99471,0.5018226,39.23843132094512,-77.9739154357083,0.8700108,0.025277855,5357.0894,-0.007723179,6,1,false,false,-2.835748,-18.55164,9.066486,0.1941199,-0.018913936,3
54.691307,0.5021095,39.23843951778398,-77.97391485654266,0.8733467,0.0065352917,5277.9033,-0.009321574,6,1,false,false,-2.6922915,-18.118093,7.993718,0.19373284,-0.028080259,3
54.388176,0.5023948,39.23844771469156,-77.97391416161457,0.8696533,0,5423.322,-0.0077231787,6,1,false,false,-1.8505421,-18.335209,7.793356,0.19327287,-0.024754483,3
54.083614,0.5026784,39.238455821435636,-77.97391358244892,0.8651257,0,5386.187,-0.0045274156,6,1,false,false,-1.82339,-18.337399,9.024254,0.19296536,-0.014408918,3
53.78572,0.50296056,39.238463928248436,-77.97391300346,0.86333835,0,5302.9673,0.00026571285,6,1,false,false,-2.1933734,-17.87563,9.418104,0.1927166,-0.020982135,3
53.495686,0.50324094,39.23847194496644,-77.97391230835517,0.8633385,0,5221.91,0.0053255837,6,1,false,false,-1.5939709,-17.650562,9.09331,0.19227135,-0.030394511,3
53.195744,0.50351983,39.238479961684455,-77.97391172936625,0.86214685,0,5142.77,0.010653228,6,1,false,false,-1.5693651,-18.591751,9.521483,0.19176249,-0.0293029,3
52.876827,0.5037971,39.2384878883764,-77.97391115020059,0.86178946,0,5027.1206,0.015713098,6,1,false,false,-1.6739495,-19.330915,8.7505245,0.19123477,-0.0321436,3
52.56287,0.50407255,39.238495814999624,-77.9739104552725,0.8610747,0,4951.9634,0.021305427,6,1,false,false,-1.7043911,-19.06555,8.802207,0.1907637,-0.023868972,3
52.24125,0.5043463,39.23850365159678,-77.97390987610684,0.8588109,0,4960.642,0.028496148,6,1,false,false,-1.7901996,-19.671667,10.08502,0.19039282,-0.02079096,3
51.89784,0.5046184,39.23851139809915,-77.97390929694119,0.85476005,0,5219.1353,0.035421163,6,1,false,false,-1.7760775,-20.610548,10.809478,0.19006468,-0.018488012,3
51.57836,0.50488865,39.23851914460152,-77.9739086020131,0.8470155,0,5149.6934,0.04154594,6,1,false,false,-1.5749344,-18.734842,10.328221,0.18979825,-0.013143885,3
51.263794,0.5051572,39.238526891035164,-77.97390802284744,0.84439397,0.4644444,5387.8374,0.04713826,0,1,false,false,-1.6713285,-19.198982,11.912952,0.1895939,-0.012155292,3
50.950977,0.505424,39.23853454751147,-77.9739074436818,0.8396284,0,5349.506,0.051134266,5,1,false,false,-1.7852522,-18.404879,10.125557,0.18939857,-0.012001134,3
50.630127,0.50568926,39.238542113824266,-77.97390674875369,0.8366496,0,5773.9556,0.054862484,5,1,false,false,-0.8481266,-20.141811,10.577284,0.18927006,-6.587133e-05,3
50.292896,0.50595266,39.238549680205786,-77.97390616958805,0.83402824,0,5785.9263,0.059389886,5,1,false,false,-1.011906,-20.187374,11.845728,0.18938768,0.013565079,3
49.977505,0.50621426,39.23855724651858,-77.97390547465996,0.83259857,0,5694.4424,0.06498222,5,1,false,false,-1.3702404,-18.114689,10.441945,0.18968692,0.019406183,3
49.686405,0.5064743,39.238564722805314,-77.9739048954943,0.83259857,0,5604.92,0.070042074,5,1,false,false,-0.33856475,-17.68788,11.077205,0.19003204,0.025402725,3
49.387016,0.5067329,39.23857210899725,-77.97390431650538,0.8296199,0,5518.7314,0.07190618,5,1,false,false,-0.4742098,-18.012903,10.995182,0.1906517,0.048658602,3
49.105244,0.5069897,39.2385794951892,-77.97390362140055,0.82628393,0,5525.3276,0.073238894,5,1,false,false,-0.6758256,-16.961317,8.967694,0.19154397,0.053835183,3
48.816982,0.50724506,39.23858679128636,-77.97390304241164,0.8277136,0,5612.8696,0.07377134,5,1,false,false,-0.27972245,-17.28979,8.876223,0.19243222,0.053525403,3
48.530346,0.507499,39.238594087452235,-77.97390246324598,0.8266414,0,5523.239,0.07323887,5,1,false,false,0.60916173,-17.15688,8.664699,0.19343661,0.07100593,3
48.267452,0.50775146,39.238601383549394,-77.97390176831789,0.8240199,0,5437.886,0.07164046,5,1,false,false,0.15938489,-15.415813,7.72577,0.19472912,0.08141649,3
48.00085,0.5080026,39.23860858958612,-77.97390118915223,0.8184203,0,5356.8145,0.07057453,5,1,false,false,0.46684647,-16.329823,8.384119,0.19603454,0.081246175,3
47.734547,0.5082523,39.238615705562424,-77.97390060998657,0.81663305,0,5314.184,0.06844474,5,1,false,false,0.87521964,-15.765263,7.4803843,0.19746542,0.092558935,3
47.48633,0.5085007,39.23862291159915,-77.97390003082091,0.8155607,0,5238.417,0.06737877,5,1,false,false,0.65850073,-14.56369,6.780004,0.19903654,0.09745449,3
47.225227,0.50874776,39.238629937480674,-77.97389945165527,0.8136544,0,5158.6226,0.066313855,5,1,false,false,0.84676623,-16.686619,7.3122716,0.2006494,0.0968853,3
46.948223,0.5089934,39.238637053456976,-77.97389887266635,0.8096031,0,5080.677,0.065248944,5,1,false,false,1.2351328,-16.603907,6.8288198,0.20226365,0.100616165,3
46.685314,0.5092376,39.23864407933849,-77.9738982935007,0.80507565,0,5003.819,0.063917324,5,1,false,false,1.0792934,-15.715497,7.4606423,0.20389737,0.09786988,3
46.414783,0.5094804,39.23865101515958,-77.97389771433504,0.7966163,0,4989.6836,0.062851354,5,1,false,false,1.3721728,-17.159447,7.4623566,0.20548657,0.09689032,3
46.132614,0.5097216,39.238657950980674,-77.97389713516938,0.7936376,0,5003.987,0.061786443,5,1,false,false,1.4133122,-16.922283,7.9385962,0.20712622,0.101137914,3
45.85624,0.50996125,39.23866479674134,-77.9738966719429,0.7862504,0,4941.866,0.06098725,5,1,false,false,1.5058876,-16.459198,8.434591,0.20880392,0.10237255,3
45.58036,0.5101995,39.238671642467644,-77.97389609277725,0.78065073,0,4897.804,0.060454793,5,1,false,false,1.9891031,-17.248823,8.292417,0.2104966,0.10314834,3
45.2992,0.51043624,39.23867848819394,-77.97389562955077,0.77064234,0.77,5159.315,0.058590688,0,1,false,false,2.233426,-16.685177,8.016794,0.21223249,0.10664029,3
45.02877,0.5106714,39.23868524385982,-77.97389505038511,0.7665911,0.15888888,5540.3975,0.05672658,0,1,false,false,2.1635518,-16.326496,8.734366,0.21398225,0.10402706,3
44.756958,0.510905,39.2386919995257,-77.97389458698188,0.75920403,0,5462.6704,0.054063283,4,1,false,false,2.728684,-16.533722,9.601,0.21568613,0.10372162,3
44.46811,0.5111373,39.238698665131146,-77.97389412375541,0.7558681,0,5894.2183,0.052199163,4,1,false,false,3.074548,-18.087944,9.175552,0.21747755,0.11444635,3
44.175213,0.511368,39.2387053307366,-77.97389354458976,0.7488384,0,5964.009,0.052199166,4,1,false,false,2.9410882,-17.17698,9.067549,0.21947615,0.12581402,3
43.898388,0.511597,39.23871190624726,-77.97389308136327,0.7451447,0,5869.2446,0.054330025,4,1,false,false,3.2038305,-16.64897,8.772135,0.22161652,0.1313077,3
43.623215,0.51182455,39.23871848175793,-77.97389261796005,0.73882985,0,5776.7705,0.05645983,4,1,false,false,3.8114138,-16.568205,9.075154,0.22385778,0.13872987,3
43.35625,0.5120507,39.2387249671738,-77.97389227049601,0.7339448,0,5686.154,0.057259046,4,1,false,false,4.079355,-15.827587,9.2847185,0.2261773,0.14117615,3
43.102543,0.51227546,39.238731452624044,-77.97389180726952,0.72393674,0,5598.009,0.057259038,4,1,false,false,4.112067,-14.917972,8.767808,0.22855635,0.14628367,3
42.85485,0.51249874,39.23873793807428,-77.97389134386631,0.71952814,0,5723.6777,0.054862484,4,1,false,false,3.612191,-15.326462,8.127002,0.23098366,0.14505248,3
42.60361,0.51272076,39.23874433342973,-77.97389099640226,0.70952,0,5757.804,0.051399965,4,1,false,false,3.4437995,-15.073982,8.646198,0.23329167,0.13497621,3
42.360287,0.5129414,39.23875072878518,-77.97389064893821,0.69653296,0,5659.796,0.046339065,4,1,false,false,4.251409,-14.733598,9.331243,0.23547515,0.13194378,3
42.114586,0.51316077,39.2387570340802,-77.97389030147417,0.6891457,0,5572.009,0.041013494,4,1,false,false,4.6365037,-14.817365,9.399038,0.23779704,0.14765017,3
41.877953,0.51337886,39.238763339375225,-77.97388995401012,0.68211615,0,5485.47,0.037817724,4,1,false,false,4.33986,-14.047708,9.025763,0.24032453,0.1542077,3
41.641815,0.5135955,39.23876955457546,-77.97388960654608,0.6713929,0,5522.3574,0.03675177,4,1,false,false,4.404103,-14.690597,9.409916,0.24290217,0.1536148,3
41.39573,0.513811,39.23877576981006,-77.97388925908203,0.6676992,0,5556.6367,0.036486063,4,1,false,false,4.7990513,-14.944824,9.281949,0.24544697,0.15144211,3
41.151405,0.51402515,39.2387819850103,-77.97388902738042,0.6631717,0,5516.909,0.037018534,4,1,false,false,5.180902,-14.528273,9.168407,0.24795918,0.14907324,3
40.914818,0.51423806,39.238788200210536,-77.97388867991637,0.6631717,0,5519.0557,0.038350176,4,1,false,false,5.267993,-14.302993,9.763564,0.2503994,0.14388113,3
40.67499,0.5144495,39.23879423528992,-77.97388844821477,0.6661504,0,5523.728,0.039947547,4,1,false,false,5.6283684,-14.586674,10.623607,0.25274467,0.13899413,3
40.436188,0.5146597,39.238800360429735,-77.9738882166899,0.6680566,0,5486.1187,0.04154594,4,1,false,false,6.1687517,-14.374439,11.207058,0.25503016,0.13672544,3
40.203197,0.51486874,39.238806395474754,-77.97388798498828,0.6694865,0,5445.1675,0.042610843,4,1,false,false,6.280685,-13.814257,10.685198,0.25736237,0.14242809,3
39.98055,0.5150766,39.23881243055414,-77.97388775328668,0.66877156,0.77,5689.8115,0.04181269,0,1,false,false,6.0766816,-13.382966,10.024511,0.25980073,0.1485626,3
39.76041,0.5152831,39.23881837553874,-77.97388763752424,0.66650784,0.77,6116.3296,0.03755097,0,1,false,false,5.52728,-13.420679,10.318516,0.26228628,0.14545941,3
39.538048,0.51548845,39.238824320523335,-77.97388740582264,0.6647207,0,6293.8965,0.032225408,0,1,false,false,5.7189035,-13.581022,10.590784,0.264628,0.13371262,3
39.306328,0.5156926,39.238830265507936,-77.97388729006019,0.6624568,0,6319.0664,0.025566097,3,1,false,false,5.6157584,-14.858469,9.711318,0.2667628,0.1201374,3
39.042137,0.5158955,39.23883612039774,-77.97388717412102,0.66209924,0,6625.6333,0.023169534,3,1,false,false,4.4972653,-16.388676,8.899407,0.26861203,0.103384815,3
38.782803,0.51609695,39.23884197532192,-77.97388705835859,0.66090775,0,6667.259,0.026365297,3,1,false,false,4.198789,-14.894525,9.573357,0.27021018,0.08907912,3
38.5515,0.516297,39.238847830211725,-77.97388694259615,0.65912056,0,6549.685,0.033023566,3,1,false,false,5.132802,-13.823856,10.45386,0.27161807,0.08333855,3
38.325966,0.5164958,39.23885359507547,-77.97388694259615,0.65137625,0,6441.362,0.04181269,3,1,false,false,5.689032,-13.534496,10.270333,0.27307674,0.09413296,3
38.11053,0.51669353,39.23885926981007,-77.97388682665698,0.6401763,0,6336.16,0.049269114,3,1,false,false,5.2573686,-12.871909,9.366045,0.2747576,0.10867732,3
37.9,0.51689017,39.238865034673815,-77.97388682665698,0.6346957,0,6277.101,0.055129208,3,1,false,false,4.6049495,-12.889982,8.757471,0.276696,0.121872015,3
37.686935,0.5170856,39.23887070940841,-77.97388682665698,0.62135106,0,6310.3364,0.059655603,3,1,false,false,3.719089,-12.949289,8.008378,0.27869162,0.11414839,3
37.46568,0.5172798,39.23887629411694,-77.97388671089453,0.6050279,0,6284.7217,0.06365057,3,1,false,false,4.5387163,-13.530119,9.151339,0.28051558,0.105991155,3
37.24822,0.51747286,39.23888187879111,-77.97388671089453,0.5969259,0,6236.6973,0.067645535,3,1,false,false,4.9498363,-12.979979,8.912787,0.2823001,0.11002648,3
37.034416,0.5176648,39.23888746346528,-77.97388671089453,0.5883473,0,6219.7754,0.074570544,3,1,false,false,4.7193074,-12.894757,8.529183,0.2841976,0.11644396,3
36.82489,0.5178557,39.23889304815663,-77.97388682665698,0.5757178,0,6223.537,0.08282615,3,1,false,false,4.382599,-12.691227,8.501189,0.28613085,0.11540335,3
36.620735,0.5180463,39.2388985427532,-77.97388682665698,0.57238185,0,6215.1562,0.0953435,3,1,false,false,4.8043194,-12.357626,8.933795,0.2880595,0.118565746,3
36.418102,0.51823705,39.23890403736694,-77.97388694259615,0.56940305,0,6173.136,0.10652868,3,1,false,false,5.230716,-12.333399,9.208095,0.2901351,0.131046,3
36.218597,0.5184267,39.23890944190308,-77.97388694259615,0.56940305,0,6144.963,0.12011142,3,1,false,false,5.391278,-12.134653,8.551169,0.29241434,0.14220229,3
36.020573,0.5186153,39.23891493649965,-77.97388705835859,0.57202446,0,6140.803,0.1350248,3,1,false,false,5.49101,-12.132233,9.405502,0.2948466,0.15192607,3
35.81524,0.51880294,39.238920250958174,-77.97388717412102,0.5727392,0,6107.7607,0.14860761,3,1,false,false,6.333849,-12.948184,10.6439495,0.29755914,0.17593223,3
35.60092,0.5189884,39.23892565549431,-77.97388729006019,0.5702372,0,6055.6357,0.17017978,3,1,false,false,6.8914557,-12.877194,11.148218,0.3007416,0.20418906,3
35.397903,0.51917154,39.23893096995285,-77.97388740582264,0.56904554,0,6035.2344,0.19388226,3,1,false,false,6.710864,-11.891421,9.481462,0.30428383,0.21627536,3
35.20904,0.5193537,39.23893628441137,-77.97388763752424,0.5657097,0,6025.763,0.21119377,3,1,false,false,6.6723347,-11.39723,8.992872,0.3078492,0.21178275,3
35.018574,0.51953495,39.2389415087923,-77.97388775328668,0.5630882,0,5988.891,0.22877099,3,1,false,false,7.246117,-11.599977,8.453224,0.31147045,0.22505677,3
34.825203,0.51971513,39.23894673317322,-77.97388798498828,0.55605876,0,5955.087,0.24048862,3,1,false,false,6.827759,-11.886132,8.483847,0.31535143,0.23636518,3
34.628,0.51989365,39.23895195755415,-77.9738882166899,0.55200744,0,5951.3257,0.25646842,3,1,false,false,7.241635,-11.919411,9.602633,0.3192223,0.22866462,3
34.436203,0.5200695,39.23895718193507,-77.97388844821477,0.54235667,0,5945.3237,0.2711156,3,1,false,false,7.881598,-11.281642,10.287251,0.32306477,0.23768269,3
34.255817,0.5202444,39.23896231623839,-77.97388867991637,0.5327058,0,5884.485,0.2857633,3,1,false,false,8.690163,-10.769788,9.94304,0.3272109,0.2629886,3
34.083286,0.5204185,39.23896745054171,-77.97388902738042,0.5279401,0,5800.546,0.29721558,3,1,false,false,9.046535,-10.419347,9.102478,0.3319175,0.30477762,3
33.91184,0.52059174,39.2389724947846,-77.97388937484448,0.5238888,0,5749.4307,0.30999872,3,1,false,false,8.120036,-10.271492,8.258607,0.33736065,0.34519,3
33.747234,0.5207641,39.23897762908792,-77.97388972230851,0.5149529,0,5724.8145,0.32571182,3,1,false,false,8.103619,-10.383248,8.0891,0.3432252,0.35437343,3
33.547184,0.5209341,39.23898267331363,-77.97389006977257,0.505302,0,5714.5225,0.33902842,3,1,false,false,10.204435,-12.526104,11.3366585,0.3493961,0.38878146,3
33.33767,0.5211029,39.23898762747891,-77.9738904172366,0.50017864,0,5711.7896,0.35074604,3,1,false,false,11.9204235,-12.660963,12.800195,0.35615733,0.42275906,3
33.141354,0.5212707,39.23899267170462,-77.97389088063983,0.49422133,0.77,5946.0986,0.36725837,0,1,false,false,13.588902,-11.275849,13.182621,0.36353388,0.46137008,3
32.96063,0.5214376,39.23899753577512,-77.97389134386631,0.484213,0.77,6359.443,0.38137242,0,1,false,false,13.804259,-10.141241,11.75988,0.37156355,0.49515396,3
32.804035,0.52160364,39.23900248994041,-77.97389192303196,0.47241756,0,6525.2188,0.3890967,0,1,false,false,13.754975,-9.518485,11.599833,0.37994534,0.50401497,3
32.620564,0.5217685,39.23900735401091,-77.97389250219761,0.4653878,0,6500.5234,0.39016205,2,1,false,false,15.169621,-11.984398,11.595584,0.3884624,0.5115071,3
32.38788,0.5219316,39.23901221809859,-77.97389308136327,0.4504944,0,6751.749,0.38989532,2,1,false,false,13.172568,-14.634599,10.751505,0.39688617,0.49022233,3
32.14559,0.5220934,39.239017082169084,-77.97389366035219,0.44346476,0,6962.2773,0.3922925,2,1,false,false,13.648348,-13.874539,11.1758175,0.40479994,0.46189907,3
31.936993,0.52225417,39.23902185617915,-77.97389435545702,0.42571196,0,6979.3374,0.39921647,2,1,false,false,14.549321,-10.993423,11.8207445,0.4124039,0.45537588,3
31.776318,0.522414,39.23902654011162,-77.97389505038511,0.41606095,0,6871.514,0.4106689,2,1,false,false,14.503793,-8.648217,11.364544,0.42006764,0.46302968,3
31.630806,0.52257323,39.2390313141131,-77.97389586107563,0.40676752,0,6757.984,0.42291886,2,1,false,false,14.735378,-8.361286,10.156927,0.4278388,0.46861023,3
31.485483,0.5227313,39.239035998036975,-77.9738966719429,0.38865727,0,6708.43,0.43623555,2,1,false,false,13.389696,-8.486098,9.358223,0.43560958,0.46499687,3
31.339207,0.5228882,39.239040681969435,-77.97389748263343,0.37793392,0,6704.83,0.44768795,2,1,false,false,12.708078,-8.662446,8.884803,0.4433938,0.4729696,3
31.18948,0.52304435,39.239045275815705,-77.97389840926313,0.35386634,0,6685.082,0.45887253,2,1,false,false,12.898986,-8.750232,9.105076,0.45144257,0.49575168,3
31.054945,0.52319986,39.23904995974817,-77.97389933589282,0.32979867,0,6643.534,0.47591782,2,1,false,false,11.667106,-6.982717,7.456204,0.4598402,0.5080038,3
30.926104,0.5233547,39.239054553603026,-77.97390026252253,0.31013948,0,6603.052,0.49003196,2,1,false,false,11.83354,-7.803756,7.991975,0.46835408,0.5178935,3
30.77739,0.5235091,39.23905905738028,-77.97390118915223,0.300131,0,6567.3364,0.50414723,2,1,false,false,14.158873,-9.1928,11.228037,0.47723937,0.5589368,3
30.613457,0.52366227,39.23906365122655,-77.97390223154437,0.29012266,0,6533.224,0.52412146,2,1,false,false,16.700457,-9.180865,12.328329,0.48711735,0.625471,3
30.461971,0.5238141,39.2390681550038,-77.9739032739365,0.26974866,0,6501.126,0.54622614,2,1,false,false,17.941801,-7.9922814,11.613511,0.49807546,0.6813647,3
30.333748,0.52396524,39.23907256871203,-77.97390443226782,0.25199577,0,6475,0.5696622,2,1,false,false,16.272505,-6.339515,9.118433,0.50961137,0.6906547,3
30.22404,0.52411586,39.23907707248929,-77.97390559059913,0.24460855,0,6451.308,0.5832451,2,1,false,false,14.956779,-6.065289,7.9602666,0.52111626,0.68865913,3
30.104,0.52426594,39.23908148618893,-77.97390686451614,0.2367449,0,6423.204,0.5946964,2,1,false,false,15.006394,-6.810072,8.12638,0.53271115,0.6939058,3
29.98072,0.52441555,39.23908589988858,-77.97390802284744,0.21827719,0,6422.4165,0.60401815,2,1,false,false,15.290907,-6.618672,8.432704,0.5439447,0.6415701,3
29.850815,0.5245643,39.239090223510615,-77.97390941270363,0.20791139,0,6456.4,0.6152033,2,1,false,false,19.514765,-7.449258,12.117413,0.55398524,0.57842946,3
29.716475,0.52471143,39.23909463721885,-77.97391068679737,0.18527342,0,6478.105,0.63065004,2,1,false,false,21.267311,-6.7547464,13.037708,0.56353164,0.5820573,3
29.60075,0.5248579,39.239098960840884,-77.97391219259273,0.17228645,0,6437.053,0.6442318,2,1,false,false,19.815714,-5.469194,10.521903,0.5736005,0.63146377,3
29.50013,0.5250038,39.239103194393905,-77.97391358244892,0.14976768,0,6354.645,0.65701604,2,1,false,false,19.704683,-5.228631,10.884407,0.5846273,0.6929457,3
29.412027,0.5251493,39.239107427942635,-77.97391508824427,0.14083162,0,6295.5933,0.6719298,2,1,false,false,16.766897,-3.9140947,8.530587,0.596647,0.74657583,3
29.333586,0.5252945,39.239111661495656,-77.97391670980205,0.12605742,0,6278.176,0.68684334,2,1,false,false,16.364117,-4.529125,8.034701,0.6095489,0.794816,3
29.232145,0.5254393,39.239115895044385,-77.97391833135985,0.111998096,0,6282.8286,0.70308924,2,1,false,false,17.995398,-5.161927,9.063309,0.62286675,0.79178405,3
29.124746,0.5255835,39.23912012859311,-77.97391995291764,0.111998096,0,6309.485,0.7190685,2,1,false,false,19.764185,-5.7251897,11.0415745,0.635989,0.78292584,3
29.010845,0.52572703,39.23912427206852,-77.97392169041461,0.101989746,0,6331.4976,0.7353146,2,1,false,false,20.737057,-5.489457,11.74743,0.64917684,0.80282384,3
28.904333,0.52587,39.23912832547063,-77.97392342773483,0.09674729,0,6319.169,0.7507607,2,1,false,false,22.62802,-5.0537415,12.172083,0.6627552,0.8229215,3
28.80736,0.5260125,39.239132468946046,-77.97392528099424,0.09424519,0,6285.949,0.7640772,2,1,false,false,21.343874,-4.07056,10.650344,0.6766174,0.8396328,3
28.714684,0.5261545,39.23913652234385,-77.97392725001608,0.08793043,0,6243.5127,0.7757948,2,1,false,false,21.972094,-4.613795,10.555622,0.69077504,0.85047406,3
28.621187,0.52629614,39.239140575743804,-77.97392921903791,0.085309185,0,6211.484,0.78777957,2,1,false,false,20.149736,-4.169715,9.819437,0.70489305,0.8374255,3
28.529985,0.52643734,39.239144539068306,-77.97393118805975,0.08090075,0,6197.1455,0.7981655,2,1,false,false,20.677269,-4.550474,10.11121,0.71865433,0.81090266,3
28.432552,0.5265774,39.239148502390655,-77.97393327302076,0.07422853,0,6188.359,0.80935115,2,1,false,false,20.39534,-4.2448516,9.94158,0.73185104,0.7741582,3
28.339756,0.526717,39.23915237563969,-77.97393535780503,0.06934351,0,6178.7485,0.8255972,2,1,false,false,20.892248,-4.419277,10.478892,0.74444497,0.7455007,3
28.24694,0.52685606,39.23915633896311,-77.97393755852848,0.06457762,0,6159.3467,0.8445062,2,1,false,false,20.428974,-4.1607933,9.947488,0.75682604,0.74716884,3
28.161219,0.5269947,39.23916021221215,-77.97393975925193,0.055641603,0,6129.446,0.8631479,2,1,false,false,18.862473,-3.4117074,8.844804,0.7693865,0.7611517,3
28.09313,0.52713305,39.23916399538466,-77.97394207573781,0.04313118,0,6093.52,0.88338846,2,1,false,false,18.154873,-2.888841,8.518011,0.7820753,0.763821,3
28.02503,0.5272711,39.23916777855743,-77.9739443922237,0.03645896,0,6058.9766,0.89910144,2,1,false,false,17.85534,-3.1340995,8.394712,0.7948146,0.76512057,3
27.950993,0.5274088,39.23917156173017,-77.97394670870958,0.030501612,0,6038.498,0.9188089,2,1,false,false,18.558287,-3.255768,8.47044,0.8075915,0.7740643,3
27.874521,0.5275457,39.239175344902975,-77.97394914113464,0.025735736,0,6033.599,0.93825066,2,1,false,false,19.36478,-3.314032,9.819825,0.82058805,0.78694814,3
27.791174,0.5276822,39.23917903800029,-77.97395157338296,0.027522933,0,6032.7637,0.95715964,2,1,false,false,20.514406,-3.9423704,10.244677,0.83392537,0.816583,3
27.696888,0.5278182,39.23918273109734,-77.97395412157044,0.027522936,0.027497413,6034.0347,0.9803293,2,1,false,false,25.728777,-4.47051,13.154322,0.84796876,0.88249743,3
27.584661,0.5279537,39.23918633411892,-77.97395666975794,0.026093174,0.06623101,6042.7056,1.0037653,2,1,false,false,23.623585,-3.6165783,11.982264,0.86392975,1.0077302,3
27.49668,0.5280888,39.23918993714051,-77.97395933388461,0.016084835,0.12147236,6061.043,1.024272,2,1,false,false,23.781702,-3.4072611,11.605429,0.8811866,1.0485322,3
27.414463,0.5282236,39.23919345008771,-77.97396211359697,0,0.17870194,6086.556,1.0554309,2,1,false,false,24.838034,-2.8189206,12.277926,0.89893603,1.0745254,3
27.336094,0.528358,39.23919696303276,-77.9739647775469,0,0.23839772,6120.276,1.087923,2,1,false,false,26.044157,-2.347492,12.575784,0.91709447,1.0980232,3
27.259626,0.5284919,39.23920047597996,-77.97396767319844,0,0.2707194,6182.5107,1.1273377,2,1,false,false,26.93847,-2.26426,12.6186495,0.9356588,1.1151925,3
27.173962,0.52862537,39.2392038087741,-77.97397056884998,0,0.30549175,6266.538,1.1672857,2,1,false,false,29.363857,-2.9228663,15.117149,0.9543483,1.1108419,3
27.077606,0.5287584,39.23920723164584,-77.97397346450151,0,0.3276869,6370.128,1.2080321,2,1,false,false,31.024529,-2.9056375,15.626561,0.9726329,1.091701,3
26.99525,0.52889097,39.239210474366665,-77.97397647609223,0,0.35852897,6354.5947,1.2581,2,1,false,false,27.411789,-1.6806835,14.622513,0.9913026,1.1275576,3
26.940235,0.52902335,39.2392138071608,-77.97397960344537,0,0.38195723,6275.3887,1.303907,2,1,false,false,27.543436,-0.09658021,12.289979,1.0103662,1.1527517,3
26.90987,0.52915555,39.23921695980402,-77.97398273062178,0,0.40071517,6283.659,1.3515788,2,1,false,false,25.552967,0.9278688,11.662703,1.0295213,1.1218407,3
26.88157,0.5292878,39.239220112447235,-77.97398597373737,0,0.41082644,6291.1035,1.3856672,2,1,false,false,25.909742,0.8072036,12.090851,1.0473958,1.0006555,3
26.854288,0.5294201,39.23922326509045,-77.97398921685296,0,0.41995108,6241.7217,1.4197564,2,1,false,false,24.649532,1.0615904,13.574598,1.0631496,0.8906115,3
26.835527,0.5295522,39.239226327660354,-77.97399257590772,0,0.41896456,6195.843,1.4482522,2,1,false,false,23.010746,1.2853744,11.606468,1.0772481,0.80312055,3
26.816017,0.5296843,39.23922939023026,-77.9739960507249,0,0.41649842,6186.4893,1.4650302,2,1,false,false,22.222933,0.8509045,11.209386,1.0900394,0.735554,3
26.790028,0.5298163,39.23923236272256,-77.97399940960292,0,0.41304594,6205.27,1.4804764,2,1,false,false,20.336151,0.04978411,9.730611,1.101905,0.69599634,3
26.756495,0.52994835,39.23923533521486,-77.97400300018255,0,0.40811366,6245.496,1.494059,2,1,false,false,18.882744,0.3030419,9.020422,1.1134952,0.69466996,3
26.74153,0.5300805,39.239238307707154,-77.97400647499974,0,0.40342802,6285.3037,1.50631,2,1,false,false,15.274795,0.41180992,7.078105,1.1247088,0.6539442,3
26.736916,0.53021294,39.239241190126144,-77.97401006557938,0,0.3972473,6280.473,1.5188265,2,1,false,false,12.280576,1.387788,5.54931,1.1353295,0.61648744,3
26.743156,0.5303458,39.239244072540835,-77.974013656159,0,0.3873828,6253.946,1.5340071,2,1,false,false,12.423902,1.5466766,5.598233,1.1451797,0.56833947,3
26.737066,0.5304788,39.23924686488651,-77.97401724691537,0,0.38442338,6225.614,1.559041,2,1,false,false,18.515436,0.77713203,10.003094,1.1544693,0.56635934,3
26.710203,0.53061163,39.2392497473012,-77.97402095325744,0,0.37973773,6204.4688,1.58008,2,1,false,false,23.753452,0.35768828,12.9921055,1.1642851,0.6198859,3
26.679663,0.53074455,39.23925244956927,-77.97402465977625,0,0.37973773,6176.428,1.5795478,2,1,false,false,24.159288,0.26611975,13.471254,1.1749371,0.6537567,3
26.651354,0.5308774,39.239255241906356,-77.97402848188074,0,0.38442338,6154.754,1.5651653,2,1,false,false,23.037643,0.35858855,12.674252,1.1858896,0.65510136,3
26.621805,0.53101027,39.23925785409682,-77.97403230416198,0,0.38442338,6153.9707,1.5419962,2,1,false,false,21.15431,-0.29482177,10.478115,1.196757,0.65329504,3
26.5846,0.5311434,39.239260466287284,-77.97403612644322,0,0.39280814,6195.092,1.5193589,2,1,false,false,21.197865,-0.75420916,10.478282,1.2078943,0.6903969,3
26.54841,0.531277,39.23926307847774,-77.9740400644869,0,0.40120852,6260.633,1.5084405,2,1,false,false,21.526419,-0.28051397,11.889726,1.2200217,0.7544644,3
26.521168,0.53141046,39.23926560059919,-77.9740440027073,0,0.41033316,6278.308,1.5049772,2,1,false,false,22.77727,0.37092054,11.857862,1.2330253,0.79904294,3
26.505453,0.5315439,39.23926812271205,-77.97404794075098,0,0.42217064,6239.141,1.5060432,2,1,false,false,23.083567,1.0021793,13.167864,1.2466779,0.8296263,3
26.496635,0.53167737,39.23927055475588,-77.97405199473383,0,0.42660964,6187.5444,1.509506,2,1,false,false,21.256792,1.2482291,11.192134,1.2607232,0.83949894,3
26.489178,0.53181106,39.239272986791136,-77.97405604853995,0,0.4283359,6165.184,1.5121689,2,1,false,false,21.14332,1.0333825,11.476775,1.2746172,0.8218244,3
26.477516,0.5319448,39.239275328757365,-77.97406021828523,0,0.4231571,6172.155,1.5150985,2,1,false,false,21.946177,0.8598323,11.442411,1.2883176,0.81500673,3
26.464535,0.53207874,39.239277670723595,-77.97406438803051,0,0.41995108,6170.229,1.519359,2,1,false,false,20.855625,0.81625026,11.211636,1.3017783,0.7911296,3
26.45557,0.5322124,39.239279922612226,-77.9740685577758,0,0.4169917,6153.2397,1.5212228,2,1,false,false,20.806618,1.2557408,10.924659,1.3146957,0.7502636,3
26.447655,0.53234607,39.23928217450085,-77.97407272752108,0,0.41477227,6129.138,1.5244188,2,1,false,false,22.135498,1.0738194,12.54532,1.326862,0.71237266,3
26.435354,0.5324799,39.23928433631187,-77.9740770130288,0,0.4135391,6108.8477,1.5300121,2,1,false,false,22.445627,0.8602323,12.380869,1.3386606,0.70601577,3
26.42217,0.53261375,39.23928649812289,-77.97408129871326,0,0.4125526,6102.726,1.5326757,2,1,false,false,20.159882,0.75400686,11.092746,1.3504733,0.7063912,3
26.409597,0.5327479,39.2392885698563,-77.97408569998342,0,0.41255265,6115.0093,1.5300119,2,1,false,false,20.422691,0.68296415,11.045458,1.3621314,0.6889001,3
26.396214,0.5328822,39.2392906415983,-77.97408998566787,0,0.41131955,6125.198,1.5257506,2,1,false,false,21.16614,0.50397134,11.387642,1.3734956,0.6786477,3
26.379322,0.53301656,39.2392926232627,-77.97409438693803,0,0.40860683,6120.6753,1.5238864,2,1,false,false,22.938267,0.43721896,13.093804,1.3850026,0.7051759,3
26.3612,0.5331502,39.23929451484949,-77.97409890414737,0,0.4086069,6112.0044,1.5198916,2,1,false,false,22.607185,0.4272645,12.399303,1.3971664,0.74944806,3
26.347649,0.5332839,39.239296406436274,-77.97410330559426,0,0.41033316,6113.697,1.5116364,2,1,false,false,21.37765,0.73041195,11.479494,1.4099528,0.771435,3
26.337341,0.53341764,39.239298298023066,-77.97410782280359,0,0.41131967,6112.8916,1.5015154,2,1,false,false,20.215422,0.70270014,11.040311,1.4227914,0.7621322,3
26.332108,0.5335515,39.23930009953225,-77.97411234001292,0,0.4113196,6107.169,1.4908632,2,1,false,false,18.413687,0.9970403,10.0429535,1.4353542,0.7357546,3
26.330389,0.5336856,39.23930181096382,-77.97411697298469,0,0.41353905,6103.7417,1.4852707,2,1,false,false,18.293081,1.0773935,9.648515,1.4473273,0.6958715,3
26.326452,0.53382,39.23930352240399,-77.97412149037075,0,0.417485,6100.177,1.4908636,2,1,false,false,20.013775,1.0136113,11.331373,1.4586891,0.668203,3
26.320835,0.53395444,39.23930514375796,-77.97412612334251,0,0.42389685,6093.8267,1.5015156,2,1,false,false,21.559935,0.97768843,12.188496,1.4697392,0.65754104,3
26.318604,0.53408843,39.23930676512052,-77.97413075631428,0,0.43326813,6084.906,1.5103046,2,1,false,false,20.13556,1.2505087,11.218286,1.480587,0.6379144,3
26.32167,0.53422254,39.23930838648308,-77.97413538946279,0,0.43918687,6075.2617,1.5119025,2,1,false,false,19.114656,1.2770036,11.207096,1.490901,0.60147876,3
26.320637,0.5343568,39.23930991776803,-77.97414013819699,0,0.44707847,6075.296,1.5103046,2,1,false,false,20.26612,0.8430549,11.764098,1.5008582,0.6035532,3
26.31489,0.5344911,39.23931135897538,-77.9741447713455,0,0.45225728,6094.1133,1.5081745,2,1,false,false,20.287107,0.65424633,11.144955,1.5112435,0.6454848,3
26.30966,0.5346257,39.239312800182724,-77.97414952025643,0,0.45497012,6123.8477,1.504445,2,1,false,false,19.570307,0.7347488,10.719734,1.5224375,0.6932256,3
26.310575,0.53476053,39.23931415131246,-77.97415426899063,0,0.4576829,6141.2017,1.4999175,2,1,false,false,19.143421,1.1889485,10.802275,1.5342124,0.71013695,3
26.316296,0.53489554,39.2393155024422,-77.97415913384074,0,0.45891595,6131.0664,1.4967219,2,1,false,false,18.680788,1.3589271,10.509772,1.5460832,0.7099678,3
26.326494,0.5350304,39.23931676351152,-77.97416388257496,0,0.4599024,6113,1.4964558,2,1,false,false,17.323849,1.5577189,10.32104,1.557898,0.7069957,3
26.338392,0.5351655,39.239318024563644,-77.97416874724833,0,0.46113545,6113.148,1.4991193,2,1,false,false,17.7636,1.572035,10.260622,1.5696545,0.69737375,3
26.348442,0.5353008,39.23931928561578,-77.97417361209844,0,0.4618752,6115.491,1.507109,2,1,false,false,17.83243,1.4837197,9.963927,1.581088,0.6718681,3
26.359486,0.5354363,39.23932036652988,-77.97417847677181,0,0.46483463,6111.5425,1.5177611,2,1,false,false,17.268913,1.580939,9.744971,1.5920352,0.6413424,3
26.371342,0.53557205,39.23932153750441,-77.9741833414452,0,0.47052217,6106.927,1.5254843,2,1,false,false,17.35829,1.5707284,10.56096,1.6025423,0.6222301,3
26.379637,0.5357081,39.239322618418505,-77.97418820611857,0,0.47619426,6109.11,1.5289475,2,1,false,false,19.820568,1.2529489,12.247365,1.6129024,0.62954473,3
26.381632,0.5358446,39.239323609254996,-77.97419318655439,0,0.4828527,6118.5405,1.5276147,2,1,false,false,20.99729,0.9537723,12.407414,1.6237323,0.67253387,3
26.383091,0.53598124,39.23932460007431,-77.97419805122776,0,0.4875384,6133.769,1.5166962,2,1,false,false,20.577595,0.9759465,11.977523,1.6353155,0.71380734,3
26.3862,0.536118,39.2393255909108,-77.9742030318403,0,0.4927172,6149.6094,1.5007166,2,1,false,false,19.522522,1.1052542,11.251206,1.6475176,0.74474514,3
26.391312,0.5362549,39.23932640159209,-77.97420801227612,0,0.49690974,6166.159,1.4778136,2,1,false,false,18.579887,1.1855618,10.291643,1.6602339,0.7772027,3
26.3999,0.5363919,39.23932730235097,-77.97421299288867,0,0.5011022,6183.618,1.4647644,2,1,false,false,17.217348,1.451556,9.717198,1.6734585,0.8000367,3
26.41567,0.53652936,39.239328022954645,-77.97421797332449,0,0.5080072,6196.6426,1.4565073,2,1,false,false,16.614885,1.9663956,9.494703,1.6867687,0.7852434,3
26.4356,0.5366671,39.23932883363592,-77.97422295393703,0,0.52181745,6194.1533,1.4546436,2,1,false,false,17.494692,2.190581,10.436206,1.6995593,0.7462669,3
26.457745,0.5368057,39.239329554239596,-77.97422793437283,0,0.5398357,6179.2207,1.4565074,2,1,false,false,18.387882,2.2908833,11.27706,1.7117101,0.71268725,3
26.479214,0.5369448,39.23933018476566,-77.97423303074783,0,0.56178415,6172.383,1.4583715,2,1,false,false,19.100153,2.268407,11.738244,1.7234303,0.6969308,3
26.499414,0.5370842,39.23933081529173,-77.97423812712282,0,0.5709089,6181.2476,1.4538448,2,1,false,false,20.020996,2.1491363,12.158978,1.7349969,0.69368076,3
26.518974,0.5372238,39.23933135574019,-77.97424310755862,0,0.6074232,6203.4517,1.4413278,2,1,false,false,19.40443,2.1748414,11.393544,1.7465974,0.6962131,3
26.53999,0.5373637,39.239331896188645,-77.97424820393361,0,0.6520601,6238.8374,1.4224194,2,1,false,false,17.6412,2.2011552,10.053542,1.7582488,0.7038072,3
26.566498,0.537504,39.23933234657668,-77.97425330030859,0,0.68388855,6286.1265,1.4003153,2,1,false,false,16.700666,2.592407,9.717284,1.7701154,0.7179941,3
26.599327,0.53764474,39.23933279694754,-77.97425839668358,0,0.75912094,6338.6157,1.376346,2,1,false,false,16.495453,3.0404575,9.77959,1.7822033,0.7283302,3
26.642763,0.5377872,39.23933315725796,-77.97426349305856,0,0.84076524,6381.424,1.3491815,2,1,false,false,15.720538,3.6843793,9.553173,1.7942717,0.71716464,3
26.696554,0.5379303,39.23933351755121,-77.97426870519598,0,0.926602,6404.982,1.3182887,2,1,false,false,15.718581,4.4011903,9.922547,1.8061115,0.7016127,3
26.759092,0.5380739,39.23933378778403,-77.97427380157097,0,1,6410.5703,1.2887278,2,1,false,false,15.948794,4.7700014,10.083923,1.8176446,0.6832601,3
26.822803,0.53821796,39.23933405801685,-77.9742790137084,0,1,6408.926,1.2522416,2,1,false,false,16.119946,4.73519,10.258783,1.8289407,0.6759626,3
26.885357,0.5383627,39.23933432823249,-77.97428411008337,0,1,6422.0283,1.2184184,2,1,false,false,17.86716,4.5738063,11.603621,1.8402135,0.6820685,3
26.943937,0.53850794,39.2393345083877,-77.9742893222208,0,1,6440.6313,1.1885905,2,1,false,false,18.198648,4.5978885,12.310903,1.8517227,0.69591194,3
27.001358,0.53865385,39.239334598465305,-77.97429453435822,0,1,6449.097,1.1478442,2,1,false,false,18.218658,4.394157,12.075184,1.8634496,0.7110008,3
27.05744,0.53880036,39.23933468854291,-77.97429974667239,0,1,6464.9146,1.1025698,2,1,false,false,18.427673,4.439087,11.474154,1.8755344,0.734763,3
27.11181,0.53894717,39.23933468854291,-77.9743049588098,0,1,6490.4043,1.0687479,2,1,false,false,17.234804,4.2315273,11.08436,1.8879749,0.75091594,3
27.166983,0.53909445,39.23933468854291,-77.97431017094722,0,1,6520.003,1.0234733,2,1,false,false,17.230951,4.449474,10.689575,1.9006653,0.7627943,3
27.226248,0.5392422,39.23933468854291,-77.97431549884708,0,1,6542.7583,0.99630827,2,1,false,false,16.717281,4.8628826,10.1441765,1.9133854,0.7524312,3
27.292269,0.53939056,39.239334598465305,-77.97432071116124,0,1,6543.624,0.97100765,2,1,false,false,15.59889,5.1344204,9.378525,1.9256144,0.7071645,3
27.36087,0.53953964,39.239334418310094,-77.9743260390611,0,1,6529.0947,0.957426,2,1,false,false,16.85541,5.119768,10.533376,1.9369645,0.6590676,3
27.416317,0.53968793,39.23933423815488,-77.97433125119852,0,1,6521.1104,0.9505008,2,1,false,false,19.988125,4.166056,13.137575,1.9479039,0.6661343,3
27.466293,0.53983647,39.23933405801685,-77.97433657927512,0,1,6541,0.94384325,2,1,false,false,18.361917,4.322689,11.242977,1.959406,0.705221,3
27.512203,0.5399853,39.23933369770642,-77.97434190735171,0,1,6579.2134,0.9225371,2,1,false,false,16.224022,3.1496522,9.8522215,1.9712846,0.7198111,3
27.539331,0.5401345,39.2393334274736,-77.97434711948912,0,1,6661.5728,0.8903135,2,1,false,false,15.685841,3.687023,9.2724,1.9835107,0.7338439,3
27.595922,0.5402841,39.239333067180354,-77.97435244738898,0,1,6761.7866,0.85995215,2,1,false,false,17.734762,4.5871644,11.410687,1.9954776,0.7009888,3
27.658052,0.5404342,39.2393326168095,-77.97435777546558,0,1,6733.602,0.83518416,2,1,false,false,18.631992,5.4999213,12.410978,2.007024,0.6829041,3
27.728662,0.540584,39.23933216642147,-77.97436310336543,0,1,6629.726,0.80562294,2,1,false,false,18.68814,5.5736866,11.954143,2.0183272,0.67320025,3
27.791471,0.5407338,39.23933162597301,-77.97436843144203,0,1,6593.8315,0.78351843,2,1,false,false,17.01787,4.57837,10.01902,2.029482,0.66599244,3
27.839218,0.540884,39.23933108552455,-77.97437375951863,0,1,6675.96,0.76567495,2,1,false,false,14.301164,3.4679205,8.343597,2.0404255,0.64825994,3
27.880394,0.54103446,39.2393304549813,-77.97437908741848,0,1,6804.7544,0.74756473,2,1,false,false,14.592398,3.735481,9.185773,2.051185,0.64121187,3
27.935701,0.54118526,39.23932982445523,-77.97438441549508,0,1,6860.056,0.7425051,2,1,false,false,14.939365,4.983497,9.5282,2.0617561,0.62353706,3
28.000475,0.54133666,39.23932919392917,-77.97438974339494,0,1,6807.2114,0.74117315,2,1,false,false,16.984037,5.436486,11.463026,2.072161,0.6293707,3
28.078241,0.5414881,39.2393284733255,-77.97439507147153,0,1,6729.7036,0.7446351,2,1,false,false,17.974514,6.0898643,12.3407345,2.0827208,0.6355093,3
28.152807,0.5416395,39.239327662644214,-77.97440039937139,0,1,6683.406,0.7395755,2,1,false,false,18.500431,5.6022983,11.88177,2.0933516,0.6377341,3
28.212885,0.5417913,39.239326851962936,-77.97440572744799,0,1,6681.121,0.72865593,2,1,false,false,17.528551,4.209339,10.449626,2.1039934,0.63861006,3
28.253027,0.5419434,39.23932604128166,-77.97441105534784,0,1,6734.8394,0.7145411,2,1,false,false,17.331,3.6765962,10.073245,2.11469,0.64037126,3
28.294655,0.5420958,39.23932505046235,-77.97441638342444,0,1,6828.4214,0.70042604,2,1,false,false,17.992273,3.9118147,10.804175,2.1253147,0.63226986,3
28.341751,0.5422485,39.23932414970346,-77.97442171150104,0,1,6872.381,0.6919041,2,1,false,false,16.539875,4.491897,10.035521,2.1358535,0.6270682,3
28.411335,0.5424016,39.239323158866966,-77.9744270394009,0,1,6849.035,0.6817833,2,1,false,false,15.321162,5.7871065,9.470826,2.1460712,0.59089977,3
28.488073,0.5425548,39.239322077970044,-77.97443236747749,0,1,6787.4746,0.67672366,2,1,false,false,14.122488,5.6856475,8.618541,2.1555014,0.5426027,3
28.565184,0.5427084,39.23932099705595,-77.97443769537735,0,1,6757.2275,0.6772564,2,1,false,false,13.505618,5.6466455,8.26137,2.1641796,0.50041527,3
28.636604,0.5428625,39.239319916141845,-77.97444302345394,0,1,6768.809,0.6836474,2,1,false,false,13.29192,4.926757,8.452294,2.172063,0.4523798,3
28.69989,0.54301697,39.239318745167324,-77.9744483513538,0,1,6794.279,0.6921705,2,1,false,false,13.533613,4.7504077,8.807648,2.179229,0.41505092,3
28.762112,0.5431719,39.239317574192796,-77.9744536794304,0,1,6817.6104,0.70282304,2,1,false,false,13.607676,4.536335,8.810599,2.1857703,0.38355747,3
28.81384,0.5433273,39.23931631312348,-77.97445900750698,0,1,6841.2935,0.7118775,2,1,false,false,14.153011,3.803702,8.474139,2.1921875,0.40652055,3
28.860695,0.54348314,39.23931505207135,-77.97446433540685,0,1,6903.686,0.7185361,2,1,false,false,12.031512,3.3454828,6.9706564,2.1991885,0.44110182,3
28.897615,0.54363924,39.23931370093302,-77.97446966348343,0,1,6992.1514,0.7180037,2,1,false,false,12.278431,2.8978436,7.971584,2.2069235,0.49538377,3
28.932943,0.54379547,39.239312439880884,-77.9744749913833,0,1,7071.4585,0.7161391,2,1,false,false,13.169258,3.18855,8.7757845,2.215705,0.56401473,3
28.978897,0.5439519,39.23931108874256,-77.97448020352071,0,1,7123.503,0.70255643,2,1,false,false,15.172837,4.006176,10.397234,2.2256827,0.62513876,3
29.037636,0.54410875,39.23930964753521,-77.97448553159731,0,1,7123.825,0.68284893,2,1,false,false,17.550661,5.0850425,11.621639,2.2363362,0.6421095,3
29.107426,0.54426616,39.23930820632786,-77.9744908596739,0,1,7066.51,0.6628746,2,1,false,false,18.256193,5.390336,11.87688,2.2468696,0.6205659,3
29.174677,0.54442483,39.23930667504291,-77.97449618757376,0,1,6999.6987,0.6410363,2,1,false,false,19.138569,5.348837,13.25278,2.2574403,0.65317076,3
29.240337,0.54458374,39.23930514375796,-77.97450139971119,0,1,6979.5166,0.62239337,2,1,false,false,19.0302,5.157492,12.161142,2.2688074,0.700477,3
29.304533,0.54474306,39.23930352240399,-77.97450672778778,0,1,6983.2446,0.6000228,2,1,false,false,16.21216,4.973451,10.327378,2.2806313,0.69612205,3
29.36736,0.5449027,39.23930190104143,-77.97451193992521,0,1,6978.097,0.57845056,2,1,false,false,14.793882,4.7381954,8.939658,2.2917457,0.62666976,3
29.427423,0.5450627,39.23930018960986,-77.97451715206263,0,1,6709.529,0.5699286,2,1,false,false,14.317885,4.4451246,8.090513,2.301466,0.5387802,3
29.453474,0.54522306,39.23929847816969,-77.97452236420004,0,1,6490.1504,0.5739237,0,1,false,false,14.255459,0.690932,7.554307,2.3095655,0.4286505,3
29.4339,0.5453831,39.239296766738114,-77.9745275765142,0,1,6365.538,0.5901692,3,1,false,false,15.287482,-0.42393142,9.07084,2.315758,0.3294304,3
29.47442,0.54554313,39.23929496522034,-77.97453278865163,0,1,5679.1187,0.609078,3,1,false,false,14.638973,5.832623,10.366982,2.3207805,0.30231613,3
29.560425,0.54570353,39.239293073633554,-77.97453800078905,0,1,5427.995,0.62745434,3,1,false,false,13.490135,5.6828327,9.0809,2.3261163,0.35279804,3
29.621336,0.5458643,39.23929127212437,-77.97454321292646,0,1,5599.6377,0.63224804,3,1,false,false,13.202,3.3913283,8.32317,2.3324192,0.40408444,3
29.655622,0.54602534,39.23928938053758,-77.97454842506389,0,1,5781.7397,0.6279869,3,1,false,false,14.078052,2.8332045,9.183085,2.3393912,0.43742222,3
29.701801,0.5461862,39.23928739888177,-77.97455352143888,0,1,5766.4346,0.61813277,3,1,false,false,14.322006,3.9528546,10.169246,2.3470078,0.4824716,3
29.756208,0.5463467,39.23928541721738,-77.97455861781386,0,1,5710.0557,0.60721374,3,1,false,false,15.247494,4.160212,10.271219,2.3556979,0.5619884,3
29.809877,0.54650754,39.239283435552984,-77.97456382995128,0,1,5761.454,0.59656054,3,1,false,false,13.992662,3.8521118,8.796834,2.3656626,0.6198552,3
29.86191,0.5466685,39.23928136381957,-77.97456892632627,0,1,5838.5264,0.58138114,3,1,false,false,13.298003,4.1358104,8.422482,2.3761127,0.6220739,3
29.9257,0.5468298,39.23927929207757,-77.97457402270125,0,1,5833.215,0.5733906,3,1,false,false,13.62956,5.0437636,8.9277315,2.3863187,0.5988646,3
30.004848,0.5469915,39.23927722034416,-77.97457911907624,0,1,5758.532,0.57046163,3,1,false,false,14.261919,5.859635,9.646144,2.3960464,0.5668925,3
30.088902,0.54715323,39.23927505853314,-77.97458421545123,0,1,5682.687,0.5723256,3,1,false,false,15.35845,5.953996,10.537679,2.405187,0.5266464,3
30.161795,0.547315,39.23927280664451,-77.97458931164947,0,1,5640.2935,0.57685256,3,1,false,false,16.447365,4.9338126,10.599234,2.4135287,0.48102647,3
30.218111,0.547477,39.23927055475588,-77.97459440802446,0,1,5650.009,0.5819134,3,1,false,false,16.779657,4.0610957,10.736544,2.4213579,0.46633363,3
30.263271,0.5476393,39.23926830286726,-77.974599388637,0,1,5704.757,0.5837775,3,1,false,false,17.043179,3.5801466,10.901538,2.429197,0.4799282,3
30.30601,0.5478018,39.23926596090103,-77.974604485012,0,1,5761.517,0.58191365,3,1,false,false,16.672726,3.5441916,10.5018635,2.4374092,0.5071235,3
30.352474,0.5479646,39.23926361893479,-77.9746094654478,0,1,5791.7856,0.57632023,3,1,false,false,16.437233,3.8311996,10.483275,2.446133,0.5378831,3
30.403278,0.54812706,39.23926118689955,-77.97461444606036,0,1,5805.6084,0.56779826,3,1,false,false,16.335945,4.0373535,10.577446,2.4553645,0.5659657,3
30.456753,0.5482896,39.239258754855705,-77.97461942649616,0,1,5819.8516,0.55687886,3,1,false,false,16.496683,4.2158685,10.795148,2.4649782,0.5827164,3
30.511856,0.54845244,39.23925632281187,-77.97462429116955,0,1,5830.898,0.5464923,3,1,false,false,16.271303,4.27474,10.527292,2.4747326,0.581907,3
30.570148,0.5486156,39.239253710621405,-77.97462927178209,0,1,5833.7046,0.53823686,3,1,false,false,15.803141,4.5707736,9.883131,2.484322,0.5621252,3
30.634163,0.54877895,39.23925118850855,-77.97463413645546,0,1,5826.3296,0.52998054,3,1,false,false,14.841302,4.8193455,9.351704,2.4933362,0.5158722,3
30.700882,0.54894274,39.23924857631809,-77.97463911689128,0,1,5811.1714,0.52438766,3,1,false,false,14.605882,4.9260545,9.173431,2.5015059,0.46501485,3
30.768393,0.5491064,39.239245964127626,-77.97464398156465,0,1,5796.795,0.52358913,3,1,false,false,15.057493,4.8318367,9.895972,2.5088658,0.42306238,3
30.83229,0.5492704,39.239243261859556,-77.9746487304756,0,1,5788.139,0.52438766,3,1,false,false,15.598469,4.6238184,10.665264,2.5157244,0.4050499,3
30.89264,0.5494346,39.239240559595785,-77.97465359514896,0,1,5790.913,0.52412164,3,1,false,false,15.911584,4.3350587,10.804886,2.5224433,0.40438992,3
30.944086,0.5495992,39.239237857327716,-77.97465845982235,0,1,5808.931,0.51959395,3,1,false,false,16.101633,3.660269,10.881588,2.5293314,0.4281574,3
30.986532,0.549764,39.23923506498633,-77.97466320873329,0,1,5859.142,0.51053894,3,1,false,false,17.129726,3.2610955,11.307715,2.5368516,0.4777674,3
31.029224,0.5499289,39.23923218257164,-77.97466795764423,0,1,5925.5537,0.49589163,3,1,false,false,16.923365,3.5855412,11.4429,2.545282,0.52984715,3
31.081743,0.55009395,39.23922930015265,-77.97467270655517,0,1,5955.485,0.47245532,3,1,false,false,15.91953,4.2524605,10.734132,2.554424,0.558927,3
31.144558,0.55025923,39.23922641773796,-77.97467733952693,0,1,5933.36,0.4487528,3,1,false,false,15.419622,4.7751923,10.810881,2.5638049,0.5608735,3
31.213078,0.5504249,39.23922353531898,-77.97468208843787,0,1,5901.5195,0.4314418,3,1,false,false,15.410969,5.0873566,10.466621,2.5730753,0.54530615,3
31.285696,0.5505909,39.239220562826674,-77.97468672140964,0,1,5882.2534,0.4098697,3,1,false,false,14.722461,5.154533,9.963583,2.581798,0.4952089,3
31.357727,0.5507573,39.23921750025677,-77.97469135455815,0,1,5859.244,0.39575443,3,1,false,false,14.660224,5.0926614,10.032277,2.5895016,0.42773533,3
31.426756,0.5509241,39.23921443768686,-77.97469598752991,0,1,5835.775,0.39016217,3,1,false,false,15.228161,4.7872324,10.824672,2.5960996,0.3690092,3
31.488451,0.55109125,39.23921137512126,-77.97470062050168,0,1,5835.208,0.38962907,3,1,false,false,15.923292,4.30026,11.777546,2.6019924,0.34584427,3
31.543554,0.5512587,39.23920822247804,-77.97470513771101,0,1,5864.5454,0.38883054,3,1,false,false,16.457495,3.9696114,12.511756,2.6078122,0.35714662,3
31.595812,0.5514264,39.23920506983267,-77.9747097708595,0,1,5900.5474,0.38243893,3,1,false,false,16.571123,3.8579495,12.255413,2.614006,0.38566512,3
31.648123,0.55159444,39.23920191718731,-77.97471428806884,0,1,5925.5923,0.3683237,3,1,false,false,15.603687,3.88871,11.401838,2.6206815,0.41448724,3
31.704702,0.5517628,39.23919867446863,-77.97471868951574,0,1,5948.0303,0.35021347,3,1,false,false,14.169993,4.119279,10.350627,2.6277697,0.43214893,3
31.768843,0.55193186,39.239195431749955,-77.97472320672506,0,1,5965.327,0.33423364,3,1,false,false,12.977977,4.629996,9.669121,2.6349487,0.42263266,3
31.839209,0.5521012,39.23919209895367,-77.97472760799522,0,1,5954.5786,0.31852168,3,1,false,false,11.67425,4.8842645,8.79342,2.6416888,0.3793972,3
31.914263,0.55227095,39.23918885623392,-77.97473212520455,0,1,5927.554,0.31292832,3,1,false,false,10.754057,5.0392714,7.9030876,2.6474602,0.3102724,3
31.987652,0.5524411,39.239185433363254,-77.97473652665144,0,1,5911.709,0.31639135,3,1,false,false,10.512548,4.729184,8.1443,2.6520367,0.2419876,3
32.054337,0.5526117,39.23918210056912,-77.97474092809834,0,1,5920.0386,0.32517928,3,1,false,false,10.909251,4.2237096,9.039744,2.6556592,0.20037429,3
32.114452,0.55278265,39.239178677697915,-77.9747453293685,0,1,5949.8833,0.33370128,3,1,false,false,11.734809,3.8615322,10.174928,2.6588955,0.19644219,3
32.168743,0.5529539,39.239175254827515,-77.97474961505296,0,1,5988.966,0.33929452,3,1,false,false,12.965647,3.5595658,11.757058,2.6624217,0.23412946,3
32.220634,0.5531254,39.23917183195678,-77.97475401632312,0,1,6031.4526,0.33689705,3,1,false,false,11.974519,3.5310671,10.088457,2.666811,0.29261464,3
32.27521,0.5532972,39.23916831901072,-77.97475830200757,0,1,6078.524,0.32251605,3,1,false,false,10.35293,3.666273,9.145024,2.6720943,0.33797884,3
32.335552,0.5534693,39.23916480606432,-77.97476258751529,0,1,6116.423,0.30840084,3,1,false,false,9.375705,4.0961914,8.523649,2.6779706,0.36163425,3
32.40523,0.5536417,39.239161293118734,-77.97476687302301,0,1,6123.335,0.29481918,3,1,false,false,9.631358,4.7039495,9.229819,2.6840258,0.36036897,3
32.483845,0.5538139,39.239157780172604,-77.97477115870747,0,1,6092.134,0.2828343,3,1,false,false,10.298824,5.247217,9.775912,2.689889,0.33833438,3
32.563263,0.5539865,39.23915417714995,-77.97477544421518,0,1,6044.6,0.2735132,3,1,false,false,10.949382,5.0105033,10.351764,2.6952405,0.3045076,3
32.63663,0.55415946,39.23915057412836,-77.97477972972291,0,1,6025.074,0.26525658,3,1,false,false,10.769172,4.5579896,10.176479,2.700085,0.2783154,3
32.701847,0.55433285,39.23914688103239,-77.97478389946819,0,1,6047.6167,0.25433815,3,1,false,false,10.777703,4.0391445,10.496617,2.7045755,0.26334405,3
32.76314,0.55450654,39.23914327800973,-77.97478818515265,0,1,6084.3857,0.24421734,3,1,false,false,10.11682,4.0260873,9.964015,2.7088964,0.2547555,3
32.825848,0.55468017,39.23913958491161,-77.97479235489794,0,1,6106.5938,0.2327659,3,1,false,false,9.744861,4.070462,9.745094,2.7130585,0.24549945,3
32.891037,0.55485404,39.239135801740176,-77.97479652464322,0,1,6115.822,0.22157967,3,1,false,false,9.216915,4.2410145,9.542534,2.7170923,0.23902778,3
32.957493,0.5550282,39.239132108644206,-77.97480069421177,0,1,6127.8027,0.21252538,3,1,false,false,8.704546,4.190567,9.494679,2.721019,0.23227966,3
33.023872,0.55520266,39.23912832547063,-77.97480486395706,0,1,6145.737,0.20054004,3,1,false,false,8.895367,4.2344365,10.608155,2.7248445,0.22789587,3
33.089886,0.55537754,39.23912454229705,-77.97480903370234,0,1,6159.2554,0.18749124,3,1,false,false,9.063497,4.145424,11.441003,2.72862,0.22633025,3
33.15617,0.55555254,39.23912075912347,-77.97481308768519,0,1,6169.6323,0.17550588,3,1,false,false,9.217003,4.264339,11.098376,2.732466,0.23408352,3
33.2244,0.5557275,39.23911697594989,-77.97481725743047,0,1,6179.909,0.15686324,3,1,false,false,8.300544,4.3194795,9.84037,2.7363863,0.23173419,3
33.293674,0.5559028,39.239113102703,-77.97482131141332,0,1,6186.66,0.14088494,3,1,false,false,7.3163233,4.3725624,8.866431,2.7401373,0.21422534,3
33.365356,0.5560785,39.23910922945611,-77.97482536521943,0,1,6190.5215,0.12889956,3,1,false,false,6.411026,4.5378866,8.252429,2.7434685,0.18184033,3
33.438538,0.5562545,39.23910535620493,-77.97482953496471,0,1,6188.03,0.11744864,3,1,false,false,6.6768665,4.579506,9.259983,2.7461953,0.14643607,3
33.511078,0.55643094,39.239101482958034,-77.97483358894756,0,1,6180.419,0.10839279,3,1,false,false,7.152425,4.4567623,10.75272,2.7483492,0.117185324,3
33.579098,0.5566072,39.23909751963354,-77.97483764275367,0,1,6181.683,0.098805495,3,1,false,false,7.4379754,4.0646033,11.941842,2.7501826,0.11012145,3
33.642155,0.5567837,39.23909355631334,-77.97484169673652,0,1,6211.0405,0.08548949,3,1,false,false,7.0883265,3.8387923,12.946728,2.7521074,0.12342517,3
33.702415,0.5569605,39.23908959298455,-77.9748456347802,0,1,6257.889,0.06791125,3,1,false,false,6.2153645,3.749187,11.444465,2.754336,0.14137414,3
33.766624,0.55713767,39.239085629664345,-77.97484968876304,0,1,6294.136,0.04900238,3,1,false,false,5.5687575,4.0553894,10.866078,2.7568,0.14808033,3
33.837486,0.5573152,39.23908166633555,-77.97485374256917,0,1,6298.6772,0.021305421,3,1,false,false,5.0480256,4.5747733,11.561838,2.7592962,0.14258479,3
33.915962,0.55749273,39.23907761293775,-77.974857796552,0,1,6276.2383,-0.00079919724,3,1,false,false,4.5534925,4.968955,11.00044,2.7615368,0.11791514,3
33.997437,0.5576704,39.23907355953994,-77.97486173459568,0,1,6242.6772,-0.02423548,3,1,false,false,4.348,4.991729,11.666728,2.7632399,0.080545105,3
34.074368,0.5578486,39.23906950614213,-77.97486578857853,0,1,6218.954,-0.045807637,3,1,false,false,3.790216,4.573657,10.361579,2.7642443,0.03871303,3
34.144817,0.55802715,39.23906545274432,-77.9748697266222,0,1,6226.6924,-0.066847354,3,1,false,false,3.1344376,4.149871,10.221355,2.7645907,0.0040664016,3
34.21021,0.558206,39.23906139933792,-77.97487378060505,0,1,6257.8223,-0.09028365,3,1,false,false,2.3433535,3.905133,9.869688,2.7644298,-0.022279095,3
34.272263,0.558385,39.23905734594011,-77.97487783441116,0,1,6285.1855,-0.11238928,3,1,false,false,1.5110962,3.7432654,9.415349,2.763845,-0.04401763,3
34.3343,0.55856407,39.2390532024647,-77.97488177245484,0,0.9993681,6312.3115,-0.13316227,3,1,false,false,0.7566636,3.7675326,9.988947,2.7629638,-0.05858519,3
34.394733,0.5587434,39.239049149066894,-77.97488582643768,0.045990705,0.9488124,6343.136,-0.14754266,3,1,false,false,-0.07610959,3.5559094,9.900405,2.7618465,-0.07310685,3
34.447845,0.55892307,39.23904500559148,-77.97488988042053,0.21458356,0.87777257,6373.4775,-0.16006,3,1,false,false,-0.47267535,2.9823375,10.621643,2.7604926,-0.08740178,3
34.471497,0.55910295,39.23904086211606,-77.97489381846421,0.28202075,0.7477766,6359.109,-0.17124669,3,1,false,false,-1.1393411,0.48394862,9.958382,2.758912,-0.10304197,3
34.465736,0.5592828,39.239036808718254,-77.97489787227032,0.36125335,0.6552659,6287.305,-0.17923559,3,1,false,false,-1.2811698,-0.7596355,9.878659,2.7570727,-0.11688822,3
34.435093,0.55946213,39.23903266524284,-77.97490192625317,0.38972953,0.52872264,6201.833,-0.18589392,3,1,false,false,-1.7857747,-2.606795,9.477891,2.7550704,-0.12496705,3
34.37412,0.5596413,39.23902852176742,-77.97490598023602,0.4042655,0.42759597,6120.043,-0.19494973,3,1,false,false,-2.133395,-4.372657,10.346972,2.7529516,-0.1306402,3
34.281418,0.55982,39.23902446836102,-77.97491003404214,0.4304778,0.33138627,6061.5425,-0.207466,3,1,false,false,-2.8218107,-6.288962,11.822358,2.7507193,-0.13950062,3
34.159466,0.5599982,39.239020414971804,-77.97491397226254,0.43905637,0.24702913,6021.073,-0.22477756,3,1,false,false,-3.5616775,-7.917865,12.844062,2.7483196,-0.15065837,3
34.01886,0.56017566,39.23901636156541,-77.97491802606866,0.45537955,0.16908404,5987.108,-0.24555054,3,1,false,false,-4.451374,-8.632454,12.970598,2.7456663,-0.16953921,3
33.868618,0.5603521,39.23901230817619,-77.9749220800515,0.46574533,0.11259425,5950.8374,-0.2652586,3,1,false,false,-5.4155035,-9.0568075,12.668934,2.7427127,-0.18820818,3
33.71805,0.56052774,39.23900825476979,-77.97492601809518,0.47718328,0.074862495,5904.845,-0.28549907,3,1,false,false,-5.144452,-8.71024,10.302749,2.7394006,-0.20726223,3
33.567078,0.56070256,39.239004291441,-77.97493007207802,0.5008936,0.057584174,5841.982,-0.3017447,3,1,false,false,-5.3079333,-9.110257,9.288751,2.7358677,-0.21870221,3
33.40723,0.5608766,39.239000328129386,-77.9749340101217,0.5165019,0.025277853,5764.44,-0.31745774,3,1,false,false,-5.193975,-9.700105,9.758317,2.7321668,-0.22453327,3
33.243576,0.5610498,39.238996454878205,-77.97493794816538,0.51983786,0.013933661,5678.0767,-0.33450246,3,1,false,false,-5.197564,-9.596051,9.65714,2.7284093,-0.22519,3
33.080997,0.56122166,39.23899249154941,-77.97494200214823,0.5201956,0.0065352926,5591.5835,-0.34941736,3,1,false,false,-5.575556,-9.628416,10.234881,2.7246885,-0.22006361,3
32.901764,0.5613922,39.23898861829823,-77.9749459401919,0.51233184,0.00875479,5650.437,-0.35873792,3,1,false,false,-6.967197,-11.510399,10.8867035,2.7209082,-0.24217092,3
32.703907,0.5615618,39.23898483512465,-77.97494987823558,0.5031575,0.0065352917,5670.0894,-0.36726028,3,1,false,false,-7.410854,-11.608084,10.37004,2.7163908,-0.3028941,3
32.514843,0.5617304,39.238980961873466,-77.97495393221843,0.4994638,0.004562379,5581.1567,-0.3819086,3,1,false,false,-7.0236573,-11.019205,9.921155,2.7108324,-0.3598974,3
32.337418,0.56189805,39.23897726877749,-77.9749578702621,0.49052778,0.77,5821.0117,-0.39549088,0,1,false,false,-6.9077916,-9.93564,8.983452,2.704557,-0.38870087,3
32.173904,0.5620648,39.238973485603914,-77.97496180830578,0.4834981,0.77,6241.5713,-0.41040462,0,1,false,false,-7.586346,-9.645875,8.596619,2.6979272,-0.406874,3
32.00034,0.5622296,39.238969792507945,-77.97496574634945,0.4675324,0,6330.4414,-0.42265522,2,1,false,false,-8.95243,-10.5751295,9.461468,2.6910012,-0.42427388,3
31.81074,0.56239337,39.23896609941197,-77.97496968456987,0.45907313,0,6384.0264,-0.43250936,2,1,false,false,-8.946729,-12.353738,9.8185625,2.6838498,-0.4300934,3
31.577398,0.5625561,39.238962496393604,-77.97497362261355,0.43715006,0,6654.7617,-0.44263017,2,1,false,false,-9.835273,-14.204051,11.012189,2.6766694,-0.4373913,3
31.345083,0.5627176,39.23895889337524,-77.97497756065721,0.42463964,0,6759.4365,-0.4492884,2,1,false,false,-11.512439,-12.993836,11.972617,2.6690977,-0.47434625,3
31.150286,0.562878,39.23895529035688,-77.97498149870088,0.3993805,0,6687.5674,-0.44955406,2,1,false,false,-12.369677,-10.166117,11.327902,2.6608202,-0.51806825,3
30.993092,0.56303746,39.23895177739894,-77.9749854369213,0.3875848,0,6604.4194,-0.44555902,2,1,false,false,-12.284291,-8.702583,10.243638,2.6519282,-0.54307353,3
30.837822,0.5631955,39.238948354535786,-77.97498937496498,0.36232582,0,6581.5835,-0.44023347,2,1,false,false,-12.442399,-9.06502,10.278754,2.6428301,-0.5455757,3
30.677061,0.56335276,39.23894484159503,-77.97499331300865,0.34683672,0,6594.1074,-0.43757024,2,1,false,false,-12.655455,-9.106826,10.27043,2.6337821,-0.5371355,3
30.521038,0.5635092,39.2389415087923,-77.9749973669915,0.31311807,0,6600.751,-0.44103277,2,1,false,false,-12.979279,-8.599828,9.942395,2.6249702,-0.52143973,3
30.375122,0.5636649,39.23893808592915,-77.97500130503518,0.2967949,0,6586.116,-0.45248413,2,1,false,false,-13.224269,-7.8145576,9.8958235,2.616373,-0.512826,3
30.241716,0.56381994,39.23893484320403,-77.97500535901803,0.2649827,0,6556.094,-0.4681972,2,1,false,false,-13.058803,-7.1445727,9.469474,2.6078355,-0.5137709,3
30.114712,0.56397426,39.2389315104013,-77.9750092970617,0.23269394,0,6519.785,-0.48630694,2,1,false,false,-13.558633,-6.9748874,9.937217,2.5992117,-0.5244312,3
29.986534,0.5641277,39.23892826769337,-77.97501335086781,0.21637079,0,6490.6865,-0.5073465,2,1,false,false,-14.349336,-7.1468477,10.684055,2.5903225,-0.5443304,3
29.856499,0.56428045,39.238925024968246,-77.97501740485066,0.20004767,0,6475.397,-0.5321155,2,1,false,false,-14.91423,-6.962796,10.953519,2.5810475,-0.56918913,3
29.732145,0.5644326,39.23892187232074,-77.97502145883351,0.16978431,0,6461.0156,-0.5571491,2,1,false,false,-15.409982,-6.551241,10.357383,2.5713413,-0.5958435,3
29.617304,0.56458414,39.23891871967322,-77.97502551263962,0.1485762,0,6437.8975,-0.58964145,2,1,false,false,-15.526298,-5.7960963,10.011944,2.5611799,-0.6217111,3
29.51154,0.5647352,39.2389156571205,-77.97502956662247,0.14154649,0,6411.832,-0.61867106,2,1,false,false,-15.833143,-5.3639965,9.839514,2.5506165,-0.6437023,3
29.404783,0.56488574,39.23891259455059,-77.97503373636775,0.1360658,0,6390.353,-0.6479664,2,1,false,false,-16.93321,-5.7438617,10.749029,2.539697,-0.66692287,3
29.294807,0.56503564,39.238909622058294,-77.97503790611304,0.12236388,0,6376.4834,-0.6724674,2,1,false,false,-16.658072,-5.180955,10.430468,2.5283916,-0.6792738,3
29.195845,0.565185,39.238906649566,-77.97504195991915,0.11378528,0,6371.2627,-0.69830143,2,1,false,false,-17.005629,-4.78089,10.044152,2.517246,-0.6550164,3
29.105793,0.56533396,39.238903677073694,-77.97504624560361,0.09567498,0,6365.359,-0.72333604,2,1,false,false,-16.527487,-4.2528887,9.107005,2.5066278,-0.6206399,3
29.009686,0.56548244,39.23890079464182,-77.97505041534889,0.08673897,0,6347.598,-0.7417124,2,1,false,false,-18.800007,-4.966731,11.166225,2.4963431,-0.6242366,3
28.908768,0.5656305,39.23889800230474,-77.97505458509417,0.07339451,0,6322.9717,-0.759822,2,1,false,false,-20.188549,-4.8386407,12.677725,2.4856744,-0.65987206,3
28.810106,0.5657781,39.23889520996765,-77.9750588706019,0.06159894,0,6304.7183,-0.78006244,2,1,false,false,-21.59453,-4.5037317,13.068762,2.4742556,-0.7093637,3
28.72385,0.5659252,39.23889241763057,-77.97506315610961,0.052662928,0,6294.1753,-0.8032333,2,1,false,false,-20.04637,-3.6222525,11.411449,2.4620392,-0.75275075,3
28.64801,0.566072,39.238889715353906,-77.97506744179408,0.0482545,0,6266.9995,-0.82160956,2,1,false,false,-19.681803,-3.2870765,10.316311,2.4491816,-0.7862759,3
28.574356,0.5662184,39.23888710317204,-77.97507184306423,0.043846063,0,6221.3623,-0.8381227,2,1,false,false,-19.109447,-3.1409717,10.057326,2.435827,-0.8119077,3
28.49878,0.56636447,39.238884490972985,-77.97507624451113,0.034910038,0,6184.407,-0.859695,2,1,false,false,-19.610497,-3.5499916,10.223036,2.4221182,-0.8256584,3
28.413734,0.56651014,39.23888187879111,-77.97508064595802,0.030859059,0,6178.6875,-0.8788707,2,1,false,false,-19.96029,-3.7931495,10.752234,2.4084663,-0.8010759,3
28.324308,0.5666555,39.23887935665248,-77.97508504722818,0.024544258,0,6201.1313,-0.90283954,2,1,false,false,-21.486294,-3.9835443,11.914651,2.395447,-0.7614476,3
28.234924,0.56680053,39.23887692464301,-77.97508944867508,0.021208154,0,6219.405,-0.92973804,2,1,false,false,-21.896437,-3.628562,11.902173,2.3829846,-0.73676115,3
28.153887,0.5669451,39.238874492599166,-77.9750939658844,0.0148933595,0,6210.455,-0.95690256,2,1,false,false,-21.640839,-3.1735673,10.920498,2.3707628,-0.73004436,3
28.080029,0.56708926,39.238872150615755,-77.97509848309373,0.013106162,0,6178.823,-0.99498826,2,1,false,false,-20.609262,-2.8151784,10.043911,2.3586972,-0.7154741,3
28.010563,0.5672331,39.238869808666706,-77.97510300030306,0.011199808,0,6149.401,-1.0328066,2,1,false,false,-20.472845,-2.8044815,10.268161,2.3469343,-0.69892824,3
27.938478,0.5673767,39.238867556778075,-77.9751075175124,0.010484928,0,6132.903,-1.077283,2,1,false,false,-20.506496,-3.0398812,10.908482,2.3353188,-0.69649297,3
27.861834,0.56752,39.238865394949876,-77.97511203472172,0.009770047,0,6124.852,-1.119895,2,1,false,false,-21.536758,-3.2097788,11.190439,2.3236184,-0.71073383,3
27.785398,0.5676631,39.23886323315604,-77.97511666787022,0.009055166,0,6116.2603,-1.1601094,2,1,false,false,-20.045141,-3.1222863,9.834168,2.3116424,-0.7225313,3
27.714163,0.5678061,39.23886107132784,-77.97512130084199,0.006433933,0,6102.944,-1.2040538,2,1,false,false,-18.848646,-2.9337146,9.420957,2.2996016,-0.72432196,3
27.64502,0.56794894,39.23885899959443,-77.97512593381376,0.0034552615,0,6084.3535,-1.2440021,2,1,false,false,-18.583712,-2.853598,9.360248,2.2873795,-0.7448371,3
27.575012,0.5680914,39.23885701792144,-77.9751305668739,0.002740379,0,6064.373,-1.284751,2,1,false,false,-18.657597,-2.9350843,9.481734,2.2747405,-0.77022773,3
27.50287,0.56823367,39.238855036282814,-77.97513519993403,0.002740379,0,6049.6,-1.3124479,2,1,false,false,-18.93099,-3.0708637,10.098826,2.261739,-0.78678215,3
27.426313,0.5683757,39.238853054609834,-77.97513994884497,0.0020254976,0,6040.75,-1.3388152,2,1,false,false,-19.9626,-3.1790075,10.566028,2.2485704,-0.79200566,3
27.349674,0.5685175,39.23885125309206,-77.9751445819051,0.00154891,0,6032.799,-1.3683776,2,1,false,false,-19.656708,-3.106528,10.039489,2.2353175,-0.7991588,3
27.273626,0.56865895,39.23884936151386,-77.97514933072767,-1.7462298e-10,0,6018.8345,-1.3907492,2,1,false,false,-20.338608,-3.1657672,10.875906,2.2218606,-0.8179498,3
27.192207,0.5687991,39.238847650090875,-77.97515407963861,0,0,5999.803,-1.4091252,2,1,false,false,-21.104197,-3.1637568,10.576565,2.2078328,-0.8607806,3
27.118958,0.5689389,39.2388458485731,-77.97515882846119,0,0.014920116,5981.7046,-1.431763,2,1,false,false,-17.510971,-2.8331668,8.638755,2.193516,-0.8469828,3
27.0523,0.56907845,39.23884422721054,-77.97516357737213,0,0.040567875,5971.119,-1.4514714,2,1,false,false,-14.698675,-2.5466893,7.057191,2.1797652,-0.79387593,3
26.991571,0.5692178,39.23884251578755,-77.97516832619469,0,0.07214975,5968.812,-1.4714463,2,1,false,false,-14.089304,-2.2909088,6.256491,2.1672552,-0.71158475,3
26.936522,0.56935704,39.23884098448542,-77.97517307510563,0,0.10026364,5967.393,-1.5081989,2,1,false,false,-13.438189,-1.8878316,6.337243,2.1560848,-0.6405817,3
26.888186,0.5694963,39.238839363122864,-77.97517793977902,0,0.13949049,5964.3784,-1.538028,2,1,false,false,-13.883901,-1.648684,7.341157,2.14589,-0.59580135,3
26.836288,0.5696351,39.23883783185509,-77.97518268860158,0,0.16316536,5959.7705,-1.5657256,2,1,false,false,-16.38692,-1.8569845,8.54644,2.1365004,-0.5459683,3
26.776634,0.5697732,39.238836300552954,-77.97518755336333,0,0.1934987,5973.859,-1.6022117,2,1,false,false,-21.158289,-1.932361,11.720388,2.12725,-0.61634034,3
26.710882,0.56991094,39.23883485934561,-77.9751923021859,0,0.21644914,6004.7173,-1.6309758,2,1,false,false,-21.750372,-2.319116,12.14274,2.1156,-0.79561484,3
26.64367,0.57004845,39.23883350823305,-77.97519716685927,0,0.22754678,6049.102,-1.6336393,2,1,false,false,-20.276863,-2.3935523,10.439461,2.1007566,-0.976921,3
26.576525,0.5701857,39.23883215708614,-77.97520203162102,0,0.24579605,6102.326,-1.6197903,2,1,false,false,-18.915543,-2.3534553,9.872129,2.0833757,-1.0866054,3
26.512886,0.5703228,39.238830896034,-77.97520678044359,0,0.25763354,6163.8276,-1.5926247,2,1,false,false,-19.789394,-1.8789877,9.799326,2.0649235,-1.0993116,3
26.451738,0.5704598,39.23882963498187,-77.97521164511697,0,0.26800668,6230.009,-1.5601333,2,1,false,false,-19.462276,-1.7000958,9.529256,2.0470777,-1.0270244,3
26.399693,0.57059646,39.23882846399016,-77.9752165098787,0,0.2768848,6184.7344,-1.5441539,2,1,false,false,-19.605022,-0.45158112,10.513289,2.0307405,-0.93169427,3
26.369022,0.5707329,39.23882729299846,-77.97522149040289,0,0.28748912,6052.3643,-1.542023,2,1,false,false,-20.701263,0.7372114,11.257015,2.0158544,-0.8626722,3
26.341433,0.5708692,39.238826212101536,-77.97522635507627,0,0.29957312,6000.7935,-1.552409,2,1,false,false,-21.04685,0.3154421,11.059866,2.0018265,-0.8217966,3
26.299305,0.57100546,39.238825131204614,-77.97523121974965,0,0.309191,6022.817,-1.5649264,2,1,false,false,-22.584547,-0.5233259,11.471908,1.9884133,-0.7928136,3
26.248745,0.57114154,39.23882414036812,-77.97523608442302,0,0.3175758,6048.2227,-1.5766447,2,1,false,false,-22.242315,-0.64811814,11.648924,1.9753913,-0.7702242,3
26.202461,0.57127756,39.23882323959206,-77.9752410649472,0,0.32324803,6049.966,-1.5771769,2,1,false,false,-21.202456,-0.40265295,10.864606,1.9626569,-0.76263803,3
26.162178,0.5714135,39.23882233885035,-77.97524604547138,0,0.33015305,6044.82,-1.5654591,2,1,false,false,-20.483501,-0.17419852,10.359813,1.9498798,-0.7701567,3
26.12782,0.5715497,39.23882152816907,-77.97525091014475,0,0.33460754,6046.7275,-1.5489466,2,1,false,false,-19.104765,0.1143006,9.831606,1.9370261,-0.76480234,3
26.097591,0.57168597,39.23882080758258,-77.97525589066893,0,0.34200597,6048.7915,-1.535098,2,1,false,false,-18.677885,0.24438287,9.496578,1.9245068,-0.7335518,3
26.069637,0.5718221,39.238820086961724,-77.97526087119311,0,0.35113066,6041.5415,-1.5281742,2,1,false,false,-19.972681,0.35448352,10.103061,1.9125934,-0.70092916,3
26.04314,0.57195824,39.23881936634087,-77.97526573595486,0,0.36148846,6030.165,-1.5295042,2,1,false,false,-18.898657,0.4028376,9.810207,1.9010696,-0.6855347,3
26.018255,0.57209444,39.2388187358148,-77.97527071647905,0,0.3691334,6030.327,-1.531902,2,1,false,false,-19.287151,0.43659142,10.212456,1.8896129,-0.6924527,3
25.992744,0.57223064,39.23881819538352,-77.97527569700323,0,0.37924457,6039.3887,-1.5334992,2,1,false,false,-19.849712,0.4659518,10.940987,1.8779593,-0.7029404,3
25.969566,0.572367,39.23881765491789,-77.97528067743903,0,0.39034206,6043.955,-1.5316354,2,1,false,false,-18.276075,0.6145326,9.684037,1.8662226,-0.70011693,3
25.954178,0.5725042,39.23881720454703,-77.97528565796321,0,0.40811372,6046.1733,-1.5271077,2,1,false,false,-17.062313,0.93879306,8.952266,1.8547446,-0.6739907,3
25.946915,0.5726416,39.23881675417618,-77.9752906384874,0,0.42118406,6050.08,-1.5239121,2,1,false,false,-15.462991,1.3171405,7.853624,1.843863,-0.62728494,3
25.944736,0.57277906,39.238816393865754,-77.97529561901158,0,0.44313264,6054.487,-1.5273746,2,1,false,false,-15.5649,1.4662845,8.395304,1.8338845,-0.5737427,3
25.944633,0.5729167,39.238816033555324,-77.97530059953576,0,0.45497018,6058.259,-1.5364296,2,1,false,false,-15.835126,1.6339686,8.717218,1.8247153,-0.53180003,3
25.949282,0.57305455,39.2388156732449,-77.97530558005994,0,0.47619426,6061.9595,-1.5500114,2,1,false,false,-16.578289,1.899115,9.567242,1.8162159,-0.4924075,3
25.954897,0.57319266,39.23881540302926,-77.97531056058412,0,0.49123764,6059.857,-1.5617311,2,1,false,false,-16.703629,1.9253885,9.521471,1.8083411,-0.46029487,3
25.960892,0.5733311,39.23881513281362,-77.9753155411083,0,0.50578773,6058.99,-1.5699863,2,1,false,false,-15.953927,1.6395196,9.166697,1.8008442,-0.4534829,3
25.962574,0.57347107,39.23881495265841,-77.97532063748329,0,0.5203378,6086.6064,-1.572384,2,1,false,false,-15.689686,1.3225863,9.078895,1.7930399,-0.49266437,3
25.96346,0.5736111,39.23881486256362,-77.97532561800746,0,0.5324218,6144.1377,-1.5710523,2,1,false,false,-15.952557,1.4635208,9.093504,1.784375,-0.5458206,3
25.966045,0.5737512,39.2388147725032,-77.97533059853164,0,0.5472342,6189.3213,-1.5673244,2,1,false,false,-18.182098,1.5974509,10.575069,1.7749062,-0.59227514,3
25.971708,0.57389146,39.238814682442765,-77.97533557905582,0,0.55981123,6192.982,-1.5633295,2,1,false,false,-20.3684,2.050039,12.686032,1.7645406,-0.6477382,3
25.983194,0.57403195,39.238814682442765,-77.97534067534245,0,0.56844276,6167.8755,-1.5540066,2,1,false,false,-22.687235,2.5647352,13.9588585,1.7531945,-0.7018526,3
25.999956,0.57417274,39.238814682442765,-77.97534565586662,0,0.5758411,6132.085,-1.5414904,2,1,false,false,-22.015942,2.7864096,12.967626,1.741149,-0.72578883,3
26.021399,0.574314,39.2388147725032,-77.9753506363908,0,0.58915824,6107.6714,-1.52338,2,1,false,false,-20.862577,2.8731546,11.691487,1.7289909,-0.71891606,3
26.046118,0.5744558,39.23881495265841,-77.97535573276579,0,0.5945839,6103.4253,-1.5089973,2,1,false,false,-18.382938,2.9137409,10.422286,1.7171962,-0.6816663,3
26.074114,0.5745977,39.238815222874045,-77.97536071328997,0,0.6019975,6108.393,-1.5034046,2,1,false,false,-18.69874,2.997599,10.628545,1.7062405,-0.62561196,3
26.101305,0.5747399,39.23881540302926,-77.97536569381415,0,0.61038256,6108.759,-1.5092642,2,1,false,false,-19.184042,3.017841,11.578764,1.6962184,-0.5777503,3
26.132223,0.57488227,39.23881576333969,-77.97537079018913,0,0.61210877,6102.722,-1.5220482,2,1,false,false,-19.128847,3.1688685,11.051644,1.6869044,-0.5369499,3
26.165623,0.5750251,39.23881612365011,-77.97537577071331,0,0.6209869,6092.6567,-1.5358961,2,1,false,false,-18.643824,3.1286302,10.886008,1.6783447,-0.4930648,3
26.190796,0.57516825,39.23881648392618,-77.97538086699994,0,0.62295985,6091.098,-1.5468172,2,1,false,false,-20.372711,2.3005872,12.176373,1.6701876,-0.50413555,3
26.202995,0.5753104,39.238816934331396,-77.97538584752411,0,0.6259191,6119.445,-1.550545,2,1,false,false,-20.211567,1.6473367,11.906782,1.6611742,-0.5848095,3
26.21765,0.5754522,39.23881747476267,-77.97539082804829,0,0.62690544,6183.6216,-1.5396261,2,1,false,false,-19.348698,2.1294074,11.44563,1.6505737,-0.67297965,3
26.24183,0.57559407,39.23881801522831,-77.97539580857247,0,0.6276455,6224.692,-1.5177873,2,1,false,false,-18.161736,2.6273706,11.056412,1.6389676,-0.7004718,3
26.27705,0.57573617,39.23881864575438,-77.97540090494746,0,0.6276454,6210.217,-1.4887565,2,1,false,false,-17.303623,3.2113407,10.141283,1.6273905,-0.68031895,3
26.322367,0.5758787,39.238819276280445,-77.97540588547164,0,0.6276454,6178.98,-1.4687817,2,1,false,false,-15.008833,3.7547097,8.73457,1.616243,-0.6490603,3
26.373112,0.5760216,39.2388199969013,-77.97541086599583,0,0.6276454,6165.297,-1.4642543,2,1,false,false,-13.691432,3.7587838,8.030053,1.6058269,-0.5976064,3
26.421047,0.57616484,39.23882071748779,-77.97541584652001,0,0.6288785,6165.5713,-1.4682498,2,1,false,false,-13.429175,3.4404879,8.432459,1.5963945,-0.5397434,3
26.465193,0.5763073,39.238821438108644,-77.97542094280662,0,0.63208425,6172.699,-1.4765064,2,1,false,false,-14.265139,3.2714803,9.445807,1.5878417,-0.4996472,3
26.505089,0.57645005,39.23882224878992,-77.9754259233308,0,0.63553697,6185.615,-1.4836966,2,1,false,false,-15.4052,3.0231144,10.037482,1.5797023,-0.4914705,3
26.542387,0.5765929,39.23882314953163,-77.97543090385498,0,0.63898957,6203.0474,-1.4858276,2,1,false,false,-15.170938,2.9555135,9.3602495,1.5715258,-0.5008051,3
26.581314,0.5767361,39.23882396021291,-77.97543588437917,0,0.641209,6222.4775,-1.4797022,2,1,false,false,-12.761624,2.7981493,7.6966276,1.563283,-0.49825376,3
26.618593,0.57687956,39.2388249510494,-77.97544086490335,0,0.64219546,6252.631,-1.4655863,2,1,false,false,-10.68717,2.6191235,6.432244,1.5550599,-0.5017916,3
26.654255,0.5770234,39.238825851791105,-77.97544596127833,0,0.64515495,6305.5522,-1.453602,2,1,false,false,-10.8932905,2.4805667,6.908467,1.5466729,-0.5191201,3
26.684156,0.5771671,39.2388268426276,-77.9754509418025,0,0.6483607,6364.615,-1.4464103,2,1,false,false,-14.931315,2.0281389,9.503947,1.5378146,-0.56567836,3
26.702791,0.5773107,39.23882783346409,-77.97545592232669,0,0.65329325,6399.904,-1.4432148,2,1,false,false,-20.664593,1.816742,13.931446,1.5275166,-0.6827174,3
26.727018,0.5774543,39.238828914361015,-77.97546090285087,0,0.6601982,6400.3228,-1.4346925,2,1,false,false,-22.31522,2.8783162,14.094242,1.5149872,-0.8102379,3
26.759098,0.57759804,39.23882999525793,-77.97546588337505,0,0.66513073,6372.7515,-1.4045966,2,1,false,false,-20.818718,2.4420066,13.043665,1.500691,-0.891814,3
26.782421,0.577742,39.23883116624964,-77.97547074804842,0,0.66636366,6369.15,-1.3747692,2,1,false,false,-18.752213,2.4172986,11.058628,1.4851354,-0.9528732,3
26.814323,0.5778861,39.23883242730177,-77.9754757285726,0,0.66933835,6427.8555,-1.3396142,2,1,false,false,-17.893589,2.7700026,10.536007,1.4689872,-0.96028537,3
26.852295,0.5780305,39.23883368835391,-77.97548059324599,0,0.6693384,6460.864,-1.3151113,2,1,false,false,-16.813538,3.8115962,10.24768,1.4531572,-0.91430867,3
26.907038,0.5781754,39.238834949440395,-77.97548557377016,0,0.67007834,6412.168,-1.3007311,2,1,false,false,-17.047287,4.4265933,10.16973,1.4387655,-0.8018181,3
26.9642,0.57832044,39.23883639064775,-77.97549043844354,0,0.6700782,6319.6055,-1.3052585,2,1,false,false,-19.26347,4.5355864,12.093857,1.4262096,-0.7170261,3
27.016119,0.57846576,39.23883774176031,-77.97549530320528,0,0.67353076,6271.0767,-1.3164427,2,1,false,false,-18.846178,4.026279,11.858395,1.4146591,-0.6749662,3
27.056091,0.57861125,39.23883918296765,-77.97550016787866,0,0.67575026,6291.8916,-1.3236349,2,1,false,false,-19.01195,3.1977406,11.661289,1.403724,-0.6407425,3
27.083487,0.57875705,39.238840714269784,-77.97550503255204,0,0.6782165,6338.123,-1.3278955,2,1,false,false,-20.064058,2.3892229,12.270564,1.3932642,-0.62652534,3
27.101822,0.57890296,39.238842245537555,-77.97550989722541,0,0.6792028,6377.1494,-1.3284276,2,1,false,false,-19.14146,1.9285644,11.120512,1.3826619,-0.6549526,3
27.115313,0.5790496,39.23884386690011,-77.97551464613635,0,0.67994285,6432.272,-1.3185744,2,1,false,false,-16.536667,1.9860893,9.43483,1.3711791,-0.7231286,3
27.146881,0.5791966,39.238845488262676,-77.97551951080973,0,0.6799427,6507.3726,-1.305791,2,1,false,false,-14.717957,2.9841526,8.729887,1.3588282,-0.7428791,3
27.1785,0.5793436,39.23884719968566,-77.97552425972067,0,0.6799427,6526.4097,-1.2930064,2,1,false,false,-17.788105,2.7715816,11.133293,1.3463703,-0.75709176,3
27.21373,0.5794908,39.23884891114301,-77.97552900854323,0,0.6799427,6497.8906,-1.2882123,2,1,false,false,-18.318857,3.4052427,11.604051,1.3334124,-0.7917431,3
27.25503,0.5796382,39.23885062256599,-77.97553375745417,0,0.6799427,6476.087,-1.2810221,2,1,false,false,-18.723577,3.6895387,11.693251,1.319933,-0.81343687,3
27.29696,0.57978576,39.23885251414419,-77.97553850627675,0,0.6799427,6465.81,-1.2711678,2,1,false,false,-18.334738,3.6807437,11.580905,1.3063843,-0.7986998,3
27.337605,0.5799341,39.23885431566196,-77.97554313933688,0,0.6792028,6453.409,-1.2605147,2,1,false,false,-19.076576,3.4774773,11.810251,1.2933406,-0.7612597,3
27.372658,0.5800837,39.23885620724016,-77.97554788815945,0,0.6792029,6441.549,-1.251993,2,1,false,false,-19.142849,3.2050369,11.976655,1.2807981,-0.7412815,3
27.406061,0.5802333,39.23885818891315,-77.9755525212196,0,0.67870975,6448.4414,-1.2456002,2,1,false,false,-19.956507,3.3879695,12.549955,1.2684237,-0.7344341,3
27.434366,0.58038294,39.238860170586136,-77.97555715427973,0,0.679696,6457.632,-1.2405409,2,1,false,false,-21.414713,2.9525788,12.931792,1.2561722,-0.7318397,3
27.46613,0.58053267,39.23886224231955,-77.97556178733986,0,0.6787098,6457.097,-1.2341492,2,1,false,false,-18.991337,3.2996716,11.512528,1.2440705,-0.7091971,3
27.49655,0.58068264,39.23886431405296,-77.97556630454919,0,0.68043596,6459.5405,-1.222163,2,1,false,false,-21.036465,2.9174116,12.643869,1.2323403,-0.7027016,3
27.52136,0.5808327,39.23886647588116,-77.97557082175852,0,0.680436,6470.7,-1.2152396,2,1,false,false,-22.268272,2.7899215,13.873868,1.2204044,-0.7255766,3
27.53909,0.5809838,39.238868637675,-77.97557533896786,0,0.680436,6485.455,-1.2008578,2,1,false,false,-24.905437,2.5348728,15.641595,1.2077833,-0.7825383,3
27.558744,0.5811348,39.23887088956362,-77.97557985617718,0,0.6819155,6496.513,-1.1835465,2,1,false,false,-22.74759,2.7519498,13.312885,1.1942152,-0.8245106,3
27.5901,0.5812857,39.23887323154704,-77.97558425762408,0,0.6833955,6508.052,-1.1561149,2,1,false,false,-18.959213,2.9443233,11.314179,1.1806583,-0.7842097,3
27.61643,0.58143675,39.23887557349609,-77.9755886589826,0,0.68413526,6527.7847,-1.1294819,2,1,false,false,-19.632338,2.9016256,11.274761,1.1677327,-0.75868464,3
27.6503,0.58158785,39.23887791544514,-77.9755929445787,0,0.68709457,6555.703,-1.1148337,2,1,false,false,-18.994171,3.725677,10.87634,1.1551493,-0.7356808,3
27.693077,0.5817392,39.23888034748898,-77.97559734593722,0,0.6907938,6546.4424,-1.100187,2,1,false,false,-17.542551,3.8814344,10.67264,1.1432418,-0.6776278,3
27.746065,0.5818898,39.23888286961042,-77.97560163153331,0,0.69325995,6499.9067,-1.0876696,2,1,false,false,-17.333792,4.509449,11.27409,1.1325758,-0.59343517,3
27.801708,0.5820402,39.23888539173187,-77.97560591704102,0,0.6976987,6452.3164,-1.0730209,2,1,false,false,-17.800287,4.180336,11.198344,1.1233885,-0.51506734,3
27.834328,0.58219063,39.23888791385332,-77.97561020263711,0,0.70485073,6453.9443,-1.0599715,2,1,false,false,-16.158386,2.287513,9.912933,1.1149447,-0.51026887,3
27.876032,0.5823411,39.238890526035185,-77.9756143723824,0,0.7208806,6544.373,-1.0431923,2,1,false,false,-15.246285,4.0242853,8.807036,1.10675,-0.4593881,3
27.922478,0.58249164,39.23889313823424,-77.97561854212769,0,0.7398852,6597.5366,-1.02668,2,1,false,false,-11.2845335,3.5378764,6.8656373,1.0998756,-0.37083992,3
27.969402,0.5826424,39.23889575041611,-77.97562271187297,0,0.78945446,6587.342,-1.0202886,2,1,false,false,-14.798599,3.460082,9.640187,1.0942413,-0.34435356,3
28.008478,0.5827925,39.23889845267559,-77.97562688152989,0,0.8429848,6606.968,-1.0218872,2,1,false,false,-18.359306,3.2718427,12.465123,1.0877793,-0.44899505,3
28.051128,0.58294207,39.23890124502986,-77.97563105127517,0,0.9110653,6675.062,-1.0085717,2,1,false,false,-15.076805,3.3350015,9.683165,1.0795044,-0.53734183,3
28.093433,0.5830916,39.23890394728934,-77.97563510525802,0,0.9752002,6751.343,-0.9635609,2,1,false,false,-13.1951065,3.438234,8.412479,1.0700425,-0.59095794,3
28.146143,0.5832411,39.23890673962642,-77.9756391591525,0,1.0000001,6807.878,-0.93266726,2,1,false,false,-12.982767,3.8464625,8.100144,1.0599736,-0.61647004,3
28.196758,0.5833907,39.238909622058294,-77.97564321304698,0,1,6831.908,-0.9121601,2,1,false,false,-12.896833,3.8724096,8.802459,1.0493516,-0.65898454,3
28.274046,0.5835405,39.23891241439538,-77.97564726694146,0,1,6845.7476,-0.8924518,2,1,false,false,-15.721434,6.1721606,11.341419,1.0381706,-0.6656296,3
28.355474,0.5836904,39.23891529681007,-77.97565132083594,0,1,6775.8184,-0.87460804,2,1,false,false,-19.171581,5.5868926,13.447015,1.027346,-0.6305071,3
28.431124,0.58383965,39.23891826930237,-77.97565525896798,0,1,6675.5015,-0.864755,2,1,false,false,-17.516098,5.5540543,11.602318,1.0168666,-0.62817305,3
28.49716,0.58398914,39.23892124179467,-77.97565919701165,0,1,6668.165,-0.8554334,2,1,false,false,-16.655935,4.6085305,10.518371,1.0062431,-0.6381924,3
28.550013,0.5841387,39.23892421428697,-77.9756631351437,0,1,6747.248,-0.85250336,2,1,false,false,-14.699299,3.8483837,8.926794,0.99575263,-0.61443585,3
28.603424,0.5842883,39.23892727685687,-77.97566695742493,0,1,6822.511,-0.855967,2,1,false,false,-16.861326,4.03986,10.511189,0.98580945,-0.5833162,3
28.660793,0.584438,39.238930429504386,-77.97567077961781,0,1,6825.4907,-0.8714121,2,1,false,false,-15.706025,4.6204047,10.848185,0.9762674,-0.5624338,3
28.728361,0.584588,39.23893349207429,-77.97567460189904,0,1,6792.7583,-0.8852621,2,1,false,false,-18.40981,5.258447,12.909813,0.9668193,-0.57114977,3
28.79087,0.5847376,39.238936644721804,-77.97567842418029,0,1,6763.9204,-0.90550286,2,1,false,false,-17.058983,4.573731,10.847585,0.9571839,-0.5862481,3
28.849861,0.58488727,39.238939887429744,-77.97568213061072,0,1,6783.905,-0.91535574,2,1,false,false,-15.740579,4.2843437,9.862783,0.94726604,-0.6006351,3
28.902143,0.58503705,39.23894313015486,-77.97568595289196,0,1,6838.122,-0.9206833,2,1,false,false,-14.499341,3.4679086,8.738585,0.9374698,-0.58318275,3
28.952896,0.58518684,39.23894637287998,-77.97568954347159,0,1,6898.2505,-0.9222816,2,1,false,false,-14.673367,4.0027614,9.485243,0.9276978,-0.5821321,3
29.002882,0.58533674,39.23894961558792,-77.97569324990202,0,1,6928.4106,-0.92734146,2,1,false,false,-16.406664,4.142633,11.260702,0.9178291,-0.604846,3
29.063372,0.5854868,39.23895294839064,-77.97569684048166,0,1,6925.13,-0.9321346,2,1,false,false,-18.21621,4.7462654,12.316404,0.90759057,-0.6220094,3
29.120031,0.58563715,39.23895637125379,-77.97570043114965,0,1,6900.188,-0.9305376,2,1,false,false,-18.435741,4.383335,12.598522,0.8969609,-0.6554396,3
29.175133,0.5857876,39.23895970405652,-77.97570402172929,0,1,6899.2583,-0.92228186,2,1,false,false,-18.397211,3.9567285,11.683595,0.8856939,-0.6933416,3
29.224709,0.5859381,39.23896321699728,-77.97570749654648,0,1,6934.7124,-0.90683436,2,1,false,false,-18.069843,4.217045,11.641307,0.8737146,-0.72820556,3
29.276121,0.5860887,39.23896663987761,-77.9757109712753,0,1,6968.519,-0.8900552,2,1,false,false,-17.635822,4.2068706,10.921846,0.8614394,-0.7321802,3
29.332111,0.5862395,39.23897015281837,-77.97571433024169,0,1,6966.8804,-0.8732762,2,1,false,false,-17.807653,4.6303124,11.0852165,0.84935474,-0.7083144,3
29.392263,0.5863905,39.238973665759126,-77.97571780505888,0,1,6943.322,-0.8628908,2,1,false,false,-18.161278,4.8010097,11.756605,0.8377859,-0.6762232,3
29.451632,0.58654207,39.23897726877749,-77.97572104817446,0,1,6925.285,-0.85862935,2,1,false,false,-19.74179,4.721295,12.822093,0.82664204,-0.65886784,3
29.505894,0.58669424,39.238980871813034,-77.97572440714086,0,1,6922.0884,-0.85916275,2,1,false,false,-20.470753,4.443158,12.917152,0.81571865,-0.65000737,3
29.55899,0.5868465,39.23898456490901,-77.97572765025645,0,1,6931.2915,-0.85889584,2,1,false,false,-18.341223,4.4591475,11.269299,0.8049548,-0.62991947,3
29.608608,0.5869989,39.238988167927374,-77.97573077752122,0,1,6673.16,-0.85570014,2,1,false,false,-17.78651,3.8544104,10.678873,0.7947318,-0.60141325,3
29.62234,0.5871514,39.23899195110095,-77.97573390487436,0,1,6455.9253,-0.85410154,0,1,false,false,-16.52364,-0.039482318,9.583084,0.7850012,-0.55941814,3
29.591434,0.5873037,39.238995644196926,-77.97573703213915,0,1,6330.884,-0.8533024,3,1,false,false,-16.684021,-0.9043433,10.102915,0.7759509,-0.5270607,3
29.61828,0.58745635,39.2389994273705,-77.97574015949229,0,1,5705.7417,-0.85516757,3,1,false,false,-18.099411,5.4566135,12.423277,0.76720035,-0.5378376,3
29.706924,0.5876099,39.239003210544084,-77.97574305514384,0,1,5460.0493,-0.8567649,3,1,false,false,-17.360905,5.967061,10.684461,0.7579391,-0.5731388,3
29.768633,0.5877637,39.23900699371766,-77.9757460665578,0,1,5533.578,-0.8533025,3,1,false,false,-14.920811,3.8974018,9.323406,0.7481819,-0.5842458,3
29.805487,0.5879177,39.23901086696885,-77.97574896220935,0,1,5672.2944,-0.84984,3,1,false,false,-15.193924,3.045927,9.719083,0.7385837,-0.5668818,3
29.846447,0.58807164,39.23901474020285,-77.97575185786089,0,1,5694.635,-0.84984004,3,1,false,false,-16.925028,3.6665537,10.323476,0.729219,-0.5660031,3
29.90436,0.5882258,39.239018613454036,-77.97575475351242,0,1,5649.9463,-0.85090506,3,1,false,false,-14.097829,4.7293296,9.270308,0.71973073,-0.5624308,3
29.963322,0.5883801,39.23902257678282,-77.97575753340152,0,1,5636.3228,-0.8519707,3,1,false,false,-14.23654,4.5888586,9.160378,0.71032256,-0.5621905,3
30.012924,0.58853436,39.23902654011162,-77.97576031320226,0,1,5662.421,-0.85809666,3,1,false,false,-17.74087,3.5342612,10.92271,0.70108324,-0.567643,3
30.05597,0.5886886,39.23903050343182,-77.975763093003,0,1,5698.2197,-0.8615593,3,1,false,false,-15.727244,3.4890711,10.102439,0.6914017,-0.588311,3
30.101568,0.58884305,39.239034466752024,-77.97576575704129,0,1,5729.045,-0.8604931,3,1,false,false,-15.355974,3.9598687,9.534887,0.6813527,-0.606153,3
30.152702,0.58899754,39.239038520149826,-77.97576842099122,0,1,5738.134,-0.8591625,3,1,false,false,-15.197807,4.0053196,9.878952,0.6714349,-0.58790106,3
30.196459,0.5891523,39.239042573556226,-77.97577096917871,0,1,5743.884,-0.85809684,3,1,false,false,-17.022003,3.6476314,11.22946,0.6615694,-0.6041717,3
30.23569,0.58930707,39.239046626954035,-77.9757735173662,0,1,5781.207,-0.8583635,3,1,false,false,-20.886301,3.7561202,13.727433,0.65087026,-0.6829317,3
30.279602,0.5894618,39.23905077042945,-77.97577606555369,0,1,5796.5693,-0.8543684,3,1,false,false,-21.301933,3.94469,13.520123,0.63890874,-0.74321365,3
30.330631,0.5896168,39.239054913904866,-77.97577849789039,0,1,5762.898,-0.83812284,3,1,false,false,-18.023445,4.4647408,10.849502,0.62632215,-0.7467147,3
30.381123,0.58977187,39.23905905738028,-77.97578081437626,0,1,5745.025,-0.81947976,3,1,false,false,-16.763596,4.234764,10.396665,0.6139665,-0.7287065,3
30.431274,0.58992714,39.23906329092471,-77.97578313095052,0,1,5774.0337,-0.8098925,3,1,false,false,-16.142563,4.2621136,9.47765,0.60203874,-0.69162786,3
30.4886,0.5900826,39.23906743440013,-77.97578544743641,0,1,5786.2705,-0.80669564,3,1,false,false,-17.519726,4.9640517,10.931623,0.5910382,-0.61884886,3
30.54937,0.59023833,39.23907166795315,-77.97578764815985,0,1,5729.5024,-0.8130883,3,1,false,false,-17.512821,5.1721244,10.316674,0.5814661,-0.5311354,3
30.601316,0.59039414,39.239075991575184,-77.97578984879493,0,1,5677.0225,-0.8274685,3,1,false,false,-18.251808,3.856789,11.004136,0.5730804,-0.4964859,3
30.642733,0.5905501,39.239080225128205,-77.97579204951838,0,1,5717.406,-0.84025276,3,1,false,false,-17.050344,3.4279706,10.159796,0.56472814,-0.5077602,3
30.671719,0.59070617,39.23908454875884,-77.97579413439102,0,1,5809.0034,-0.842916,3,1,false,false,-17.365828,2.8789878,10.171278,0.5560599,-0.53502303,3
30.705025,0.5908623,39.239088872380876,-77.97579610341285,0,1,5866.1646,-0.84238356,3,1,false,false,-17.244604,3.3532078,11.077632,0.54697883,-0.55793816,3
30.745197,0.5910186,39.2390931960115,-77.97579807252306,0,1,5866.742,-0.83572525,3,1,false,false,-16.266739,3.7491627,9.849115,0.53735596,-0.5928407,3
30.796371,0.5911751,39.239097609711145,-77.9758000415449,0,1,5857.855,-0.8285334,3,1,false,false,-16.900146,4.5273957,11.271351,0.5271977,-0.6184316,3
30.846144,0.5913317,39.239102023410794,-77.97580189471593,0,1,5851.8325,-0.8197456,3,1,false,false,-14.737337,4.311614,9.041114,0.51679325,-0.6228836,3
30.900251,0.59148854,39.239106437110436,-77.97580374797533,0,1,5857.978,-0.810425,3,1,false,false,-15.017317,4.217785,9.203484,0.50665027,-0.5895429,3
30.948977,0.59164554,39.23911085081438,-77.97580560114636,0,1,5864.813,-0.80589664,3,1,false,false,-14.580526,4.4358435,9.00838,0.4970024,-0.56713253,3
31.00062,0.5918028,39.23911526451402,-77.97580733855496,0,1,5862.076,-0.8045647,3,1,false,false,-16.135765,3.717421,10.5327,0.48788282,-0.53538686,3
31.048227,0.5919602,39.239119768291275,-77.97580907596355,0,1,5861.4844,-0.80429804,3,1,false,false,-16.210625,4.4386926,9.991958,0.47887042,-0.5410852,3
31.095398,0.59211785,39.239124181995216,-77.97581069752135,0,1,5865.9644,-0.80190164,3,1,false,false,-16.672707,3.7495055,10.144967,0.4700196,-0.52991563,3
31.138405,0.59227574,39.239128685772464,-77.97581231907914,0,1,5883.459,-0.7931135,3,1,false,false,-15.531725,3.7906144,9.284499,0.46109957,-0.53552914,3
31.178413,0.5924338,39.239133279623026,-77.97581382487449,0,1,5917.898,-0.78112864,3,1,false,false,-14.32943,3.5236094,8.416025,0.45223475,-0.53462845,3
31.221724,0.592592,39.23913778340243,-77.97581533058148,0,1,5959.248,-0.76807874,3,1,false,false,-15.094424,3.7987475,10.019916,0.44328964,-0.5389366,3
31.26299,0.5927504,39.239142287179675,-77.97581683628847,0,1,5966.825,-0.7579579,3,1,false,false,-17.975039,3.8482647,11.301085,0.43409145,-0.5720588,3
31.308456,0.592909,39.23914688103239,-77.97581822623302,0,1,5956.9746,-0.748105,3,1,false,false,-15.171002,4.079011,9.72765,0.4243216,-0.59084743,3
31.35526,0.5930678,39.2391514748851,-77.97581961617757,0,1,5958.994,-0.7326576,3,1,false,false,-15.949488,3.953815,10.108881,0.41447437,-0.59332097,3
31.39091,0.593227,39.23915606873673,-77.97582089018296,0,1,5983.8745,-0.71800953,3,1,false,false,-15.065758,3.2068114,9.353869,0.40449336,-0.6036165,3
31.42537,0.59338635,39.23916066258945,-77.97582216427669,0,1,6041.2803,-0.7049596,3,1,false,false,-17.376991,3.6984384,11.835324,0.39427328,-0.62475556,3
31.464863,0.5935459,39.239165346517616,-77.97582343837044,0,1,6066.599,-0.691643,3,1,false,false,-18.024443,3.8986027,10.819343,0.38373688,-0.6312217,3
31.511509,0.5937056,39.239169940370395,-77.97582459661339,0,1,6035.703,-0.67699504,3,1,false,false,-15.125235,4.4387054,9.191881,0.3733841,-0.6067065,3
31.566174,0.5938656,39.2391746242985,-77.9758256390939,0,1,6016.6196,-0.6658101,3,1,false,false,-14.079544,4.426955,8.506091,0.36356297,-0.5688901,3
31.61537,0.5940259,39.23917930822667,-77.97582668148603,0,1,6028.2607,-0.66181517,3,1,false,false,-13.908517,4.128863,8.635717,0.3543866,-0.5340765,3
31.664776,0.5941868,39.239183992154835,-77.97582772396653,0,1,6048.969,-0.66501105,3,1,false,false,-15.608943,4.4745307,10.491683,0.34574336,-0.50200045,3
31.712093,0.5943479,39.239188676083,-77.97582876635867,0,1,6033.621,-0.6727344,3,1,false,false,-17.653055,4.141682,11.121633,0.33758387,-0.48419365,3
31.75018,0.5945092,39.23919336001225,-77.97582969298837,0,1,6013.147,-0.68258834,3,1,false,false,-18.356073,3.8094091,11.712694,0.32926926,-0.5189734,3
31.782581,0.59467065,39.23919804394042,-77.97583050376727,0,1,6049.6924,-0.6879148,3,1,false,false,-17.247263,3.130278,10.108498,0.3202969,-0.5583647,3
31.806578,0.5948323,39.23920281794405,-77.97583131454617,0,1,6125.16,-0.68471915,3,1,false,false,-16.370178,2.8568676,9.665054,0.3106429,-0.5970381,3
31.839172,0.5949944,39.239207591947675,-77.97583200956262,0,1,6181.7,-0.6783276,3,1,false,false,-14.5499115,3.683225,8.735456,0.30058318,-0.5995699,3
31.886192,0.5951571,39.23921227587584,-77.97583270449071,0,1,6178.953,-0.6714025,3,1,false,false,-13.55337,4.439066,8.0364485,0.29086292,-0.56418055,3
31.942545,0.59532005,39.239217049877325,-77.9758333994188,0,1,6141.8853,-0.6727344,3,1,false,false,-13.426479,4.7526846,8.0379505,0.2818206,-0.51914614,3
32.00246,0.59548324,39.239221823883106,-77.97583397858446,0,1,6113.0996,-0.6823226,3,1,false,false,-15.097963,4.957841,9.353713,0.27359456,-0.4707004,3
32.0539,0.5956467,39.23922659788888,-77.97583455766174,0,1,6092.881,-0.69670284,3,1,false,false,-17.973467,4.3200207,11.311425,0.26588455,-0.46510044,3
32.092667,0.5958104,39.23923146196797,-77.9758351368274,0,1,6081.9424,-0.71321535,3,1,false,false,-19.394896,3.7068622,12.342407,0.25784937,-0.50628906,3
32.12097,0.59597486,39.23923623596945,-77.97583560014225,0,1,6107.117,-0.7156128,3,1,false,false,-20.388153,3.362949,12.5859375,0.24876443,-0.5854233,3
32.1484,0.59613955,39.23924110004854,-77.9758359476063,0,1,6153.798,-0.70922136,3,1,false,false,-18.544277,3.3736289,10.685399,0.2384616,-0.6419103,3
32.1779,0.5963044,39.23924587405002,-77.97583629507035,0,1,6183.609,-0.6900457,3,1,false,false,-16.725418,3.544241,9.3980465,0.2276142,-0.6537501,3
32.22034,0.59646946,39.23925073812911,-77.97583652677196,0,1,6192.2007,-0.6769948,3,1,false,false,-16.089003,4.3786297,9.072396,0.21690053,-0.63027674,3
32.27404,0.5966347,39.23925551213918,-77.9758367583852,0,1,6163.611,-0.6719352,3,1,false,false,-18.268318,5.050131,10.424473,0.20671478,-0.59077305,3
32.328377,0.59680027,39.23926037621827,-77.975836874236,0,1,6093.861,-0.6769948,3,1,false,false,-18.677309,4.9568563,10.986509,0.19730507,-0.5377039,3
32.376774,0.5969654,39.23926524029736,-77.9758369900868,0,1,6047.7866,-0.6841868,3,1,false,false,-17.538582,4.159677,10.295982,0.18874604,-0.4952945,3
32.40416,0.5971307,39.239270104376445,-77.97583710584924,0,1,6084.4614,-0.6879149,3,1,false,false,-19.921381,3.148541,11.5982275,0.18042573,-0.5098433,3
32.425694,0.5972961,39.23927496845553,-77.9758369900868,0,1,6167.149,-0.6876481,3,1,false,false,-20.755043,3.387577,11.515125,0.17168102,-0.53595436,3
32.456207,0.5974617,39.23927983253462,-77.9758369900868,0,1,6184.508,-0.6807241,3,1,false,false,-19.268528,3.8189728,11.532015,0.16269334,-0.54079896,3
32.49405,0.59762746,39.23928469661371,-77.9758367583852,0,1,6147.545,-0.67087007,3,1,false,false,-16.7505,3.9306917,9.551792,0.15368812,-0.5382518,3
32.534496,0.5977932,39.2392895606928,-77.97583664253439,0,1,6159.3936,-0.66288006,3,1,false,false,-16.296055,3.971413,8.684287,0.14479508,-0.52498347,3
32.576363,0.59795886,39.23929451484949,-77.97583629507035,0,1,6200.984,-0.6628802,3,1,false,false,-17.05557,4.0618463,9.843621,0.13626388,-0.49777138,3
32.618866,0.59812474,39.23929937892858,-77.97583606345711,0,1,6190.737,-0.670071,3,1,false,false,-15.967389,4.043699,9.543685,0.12811422,-0.48024854,3
32.66586,0.59829086,39.239304243007666,-77.97583560014225,0,1,6163.4146,-0.6772628,3,1,false,false,-14.406775,4.198204,8.552905,0.120253906,-0.4588791,3
32.710144,0.59845734,39.23930919715577,-77.97583525267821,0,1,6173.4565,-0.6833874,3,1,false,false,-15.663855,3.82454,8.676158,0.11282346,-0.43718395,3
32.74988,0.598624,39.23931406124345,-77.97583478936336,0,1,6206.394,-0.6871157,3,1,false,false,-15.010586,3.7296698,8.460802,0.10564591,-0.4244761,3
32.790897,0.59879065,39.239318925322536,-77.9758342101977,0,1,6229.388,-0.6876482,3,1,false,false,-13.563789,3.7506669,7.671037,0.098700255,-0.4103797,3
32.834877,0.5989574,39.23932387947064,-77.97583363112041,0,1,6241.7573,-0.6863174,3,1,false,false,-13.356787,3.8771915,7.9489527,0.0919356,-0.40399668,3
32.87927,0.59912455,39.23932874355832,-77.97583305195477,0,1,6250.557,-0.68471926,3,1,false,false,-15.360189,3.9331105,9.523581,0.08519038,-0.41067263,3
32.91922,0.59929186,39.23933369770642,-77.97583235702668,0,1,6249.4673,-0.68338734,3,1,false,false,-17.60369,3.608198,10.945246,0.07810839,-0.44672605,3
32.949375,0.59945947,39.2393385617941,-77.97583166201021,0,1,6256.832,-0.67779523,3,1,false,false,-18.182014,3.1312082,11.58894,0.07003232,-0.52679425,3
32.975895,0.5996272,39.2393435159422,-77.97583096708212,0,1,6304.835,-0.66234773,3,1,false,false,-17.748957,3.0120683,10.138565,0.06056604,-0.60788536,3
33.011738,0.599795,39.2393483800127,-77.97583004045242,0,1,6354.5815,-0.6399763,3,1,false,false,-16.973543,4.1834517,10.168722,0.049890902,-0.6567204,3
33.06193,0.59996307,39.239353334177984,-77.97582922967352,0,1,6321.756,-0.6141435,3,1,false,false,-16.481247,4.7472577,9.688489,0.039060928,-0.63211125,3
33.121136,0.60013145,39.23935819824848,-77.97582830313219,0,1,6238.281,-0.5936364,3,1,false,false,-16.462502,5.151696,9.701824,0.028999897,-0.57064116,3
33.17942,0.6003002,39.239363152413766,-77.97582726065168,0,1,6190.1284,-0.586179,3,1,false,false,-16.61125,4.729207,9.63724,0.020091476,-0.49723083,3
33.22701,0.6004693,39.23936810656188,-77.97582621825954,0,1,6192.8896,-0.58724385,3,1,false,false,-16.204935,4.1840796,9.11071,0.012401524,-0.42624253,3
33.268787,0.60063875,39.239372970649555,-77.97582505992824,0,1,6216.526,-0.59416884,3,1,false,false,-15.769002,3.7009306,9.199576,0.005875531,-0.3641965,3
33.3042,0.6008084,39.23937792479766,-77.97582390168529,0,1,6239.1353,-0.6040228,3,1,false,false,-15.712977,3.178643,9.014534,9.024069e-05,-0.34346953,3
33.329594,0.60097826,39.23938278888534,-77.97582274344235,0,1,6280.466,-0.6122793,3,1,false,false,-16.522102,2.7758756,9.736072,-0.0059388434,-0.3897785,3
33.353653,0.6011483,39.23938774303344,-77.9758214693486,0,1,6341.5156,-0.6160077,3,1,false,false,-15.718452,2.7206502,9.043173,-0.012951234,-0.453432,3
33.383305,0.60131866,39.23939260712112,-77.97582007940406,0,1,6391.9595,-0.6074843,3,1,false,false,-15.310337,3.317351,9.099924,-0.02097944,-0.5053541,3
33.42535,0.6014893,39.23939756126922,-77.97581868954788,0,1,6400.1763,-0.5909729,3,1,false,false,-15.625506,4.069284,9.997899,-0.029654905,-0.53056073,3
33.474762,0.6016604,39.23940242533972,-77.97581729960332,0,1,6365.4277,-0.56753683,3,1,false,false,-16.132126,4.355406,10.133013,-0.038583968,-0.5385342,3
33.5235,0.6018318,39.2394072894274,-77.97581579389633,0,1,6334.446,-0.5403713,3,1,false,false,-16.008774,4.1412263,9.757993,-0.047593854,-0.5417802,3
33.567436,0.6020035,39.2394122435755,-77.97581428810098,0,1,6342.1504,-0.51214075,3,1,false,false,-15.782944,3.872823,9.70456,-0.056629114,-0.54069287,3
33.608265,0.60217553,39.23941710766318,-77.97581266654319,0,1,6367.5195,-0.47592032,3,1,false,false,-16.360582,3.8166249,10.116929,-0.065616705,-0.5374535,3
33.65051,0.60234797,39.23942197173368,-77.97581104498539,0,1,6372.9487,-0.4495541,3,1,false,false,-15.859495,4.0276074,9.393705,-0.074506186,-0.5254564,3
33.696735,0.6025209,39.239426835821355,-77.9758094234276,0,1,6358.8003,-0.42718264,3,1,false,false,-15.405533,4.164289,9.339674,-0.08308189,-0.5021398,3
33.742798,0.60269415,39.23943169989185,-77.97580768601901,0,1,6349.54,-0.40827385,3,1,false,false,-15.908139,4.0615287,10.029818,-0.09126438,-0.48234287,3
33.785847,0.60286784,39.23943665405714,-77.97580583284797,0,1,6356.7695,-0.39921904,3,1,false,false,-16.330496,3.9303732,10.345368,-0.09919473,-0.47062925,3
33.82739,0.60304177,39.239441518127634,-77.97580397958858,0,1,6367.8667,-0.39549074,3,1,false,false,-16.725796,3.9108207,10.280996,-0.10693117,-0.45843518,3
33.86779,0.60321605,39.23944629213771,-77.97580212641753,0,1,6371.6772,-0.39415917,3,1,false,false,-16.041697,3.7599566,9.676424,-0.11449765,-0.4517088,3
33.907547,0.6033908,39.239451156208204,-77.9758001573957,0,1,6384.331,-0.39522505,3,1,false,false,-15.13811,3.683659,9.218121,-0.12202413,-0.45246083,3
33.948357,0.6035661,39.23945602029588,-77.97579807252306,0,1,6411.1104,-0.39815405,3,1,false,false,-15.351007,3.728344,9.352968,-0.1295375,-0.44953233,3
33.990208,0.6037417,39.23946088438356,-77.97579598765041,0,1,6425.9805,-0.40614295,3,1,false,false,-15.36345,3.8329122,9.3309145,-0.13698368,-0.44426683,3
34.03364,0.60391766,39.23946574843688,-77.97579390277778,0,1,6423.198,-0.41546562,3,1,false,false,-15.675969,3.9118087,9.941493,-0.14436395,-0.44337976,3
34.076866,0.60409397,39.23947052246413,-77.97579181790513,0,1,6422.0376,-0.42718273,3,1,false,false,-16.243551,3.9034708,10.422507,-0.15181953,-0.45286614,3
34.11885,0.6042707,39.23947538655181,-77.97578950133088,0,1,6430.835,-0.43650535,3,1,false,false,-16.34181,3.7815568,10.192213,-0.15946744,-0.46493304,3
34.159977,0.6044481,39.2394801605447,-77.9757873006958,0,1,6442.0806,-0.44316253,3,1,false,false,-16.246765,3.7716188,10.006161,-0.1672986,-0.4732579,3
34.201263,0.60462576,39.23948493453759,-77.97578498412155,0,1,6449.9624,-0.4474242,3,1,false,false,-16.055092,3.7911725,9.857265,-0.17524585,-0.47878528,3
34.244648,0.6048038,39.23948979862527,-77.97578255178486,0,1,6454.926,-0.4511525,3,1,false,false,-16.07419,3.9782343,10.140032,-0.18324593,-0.4781083,3
34.290516,0.6049822,39.239494572618156,-77.97578011944817,0,1,6452.2456,-0.45248407,3,1,false,false,-16.085962,4.0880885,9.93855,-0.19111608,-0.46354273,3
34.33794,0.6051611,39.23949934664541,-77.97577768711149,0,1,6442.481,-0.45061997,3,1,false,false,-15.905226,4.1092415,9.583062,-0.19865018,-0.44001773,3
34.384907,0.6053402,39.2395041206383,-77.97577513892399,0,1,6437.78,-0.4452935,3,1,false,false,-15.471563,4.0249352,9.233649,-0.20577092,-0.41467997,3
34.430862,0.60551953,39.23950889463119,-77.9757725907365,0,1,6443.751,-0.43916866,3,1,false,false,-15.029309,3.91083,9.249201,-0.21245012,-0.3885592,3
34.475533,0.6056992,39.23951357856366,-77.97576992678657,0,1,6455.097,-0.4277161,3,1,false,false,-14.649356,3.7895648,9.044732,-0.21871887,-0.3671232,3
34.51999,0.60587925,39.23951835255655,-77.97576726274828,0,1,6467.5947,-0.4138672,3,1,false,false,-14.24908,3.7358985,8.727666,-0.2246748,-0.35157362,3
34.56387,0.6060597,39.23952303648901,-77.97576448294754,0,1,6482.3677,-0.40188235,3,1,false,false,-13.690159,3.5821362,8.37875,-0.2304183,-0.3426727,3
34.601597,0.6062403,39.239527810516265,-77.9757617031468,0,1,6504.222,-0.38989747,3,1,false,false,-14.757653,3.201702,9.7107725,-0.2362142,-0.36171493,3
34.637505,0.6064207,39.23953249441437,-77.9757589232577,0,1,6534.779,-0.38403842,3,1,false,false,-14.790995,3.1790338,10.2362995,-0.24250422,-0.39625907,3
34.675682,0.6066014,39.239537178346836,-77.97575602760617,0,1,6562.333,-0.37445107,3,1,false,false,-14.926446,3.4904704,10.333907,-0.24943739,-0.43345797,3
34.719913,0.6067825,39.2395418622793,-77.97575313195463,0,1,6570.587,-0.36086875,3,1,false,false,-15.384414,3.876505,10.575795,-0.25690955,-0.45824033,3
34.76808,0.6069639,39.23954654621176,-77.97575012054065,0,1,6555.417,-0.3440898,3,1,false,false,-16.00272,4.08501,11.264031,-0.26468903,-0.4710154,3
34.818626,0.60714555,39.23955123014423,-77.97574710903831,0,1,6537.0483,-0.3185226,3,1,false,false,-14.731076,4.1235223,9.402933,-0.27259064,-0.4680818,3
34.871433,0.6073272,39.239555914076696,-77.97574409753597,0,1,6530.972,-0.29428712,3,1,false,false,-13.807044,4.14299,9.2330475,-0.2801368,-0.43341094,3
34.923664,0.60750926,39.23956050791437,-77.97574097027119,0,1,6530.9214,-0.27857408,3,1,false,false,-14.033532,4.1139674,9.5788965,-0.28701964,-0.39107326,3
34.975723,0.6076916,39.239565191846836,-77.97573784291804,0,1,6526.5283,-0.26712266,3,1,false,false,-14.070675,4.1233597,9.867143,-0.29315495,-0.34609675,3
35.027916,0.60787433,39.23956978571888,-77.97573459980246,0,1,6519.121,-0.2684543,3,1,false,false,-14.947049,4.030985,10.560576,-0.29853925,-0.30531386,3
35.07285,0.60805744,39.23957437955655,-77.97573135668688,0,1,6519.345,-0.28177094,3,1,false,false,-14.420426,3.4659743,10.442414,-0.30345875,-0.29509357,3
35.11527,0.6082406,39.23957897339423,-77.97572799772048,0,1,6553.106,-0.304408,3,1,false,false,-13.85131,3.4481409,9.473192,-0.308467,-0.30799475,3
35.158184,0.60842395,39.239583567266266,-77.9757246387541,0,1,6593.5376,-0.33157355,3,1,false,false,-13.378656,3.4302,8.990298,-0.31366998,-0.31638575,3
35.204082,0.6086076,39.239588161103946,-77.9757212797877,0,1,6605.6226,-0.3693912,3,1,false,false,-13.620242,3.6757836,9.274242,-0.3189765,-0.32162932,3
35.253048,0.6087916,39.23959275497599,-77.97571780505888,0,1,6597.674,-0.40960538,3,1,false,false,-13.639177,3.7608812,9.138741,-0.32436675,-0.32837337,3
35.304176,0.608976,39.239597258753236,-77.97571433024169,0,1,6597.8237,-0.44209757,3,1,false,false,-12.496421,3.8027503,8.557965,-0.32984135,-0.32782713,3
35.355095,0.60916054,39.239601852590916,-77.9757108554245,0,1,6608.655,-0.4823129,3,1,false,false,-12.829812,3.7094371,8.582447,-0.3352194,-0.3218786,3
35.403294,0.60934544,39.239606356368164,-77.97570726484487,0,1,6616.1494,-0.5142716,3,1,false,false,-13.19482,3.5012596,8.799958,-0.34055245,-0.32523552,3
35.450066,0.60953057,39.23961086014542,-77.97570367426523,0,1,6626.3438,-0.54223526,3,1,false,false,-12.96141,3.520327,9.024829,-0.34603032,-0.3372155,3
35.49653,0.609716,39.23961536392267,-77.97570008368561,0,1,6642.579,-0.5590134,3,1,false,false,-13.464486,3.4156973,9.355055,-0.35174426,-0.35466543,3
35.541233,0.6099018,39.23961986769992,-77.9756963771668,0,1,6657.4736,-0.56620413,3,1,false,false,-13.456422,3.262257,8.998368,-0.3578256,-0.37956053,3
35.585026,0.61008793,39.23962437147717,-77.97569267073636,0,1,6674.86,-0.5654047,3,1,false,false,-13.658323,3.3194582,9.439302,-0.3643898,-0.41001162,3
35.62966,0.61027426,39.239628875254425,-77.9756888485435,0,1,6691.183,-0.5598126,3,1,false,false,-14.558604,3.410916,10.184891,-0.3714785,-0.44184458,3
35.675285,0.6104609,39.23963328897125,-77.97568502626225,0,1,6695.149,-0.5520892,3,1,false,false,-14.905127,3.4867084,10.582466,-0.37908036,-0.46895164,3
35.72187,0.61064774,39.23963770265371,-77.97568120398103,0,1,6691.878,-0.5433003,3,1,false,false,-15.711638,3.6128817,11.223187,-0.38713247,-0.49494058,3
35.76878,0.6108349,39.23964211637054,-77.97567726593735,0,1,6688.8145,-0.52945215,3,1,false,false,-16.370977,3.6183164,11.325191,-0.39559603,-0.5160389,3
35.81422,0.6110226,39.239646530053,-77.97567332780531,0,1,6687.029,-0.5140049,3,1,false,false,-17.115519,3.6041503,12.090341,-0.4043734,-0.5324706,3
35.85873,0.6112106,39.239650943769824,-77.97566927391082,0,1,6685.6523,-0.49855745,3,1,false,false,-17.578825,3.5830514,12.258289,-0.41338634,-0.54201657,3
35.902702,0.61139876,39.23965526739187,-77.97566522001634,0,1,6682.8574,-0.48257867,3,1,false,false,-17.8883,3.5834637,12.409594,-0.42249334,-0.54355526,3
35.945976,0.6115872,39.23965968110869,-77.97566105027106,0,1,6680.9517,-0.47032812,3,1,false,false,-18.430239,3.5841494,12.646354,-0.43159658,-0.54164636,3
35.988667,0.611776,39.23966391463594,-77.97565688052578,0,1,6681.4478,-0.45967487,3,1,false,false,-18.226892,3.6085658,12.506831,-0.44061425,-0.53112704,3
36.03258,0.6119654,39.23966823825798,-77.9756527107805,0,1,6681.3525,-0.45274973,3,1,false,false,-17.980865,3.666241,11.58975,-0.4493378,-0.5065448,3
36.07659,0.61215514,39.23967247181959,-77.9756484251844,0,1,6678.6587,-0.44955406,3,1,false,false,-17.536459,3.6344945,11.832248,-0.45756444,-0.47453898,3
36.12146,0.61234504,39.2396767053812,-77.97564402382588,0,1,6679.49,-0.44982085,3,1,false,false,-17.402239,3.6371431,11.428682,-0.46520165,-0.43886977,3
36.164677,0.6125353,39.23968093894282,-77.97563973822979,0,1,6683.5195,-0.45434818,3,1,false,false,-17.41905,3.5179496,11.446282,-0.47231844,-0.41436914,3
36.20791,0.61272573,39.23968517247007,-77.97563522102045,0,1,6690.688,-0.46393657,3,1,false,false,-16.959114,3.4166212,11.146881,-0.47902557,-0.39134908,3
36.249275,0.6129172,39.23968931593689,-77.97563070381112,0,1,6701.098,-0.4767196,3,1,false,false,-16.339077,3.3183448,10.638714,-0.48545793,-0.3828879,3
36.290707,0.6131088,39.23969345943808,-77.9756261866018,0,1,6718.637,-0.48897013,3,1,false,false,-15.951558,3.2502131,10.504974,-0.49183014,-0.38325438,3
36.331573,0.6133007,39.239697602904904,-77.97562166939247,0,1,6735.8774,-0.5030859,3,1,false,false,-15.634885,3.202214,10.443191,-0.4982501,-0.38928458,3
36.373154,0.6134928,39.23970174637173,-77.97561703633232,0,1,6750.1523,-0.5126732,3,1,false,false,-15.499724,3.2327392,10.282777,-0.5048316,-0.40156394,3
36.41546,0.61368513,39.23970579977812,-77.9756124032722,0,1,6762.31,-0.5190647,3,1,false,false,-14.892256,3.2535882,10.202588,-0.511617,-0.41223595,3
36.45734,0.6138777,39.23970985318452,-77.97560765444962,0,1,6774.9966,-0.524658,3,1,false,false,-15.578668,3.2129214,11.044196,-0.5186363,-0.4317288,3
36.4986,0.6140705,39.23971390659092,-77.97560290553868,0,1,6788.168,-0.5259899,3,1,false,false,-15.621301,3.24439,10.84964,-0.52605903,-0.45665845,3
36.54273,0.6142634,39.23971795996296,-77.97559804086531,0,1,6798.5757,-0.5249247,3,1,false,false,-15.170522,3.3840377,10.571575,-0.53380215,-0.46585488,3
36.58663,0.6144566,39.23972192330893,-77.97559329204273,0,1,6800.1504,-0.52306086,3,1,false,false,-15.421244,3.3837252,10.555838,-0.54163575,-0.47119936,3
36.631145,0.61464995,39.23972588662054,-77.97558831151855,0,1,6802.7925,-0.52332646,3,1,false,false,-15.826705,3.4783056,10.854021,-0.5495768,-0.47706762,3
36.675724,0.61484295,39.239729849932154,-77.97558344684518,0,1,6805.76,-0.52678895,3,1,false,false,-16.41635,3.4379268,11.71563,-0.55752677,-0.47435036,3
36.71819,0.6150361,39.23973372318334,-77.975578466321,0,1,6805.3735,-0.5313165,3,1,false,false,-16.921295,3.3025808,11.93392,-0.5654815,-0.4790173,3
36.75952,0.6152295,39.23973768652931,-77.97557348579682,0,1,6811.1533,-0.5350446,3,1,false,false,-17.331167,3.2608578,11.753733,-0.5735664,-0.48766482,3
36.798702,0.615423,39.23974146968571,-77.97556838942184,0,1,6821.6904,-0.5371753,3,1,false,false,-18.0759,3.1966043,12.429257,-0.5818866,-0.5049895,3
36.83814,0.6156167,39.23974534293689,-77.97556329304685,0,1,6829.8516,-0.5377079,3,1,false,false,-17.225489,3.299426,11.663224,-0.59045637,-0.5128644,3
36.881454,0.61581016,39.239749126127656,-77.97555808090942,0,1,6833.0303,-0.5353114,3,1,false,false,-15.527508,3.5042746,9.949013,-0.59891206,-0.48962867,3
36.926476,0.61600375,39.23975290928405,-77.97555286868364,0,1,6831.883,-0.5321155,3,1,false,false,-14.714199,3.487352,9.181031,-0.60676944,-0.44953543,3
36.973045,0.61619765,39.23975669244045,-77.97554765654621,0,1,6832.901,-0.5350445,3,1,false,false,-14.598514,3.562171,9.467558,-0.6138718,-0.40421525,3
37.01891,0.6163917,39.239760475596846,-77.97554232855799,0,1,6833.7803,-0.5435668,3,1,false,false,-14.260471,3.4211495,9.570518,-0.62016606,-0.36034128,3
37.05692,0.61658585,39.23976416872718,-77.97553700056976,0,1,6839.474,-0.56114435,3,1,false,false,-16.80721,2.7389371,11.523221,-0.62598497,-0.36293128,3
37.08509,0.6167799,39.239767861857516,-77.97553167258154,0,1,6869.2764,-0.57579225,3,1,false,false,-17.896667,2.3628206,13.043697,-0.6324792,-0.4304017,3
37.11148,0.6169741,39.23977146482434,-77.97552622874251,0,1,6923.098,-0.58085203,3,1,false,false,-16.555258,2.4005878,11.5884285,-0.64041543,-0.5126175,3
37.140244,0.61716837,39.23977506785988,-77.97552078490348,0,1,6964.7153,-0.5741939,3,1,false,false,-17.438942,2.662188,11.269289,-0.64963895,-0.58252007,3
37.177647,0.6173628,39.239778670895426,-77.97551534106444,0,1,6973.566,-0.5598123,3,1,false,false,-15.0919075,3.2888367,10.166967,-0.65968513,-0.60012126,3
37.226646,0.6175573,39.23978227393097,-77.97550978146297,0,1,6953.2476,-0.54196864,3,1,false,false,-15.075335,3.8833802,9.474194,-0.66962725,-0.57546043,3
37.278767,0.6177519,39.23978578687173,-77.97550422177314,0,1,6913.289,-0.532648,3,1,false,false,-16.096926,4.018087,10.240581,-0.6788121,-0.52151734,3
37.328354,0.6179468,39.239789299812486,-77.97549854632086,0,1,6880.797,-0.530784,3,1,false,false,-17.435953,3.572153,11.498683,-0.6869454,-0.46094987,3
37.362938,0.61814183,39.23979272265846,-77.97549287078023,0,1,6876.948,-0.5347779,3,1,false,false,-20.35428,2.8325648,13.688148,-0.6945561,-0.47161767,3
37.391277,0.61833704,39.239796235599215,-77.97548719532796,0,1,6912.8657,-0.5382404,3,1,false,false,-20.485743,2.5531855,13.059134,-0.7027849,-0.51256794,3
37.414658,0.6185323,39.23979956841912,-77.97548151987569,0,1,6954.154,-0.53477776,3,1,false,false,-19.578539,2.3887873,12.7037945,-0.71166885,-0.5481579,3
37.440872,0.6187276,39.239802991265094,-77.9754757285726,0,1,6989.1587,-0.5273213,3,1,false,false,-18.632126,2.8460374,11.744641,-0.7210931,-0.5710871,3
37.4766,0.61892307,39.239806233990215,-77.97546982141873,0,1,7003.146,-0.5198638,3,1,false,false,-18.091518,3.311878,11.669198,-0.73069173,-0.565531,3
37.520176,0.61911875,39.23980956681012,-77.97546403011565,0,1,6982.582,-0.5148042,3,1,false,false,-17.672148,3.7416646,11.046131,-0.73996437,-0.53759766,3
37.563236,0.6193147,39.23981280953524,-77.97545800719934,0,1,6951.4023,-0.5156023,3,1,false,false,-19.069443,3.62417,12.078934,-0.74882716,-0.52357686,3
37.602634,0.6195108,39.23981605226036,-77.97545210004544,0,1,6940.516,-0.5185323,3,1,false,false,-20.507587,3.3175707,13.447054,-0.7575339,-0.51618314,3
37.63529,0.61970717,39.239819204890686,-77.97544607712913,0,1,6685.8857,-0.5166683,3,1,false,false,-18.918083,2.694215,12.100449,-0.766019,-0.49012855,3
37.62077,0.61990345,39.23982235752102,-77.97544005412445,0,1,6556.13,-0.5097441,0,1,false,false,-15.70283,-0.9058814,9.656953,-0.7736186,-0.41076383,3
37.60374,0.62009966,39.239825420125285,-77.97543403120812,0,1,6103.211,-0.50441766,4,1,false,false,-17.585863,2.198884,10.867477,-0.77991587,-0.36512002,3
37.66773,0.6202961,39.23982848266083,-77.975427892441,0,1,5357.1646,-0.5070808,4,1,false,false,-17.125504,5.464699,11.426661,-0.78655785,-0.43756652,3
37.714577,0.62049305,39.2398315452651,-77.97542175358552,0,1,5542.5244,-0.5108091,4,1,false,false,-15.981041,1.9060595,9.868856,-0.79424673,-0.46654895,3
37.717266,0.62069,39.23983451770586,-77.97541561481839,0,1,5796.6387,-0.5118741,4,1,false,false,-15.235458,1.3420117,10.900476,-0.80208135,-0.46634474,3
37.748806,0.620887,39.239837490215336,-77.97540936020047,0,1,5706.909,-0.5105422,4,1,false,false,-13.699842,3.636879,8.345549,-0.8097199,-0.44778627,3
37.81295,0.6210842,39.239840462724814,-77.9754031056709,0,1,5598.0845,-0.5089451,4,1,false,false,-14.949481,4.9985847,8.222233,-0.8169394,-0.4096896,3
37.865498,0.62128204,39.239843345139505,-77.97539685105298,0,1,5579.0425,-0.5166683,4,1,false,false,-18.661072,3.535078,12.988971,-0.8235566,-0.38682812,3
37.902954,0.6214802,39.239846227554196,-77.97539059643506,0,1,5560.082,-0.5291855,4,1,false,false,-19.904533,3.315701,14.025981,-0.8299382,-0.37860787,3
37.93622,0.62167853,39.23984910996889,-77.97538422596632,0,1,5550.6035,-0.5321155,4,1,false,false,-18.349,2.79422,12.275417,-0.83615243,-0.36940944,3
37.968372,0.62187696,39.2398519022888,-77.97537785558596,0,1,5576.644,-0.5254572,4,1,false,false,-15.960175,2.809223,9.939607,-0.8421615,-0.34762374,3
38.002026,0.62207556,39.23985460458263,-77.97537136926643,0,1,5609.16,-0.5150696,4,1,false,false,-15.403418,2.837949,9.332159,-0.84768194,-0.31896484,3
38.039852,0.6222748,39.239857396902536,-77.97536499888606,0,1,5609.1943,-0.51001,4,1,false,false,-14.055073,2.9993887,8.736579,-0.8527925,-0.300269,3
38.074394,0.6224743,39.23986009919638,-77.97535851256653,0,1,5610.609,-0.5116085,4,1,false,false,-12.3268585,2.5566785,7.8590546,-0.85777116,-0.3085808,3
38.10575,0.6226739,39.23986271139543,-77.97535202633536,0,1,5659.1787,-0.51693374,4,1,false,false,-12.172522,2.3703187,7.7029896,-0.86310995,-0.34020317,3
38.13676,0.62287366,39.23986541362055,-77.97534542425339,0,1,5706.6265,-0.52199364,4,1,false,false,-12.403596,2.54486,8.320288,-0.8690854,-0.38094977,3
38.1713,0.62307346,39.239868025819604,-77.97533893802222,0,1,5713.5757,-0.5257238,4,1,false,false,-13.28606,2.6914008,9.084863,-0.8757875,-0.42912152,3
38.20998,0.623273,39.23987063801865,-77.97533233594024,0,1,5718.3086,-0.52439225,4,1,false,false,-10.900155,2.9509752,7.2780275,-0.8832602,-0.4591109,3
38.251774,0.6234727,39.23987316012292,-77.97532573385827,0,1,5739.544,-0.5166683,4,1,false,false,-9.90287,3.082309,5.9771714,-0.89087665,-0.44952086,3
38.295986,0.62367254,39.23987577232197,-77.9753191317763,0,1,5739.009,-0.51187414,4,1,false,false,-12.054201,3.3497863,7.569166,-0.89818,-0.43357775,3
38.341545,0.6238725,39.23987829442624,-77.97531252960596,0,1,5712.7266,-0.510809,4,1,false,false,-12.740212,3.5201137,8.883197,-0.9053558,-0.42919466,3
38.38557,0.6240727,39.2398808165305,-77.97530581176154,0,1,5695.988,-0.50601614,4,1,false,false,-12.065254,2.943656,7.684118,-0.91231805,-0.41185802,3
38.413967,0.6242729,39.239883248608706,-77.97529909382877,0,1,5724.2583,-0.49429685,4,1,false,false,-12.014526,2.0372725,6.9001007,-0.9190496,-0.40583098,3
38.437775,0.62447315,39.23988568061818,-77.97529237589599,0,1,5804.493,-0.48178053,4,1,false,false,-11.670329,2.3285341,7.066696,-0.9258035,-0.4100302,3
38.47635,0.62467355,39.239888112696384,-77.97528565796321,0,1,5832.977,-0.46526825,4,1,false,false,-11.055758,3.132209,6.717612,-0.93256634,-0.40201062,3
38.51825,0.62487406,39.23989054470586,-77.97527894011881,0,1,5784.4272,-0.45248407,4,1,false,false,-10.145055,3.047013,6.312887,-0.93914205,-0.39266914,3
38.55274,0.6250746,39.23989288668927,-77.97527210633523,0,1,5801.4097,-0.44049928,4,1,false,false,-10.340401,2.280262,6.1159945,-0.9456279,-0.39261666,3
38.577824,0.62527525,39.23989531869875,-77.97526527264002,0,1,5888.6074,-0.4293135,4,1,false,false,-11.084632,2.181141,6.872965,-0.9522883,-0.41055712,3
38.608425,0.62547594,39.239897570587374,-77.97525855470724,0,1,5924.365,-0.41946054,4,1,false,false,-11.224992,2.5854368,7.1165247,-0.95919305,-0.42090467,3
38.64399,0.6256767,39.23989991257079,-77.97525172101201,0,1,5907.116,-0.40374637,4,1,false,false,-10.918677,2.948202,7.0142117,-0.96634585,-0.4378181,3
38.677353,0.6258776,39.239902164459416,-77.97524477137763,0,1,5929.2534,-0.38803333,4,1,false,false,-10.816915,2.528616,6.531311,-0.97374195,-0.45078138,3
38.723736,0.62607855,39.23990450644283,-77.97523793768242,0,1,5967.157,-0.3741854,4,1,false,false,-11.779036,3.9302735,7.2322598,-0.9811719,-0.43560135,3
38.77567,0.62627965,39.239906668236664,-77.9752309881364,0,1,5902.369,-0.3600696,4,1,false,false,-12.83153,3.8941736,8.232773,-0.988248,-0.41866204,3
38.821163,0.62648094,39.239908920125295,-77.97522415435282,0,1,5837.049,-0.34835142,4,1,false,false,-13.506139,3.064828,8.592969,-0.99526167,-0.4306329,3
38.85116,0.6266824,39.23991108191913,-77.975217088956,0,1,5887.4224,-0.3323716,4,1,false,false,-13.825748,2.4253607,8.016981,-1.00269,-0.4594985,3
38.878277,0.6268839,39.23991324378169,-77.97521013940998,0,1,5951.3833,-0.31186545,4,1,false,false,-15.763327,2.7727318,9.635506,-1.0105101,-0.48192313,3
38.912483,0.6270855,39.239915315480744,-77.97520318986396,0,1,5925.7207,-0.29082564,4,1,false,false,-14.769592,3.3410816,8.843098,-1.0187436,-0.5020808,3
38.95452,0.62728727,39.23991747727458,-77.97519612446713,0,1,5887.177,-0.2695193,4,1,false,false,-14.749576,3.6859348,8.7572775,-1.0271844,-0.50806665,3
38.998203,0.6274892,39.23991945894757,-77.97518905907032,0,1,5876.596,-0.24368638,4,1,false,false,-15.863103,3.5046887,9.368741,-1.0354701,-0.485357,3
39.03759,0.6276913,39.23992153071534,-77.97518199367349,0,1,5857.855,-0.22291341,4,1,false,false,-16.047052,3.5483189,10.043855,-1.0433882,-0.46108592,3
39.073338,0.62789357,39.239923422293536,-77.97517492827667,0,1,5837.389,-0.2050695,4,1,false,false,-17.457954,3.3283894,10.572998,-1.0508677,-0.43955186,3
39.107018,0.628096,39.239925403966524,-77.97516786287984,0,1,5834.791,-0.1842955,4,1,false,false,-17.490873,3.2238467,10.398537,-1.0580459,-0.42147288,3
39.139545,0.6282986,39.239927295544724,-77.97516068172058,0,1,5837.2324,-0.1632558,4,1,false,false,-16.871716,3.1983168,10.082839,-1.0648938,-0.3985916,3
39.171978,0.62850136,39.239929187122925,-77.97515350047296,0,1,5834.1626,-0.14328198,4,1,false,false,-17.345133,3.2650177,10.826098,-1.0713657,-0.3786546,3
39.206074,0.62870425,39.23993098860633,-77.97514631922533,0,1,5828.032,-0.12517127,4,1,false,false,-17.325497,3.2586305,10.445149,-1.0774719,-0.35298494,3
39.239647,0.6289074,39.23993270006368,-77.97513902221527,0,1,5823.061,-0.103599146,4,1,false,false,-16.601349,3.1998134,9.893525,-1.083126,-0.32459086,3
39.273834,0.6291107,39.23993450154709,-77.97513184096763,0,1,5828.1733,-0.07963039,4,1,false,false,-15.535868,3.0713089,9.213993,-1.0882406,-0.28852907,3
39.308434,0.6293141,39.23993621300444,-77.97512454395758,0,1,5839.211,-0.05885745,4,1,false,false,-14.9205475,3.06882,8.865961,-1.0927541,-0.25321054,3
39.344913,0.62951773,39.239937834367,-77.97511724685914,0,1,5847.368,-0.040215325,4,1,false,false,-13.820858,3.084328,8.279915,-1.0966696,-0.21642579,3
39.382576,0.62972164,39.239939455729555,-77.97510994993745,0,1,5852.299,-0.026099589,4,1,false,false,-12.99058,2.9644094,8.496962,-1.0999969,-0.18607332,3
39.419037,0.6299258,39.23994107709212,-77.97510265283901,0,1,5867.9824,-0.01358225,4,1,false,false,-13.056396,2.896145,9.390932,-1.1030046,-0.17791645,3
39.45531,0.6301301,39.23994260835989,-77.97509535574058,0,1,5890.479,-0.00053348485,4,1,false,false,-13.063911,2.880461,9.463021,-1.1060003,-0.18290484,3
39.494434,0.6303346,39.239944139696384,-77.97508794287971,0,1,5903.3027,0.013049791,4,1,false,false,-12.654522,3.0269487,9.402344,-1.1091145,-0.19023511,3
39.53696,0.63053936,39.239945670964154,-77.97508064595802,0,1,5905.8477,0.02743021,4,1,false,false,-11.906804,3.279847,8.978805,-1.1123328,-0.19408996,3
39.5873,0.63074446,39.23994720223193,-77.97507323309715,0,1,5903.4546,0.046872556,4,1,false,false,-10.984862,3.7129984,8.3639,-1.1154312,-0.17185527,3
39.643665,0.63095,39.23994864347364,-77.97506582005954,0,1,5875.5757,0.06365057,4,1,false,false,-9.7683935,3.803351,7.274401,-1.1178246,-0.109658584,3
39.69953,0.63115567,39.23995008464662,-77.97505840719867,0,1,5843.8115,0.07483627,4,1,false,false,-9.085765,3.6537216,6.852038,-1.1190895,-0.0422598,3
39.75126,0.6313617,39.23995152588833,-77.97505087857537,0,1,5840.8716,0.0759022,4,1,false,false,-9.351918,3.1244705,8.2207985,-1.1192553,0.018145952,3
39.79697,0.63156813,39.23995287696653,-77.9750434657145,0,1,5857.9053,0.07030884,4,1,false,false,-8.084048,2.8454182,6.947295,-1.1186721,0.05010487,3
39.83507,0.63177496,39.23995422811345,-77.9750359370912,0,1,5886.442,0.060987264,4,1,false,false,-7.553438,2.1040878,7.6309447,-1.1176915,0.05874549,3
39.870975,0.631982,39.23995557926037,-77.97502852423032,0,1,5940.6304,0.04873667,4,1,false,false,-8.343868,2.2979546,10.549815,-1.11701,0.020314904,3
39.912533,0.6321892,39.23995693040729,-77.97502099543028,0,1,5985.8916,0.03808344,4,1,false,false,-7.7586274,3.0574121,9.474705,-1.1170269,-0.020812672,3
39.968166,0.6323967,39.2399582815542,-77.97501346680698,0,1,5980.1177,0.035953626,4,1,false,false,-6.647717,3.3189871,8.915183,-1.1175486,-0.038331345,3
40.0273,0.6326049,39.239959632632406,-77.97500593800694,0,1,5948.924,0.037817728,4,1,false,false,-6.074573,3.8142092,8.558063,-1.1182464,-0.043939944,3
40.09835,0.6328136,39.23996089368453,-77.97499840938364,0,1,5928.2524,0.042610854,4,1,false,false,-6.6650043,4.1883254,10.648122,-1.1188457,-0.023726644,3
40.163853,0.63302255,39.23996215480539,-77.97499076482116,0,1,5870.0493,0.049002375,4,1,false,false,-6.532593,3.7451797,11.372944,-1.1189697,0.008616251,3
40.223053,0.63323194,39.239963415857524,-77.97498323619786,0,1,5844.017,0.056459833,4,1,false,false,-6.124798,3.283463,11.095453,-1.1186167,0.031034788,3
40.2728,0.6334416,39.23996467690966,-77.97497559163537,0,1,5875.902,0.06711308,4,1,false,false,-4.776832,2.6995375,10.367199,-1.1179557,0.04791119,3
40.320274,0.63365173,39.23996593796179,-77.97496806301207,0,1,5909.406,0.08122775,4,1,false,false,-3.6978338,2.8103278,10.492049,-1.1170448,0.06087874,3
40.37139,0.63386214,39.23996719901392,-77.9749604184496,0,1,5913.417,0.09933845,4,1,false,false,-2.811024,3.0350826,11.252564,-1.1159217,0.072768934,3
40.425293,0.6340728,39.239968369971265,-77.97495277388711,0,1,5910.741,0.11744865,4,1,false,false,-1.8795156,3.0384114,12.249994,-1.1146371,0.081679046,3
40.477444,0.6342837,39.2399696310234,-77.97494512932464,0,1,5923.0474,0.13316068,4,1,false,false,-0.9996209,2.9286962,11.070864,-1.1131893,0.09115416,3
40.527653,0.63449484,39.23997089207553,-77.97493748493889,0,1,5943.0938,0.14860755,4,1,false,false,0.018676266,2.7818065,12.946135,-1.1115901,0.10090561,3
40.5791,0.6347062,39.2399720631016,-77.97492984037642,0,1,5957.3745,0.16725019,4,1,false,false,0.84845513,3.0325847,12.345251,-1.1097699,0.115383,3
40.634735,0.63491786,39.23997332415373,-77.9749220800515,0,1,5955.6636,0.18562666,4,1,false,false,1.9732885,3.280406,13.167421,-1.1076788,0.1337044,3
40.69051,0.6351298,39.239974585205864,-77.97491443548903,0,1,5940.2617,0.20693257,4,1,false,false,2.7302165,3.1566544,11.610002,-1.1052693,0.15294084,3
40.74516,0.635342,39.239975846258,-77.97490679092655,0,1,5939.614,0.22663963,4,1,false,false,2.9582608,3.2337236,11.104933,-1.102538,0.16998848,3
40.796623,0.63555455,39.23997710731013,-77.97489903060163,0,1,5944.9375,0.24608141,4,1,false,false,3.9021866,2.833202,10.516102,-1.0996174,0.18070014,3
40.846268,0.6357673,39.23997836836226,-77.97489127027671,0,1,5948.0034,0.26206076,4,1,false,false,4.440214,2.8855588,10.351446,-1.0965209,0.19065465,3
40.89392,0.6359803,39.23997962941439,-77.97488362571424,0,1,5958.6797,0.28230125,4,1,false,false,4.536762,2.6466782,9.081947,-1.0932636,0.20093916,3
40.937695,0.6361936,39.239980890466526,-77.97487586538932,0,1,5986.488,0.29774812,4,1,false,false,4.799441,2.384817,8.733439,-1.0898321,0.21310474,3
40.977734,0.6364071,39.23998224161345,-77.97486822082685,0,1,6026.011,0.31239533,4,1,false,false,5.0300317,2.3597052,8.382965,-1.0861325,0.23227671,3
41.019646,0.6366208,39.23998359276037,-77.97486046050194,0,1,6061.0576,0.32358155,4,1,false,false,5.561646,2.4312744,8.7432165,-1.0820764,0.25568807,3
41.06049,0.63683474,39.2399848538125,-77.97485270017702,0,1,6082.578,0.33449987,4,1,false,false,7.1173058,2.3396404,10.219884,-1.0775534,0.29250243,3
41.1037,0.6370489,39.23998620495942,-77.9748449398521,0,1,6113.4487,0.34302288,4,1,false,false,8.497259,2.6619766,11.556407,-1.0722476,0.34464929,3
41.151684,0.63726336,39.239987646132406,-77.9748371795272,0,1,6126.1646,0.3496806,4,1,false,false,9.3153305,2.9822845,11.118933,-1.0660778,0.39227802,3
41.20502,0.6374782,39.239988997279326,-77.97482953496471,0,1,6103.949,0.354741,4,1,false,false,9.741759,3.3823206,10.43618,-1.0592725,0.41902223,3
41.26394,0.6376932,39.23999043852103,-77.9748217746398,0,1,6070.976,0.35687134,4,1,false,false,10.255155,3.7210243,10.076899,-1.0523031,0.408732,3
41.31908,0.63790864,39.23999187969402,-77.97481401431489,0,1,6036.4395,0.35953507,4,1,false,false,11.421494,3.3021998,10.916461,-1.0458233,0.36526093,3
41.366776,0.6381243,39.23999341096179,-77.97480625398997,0,1,6022.224,0.36539412,4,1,false,false,12.779192,2.8582108,12.365081,-1.0401299,0.3216052,3
41.406666,0.63834035,39.23999494229828,-77.97479849366506,0,1,6037.253,0.3731168,4,1,false,false,14.018432,2.4431946,13.346866,-1.0349205,0.31007862,3
41.441475,0.63855666,39.23999647356605,-77.97479073334014,0,1,6065.143,0.37844336,4,1,false,false,13.887744,2.2280242,12.600529,-1.0296223,0.33021286,3
41.47607,0.638773,39.239998094928616,-77.9747829728385,0,1,6094.663,0.37791055,4,1,false,false,13.059922,2.3829544,11.055855,-1.0238183,0.36512905,3
41.514618,0.6389897,39.23999971629117,-77.97477532845275,0,1,6113.239,0.37258434,4,1,false,false,11.876724,2.6202407,9.827605,-1.0175446,0.38337672,3
41.55779,0.63920677,39.24000133765373,-77.97476756812785,0,1,6114.224,0.36539423,4,1,false,false,11.228267,2.8635683,9.032178,-1.0112092,0.3725277,3
41.60218,0.639424,39.24000304904236,-77.97475980762619,0,1,6106.651,0.36086679,4,1,false,false,11.040263,2.8884504,8.773697,-1.0051974,0.34783277,3
41.64454,0.6396416,39.2400047604997,-77.97475216324045,0,1,6108.1367,0.36033425,4,1,false,false,11.37268,2.667331,9.071545,-0.9995882,0.32746926,3
41.68281,0.6398593,39.24000647195705,-77.97474440291553,0,1,6123.344,0.3608668,4,1,false,false,11.607198,2.4258654,9.3944645,-0.9942049,0.32283655,3
41.717537,0.6400774,39.24000827344046,-77.97473664241389,0,1,6149.9346,0.35980138,4,1,false,false,12.28943,2.3048291,10.471746,-0.98870045,0.34210163,3
41.751446,0.64029574,39.2400100749926,-77.97472899802814,0,1,6177.8745,0.35207763,4,1,false,false,13.351484,2.3751838,11.432975,-0.9826595,0.385274,3
41.788033,0.64051425,39.24001187647601,-77.97472123770322,0,1,6193.042,0.34009385,4,1,false,false,13.337287,2.6236427,11.390046,-0.97588927,0.42460158,3
41.8282,0.640733,39.240013768054204,-77.97471347720158,0,1,6192.085,0.3169238,4,1,false,false,12.977954,2.890011,10.383395,-0.96858776,0.44696295,3
41.87312,0.6409521,39.240015659632405,-77.97470583281583,0,1,6183.1265,0.2929539,4,1,false,false,12.657579,3.187353,9.454822,-0.9612108,0.43192983,3
41.920002,0.6411715,39.240017551210606,-77.97469818825336,0,1,6161.4287,0.2729808,4,1,false,false,13.229199,3.1899607,9.855179,-0.95439893,0.38149807,3
41.96414,0.64139116,39.24001953288359,-77.97469042792844,0,1,6140.0815,0.262327,4,1,false,false,13.227485,3.0352354,10.330886,-0.94852257,0.32411143,3
42.003998,0.6416111,39.24002151455658,-77.97468278336596,0,1,6143.9136,0.261262,4,1,false,false,13.523032,2.6664774,10.367359,-0.9435293,0.27918464,3
42.037643,0.6418313,39.24002358632435,-77.97467513880349,0,1,6166.7188,0.26951772,4,1,false,false,12.982271,2.3523707,10.034425,-0.9390452,0.26348716,3
42.069942,0.6420518,39.2400256580234,-77.97466737847857,0,1,6196.2124,0.2836329,4,1,false,false,12.755127,2.3601801,9.781387,-0.9346056,0.27167004,3
42.103325,0.6422725,39.24002772979117,-77.9746597339161,0,1,6216.9287,0.29907978,4,1,false,false,12.764795,2.4114645,9.724567,-0.92992735,0.29124266,3
42.138752,0.6424933,39.24002989158502,-77.97465208953035,0,1,6229.033,0.31852156,4,1,false,false,13.089909,2.5780492,9.706065,-0.9248675,0.31627402,3
42.176575,0.6427144,39.240032053378854,-77.97464444496788,0,1,6234.9463,0.3368969,4,1,false,false,13.181529,2.7211983,9.628644,-0.9194176,0.33619618,3
42.215603,0.6429359,39.24003430526748,-77.97463680040539,0,1,6234.213,0.354741,4,1,false,false,12.83175,2.8023438,8.964339,-0.91372365,0.34436348,3
42.25619,0.6431574,39.240036467061316,-77.97462915584292,0,1,6230.803,0.36992154,4,1,false,false,12.592906,2.8468819,8.670224,-0.908035,0.33580267,3
42.29624,0.6433793,39.24003871894994,-77.97462151145717,0,1,6225.679,0.38510218,4,1,false,false,13.051791,2.7749724,9.280293,-0.90256345,0.32161975,3
42.33327,0.64360136,39.24004106093336,-77.97461398265713,0,1,6225.613,0.4048097,4,1,false,false,14.456604,2.580949,10.743211,-0.8972425,0.322339,3
42.365837,0.64382386,39.24004340291677,-77.97460633809466,0,1,6237.0835,0.4191907,4,1,false,false,15.487682,2.3395655,11.347245,-0.89166766,0.35106215,3
42.39404,0.64404666,39.24004574490018,-77.97459869370891,0,1,6257.991,0.42851228,4,1,false,false,17.223957,2.219061,13.069652,-0.88535,0.41126058,3
42.42268,0.64426965,39.24004817690966,-77.97459116490887,0,1,6276.5933,0.43144178,4,1,false,false,17.303337,2.3841283,12.376967,-0.8779343,0.4751078,3
42.45686,0.6444928,39.24005060898786,-77.97458363628557,0,1,6278.084,0.42451674,4,1,false,false,16.242737,2.7966537,10.836862,-0.86969143,0.5014448,3
42.494854,0.64471614,39.240053131092125,-77.97457610748553,0,1,6257.8687,0.414397,4,1,false,false,16.436342,2.982548,10.639388,-0.86142045,0.48413238,3
42.534172,0.64493984,39.24005565319639,-77.97456857886222,0,1,6234.7666,0.4106688,4,1,false,false,17.30006,2.9749672,11.391127,-0.8536922,0.43847957,3
42.569714,0.64516366,39.24005826539544,-77.97456105023892,0,1,6220.5977,0.4151957,4,1,false,false,16.827763,2.6835427,10.438736,-0.8468586,0.38149786,3
42.600315,0.6453877,39.240060877594495,-77.97455352143888,0,1,6228.858,0.42345142,4,1,false,false,16.26126,2.3679767,9.976222,-0.840876,0.34420592,3
42.62599,0.6456118,39.240063489724825,-77.97454599281558,0,1,6255.0845,0.43383887,4,1,false,false,17.202288,2.1034853,11.426427,-0.83521426,0.34621042,3
42.64965,0.6458357,39.240066192018666,-77.9745385799547,0,1,6278.142,0.44209403,4,1,false,false,17.392431,2.0965312,11.941059,-0.8291614,0.38444877,3
42.67468,0.64605975,39.24006889431251,-77.97453116709383,0,1,6293.3457,0.44635516,4,1,false,false,15.882698,2.1579833,10.086166,-0.8223733,0.42844495,3
42.702423,0.64628386,39.24007168663241,-77.97452375423296,0,1,6314.2227,0.44608894,4,1,false,false,14.817806,2.2980134,8.9166565,-0.81495774,0.45740247,3
42.734413,0.6465082,39.2400745690471,-77.9745163413721,0,1,6328.171,0.44528985,4,1,false,false,15.153778,2.6534312,9.358128,-0.807213,0.46480352,3
42.76967,0.6467324,39.24007736136701,-77.97450892851123,0,1,6309.0615,0.44768786,4,1,false,false,16.291681,2.7935598,10.861216,-0.79957646,0.45056555,3
42.80283,0.64695674,39.2400802437817,-77.97450151565036,0,1,6288.3906,0.45461193,4,1,false,false,17.140045,2.5739934,11.1823635,-0.7921424,0.44468716,3
42.82957,0.6471812,39.240083216291175,-77.97449421855192,0,1,6303.147,0.46233448,4,1,false,false,17.76183,2.3183973,11.487129,-0.7846119,0.45934236,3
42.854626,0.6474058,39.24008618880066,-77.97448680569106,0,1,6326.3735,0.46632943,4,1,false,false,16.677067,2.3557549,10.612606,-0.7768041,0.4720535,3
42.883404,0.6476304,39.24008916131014,-77.97447950859262,0,1,6328.19,0.46579698,4,1,false,false,15.529407,2.4940045,9.096054,-0.7690671,0.45334268,3
42.914635,0.647855,39.24009222384568,-77.97447221167093,0,1,6327.7783,0.46366626,4,1,false,false,15.333254,2.7124372,8.406176,-0.7617567,0.42152283,3
42.94866,0.6480797,39.24009528644995,-77.9744649145725,0,1,6325.9995,0.46792734,4,1,false,false,14.770247,2.7816901,8.59789,-0.7551141,0.37702692,3
42.97905,0.64830464,39.24009843908028,-77.97445773341325,0,1,6317.719,0.48230883,4,1,false,false,15.310905,2.303392,9.3577175,-0.7491466,0.35284084,3
42.999825,0.64852965,39.24010159171061,-77.97445043631481,0,1,6343.2275,0.50201696,4,1,false,false,15.059306,1.8250834,8.847779,-0.74314916,0.3753568,3
43.006893,0.6487546,39.240104834435726,-77.97444325515555,0,1,6407.106,0.5185293,4,1,false,false,23.365728,0.8546582,14.531474,-0.7363096,0.47803843,3
42.99778,0.6489795,39.24010807716085,-77.97443607381955,0,1,6465.029,0.52838254,4,1,false,false,28.054224,1.1837744,20.864044,-0.7263026,0.7201094,3
43.005867,0.6492044,39.24011131988597,-77.9744288926603,0,1,6485.2217,0.52438766,4,1,false,false,29.31693,2.0445192,20.050507,-0.71258175,0.8840302,3
43.017704,0.6494293,39.24011474273194,-77.97442182726347,0,1,6453.728,0.510805,4,1,false,false,24.400515,2.3839457,15.118407,-0.69788116,0.83757144,3
43.039955,0.6496543,39.24011816557791,-77.97441476186665,0,1,6441.597,0.4902982,4,1,false,false,23.026512,3.3427958,12.82575,-0.6853006,0.6562443,3
43.07592,0.6498794,39.2401215884926,-77.97440781223226,0,1,6399.5225,0.472189,4,1,false,false,23.764084,3.7795508,12.462076,-0.6761786,0.43898818,3
43.11181,0.6501047,39.24012519152815,-77.97440086277462,0,1,6305.4214,0.4639325,4,1,false,false,24.800291,3.794845,14.484259,-0.6703368,0.27333418,3
43.14012,0.6503302,39.24012870446891,-77.97439391314022,0,1,6264.7935,0.46366617,4,1,false,false,24.91993,2.4551446,16.272142,-0.666722,0.17817912,3
43.149696,0.6505558,39.240132397530516,-77.97438696368258,0,1,6306.6553,0.46393245,4,1,false,false,23.596666,1.4350449,15.269386,-0.6638531,0.1783248,3
43.1459,0.6507814,39.24013609066085,-77.97438012981063,0,1,6390.6895,0.46126956,4,1,false,false,21.288305,0.5886655,13.925041,-0.6604844,0.2347161,3
43.14945,0.651007,39.24013978372246,-77.97437341187785,0,1,6475.3286,0.4532802,4,1,false,false,14.764628,0.8808532,9.76242,-0.6564385,0.24514733,3
43.18087,0.6512327,39.24014356694758,-77.97436657818264,0,1,6527.8193,0.4468876,4,1,false,false,9.334228,3.9752302,6.4155445,-0.65292364,0.16372286,3
43.25201,0.6514589,39.240147350103975,-77.97435974448742,0,1,6437.832,0.45194846,4,1,false,false,7.269723,5.2486367,4.2475433,-0.65122724,0.039517865,3
43.32899,0.6516855,39.240151133260376,-77.97435302655464,0,1,6255.212,0.4804447,4,1,false,false,6.745414,4.2874794,4.0632477,-0.6513661,-0.05418286,3
43.374687,0.6519124,39.240155006511564,-77.97434619285943,0,1,6226.1816,0.5243878,4,1,false,false,6.368396,1.9586123,4.3874536,-0.65252656,-0.084383465,3
43.37518,0.65213954,39.24015878966796,-77.97433947492665,0,1,6379.534,0.5643362,4,1,false,false,13.140008,-0.62336457,9.908581,-0.6532912,0.008678402,3
43.36712,0.65236676,39.24016266291915,-77.97433275699387,0,1,6540.869,0.58377767,4,1,false,false,7.9448233,0.20338191,5.80739,-0.6518497,0.13572222,3
43.37203,0.652594,39.24016653617033,-77.9743260390611,0,1,6613.709,0.5747224,4,1,false,false,8.016564,0.6341506,4.919549,-0.64872074,0.23232992,3
43.379562,0.6528213,39.240170409421516,-77.97431932112832,0,1,6674.3203,0.55474806,4,1,false,false,8.064301,0.72422576,4.469609,-0.6441182,0.31978783,3
43.41617,0.65304863,39.240174372767484,-77.97431260319554,0,1,6763.766,0.53770417,4,1,false,false,7.3410025,4.7644844,5.920397,-0.638265,0.3693821,3
43.46799,0.6532765,39.240178336044735,-77.9743058854395,0,1,6663.46,0.5326435,4,1,false,false,10.4892025,2.508862,8.707913,-0.63171333,0.43255368,3
43.49937,0.65350467,39.240182209295924,-77.97429928326916,0,1,6574.157,0.5361063,4,1,false,false,11.176583,2.3851545,8.021824,-0.62365705,0.5311576,3
43.522835,0.65373284,39.24018626273668,-77.97429256533638,0,1,6691.2954,0.5342414,4,1,false,false,9.688703,1.5638068,5.15798,-0.61461097,0.539008,3
43.61409,0.6539613,39.24019022601393,-77.97428596334278,0,1,6694.106,0.5291815,4,1,false,false,10.64237,7.6582355,8.27862,-0.60662186,0.39788485,3
43.688446,0.6541906,39.24019427945469,-77.97427924541,0,1,6315.795,0.533975,4,1,false,false,14.834772,4.3804226,11.461353,-0.60116625,0.29263735,3
43.724934,0.65442026,39.24019833282673,-77.97427264323966,0,1,6234.02,0.549422,4,1,false,false,23.717484,0.95879257,18.42479,-0.59576255,0.38142532,3
43.701866,0.6546498,39.240202476293554,-77.9742661570085,0,1,6524.5586,0.546759,4,1,false,false,19.585047,-1.0244268,12.404526,-0.5881964,0.5017795,3
43.681156,0.6548793,39.2402066198291,-77.9742595550149,0,1,6690.5186,0.52598554,4,1,false,false,17.030527,0.023465373,9.281181,-0.5793643,0.5529042,3
43.68132,0.65510875,39.24021076329593,-77.97425306860698,0,1,6659.598,0.49376118,4,1,false,false,12.486314,1.1215308,6.9133034,-0.5698029,0.59036744,3
43.73648,0.6553383,39.240214996788815,-77.97424658237581,0,1,6669.608,0.47085732,4,1,false,false,11.697049,4.8889575,6.2894135,-0.5602887,0.53787273,3
43.78966,0.6555681,39.24021923035043,-77.97424021208383,0,1,6555.008,0.47192279,4,1,false,false,11.722134,3.0816774,7.0935946,-0.55182606,0.4880566,3
43.81286,0.65579814,39.240223554006825,-77.97423372567592,0,1,6489.995,0.49216333,4,1,false,false,13.710628,1.9453814,7.2607923,-0.54339325,0.53236735,3
43.842606,0.65602803,39.240227787568436,-77.97422735538392,0,1,6608.5713,0.50521266,4,1,false,false,16.234718,2.567403,8.52406,-0.53457,0.5268799,3
43.86053,0.656258,39.24023211115612,-77.97422098491519,0,1,6576.2944,0.5086745,4,1,false,false,26.118017,2.5942025,17.30733,-0.52551836,0.579051,3
43.895107,0.656488,39.2402365249073,-77.97421461444645,0,1,6441.5615,0.4977556,4,1,false,false,24.825857,4.0279264,16.311304,-0.5154674,0.6081269,3
43.91755,0.65671813,39.240240938589764,-77.9742083599169,0,1,6395.012,0.47298834,4,1,false,false,21.61148,1.6521052,12.464981,-0.50574195,0.5563976,3
43.913475,0.6569484,39.24024544236702,-77.97420210521061,0,1,6495.8843,0.44502357,4,1,false,false,19.723267,0.754573,10.062668,-0.49679327,0.51530576,3
43.919018,0.6571784,39.24024994614427,-77.97419585068104,0,1,6593.412,0.41359845,4,1,false,false,19.005178,2.1815221,9.782092,-0.48862204,0.45868966,3
43.932293,0.6574085,39.24025444992152,-77.97418971191392,0,1,6542.1553,0.3986839,4,1,false,false,21.63464,2.1382754,12.967412,-0.4810607,0.4726013,3
43.943935,0.6576386,39.24025904379356,-77.97418368890924,0,1,6508.489,0.39415658,4,1,false,false,22.608278,2.095787,14.119909,-0.47239366,0.5762791,3
43.95333,0.6578688,39.240263637596875,-77.97417755014212,0,1,6571.2017,0.3848355,4,1,false,false,20.01483,1.971461,11.691211,-0.4620309,0.65185964,3
43.970882,0.6580989,39.2402683215637,-77.97417164289986,0,1,6594.913,0.3696549,4,1,false,false,18.706482,2.8748362,10.318973,-0.4513131,0.6153504,3
44.003532,0.658329,39.2402730054618,-77.97416562007191,0,1,6525.1963,0.3502135,4,1,false,false,19.180557,3.667588,10.689076,-0.44198397,0.4989951,3
44.032513,0.6585594,39.24027777945469,-77.97415971282967,0,1,6447.09,0.3307718,4,1,false,false,25.642506,2.983038,15.005788,-0.43446043,0.4286886,3
44.043926,0.6587899,39.240282553447585,-77.97415380576416,0,1,6446.6763,0.32091817,4,1,false,false,23.510023,2.1988916,13.578747,-0.42728132,0.42958665,3
44.045322,0.6590202,39.2402873275092,-77.97414801446108,0,1,6497.053,0.3014768,4,1,false,false,18.629335,1.1515567,9.381003,-0.4202856,0.41416022,3
44.05126,0.6592505,39.240292191528155,-77.974142223158,0,1,6569.7656,0.27617648,4,1,false,false,15.304451,2.0713553,7.881774,-0.41365036,0.3702294,3
44.081505,0.65948087,39.240297055615834,-77.97413643185493,0,1,6574.5913,0.25353882,4,1,false,false,18.119411,3.4230995,8.792357,-0.40823776,0.27849644,3
44.11134,0.6597115,39.2403020097983,-77.97413075631428,0,1,6473.6963,0.2463477,4,1,false,false,17.15601,2.8473606,10.3241415,-0.40406266,0.23775953,3
44.13112,0.65994203,39.240306963980764,-77.97412508095039,0,1,6471.8677,0.24421735,4,1,false,false,14.765577,1.7668469,8.448182,-0.40000555,0.24913731,3
44.135784,0.66017264,39.240311918094505,-77.97411952117217,0,1,6589.458,0.23755954,4,1,false,false,13.289666,1.0975085,7.007481,-0.3956213,0.27611643,3
44.151062,0.6604033,39.24031687227697,-77.97411384580828,0,1,6656.258,0.23090178,4,1,false,false,13.622855,2.3111494,7.69549,-0.39099023,0.27752104,3
44.183437,0.66063416,39.240321916485506,-77.97410828603007,0,1,6604.591,0.22584093,4,1,false,false,14.156039,3.1746492,9.104759,-0.38642204,0.27150977,3
44.22124,0.660865,39.24032696076276,-77.9741027264286,0,1,6550.8574,0.22450928,4,1,false,false,15.333405,3.1807656,9.952542,-0.38184637,0.2807276,3
44.253193,0.6610961,39.240332004971286,-77.97409728258957,0,1,6554.4287,0.22184598,4,1,false,false,15.514668,2.7402728,10.422154,-0.37705156,0.2944575,3
44.280388,0.6613273,39.240337139205884,-77.9740917229881,0,1,6560.825,0.21465576,4,1,false,false,15.353567,2.640823,9.396846,-0.37206385,0.30248946,3
44.30744,0.6615587,39.24034227357792,-77.97408627914908,0,1,6547.6675,0.20346951,4,1,false,false,17.032549,2.7102923,11.675337,-0.36704558,0.30443358,3
44.335873,0.6617901,39.24034740781252,-77.97408095124922,0,1,6534.5186,0.18669206,4,1,false,false,17.096972,2.8252854,10.9558,-0.36196628,0.3023334,3
44.36571,0.6620216,39.24035263221062,-77.97407562317262,0,1,6521.5767,0.16991356,4,1,false,false,15.197231,2.7892933,9.638939,-0.35717478,0.26860675,3
44.394478,0.6622534,39.240357856608725,-77.97407029509603,0,1,6515.316,0.14834133,4,1,false,false,13.769322,2.5232239,8.352424,-0.35314116,0.21678539,3
44.42376,0.6624852,39.240363081006834,-77.97406496719617,0,1,6525.151,0.13103038,4,1,false,false,14.343265,2.5620728,10.258945,-0.34993532,0.16669641,3
44.45012,0.66271716,39.240368305404935,-77.97405963911957,0,1,6526.966,0.11771488,4,1,false,false,15.190403,2.3091795,12.064825,-0.34735194,0.14980151,3
44.47239,0.66294926,39.24037361982911,-77.97405442698215,0,1,6538.355,0.10146882,4,1,false,false,15.534806,2.1061869,13.566791,-0.3446211,0.18591386,3
44.495327,0.6631815,39.24037893425328,-77.97404921484473,0,1,6576.0806,0.07909793,4,1,false,false,14.802595,2.254256,13.204767,-0.3410802,0.24078232,3
44.526703,0.6634138,39.240384338840954,-77.97404411846975,0,1,6590.8086,0.04607335,4,1,false,false,13.061886,2.9579823,11.12501,-0.3368803,0.25916064,3
44.569664,0.66364646,39.240389653265126,-77.97403902209476,0,1,6550.5537,0.0135822445,4,1,false,false,11.804497,3.5107105,9.98305,-0.33294943,0.2094523,3
44.61628,0.6638793,39.24039505785281,-77.97403392571978,0,1,6494.3975,-0.013316537,4,1,false,false,11.675625,3.3078332,9.7152605,-0.33028713,0.11026212,3
44.65528,0.6641123,39.24040046230304,-77.97402882952153,0,1,6473.739,-0.0348887,4,1,false,false,10.805998,2.7017856,9.702748,-0.3292603,0.014002651,3
44.68547,0.66434556,39.24040586689072,-77.97402373314654,0,1,6495.0913,-0.053530816,4,1,false,false,8.356925,2.063549,7.8857393,-0.32966462,-0.059725203,3
44.709835,0.6645791,39.240411361504464,-77.974018752534,0,1,6534.5054,-0.07057557,4,1,false,false,6.243274,1.6227657,7.844373,-0.3309394,-0.091593236,3
44.733097,0.66481274,39.24041685611821,-77.974013656159,0,1,6581.3716,-0.08415886,4,1,false,false,5.8513346,1.7700756,9.56796,-0.33240956,-0.08519943,3
44.75938,0.66504645,39.24042226070589,-77.9740086757232,0,1,6618.268,-0.094278604,4,1,false,false,4.822079,1.822467,10.556413,-0.33365953,-0.06747033,3
44.788006,0.6652805,39.24042775531964,-77.97400369511064,0,1,6647.247,-0.10280096,4,1,false,false,3.532962,2.0425134,8.594503,-0.33467105,-0.054641582,3
44.825638,0.6655148,39.240433249795935,-77.97399871467483,0,1,6676.8887,-0.11105762,4,1,false,false,2.6410315,2.8833628,7.6042724,-0.33557323,-0.05423408,3
44.87895,0.6657495,39.24043874440968,-77.97399373406229,0,1,6653.9736,-0.11798162,4,1,false,false,2.4441078,3.7577462,7.8297133,-0.3366183,-0.0714629,3
44.937283,0.6659844,39.240444239023425,-77.97398863786404,0,1,6568.711,-0.12277472,4,1,false,false,1.9660742,3.5422294,7.5198236,-0.3380285,-0.097498864,3
44.986557,0.66621965,39.24044982380068,-77.97398365725148,0,1,6525.454,-0.12650399,4,1,false,false,1.4957865,2.7448502,8.128751,-0.3398343,-0.11788625,3
45.021145,0.6664552,39.24045531841442,-77.97397867681568,0,1,6562.8657,-0.13103138,4,1,false,false,0.8050081,1.9159468,10.079294,-0.34188536,-0.12835628,3
45.05083,0.666691,39.240460813028164,-77.97397369620313,0,1,6612.1196,-0.13689044,4,1,false,false,-0.008616082,1.910734,9.169179,-0.34406805,-0.13468409,3
45.08128,0.666927,39.24046639766797,-77.97396871576731,0,1,6630.132,-0.14514613,4,1,false,false,-0.5316817,1.952559,7.24628,-0.346349,-0.13937932,3
45.117836,0.6671631,39.24047189228172,-77.97396373515477,0,1,6650.3657,-0.15340275,4,1,false,false,-0.96119535,2.5488622,7.236036,-0.34870803,-0.14381728,3
45.16004,0.6673987,39.240477476921534,-77.97395863877978,0,1,6653.5166,-0.16059351,4,1,false,false,-1.866605,2.6744442,9.024011,-0.35113233,-0.14817831,3
45.201763,0.6676345,39.24048297153527,-77.97395365834397,0,1,6630.599,-0.16725074,4,1,false,false,-2.4286911,2.5225527,9.165436,-0.35365227,-0.15482238,3
45.23873,0.6678706,39.24048855631253,-77.97394856196898,0,1,6637.9893,-0.17364332,4,1,false,false,-2.7459633,2.223054,7.6848183,-0.3563201,-0.1657741,3
45.273792,0.6681068,39.240494140952336,-77.97394358153316,0,1,6677.076,-0.17976803,4,1,false,false,-3.2271385,2.2724288,8.429666,-0.35911348,-0.17077088,3
45.313404,0.66834277,39.24049963556608,-77.97393848515819,0,1,6684.775,-0.18775801,4,1,false,false,-3.4203355,2.60354,7.5859413,-0.36200675,-0.17413013,3
45.35757,0.6685789,39.24050522020589,-77.9739333887832,0,1,6657.8276,-0.20400357,4,1,false,false,-3.8424869,2.963248,7.2703567,-0.3648478,-0.1679361,3
45.396717,0.6688154,39.240510714819635,-77.97392840817065,0,1,6644.0737,-0.22051585,4,1,false,false,-4.9542127,2.1897907,8.8641815,-0.36758777,-0.16832021,3
45.43163,0.66905195,39.24051629945944,-77.97392319603323,0,1,6675.122,-0.24768135,4,1,false,false,-7.404171,2.1713142,13.046765,-0.37062192,-0.20078918,3
45.46069,0.66928834,39.24052179407319,-77.97391809965825,0,1,6697.468,-0.27111763,4,1,false,false,-8.9095745,1.8224056,14.139215,-0.3744174,-0.25862062,3
45.492363,0.66952485,39.240527378850445,-77.97391300346,0,1,6712.1284,-0.292423,4,1,false,false,-9.4206915,2.3485737,12.4211855,-0.37929916,-0.32439038,3
45.536274,0.66976154,39.24053287346419,-77.97390779114583,0,1,6711.7173,-0.30174464,4,1,false,false,-9.3984375,3.2132008,11.271292,-0.38509378,-0.3563861,3
45.585293,0.6699985,39.240538368077935,-77.97390257900841,0,1,6654.1245,-0.3057397,4,1,false,false,-9.599975,3.242356,10.740716,-0.39089835,-0.32981965,3
45.62996,0.67023546,39.24054386269168,-77.97389736687099,0,1,6600.533,-0.31159863,4,1,false,false,-10.00805,2.7678733,11.250686,-0.39597636,-0.2774451,3
45.663464,0.67047256,39.24054935716798,-77.9738920387944,0,1,6612.3857,-0.32145274,4,1,false,false,-10.002179,2.045832,10.537857,-0.4001686,-0.2290467,3
45.687088,0.67070985,39.240554851781724,-77.97388671089453,0,1,6656.5938,-0.33796507,4,1,false,false,-10.565288,1.5480794,11.0512085,-0.4038074,-0.2168746,3
45.709007,0.6709472,39.240560256369406,-77.97388138281795,0,1,6692.0117,-0.3536781,4,1,false,false,-9.756501,1.7857878,9.096434,-0.40765497,-0.24449962,3
45.733788,0.67118436,39.240565750983144,-77.9738760549181,0,1,6714.3955,-0.369658,4,1,false,false,-10.140855,1.8266308,9.6067915,-0.412008,-0.27998453,3
45.76012,0.67142177,39.24057115557083,-77.97387061107905,0,1,6733.317,-0.38696837,4,1,false,false,-10.003372,2.03591,9.446919,-0.41700882,-0.3195307,3
45.791607,0.67165935,39.24057656002106,-77.97386516724002,0,1,6748.473,-0.40134987,4,1,false,false,-9.87816,2.2884035,8.934072,-0.42258963,-0.34291616,3
45.821404,0.671897,39.240581964608744,-77.97385972340099,0,1,6743.1255,-0.4151988,4,1,false,false,-10.673228,2.2288363,9.559641,-0.42841578,-0.3597115,3
45.85249,0.6721347,39.24058736905898,-77.97385427956196,0,1,6748.2075,-0.42771617,4,1,false,false,-12.652536,2.26344,10.8887825,-0.43461224,-0.3852495,3
45.88048,0.6723726,39.240592773646654,-77.9738487199605,0,1,6749.5493,-0.43650523,4,1,false,false,-14.412754,2.1083074,11.477847,-0.4413142,-0.4192595,3
45.90664,0.6726105,39.240598178234336,-77.9738431601823,0,1,6745.231,-0.43996677,4,1,false,false,-15.184803,2.2013676,12.214869,-0.44863844,-0.45658466,3
45.93345,0.6728486,39.24060349265851,-77.97383760058082,0,1,6742.904,-0.43570617,4,1,false,false,-16.32063,2.231436,13.199943,-0.45642945,-0.47433725,3
45.95968,0.67308676,39.24060880708267,-77.97383192521693,0,1,6734.549,-0.42478612,4,1,false,false,-17.456186,2.322582,12.653817,-0.46435672,-0.4735262,3
45.98456,0.6733251,39.240614121506844,-77.97382624967628,0,1,6722.464,-0.41093716,4,1,false,false,-17.486713,2.253076,12.540436,-0.47216168,-0.46013775,3
46.007065,0.6735635,39.24061934590495,-77.97382057413564,0,1,6721.832,-0.40081733,4,1,false,false,-16.42016,2.1054454,12.122196,-0.47965306,-0.4376446,3
46.028336,0.6738021,39.24062466032912,-77.97381478283256,0,1,6734.3223,-0.39389336,4,1,false,false,-16.342821,2.011528,11.660763,-0.48673996,-0.41183478,3
46.048347,0.6740407,39.24062988472723,-77.97380887576705,0,1,6743.7295,-0.39096338,4,1,false,false,-16.674227,2.0564342,11.769259,-0.49343777,-0.39512968,3
46.06853,0.6742794,39.240635019099265,-77.97380308446398,0,1,6747.949,-0.39309412,4,1,false,false,-16.419521,1.974771,11.045886,-0.49995545,-0.38879308,3
46.08855,0.6745183,39.24064024349737,-77.97379717739847,0,1,6756.289,-0.39788732,4,1,false,false,-15.584673,2.0462444,10.450225,-0.50647426,-0.39244854,3
46.109344,0.6747573,39.240645377731965,-77.97379115439378,0,1,6768.6987,-0.40374637,4,1,false,false,-15.262009,2.0810688,9.85201,-0.5130034,-0.3895858,3
46.130653,0.6749964,39.240650512104004,-77.97378524715153,0,1,6771.4917,-0.4077413,4,1,false,false,-15.246522,2.1326911,9.681871,-0.5194257,-0.3806324,3
46.152462,0.6752356,39.24065555631254,-77.97377922432358,0,1,6770.319,-0.41093713,4,1,false,false,-14.898891,2.1122804,9.247536,-0.5256937,-0.37113005,3
46.17373,0.6754751,39.24066069054713,-77.97377308555646,0,1,6777.145,-0.41413397,4,1,false,false,-14.080424,2.0679283,8.414877,-0.53180045,-0.36107516,3
46.193974,0.6757146,39.240665734893106,-77.97376706255177,0,1,6789.1797,-0.41866133,4,1,false,false,-13.953453,2.0125127,8.528741,-0.53775465,-0.3541346,3
46.21443,0.67595434,39.240670779101634,-77.97376092378465,0,1,6799.0527,-0.42505288,4,1,false,false,-13.289291,1.9931684,7.7430267,-0.54358226,-0.34578356,3
46.236164,0.67619425,39.2406757332841,-77.97375466907835,0,1,6808.295,-0.43277603,4,1,false,false,-12.304356,2.02504,7.1267576,-0.54926324,-0.33433092,3
46.256123,0.67643434,39.240680777492635,-77.97374853031123,0,1,6820.2964,-0.44316262,4,1,false,false,-12.858399,1.9448844,7.4611244,-0.5548014,-0.33406493,3
46.275967,0.6766746,39.2406857316751,-77.97374227578167,0,1,6834.8354,-0.45461395,4,1,false,false,-12.153197,1.8896616,6.706161,-0.5603849,-0.33652094,3
46.29479,0.67691493,39.24069068572012,-77.97373602107538,0,1,6849.576,-0.46766484,4,1,false,false,-11.722111,1.7763673,6.4044886,-0.56604534,-0.34414074,3
46.313812,0.67715544,39.24069563990258,-77.97372976654582,0,1,6869.283,-0.47778454,4,1,false,false,-11.748738,1.9805547,6.567447,-0.57186717,-0.35435906,3
46.333923,0.6773961,39.240700504058985,-77.97372339607709,0,1,6881.8755,-0.4889702,4,1,false,false,-11.934703,1.9435934,6.8827066,-0.57782793,-0.36258763,3
46.354034,0.67763716,39.24070545810401,-77.97371702560835,0,1,6885.1675,-0.4996234,4,1,false,false,-12.477817,1.9237719,6.5429864,-0.58394736,-0.3758951,3
46.373024,0.67787844,39.240710322260405,-77.97371065531635,0,1,6894.814,-0.51214075,4,1,false,false,-12.709229,1.907626,6.947144,-0.5903194,-0.3910112,3
46.39082,0.67811984,39.24071518627937,-77.97370428484763,0,1,6906.6104,-0.52199376,4,1,false,false,-13.331507,1.9064053,7.616802,-0.59701085,-0.4129393,3
46.40899,0.6783614,39.24071996027225,-77.97369779861646,0,1,6909.756,-0.5289196,4,1,false,false,-14.388563,2.076785,8.251297,-0.6040781,-0.435692,3
46.428005,0.6786031,39.24072482442865,-77.97369131238528,0,1,6904.107,-0.532648,4,1,false,false,-14.33301,2.0707693,7.6512804,-0.61144304,-0.44856098,3
46.445415,0.67884487,39.240729598421545,-77.97368482597739,0,1,6902.4097,-0.53344625,4,1,false,false,-15.218667,2.0555441,8.125897,-0.6190467,-0.46519363,3
46.46287,0.6790868,39.24073437241444,-77.97367822398378,0,1,6904.315,-0.53211546,4,1,false,false,-15.250085,2.1239688,7.799335,-0.6268495,-0.46932375,3
46.480522,0.67932886,39.240739056381265,-77.97367162181344,0,1,6897.6196,-0.52785397,4,1,false,false,-15.283758,2.1043172,8.303292,-0.63458055,-0.45965484,3
46.49503,0.67957073,39.24074374021065,-77.97366501981983,0,1,6893.565,-0.5249249,4,1,false,false,-16.587618,2.0489316,9.300026,-0.6422252,-0.46105015,3
46.50582,0.67981255,39.24074842417747,-77.97365830188706,0,1,6897.458,-0.52359307,4,1,false,false,-18.002464,1.8534787,9.468227,-0.6499757,-0.47488868,3
46.51343,0.6800544,39.2407531081443,-77.97365158395428,0,1,6903.0503,-0.52146137,4,1,false,false,-17.764626,1.7345798,9.384769,-0.6580808,-0.49914026,3
46.521416,0.6802964,39.240757701947615,-77.97364486619824,0,1,6912.2974,-0.5164015,4,1,false,false,-17.876432,1.9777309,9.251295,-0.66658384,-0.51677984,3
46.530647,0.68053806,39.24076229588837,-77.97363814808872,0,1,6912.399,-0.50734663,4,1,false,false,-17.899883,2.050347,9.388324,-0.6751789,-0.5114967,3
46.54252,0.6807799,39.24076679966562,-77.97363131439351,0,1,6899.2856,-0.499889,4,1,false,false,-18.36959,2.2086813,9.131329,-0.68354315,-0.49273166,3
46.553844,0.6810217,39.24077130330543,-77.97362436475913,0,1,6887.149,-0.49456257,4,1,false,false,-19.3945,2.263628,10.790358,-0.69161457,-0.47712916,3
46.560493,0.6812636,39.240775807082684,-77.97361753106391,0,1,6880.403,-0.49056852,4,1,false,false,-20.38758,1.9595109,10.881513,-0.69950813,-0.47545022,3
46.56456,0.6815054,39.24078022083387,-77.97361058142953,0,1,6883.918,-0.48657352,4,1,false,false,-20.043776,1.8939241,10.306455,-0.70748895,-0.48144084,3
46.569267,0.68174714,39.240784634585054,-77.97360351620944,0,1,6892.654,-0.48257872,4,1,false,false,-19.395987,1.9965,9.972959,-0.7154902,-0.47485495,3
46.576374,0.68198895,39.240788958172736,-77.97359645063588,0,1,6889.9805,-0.4788504,4,1,false,false,-18.957403,2.10901,9.143593,-0.7232653,-0.4546295,3
46.583736,0.6822309,39.24079328176041,-77.97358938541579,0,1,6876.6504,-0.47805023,4,1,false,false,-20.1107,1.9877201,10.235767,-0.73058903,-0.43076485,3
46.581707,0.6824727,39.24079760548553,-77.97358231984224,0,1,6875.2754,-0.4780502,4,1,false,false,-22.129221,1.5444617,11.248928,-0.7378892,-0.45467672,3
46.576195,0.6827145,39.240801839047144,-77.97357513868297,0,1,6899.9624,-0.475388,4,1,false,false,-21.609724,1.5683888,10.937789,-0.7457785,-0.489304,3
46.57592,0.68295634,39.240805982445245,-77.97356795752371,0,1,6916.8735,-0.46473473,4,1,false,false,-19.834614,1.8594997,10.006747,-0.75402194,-0.49256444,3
46.583237,0.68319815,39.24081012598079,-77.97356077636445,0,1,6904.898,-0.44982073,4,1,false,false,-19.161406,2.1943605,9.736162,-0.7620072,-0.4624258,3
46.592396,0.68344015,39.240814269378895,-77.97355347926603,0,1,6889.8843,-0.43943438,4,1,false,false,-19.117598,2.2105207,10.036316,-0.76945394,-0.4342234,3
46.600143,0.68368214,39.24081832275093,-77.9735461821676,0,1,6890.7134,-0.43703768,4,1,false,false,-19.238245,2.0478108,10.196053,-0.7765075,-0.41456792,3
46.59996,0.68392426,39.24082237626041,-77.97353876948345,0,1,6748.3223,-0.43916866,0,1,false,false,-19.055882,0.77100444,8.957228,-0.78339195,-0.41104433,3
46.566067,0.68416625,39.240826339468946,-77.97353135644586,0,1,6616.3735,-0.44263008,0,1,false,false,-18.614708,-0.9387798,8.931445,-0.79003966,-0.38390583,3
46.556847,0.6844082,39.24083030281491,-77.97352394376172,0,1,5701.2544,-0.44555905,5,1,false,false,-19.408869,3.5242584,10.893096,-0.7962506,-0.37453443,3
46.592857,0.6846503,39.24083417613482,-77.97351653072413,0,1,5510.533,-0.44848913,5,1,false,false,-19.325487,2.630492,9.931421,-0.8026339,-0.38244143,3
46.572678,0.6848924,39.24083804931728,-77.97350900210081,0,1,5915.6313,-0.4503533,5,1,false,false,-20.374645,-0.09001598,10.619206,-0.8087561,-0.35727227,3
46.56455,0.68513465,39.240841832473684,-77.97350147347751,0,1,5739.0005,-0.45115238,5,1,false,false,-21.551165,2.2614183,12.307975,-0.8148268,-0.38147843,3
46.577938,0.68537694,39.24084561563008,-77.9734939448542,0,1,5650.261,-0.4482224,5,1,false,false,-22.02882,2.3288853,12.190805,-0.82163024,-0.42889872,3
46.574093,0.68561924,39.24084939892392,-77.97348630029173,0,1,5784.036,-0.4391687,5,1,false,false,-22.496714,1.2657499,12.019667,-0.82905036,-0.4524818,3
46.57114,0.6858615,39.24085309191681,-77.97347865572925,0,1,5749.117,-0.42878112,5,1,false,false,-22.730007,2.0577736,12.615235,-0.83676463,-0.4670606,3
46.578964,0.6861042,39.24085669502108,-77.97347101116677,0,1,5687.8296,-0.41493303,5,1,false,false,-23.465683,2.320225,12.892938,-0.84468,-0.47486067,3
46.58235,0.6863469,39.2408602979879,-77.97346325066512,0,1,5713.888,-0.40401313,5,1,false,false,-22.357689,1.8459826,12.405838,-0.8525083,-0.45366353,3
46.58185,0.6865896,39.24086381092866,-77.97345549051694,0,1,5714.955,-0.39655572,5,1,false,false,-23.285597,1.8955292,12.689043,-0.85993433,-0.43508196,3
46.585262,0.68683237,39.240867323869416,-77.9734477300153,0,1,5693.609,-0.39389348,5,1,false,false,-22.694752,2.0574682,12.445703,-0.8670675,-0.41548055,3
46.588062,0.68707544,39.24087074678411,-77.97343985392794,0,1,5695.095,-0.39309412,5,1,false,false,-22.187819,1.791238,11.869345,-0.87380826,-0.3931981,3
46.589966,0.6873186,39.240874079535295,-77.97343197784059,0,1,5706.431,-0.393361,5,1,false,false,-21.756237,1.7628319,11.7526655,-0.8802358,-0.37729007,3
46.59259,0.68756175,39.24087741242393,-77.97342410175324,0,1,5709.416,-0.3941592,5,1,false,false,-21.738142,1.8039204,11.909472,-0.8864841,-0.37374276,3
46.597652,0.687805,39.24088065514904,-77.97341610972671,0,1,5709.457,-0.3965556,5,1,false,false,-20.393215,1.8729167,10.816537,-0.8927311,-0.37265977,3
46.60533,0.6880487,39.240883897736715,-77.97340811770019,0,1,5715.24,-0.3981541,5,1,false,false,-18.882755,1.8554095,9.973808,-0.8988642,-0.36050346,3
46.61473,0.6882925,39.24088714046184,-77.97340012567366,0,1,5719.663,-0.39975142,5,1,false,false,-18.385048,1.9293399,9.850461,-0.904748,-0.34395453,3
46.626568,0.6885362,39.24089029316089,-77.97339213364714,0,1,5718.2344,-0.403214,5,1,false,false,-17.525429,1.9785272,9.04748,-0.9102941,-0.32162586,3
46.63864,0.6887801,39.240893355696436,-77.97338402568145,0,1,5718.886,-0.40854064,5,1,false,false,-17.0515,1.8657008,9.538868,-0.9154599,-0.30416444,3
46.649597,0.68902385,39.240896418369424,-77.97337591806922,0,1,5731.794,-0.41493317,5,1,false,false,-17.084677,1.800349,9.746818,-0.9205067,-0.30504104,3
46.6608,0.6892677,39.240899480904964,-77.97336781010353,0,1,5741.632,-0.4234545,5,1,false,false,-17.510296,1.8592482,10.061785,-0.92567897,-0.31883723,3
46.67247,0.68951154,39.24090245341445,-77.97335970213783,0,1,5741.5254,-0.42851436,5,1,false,false,-18.709793,1.894342,11.45258,-0.93123883,-0.3518831,3
46.684574,0.68975526,39.24090542592393,-77.97335147858644,0,1,5741.1157,-0.42798182,5,1,false,false,-19.723988,2.0352948,12.337663,-0.93754596,-0.39717233,3
46.697067,0.6899988,39.240908308269894,-77.9733433709742,0,1,5730.1973,-0.419993,5,1,false,false,-20.916922,2.0696697,12.662417,-0.9444951,-0.4276467,3
46.708336,0.6902423,39.24091119075331,-77.97333514706935,0,1,5715.2593,-0.4066764,5,1,false,false,-22.00947,2.0203056,13.4755,-0.9518387,-0.44441548,3
46.717297,0.69048584,39.24091398307321,-77.97332680757877,0,1,5706.956,-0.38856584,5,1,false,false,-23.42741,1.923284,15.516782,-0.9593706,-0.45097575,3
46.722073,0.6907292,39.24091677539312,-77.97331858402738,0,1,5700.6646,-0.37418538,5,1,false,false,-25.427923,1.8188654,17.223598,-0.967068,-0.46703458,3
46.726326,0.69097245,39.24091947768696,-77.9733102445368,0,1,5700.82,-0.36219946,5,1,false,false,-25.910467,1.8422691,17.229809,-0.9751262,-0.48656404,3
46.7327,0.69121546,39.24092208981729,-77.97330178910707,0,1,5697.9707,-0.35021552,5,1,false,false,-24.139622,1.9620054,14.799427,-0.9833847,-0.48330247,3
46.7429,0.6914587,39.24092470208507,-77.97329344961649,0,1,5690.2476,-0.34142652,5,1,false,false,-21.99146,2.0385463,13.560972,-0.99116266,-0.43363044,3
46.75417,0.6917017,39.24092722418933,-77.97328499454022,0,1,5684.2007,-0.33610085,5,1,false,false,-23.30765,1.9946489,14.529531,-0.99785393,-0.3672137,3
46.762363,0.6919446,39.240929656130085,-77.97327653911049,0,1,5677.001,-0.33556747,5,1,false,false,-24.706594,1.833343,15.914187,-1.0036738,-0.3319168,3
46.766247,0.6921874,39.24093208820828,-77.97326808403422,0,1,5680.4536,-0.3398291,5,1,false,false,-23.563147,1.4737937,15.756166,-1.0092912,-0.34739384,3
46.770382,0.6924303,39.24093443012298,-77.97325962860448,0,1,5708.8115,-0.34195897,5,1,false,false,-21.526363,1.4473431,14.6315975,-1.0155183,-0.39042908,3
46.781353,0.692673,39.2409366820116,-77.97325105758904,0,1,5720.465,-0.3411607,5,1,false,false,-21.047894,1.9944756,14.029962,-1.0223169,-0.4056716,3
46.79814,0.6929157,39.240938933900225,-77.97324248622012,0,1,5697.706,-0.33743143,5,1,false,false,-19.31968,2.2044778,12.68487,-1.0290064,-0.38313103,3
46.816658,0.6931584,39.240941185788856,-77.97323391520467,0,1,5687.764,-0.3326384,5,1,false,false,-18.774822,2.1130967,12.954949,-1.0350882,-0.34025034,3
46.832626,0.6934012,39.24094334765142,-77.97322534418923,0,1,5692.439,-0.33077425,5,1,false,false,-17.799692,1.9400269,11.808981,-1.0404567,-0.3006363,3
46.848602,0.69364387,39.24094541935047,-77.97321677282032,0,1,5696.699,-0.33237162,5,1,false,false,-16.028088,1.874605,10.622056,-1.0451779,-0.2660602,3
46.864716,0.6938866,39.24094749118696,-77.9732080858657,0,1,5706.033,-0.33796495,5,1,false,false,-15.135526,1.8200204,10.764799,-1.0494374,-0.24745622,3
46.881542,0.69412935,39.240949562886016,-77.97319939891109,0,1,5717.8525,-0.3470198,5,1,false,false,-14.659018,1.8895838,10.464956,-1.0535026,-0.24153143,3
46.899303,0.69437206,39.240951544558996,-77.97319071195648,0,1,5722.7407,-0.35554227,5,1,false,false,-14.098717,1.8102629,9.655103,-1.0575408,-0.24711396,3
46.918026,0.69461495,39.24095352623198,-77.97318202500186,0,1,5733.0366,-0.36592862,5,1,false,false,-12.259696,1.9118098,8.083884,-1.06175,-0.25670683,3
46.939816,0.6948578,39.24095550790497,-77.97317333804725,0,1,5743.6616,-0.3736529,5,1,false,false,-11.702961,1.9652693,7.492795,-1.066013,-0.25471568,3
46.960842,0.6951006,39.24095739941445,-77.97316465109263,0,1,5741.766,-0.38190857,5,1,false,false,-11.83322,1.9500601,8.096871,-1.0702568,-0.25830814,3
46.98115,0.6953435,39.240959291061365,-77.97315584855231,0,1,5749.6743,-0.3904308,5,1,false,false,-13.1478,1.7894958,10.042977,-1.0746711,-0.27805033,3
46.996536,0.6955865,39.24096109254478,-77.9731471615977,0,1,5765.068,-0.39735493,5,1,false,false,-13.698382,1.6155753,10.268594,-1.0796727,-0.32601145,3
47.013874,0.69582945,39.24096289402819,-77.9731383587039,0,1,5785.023,-0.39975137,5,1,false,false,-13.867161,1.9094857,10.030994,-1.08557,-0.37669104,3
47.035744,0.69607246,39.24096469551161,-77.97312955581012,0,1,5781.101,-0.39708924,5,1,false,false,-14.334806,2.3049076,11.134467,-1.0921441,-0.40443537,3
47.06192,0.6963155,39.24096649713246,-77.97312075326981,0,1,5754.0156,-0.39123017,5,1,false,false,-16.047144,2.4011152,11.822206,-1.098942,-0.40486565,3
47.084507,0.69655883,39.240968208452365,-77.97311195037602,0,1,5732.354,-0.38217425,5,1,false,false,-16.664747,2.191113,12.621693,-1.1056414,-0.3922994,3
47.100876,0.6968021,39.240969829883646,-77.97310314748223,0,1,5732.7676,-0.37498343,5,1,false,false,-17.17486,1.8395405,11.891229,-1.112076,-0.38036093,3
47.114193,0.6970454,39.24097145117748,-77.97309434494191,0,1,5743.2764,-0.37072292,5,1,false,false,-18.163057,1.7624985,13.560072,-1.1184322,-0.3828578,3
47.127216,0.6972888,39.24097307260876,-77.97308542610895,0,1,5744.112,-0.3672603,5,1,false,false,-18.284063,1.8223435,13.833355,-1.1249081,-0.39139512,3
47.14076,0.6975325,39.24097460387654,-77.97307662356864,0,1,5743.9033,-0.36299866,5,1,false,false,-17.972103,1.8260095,12.411143,-1.1315423,-0.3998643,3
47.154316,0.6977761,39.24097613514431,-77.97306770473568,0,1,5750.4746,-0.35873803,5,1,false,false,-17.609411,1.8651062,12.50124,-1.138267,-0.40289068,3
47.168934,0.6980198,39.240977576386015,-77.97305878625619,0,1,5752.227,-0.3542106,5,1,false,false,-17.602535,1.9252108,12.572033,-1.1449326,-0.3932503,3
47.184082,0.6982637,39.24097901762772,-77.97304986742323,0,1,5747.516,-0.35074908,5,1,false,false,-17.507818,1.9435828,12.5314665,-1.1514118,-0.3817555,3
47.198494,0.6985079,39.24098036870592,-77.97304094894375,0,1,5749.9546,-0.3502155,5,1,false,false,-17.155153,1.8713614,11.753168,-1.1577091,-0.37150508,3
47.212368,0.698752,39.24098162975805,-77.97303203046425,0,1,5756.012,-0.35101485,5,1,false,false,-17.005796,1.8534263,12.011602,-1.1638051,-0.3602314,3
47.226383,0.6989961,39.24098298083625,-77.9730229960456,0,1,5759.5664,-0.35367805,5,1,false,false,-17.318762,1.8847547,11.723799,-1.1698213,-0.36120299,3
47.240505,0.69924057,39.240984151862314,-77.97301407721264,0,1,5760.6094,-0.35527545,5,1,false,false,-17.121885,1.8964244,12.194174,-1.1758295,-0.35845852,3
47.25424,0.6994852,39.24098541291445,-77.97300504279397,0,1,5764.066,-0.35527545,5,1,false,false,-16.664406,1.8690153,11.503574,-1.1818504,-0.36233038,3
47.269226,0.69972974,39.24098658394052,-77.97299600837532,0,1,5768.999,-0.35234648,5,1,false,false,-16.4192,1.9633847,11.44602,-1.1878887,-0.35735092,3
47.28361,0.6999744,39.24098766480307,-77.97298708989582,0,1,5764.123,-0.34675404,5,1,false,false,-16.008022,1.8922068,10.362485,-1.1937507,-0.3474335,3
47.29951,0.70021904,39.24098874580308,-77.97297805547717,0,1,5769.899,-0.3411608,5,1,false,false,-14.274176,1.9609431,9.421128,-1.1994652,-0.332384,3
47.31701,0.7004636,39.24098973650213,-77.9729690210585,0,1,5775.0854,-0.3368991,5,1,false,false,-12.665687,1.9579717,7.680503,-1.2047039,-0.2942445,3
47.334652,0.70070827,39.24099081750213,-77.97295998663985,0,1,5776.858,-0.3376982,5,1,false,false,-12.058852,1.8646308,7.1797533,-1.2092491,-0.25449562,3
47.349854,0.70095295,39.24099171817511,-77.97295095222118,0,1,5788.137,-0.3454214,5,1,false,false,-14.097248,1.7245989,9.778672,-1.2133802,-0.25206012,3
47.359165,0.7011975,39.24099270901161,-77.97294191780253,0,1,5805.455,-0.3558089,5,1,false,false,-14.264432,1.3589561,10.607292,-1.2179018,-0.2965517,3
47.36436,0.7014422,39.240993609822034,-77.97293276744469,0,1,5840.5396,-0.3645971,5,1,false,false,-14.567539,1.2051122,9.577435,-1.2234563,-0.3718326,3
47.374184,0.7016867,39.24099451063246,-77.97292373302604,0,1,5874.7603,-0.36219952,5,1,false,false,-13.643555,1.8740379,8.747895,-1.2301557,-0.42304444,3
47.39943,0.70193136,39.24099532127938,-77.97291469860737,0,1,5855.287,-0.3496832,5,1,false,false,-13.379933,2.6728387,8.191236,-1.2372689,-0.41927162,3
47.42999,0.70217603,39.2409961319263,-77.97290554824954,0,1,5797.019,-0.33343753,5,1,false,false,-13.275298,2.7453544,8.60668,-1.243892,-0.3692503,3
47.4528,0.7024208,39.24099694257322,-77.97289651383088,0,1,5782.127,-0.32331675,5,1,false,false,-14.01759,2.1082892,9.044621,-1.2495787,-0.31691664,3
47.466457,0.70266557,39.24099766319407,-77.97288736347305,0,1,5804.209,-0.3177235,5,1,false,false,-14.46574,1.6327794,9.697087,-1.2545906,-0.2894748,3
47.476192,0.7029104,39.240998383814926,-77.97287821346869,0,1,5821.7715,-0.31665862,5,1,false,false,-13.510165,1.5838,8.417134,-1.2594068,-0.29089484,3
47.48732,0.70315516,39.24099901440972,-77.97286906311085,0,1,5842.2554,-0.31452763,5,1,false,false,-13.166922,1.6848785,8.043364,-1.26433,-0.29954156,3
47.50478,0.70339996,39.24099964486706,-77.97286002869218,0,1,5852.298,-0.31319714,5,1,false,false,-13.203336,2.1248944,7.9655156,-1.2693169,-0.29650804,3
47.524467,0.7036449,39.24100027546184,-77.97285087833436,0,1,5835.774,-0.31319708,5,1,false,false,-12.869897,2.132802,7.8342457,-1.274218,-0.29130754,3
47.544144,0.70388985,39.24100081589312,-77.97284172833,0,1,5833.2617,-0.31585926,5,1,false,false,-12.965291,2.053235,8.24543,-1.2790277,-0.28574374,3
47.56086,0.7041348,39.241001356324404,-77.97283257797216,0,1,5842.2207,-0.31772348,5,1,false,false,-13.142257,1.8994299,8.412746,-1.2837958,-0.28698894,3
47.57717,0.7043798,39.241001896755684,-77.97282342761433,0,1,5845.3394,-0.3195876,5,1,false,false,-13.128404,1.9153097,8.012894,-1.2886218,-0.29146296,3
47.593483,0.7046249,39.241002347160894,-77.97281427725649,0,1,5848.11,-0.3209192,5,1,false,false,-13.003971,1.9179085,7.7179217,-1.2935312,-0.2972709,3
47.610428,0.70487005,39.24100279756611,-77.97280512725213,0,1,5853.3257,-0.32225084,5,1,false,false,-13.095675,1.9379048,7.8920336,-1.2985116,-0.29916573,3
47.62753,0.70511514,39.24100315780782,-77.97279586095513,0,1,5851.845,-0.324115,5,1,false,false,-13.022608,1.9575549,7.659889,-1.303505,-0.298181,3
47.644165,0.70536035,39.24100360821303,-77.97278671095077,0,1,5851.678,-0.32464945,5,1,false,false,-12.740564,1.8821117,7.6275587,-1.3084474,-0.29448998,3
47.659637,0.7056056,39.24100387842867,-77.97277756059293,0,1,5860.997,-0.324115,5,1,false,false,-12.118476,1.8075061,6.7119794,-1.3133389,-0.28994876,3
47.675625,0.70585096,39.24100423867037,-77.97276829429593,0,1,5871.039,-0.32305014,5,1,false,false,-11.911027,1.7850535,6.7471213,-1.3180956,-0.28031936,3
47.690678,0.7060964,39.241004509023455,-77.97275914429157,0,1,5878.911,-0.32331687,5,1,false,false,-12.027868,1.7576123,7.4205685,-1.3227797,-0.2826272,3
47.704994,0.70634186,39.2410047792391,-77.97274999393373,0,1,5893.9653,-0.32544756,5,1,false,false,-11.481352,1.5755209,6.081455,-1.3275785,-0.29274532,3
47.717766,0.7065874,39.241004959291224,-77.9727407279902,0,1,5914.217,-0.32677928,5,1,false,false,-11.684595,1.6435832,6.6685905,-1.3326011,-0.31045234,3
47.733078,0.70683295,39.24100522950687,-77.97273157763237,0,1,5930.121,-0.32864344,5,1,false,false,-11.292067,1.7586081,6.25101,-1.337923,-0.3249189,3
47.750072,0.7070785,39.24100531967038,-77.97272231133536,0,1,5932.0366,-0.32944268,5,1,false,false,-12.152001,1.9655521,6.8714013,-1.3434614,-0.33739,3
47.770306,0.70732415,39.241005499722505,-77.972713161331,0,1,5927.6846,-0.3297094,5,1,false,false,-12.062925,2.1319194,6.8319726,-1.3491915,-0.34551507,3
47.788887,0.70756996,39.241005589886015,-77.97270389503399,0,1,5921.1216,-0.3270461,5,1,false,false,-12.280448,1.9516249,6.869606,-1.3549645,-0.3455901,3
47.80601,0.70781595,39.24100567991208,-77.97269462909046,0,1,5927.7104,-0.3222508,5,1,false,false,-13.049211,2.0334604,7.402562,-1.3607662,-0.3481842,3
47.822796,0.70806193,39.24100577007559,-77.97268547873263,0,1,5927.9365,-0.31692526,5,1,false,false,-12.879041,1.9395074,7.048339,-1.3665682,-0.3464152,3
47.83926,0.70830786,39.24100577007559,-77.9726762127891,0,1,5926.6167,-0.3118654,5,1,false,false,-12.346144,1.9526209,6.8610463,-1.3723418,-0.34175888,3
47.85595,0.7085541,39.24100577007559,-77.97266694649208,0,1,5933.7925,-0.30680552,5,1,false,false,-12.760535,1.9152254,6.9416156,-1.377977,-0.33269143,3
47.871174,0.7088003,39.24100567991208,-77.97265768054855,0,1,5935.509,-0.3041423,5,1,false,false,-14.0531845,1.9666724,7.5850782,-1.3835217,-0.33310437,3
47.885544,0.70904666,39.241005589886015,-77.97264853019072,0,1,5934.2886,-0.30360973,5,1,false,false,-14.22494,1.8614879,8.179884,-1.389166,-0.34467012,3
47.897034,0.7092931,39.241005499722505,-77.97263926424719,0,1,5943.065,-0.3030762,5,1,false,false,-15.008186,1.7756472,8.877745,-1.3951137,-0.36849612,3
47.907658,0.70953965,39.24100531967038,-77.97262999795018,0,1,5953.5767,-0.30067876,5,1,false,false,-16.699516,2.0168269,9.872944,-1.4015322,-0.40152988,3
47.922543,0.70978636,39.241005139480805,-77.97262073200665,0,1,5938.752,-0.2961513,5,1,false,false,-16.648985,2.2554424,9.010651,-1.408374,-0.41665024,3
47.938797,0.71003306,39.24100486926516,-77.97261146606311,0,1,5914.142,-0.28789562,5,1,false,false,-17.446238,2.2740479,10.751112,-1.4152647,-0.4097489,3
47.948437,0.7102799,39.241004599049525,-77.97260231570527,0,1,5905.625,-0.27644315,5,1,false,false,-23.28386,2.0940497,15.113509,-1.4221296,-0.42521307,3
47.94875,0.71052676,39.24100423867037,-77.97259304976174,0,1,5894.725,-0.26259533,5,1,false,false,-25.64175,1.9388838,15.674073,-1.4297203,-0.49175736,3
47.95017,0.71077365,39.24100387842867,-77.97258378346474,0,1,5886.9336,-0.24661538,5,1,false,false,-23.259111,1.925586,14.560099,-1.4382,-0.5283081,3
47.954247,0.7110205,39.241003428023454,-77.97257451752121,0,1,5888.836,-0.23170154,5,1,false,false,-24.016678,2.3021433,15.350585,-1.4469451,-0.523669,3
47.963524,0.7112675,39.241002887592174,-77.9725652512242,0,1,5855.365,-0.21465778,5,1,false,false,-26.707764,2.6855147,15.448644,-1.455091,-0.45256814,3
47.968388,0.7115141,39.24100225713483,-77.97255610121984,0,1,5804.5205,-0.20080777,5,1,false,false,-25.731651,2.2410424,15.570461,-1.4618088,-0.36461005,3
47.969196,0.7117607,39.24100162654004,-77.97254683492284,0,1,5820.204,-0.1909537,5,1,false,false,-24.25957,1.7784561,14.690142,-1.4672686,-0.29657918,3
47.968075,0.71200734,39.241000905919186,-77.97253768491848,0,1,5838.6406,-0.18456222,5,1,false,false,-23.592613,1.7701956,13.576536,-1.4716389,-0.23336548,3
47.972622,0.712254,39.24100018529834,-77.97252841862147,0,1,5827.455,-0.18269809,5,1,false,false,-21.13718,1.9232472,12.443276,-1.4751389,-0.19133084,3
47.9815,0.7125007,39.24099928462535,-77.97251926826364,0,1,5830.1445,-0.18669309,5,1,false,false,-18.226263,1.8638705,10.974826,-1.4780862,-0.16352297,3
47.99344,0.71274745,39.24099847384099,-77.9725100023201,0,1,5845.734,-0.19468302,5,1,false,false,-14.86295,1.8643003,8.905863,-1.4805537,-0.13017824,3
48.009163,0.7129943,39.24099757316801,-77.97250085196227,0,1,5852.09,-0.2050695,5,1,false,false,-12.675252,1.8971517,6.957703,-1.482415,-0.09309852,3
48.026657,0.7132412,39.24099658233151,-77.9724917019579,0,1,5855.3164,-0.22051588,5,1,false,false,-10.952767,1.8186859,5.7936373,-1.483736,-0.064683154,3
48.041462,0.71348834,39.240995681521085,-77.9724824356609,0,1,5871.2686,-0.24182233,5,1,false,false,-9.887536,1.4206504,5.3750362,-1.4847183,-0.056971297,3
48.050953,0.7137355,39.240994690684595,-77.97247328530307,0,1,5906.991,-0.26366013,5,1,false,false,-8.764447,1.0809288,5.17324,-1.485854,-0.08007091,3
48.060253,0.71398276,39.2409936998481,-77.97246413529871,0,1,5954.538,-0.28017253,5,1,false,false,-9.022917,1.1675068,6.0345955,-1.4875478,-0.12397564,3
48.071747,0.7142301,39.240992618985544,-77.97245498494087,0,1,5986.9365,-0.28842813,5,1,false,false,-9.363473,1.4131272,6.74214,-1.4901042,-0.18251559,3
48.09201,0.71447754,39.24099162814905,-77.97244571899734,0,1,6003.714,-0.28816238,5,1,false,false,-9.819726,2.0822027,7.400278,-1.4936105,-0.2353366,3
48.122337,0.7147251,39.240990547286486,-77.97243656863951,0,1,5986.083,-0.27857402,5,1,false,false,-10.802922,2.688972,8.303668,-1.4978741,-0.27346376,3
48.159492,0.71497285,39.24098937626042,-77.97242741828167,0,1,5938.064,-0.2644594,5,1,false,false,-12.683333,3.0662074,9.772803,-1.502632,-0.29424575,3
48.19425,0.7152209,39.24098829539786,-77.97241826792384,0,1,5889.3794,-0.25194204,5,1,false,false,-13.723729,2.5732865,11.3700285,-1.5075017,-0.2902592,3
48.21709,0.71546906,39.2409871243718,-77.97240900198031,0,1,5878.0244,-0.23516303,5,1,false,false,-14.575407,1.9029692,12.637399,-1.5123369,-0.29374897,3
48.23364,0.7157173,39.240985863319665,-77.97239985162247,0,1,5898.435,-0.22158182,5,1,false,false,-14.561065,1.8495947,12.84112,-1.5173146,-0.30314207,3
48.25388,0.71596575,39.240984692293594,-77.97239070161811,0,1,5897.3315,-0.20693362,5,1,false,false,-13.448921,2.0995653,10.906863,-1.5222676,-0.2886083,3
48.278584,0.71621424,39.2409833412154,-77.97238155126028,0,1,5876.014,-0.19681388,5,1,false,false,-12.004073,2.2220738,9.106821,-1.5266664,-0.23435898,3
48.301678,0.71646297,39.24098208016326,-77.97237240090244,0,1,5869.702,-0.19255218,5,1,false,false,-11.536598,1.9851966,8.766058,-1.5299928,-0.16679625,3
48.321857,0.71671176,39.240980728947626,-77.97236313495891,0,1,5881.699,-0.19734633,5,1,false,false,-11.024453,1.9471468,8.082898,-1.5324434,-0.1288007,3
48.341763,0.71696067,39.24097937786943,-77.97235398460107,0,1,5886.6655,-0.20640117,5,1,false,false,-10.836829,1.7024189,7.9963083,-1.5344017,-0.108038224,3
48.357136,0.71720976,39.24097793662772,-77.97234483424324,0,1,5901.9126,-0.21412429,5,1,false,false,-10.072979,1.5138434,8.116051,-1.5362859,-0.12106463,3
48.371284,0.71745896,39.24097658554952,-77.97233568423889,0,1,5940.3403,-0.22371161,5,1,false,false,-11.231423,1.3175123,9.1947565,-1.5386218,-0.16307159,3
48.381912,0.7177082,39.24097514430781,-77.97232653388104,0,1,5964.3584,-0.228239,5,1,false,false,-12.46719,1.3426895,10.950356,-1.5420105,-0.2460203,3
48.40102,0.7179576,39.24097361304004,-77.97231738352322,0,1,5985.0347,-0.2234459,5,1,false,false,-12.513128,2.0713935,11.00827,-1.5467602,-0.3212985,3
48.4296,0.7182071,39.24097217179833,-77.97230823316538,0,1,5970.645,-0.20400354,5,1,false,false,-12.745638,2.6886497,11.174315,-1.5524096,-0.34892383,3
48.470917,0.71845686,39.24097064053056,-77.97229908316102,0,1,5916.172,-0.17976809,5,1,false,false,-13.5916195,3.3077893,11.23453,-1.5580038,-0.31359106,3
48.503468,0.71870685,39.24096901923672,-77.97229004874237,0,1,5857.7017,-0.15633182,5,1,false,false,-12.719605,2.4952433,10.960302,-1.5626303,-0.23987125,3
48.52671,0.718957,39.24096739780544,-77.97228089838453,0,1,5868.436,-0.1459453,5,1,false,false,-11.477591,1.8683878,9.387773,-1.5659106,-0.15679292,3
48.544964,0.71920735,39.24096577651161,-77.9722717480267,0,1,5892.7437,-0.14381447,5,1,false,false,-12.149602,1.6940994,10.156399,-1.568021,-0.102618866,3
48.563126,0.7194578,39.24096415508033,-77.97226259802234,0,1,5891.2856,-0.15287031,5,1,false,false,-11.755557,1.68553,10.217535,-1.5695779,-0.08774414,3
48.579308,0.7197083,39.240962443622976,-77.9722534476645,0,1,5907.1787,-0.1664515,5,1,false,false,-11.5211,1.4393556,11.49675,-1.5712041,-0.11362088,3
48.59524,0.71995914,39.24096073230307,-77.97224441324585,0,1,5944.401,-0.18402974,5,1,false,false,-11.243398,1.6612002,11.382264,-1.5735376,-0.16669266,3
48.61654,0.72020996,39.24095902084573,-77.972235262888,0,1,5954.22,-0.19628033,5,1,false,false,-10.700779,1.9193305,9.803826,-1.5766941,-0.20978867,3
48.64369,0.720461,39.240957219362315,-77.97222611253018,0,1,5941.8276,-0.20107454,5,1,false,false,-10.731801,2.3178566,10.070132,-1.5804214,-0.23641324,3
48.675114,0.72071224,39.24095541774146,-77.97221707811151,0,1,5927.423,-0.1997429,5,1,false,false,-10.46557,2.4367042,9.665502,-1.5843378,-0.22829802,3
48.703735,0.7209638,39.24095361625805,-77.97220792810715,0,1,5904.426,-0.19335134,5,1,false,false,-10.718513,2.1648426,10.198413,-1.5879086,-0.20020221,3
48.728737,0.7212154,39.24095172474858,-77.97219889368849,0,1,5902.573,-0.18615963,5,1,false,false,-10.830947,1.9852492,11.462049,-1.5910479,-0.17602956,3
48.749382,0.7214673,39.24094983310165,-77.97218974333066,0,1,5911.713,-0.17976807,5,1,false,false,-11.457857,1.7310947,11.013221,-1.5938826,-0.16982518,3
48.76905,0.7217194,39.24094794145473,-77.97218070891199,0,1,5922.962,-0.16725074,5,1,false,false,-10.310646,1.7620864,10.498539,-1.5967593,-0.17557406,3
48.79045,0.7219716,39.24094604994525,-77.97217167449334,0,1,5935.23,-0.1555336,5,1,false,false,-9.687097,1.839888,9.944817,-1.5997448,-0.18190123,3
48.814747,0.72222394,39.24094406827227,-77.9721625241355,0,1,5937.4272,-0.1416836,5,1,false,false,-9.87041,2.0164952,12.312152,-1.6027993,-0.18305469,3
48.83958,0.7224766,39.24094208659928,-77.97215348971685,0,1,5932.405,-0.12730321,5,1,false,false,-10.56632,2.0419655,12.027648,-1.605902,-0.19113031,3
48.864346,0.7227294,39.240940104926295,-77.97214445529818,0,1,5935.8784,-0.115318306,5,1,false,false,-8.755024,1.9834657,9.782247,-1.6090695,-0.18385604,3
48.88963,0.72298247,39.240938033227245,-77.97213530494035,0,1,5939.475,-0.100936845,5,1,false,false,-7.9359283,2.0530105,9.030596,-1.6119272,-0.15779485,3
48.9173,0.7232358,39.240935961528194,-77.97212627052168,0,1,5932.534,-0.089751154,5,1,false,false,-8.046162,2.1813965,10.4728,-1.6142753,-0.1223356,3
48.942566,0.72348917,39.240933889691696,-77.97211723610303,0,1,5919.32,-0.0817623,5,1,false,false,-9.037939,1.850488,11.508303,-1.616079,-0.10014074,3
48.961628,0.7237427,39.240931817992646,-77.97210820168436,0,1,5938.6772,-0.07616894,5,1,false,false,-7.465218,1.5530059,9.785296,-1.6177795,-0.10515217,3
48.98162,0.7239965,39.240929746293595,-77.97209916726571,0,1,5973.4727,-0.0716415,5,1,false,false,-6.6214123,1.6971927,9.925946,-1.6195595,-0.107993744,3
49.00782,0.7242503,39.240927584431034,-77.97209013284704,0,1,5973.026,-0.06391835,5,1,false,false,-7.0762606,2.2662885,12.242619,-1.6213821,-0.109975845,3
49.038216,0.7245044,39.24092542256847,-77.97208098248922,0,1,5950.0957,-0.055927385,5,1,false,false,-7.3934293,2.2054584,11.123133,-1.6232041,-0.10830305,3
49.065117,0.72475857,39.24092326084336,-77.97207194807055,0,1,5949.2656,-0.05033507,5,1,false,false,-5.493746,1.9786674,8.153134,-1.6249158,-0.09357737,3
49.090527,0.72501296,39.2409210989808,-77.9720629136519,0,1,5963.58,-0.04900341,5,1,false,false,-5.3251953,1.9523096,8.367409,-1.62625,-0.065823205,3
49.117386,0.7252675,39.24091884709217,-77.97205387923323,0,1,5951.306,-0.048205227,5,1,false,false,-6.4305882,2.0163426,13.276738,-1.6271818,-0.049271047,3
49.13971,0.7255222,39.240916685367054,-77.97204484481458,0,1,5945.09,-0.043145362,5,1,false,false,-7.3035593,1.3847,14.016315,-1.6280365,-0.05850307,3
49.153767,0.72577703,39.24091443347843,-77.97203581039591,0,1,5995.142,-0.039150394,5,1,false,false,-5.721956,1.5790354,12.186652,-1.6292008,-0.083618194,3
49.18275,0.726032,39.240912181589806,-77.97202677597726,0,1,6023.0444,-0.03542115,5,1,false,false,-4.450253,2.4338968,10.376899,-1.6306522,-0.08447063,3
49.221123,0.7262871,39.240909929701175,-77.97201774155859,0,1,5954.4985,-0.031692933,5,1,false,false,-4.527305,2.881067,12.097813,-1.6318117,-0.05422705,3
49.25401,0.7265425,39.24090767781255,-77.97200870713993,0,1,5918.5967,-0.028497178,5,1,false,false,-5.4363823,2.0520346,12.873678,-1.6325144,-0.032475658,3
49.2731,0.726798,39.24090542592393,-77.97199967272127,0,1,5954.0044,-0.034621958,5,1,false,false,-5.8130074,1.3596578,12.938863,-1.6329467,-0.02506861,3
49.290264,0.72705364,39.24090308387179,-77.9719906383026,0,1,5988.4556,-0.047139294,5,1,false,false,-3.6120243,1.677704,9.293188,-1.6333945,-0.024725636,3
49.315434,0.7273094,39.24090083198317,-77.97198160388395,0,1,5987.342,-0.061521772,5,1,false,false,-3.4029899,2.049378,8.621388,-1.6337426,-0.017986583,3
49.344135,0.72756535,39.240898490068474,-77.97197256946528,0,1,5972.517,-0.07164152,5,1,false,false,-3.5391066,2.2079456,8.548617,-1.6340177,-0.015659941,3
49.3663,0.7278214,39.24089614801634,-77.97196353504663,0,1,5972.2827,-0.08335964,5,1,false,false,-3.426035,1.3944689,7.618568,-1.6343063,-0.021783661,3
49.383194,0.7280777,39.240893806101646,-77.97195450062796,0,1,6014.0205,-0.09534349,5,1,false,false,-2.4436672,1.3413832,5.807195,-1.634788,-0.034307305,3
49.399162,0.72833407,39.24089146418696,-77.9719454662093,0,1,6049.43,-0.10519857,5,1,false,false,-2.405392,1.2915134,5.063344,-1.6354425,-0.045570157,3
49.418358,0.72859055,39.240889122134824,-77.97193631585147,0,1,6066.7793,-0.10812758,5,1,false,false,-3.4221659,1.654088,10.433563,-1.6363602,-0.06649447,3
49.438007,0.72884715,39.24088678022013,-77.97192728143281,0,1,6083.793,-0.10599778,5,1,false,false,-4.3049946,1.5519978,11.723592,-1.6377428,-0.101303875,3
49.461967,0.7291039,39.24088443830544,-77.97191824701414,0,1,6104.9634,-0.098806,5,1,false,false,-3.4560654,1.9126441,8.717924,-1.6397194,-0.13192718,3
49.502808,0.7293608,39.24088209625331,-77.97190921259549,0,1,6090.342,-0.08948547,5,1,false,false,-3.278091,3.6288333,7.6139526,-1.6419922,-0.13745046,3
49.554028,0.7296181,39.24087966431255,-77.97190017817682,0,1,5989.8076,-0.078831196,5,1,false,false,-3.8980463,3.0285683,9.678717,-1.644105,-0.112775266,3
49.58674,0.7298755,39.24087723223435,-77.97189114375817,0,1,5935.8594,-0.06578244,5,1,false,false,-5.1255937,1.85499,14.693973,-1.6457564,-0.08847819,3
49.600754,0.73013306,39.24087489018221,-77.9718821093395,0,1,6003.9243,-0.056460872,5,1,false,false,-4.4307575,0.96310794,11.318563,-1.6472305,-0.087599225,3
49.61294,0.7303908,39.24087245824146,-77.97187307492085,0,1,6052.467,-0.050069347,5,1,false,false,-3.316003,1.3474487,9.514964,-1.6486403,-0.081640765,3
49.63846,0.7306485,39.24087002616326,-77.97186392456301,0,1,6044.7236,-0.04367782,5,1,false,false,-3.5290563,2.2118015,10.546521,-1.6499721,-0.07562856,3
49.667812,0.7309065,39.24086759408506,-77.97185489014436,0,1,6017.694,-0.041014522,5,1,false,false,-3.7372992,1.9971335,8.749922,-1.6511322,-0.06479634,3
49.688854,0.7311646,39.2408651621443,-77.97184585572569,0,1,6029.8306,-0.03994961,5,1,false,false,-3.6066234,1.4578209,10.459689,-1.6521853,-0.06323015,3
49.709286,0.73142284,39.240862640040035,-77.97183682130704,0,1,6068.415,-0.039949603,5,1,false,false,-3.7325323,1.7085764,12.5048065,-1.6532772,-0.06737994,3
49.73141,0.73168117,39.24086020796184,-77.97182778688837,0,1,6066.6753,-0.039682858,5,1,false,false,-4.0610833,1.8117487,14.049259,-1.6544615,-0.076893486,3
49.75817,0.7319397,39.24085768585757,-77.97181875246972,0,1,6066.345,-0.036752816,5,1,false,false,-3.646427,2.262748,12.455111,-1.655781,-0.082829766,3
49.789303,0.7321983,39.24085525377937,-77.97180960211188,0,1,6059.4395,-0.030893749,5,1,false,false,-3.8132617,2.322422,12.015832,-1.6570344,-0.07175809,3
49.821552,0.73245716,39.240852731675105,-77.97180056769322,0,1,6024.766,-0.025833867,5,1,false,false,-3.8699663,2.3689716,12.670959,-1.6580555,-0.0512306,3
49.84703,0.7327162,39.240850209570844,-77.97179153327455,0,1,6005.3296,-0.025833871,5,1,false,false,-3.9206617,1.8029606,11.922838,-1.6586958,-0.02910593,3
49.865616,0.7329753,39.24084768746658,-77.9717824988559,0,1,6030.736,-0.030361284,5,1,false,false,-3.0243633,1.438811,11.00154,-1.659044,-0.012961949,3
49.88358,0.7332345,39.24084516536231,-77.97177346443723,0,1,6053.513,-0.036752813,5,1,false,false,-3.1878839,1.578176,11.28147,-1.6592085,-0.008761596,3
49.904125,0.73349386,39.24084264325805,-77.97176443001857,0,1,6057.6963,-0.042611875,5,1,false,false,-3.0115845,1.7127568,11.097811,-1.6594114,-0.015238094,3
49.924873,0.7337533,39.24084012115378,-77.97175527966074,0,1,6069.1484,-0.04873769,5,1,false,false,-2.7792473,1.6183276,10.200926,-1.659739,-0.024145104,3
49.945972,0.73401296,39.24083759891207,-77.97174624524207,0,1,6087.5767,-0.053530823,5,1,false,false,-2.498795,1.7516629,9.271513,-1.6602098,-0.032346778,3
49.96972,0.7342728,39.24083498678174,-77.97173721082342,0,1,6090.7095,-0.055394933,5,1,false,false,-2.41634,1.9195502,9.694773,-1.6607913,-0.037675057,3
49.99534,0.7345326,39.240832464677474,-77.97172817640475,0,1,6083.094,-0.054862466,5,1,false,false,-2.4353278,1.9829617,9.743337,-1.661469,-0.043686256,3
50.020115,0.7347927,39.2408298524097,-77.97171902604693,0,1,6083.094,-0.051933456,5,1,false,false,-2.324223,1.8624424,8.72939,-1.6622275,-0.04695565,3
50.04324,0.73505294,39.240827330305436,-77.97170999162826,0,1,6090.5815,-0.04687358,5,1,false,false,-2.1871424,1.8329778,8.902928,-1.6630175,-0.047254074,3
50.067455,0.73531336,39.240824718175105,-77.9717009572096,0,1,6094.2114,-0.040215313,5,1,false,false,-2.0313373,1.8797799,8.352835,-1.6638066,-0.045571428,3
50.09061,0.7355739,39.24082219607084,-77.97169192279094,0,1,6091.889,-0.03408951,5,1,false,false,-1.9558991,1.7622664,8.323177,-1.6645513,-0.04265206,3
50.11246,0.7358345,39.24081958380307,-77.97168277278658,0,1,6105.3315,-0.02876289,5,1,false,false,-1.8925065,1.7366765,8.977052,-1.6652592,-0.040871955,3
50.13449,0.73609513,39.240816971672736,-77.97167373801445,0,1,6118.025,-0.026898779,5,1,false,false,-1.9604784,1.7026114,8.126732,-1.6659343,-0.039543424,3
50.155876,0.73635596,39.240814359542405,-77.97166470359579,0,1,6122.4873,-0.028497178,5,1,false,false,-1.8293147,1.7506555,8.43999,-1.6666028,-0.039692916,3
50.180084,0.73661685,39.24081174727463,-77.97165555359143,0,1,6135.2324,-0.034621958,5,1,false,false,-1.9647906,1.9342719,8.665002,-1.6672659,-0.039308365,3
50.206074,0.73687786,39.240809135144296,-77.97164651917277,0,1,6131.0083,-0.04128126,5,1,false,false,-2.102816,1.9571431,8.854272,-1.6679202,-0.039010644,3
50.232025,0.73713905,39.240806522876525,-77.97163736881494,0,1,6124.4116,-0.051134262,5,1,false,false,-2.389311,1.9687754,8.89877,-1.6685954,-0.042334575,3
50.257915,0.7374004,39.240803910746195,-77.97162833439627,0,1,6129.68,-0.058058247,5,1,false,false,-2.3453753,1.9270277,8.5723505,-1.6693236,-0.044520773,3
50.283043,0.7376619,39.24080129847842,-77.97161918403845,0,1,6126.9624,-0.06445079,5,1,false,false,-2.3008323,1.9192724,8.383415,-1.6700846,-0.045681115,3
50.30826,0.7379235,39.24079859632202,-77.97161014961978,0,1,6124.6294,-0.069510646,5,1,false,false,-2.4684305,1.8797009,7.828532,-1.6708626,-0.046771638,3
50.331978,0.7381853,39.24079598405425,-77.97160099926195,0,1,6127.6597,-0.07270642,5,1,false,false,-2.4194458,1.7522175,7.2310095,-1.6716702,-0.048305947,3
50.353745,0.7384472,39.24079337192392,-77.97159196484328,0,1,6136.8887,-0.074038096,5,1,false,false,-2.2764437,1.6584537,7.0316186,-1.672511,-0.050423324,3
50.375057,0.7387092,39.24079066963008,-77.97158281483892,0,1,6151.1387,-0.072973154,5,1,false,false,-2.0732572,1.601859,5.1981177,-1.6734,-0.052899364,3
50.393948,0.73897135,39.2407880573623,-77.97157378042026,0,1,6166.4883,-0.06951066,5,1,false,false,-2.001233,1.3872098,5.318638,-1.6743258,-0.055057537,3
50.41173,0.7392337,39.24078535520591,-77.97156463006243,0,1,6191.8594,-0.06498326,5,1,false,false,-2.0677261,1.3728226,5.892097,-1.6753035,-0.05952883,3
50.42918,0.73949605,39.24078265291207,-77.97155559564376,0,1,6214.3257,-0.056726586,5,1,false,false,-2.2796862,1.2071819,6.4568005,-1.6763879,-0.0687392,3
50.446995,0.7397585,39.240780040644296,-77.97154644528594,0,1,6241.893,-0.04607439,5,1,false,false,-1.9444643,1.6211277,6.3467116,-1.6776195,-0.07615227,3
50.475693,0.7400211,39.2407773384879,-77.97153741086727,0,1,6252.918,-0.034621958,5,1,false,false,-1.9936757,2.2157006,6.8707805,-1.678929,-0.07865299,3
50.514732,0.74028385,39.24077463619406,-77.97152826050944,0,1,6210.899,-0.025034674,5,1,false,false,-2.4710915,2.8889685,8.046384,-1.6802183,-0.074802324,3
50.55086,0.74054694,39.24077193390022,-77.97151911050508,0,1,6165.594,-0.0149139045,5,1,false,false,-2.5913222,2.2738764,8.659624,-1.6814028,-0.06695534,3
50.580536,0.7408101,39.24076923160638,-77.97151007608642,0,1,6172.2407,-0.009054833,5,1,false,false,-2.486422,1.9249947,8.402371,-1.6824414,-0.056251433,3
50.606533,0.7410735,39.24076652931254,-77.97150092572859,0,1,6178.4644,-0.0058590686,5,1,false,false,-2.7525215,1.8632915,9.88666,-1.6833054,-0.04751252,3
50.63379,0.74133694,39.24076373699263,-77.97149177537075,0,1,6167.426,-0.0053266142,5,1,false,false,-2.9118183,1.9682252,10.482582,-1.6840407,-0.04072133,3
50.660667,0.7416005,39.2407610346988,-77.97148262501292,0,1,6166.491,-0.006925009,5,1,false,false,-2.6752465,1.8586439,10.170245,-1.684651,-0.032529984,3
50.68625,0.74186426,39.2407583325424,-77.97147359059426,0,1,6171.565,-0.009854028,5,1,false,false,-2.6506932,1.8631669,9.954693,-1.6851243,-0.023816628,3
50.712196,0.7421282,39.240755540222494,-77.9714644405899,0,1,6168.915,-0.013316533,5,1,false,false,-2.8797438,1.8758175,9.907628,-1.6854712,-0.01859189,3
50.73824,0.74239224,39.24075283792865,-77.97145529023207,0,1,6164.512,-0.01597984,5,1,false,false,-2.5481007,1.8356836,8.344528,-1.685746,-0.01367946,3
50.762165,0.7426564,39.24075004560875,-77.97144613987423,0,1,6168.6816,-0.018377434,5,1,false,false,-2.2816293,1.6755643,7.5851164,-1.6859298,-0.0077488082,3
50.78518,0.7429207,39.240747253151405,-77.97143698986987,0,1,6180.62,-0.019175606,5,1,false,false,-2.3297915,1.6329465,9.925302,-1.6860578,-0.006609535,3
50.80756,0.7431851,39.240744550995004,-77.97142783951205,0,1,6187.2183,-0.01944235,5,1,false,false,-2.365641,1.5519563,10.772288,-1.6862077,-0.010791099,3
50.82711,0.7434496,39.24074175853766,-77.97141880509338,0,1,6203.709,-0.018110696,5,1,false,false,-2.0615299,1.4541731,9.142767,-1.6864465,-0.018229015,3
50.851177,0.74371433,39.240738966217755,-77.97140965473554,0,1,6228.614,-0.015446354,5,1,false,false,-1.7363259,1.9591063,9.539253,-1.6867728,-0.020916857,3
50.883358,0.74397916,39.24073617389785,-77.97140050437771,0,1,6207.1553,-0.013049792,5,1,false,false,-1.7743117,2.2916954,9.616674,-1.6871023,-0.018718725,3
50.91525,0.74424404,39.24073338157795,-77.97139135437335,0,1,6170.4355,-0.011718136,5,1,false,false,-1.5847057,2.0681887,8.604933,-1.6873589,-0.011944509,3
50.94109,0.7445092,39.240730589258035,-77.97138220401551,0,1,6178.6685,-0.012517336,5,1,false,false,-1.4722352,1.6746604,7.7265377,-1.687503,-0.0048707183,3
50.963097,0.74477446,39.24072779693813,-77.97137305365769,0,1,6196.625,-0.014913902,5,1,false,false,-1.4224418,1.5518043,7.8900375,-1.6875573,-0.000502324,3
50.98406,0.7450398,39.24072491445472,-77.97136390329985,0,1,6200.3145,-0.020507257,5,1,false,false,-1.34654,1.4448218,7.7661233,-1.6875786,-0.00052680384,3
51.00298,0.7453053,39.24072212213481,-77.97135475329549,0,1,6222.1255,-0.026898783,5,1,false,false,-1.2093309,1.3210146,7.307135,-1.6876237,-0.0033365132,3
51.021515,0.7455709,39.24071932981491,-77.97134560293766,0,1,6255.2944,-0.034888703,5,1,false,false,-1.1962849,1.3981532,6.7408304,-1.6877222,-0.0076754238,3
51.043846,0.7458367,39.240716447331494,-77.97133645257982,0,1,6269.1914,-0.04101451,5,1,false,false,-1.2000419,1.6746235,6.227084,-1.6879036,-0.012927312,3
51.070236,0.74610245,39.24071365501159,-77.97132730257546,0,1,6268.104,-0.04527518,5,1,false,false,-1.196981,1.81473,5.6093307,-1.6881728,-0.018438749,3
51.097927,0.74636847,39.240710862691685,-77.97131815221763,0,1,6268.005,-0.047671743,5,1,false,false,-1.2133393,1.8028103,6.067903,-1.6885353,-0.023853851,3
51.124805,0.74663466,39.24070798020827,-77.9713090018598,0,1,6269.341,-0.04713929,5,1,false,false,-1.4490353,1.7688559,6.798565,-1.6889817,-0.029560503,3
51.15047,0.7469009,39.240705187888366,-77.97129973591626,0,1,6272.8823,-0.04421028,5,1,false,false,-1.0664605,1.6765883,5.7498956,-1.6895468,-0.03495467,3
51.175755,0.74716735,39.2407023055424,-77.97129058555844,0,1,6284.029,-0.04074777,5,1,false,false,-1.0742146,1.7202023,5.2004514,-1.6901449,-0.0357433,3
51.20785,0.7474339,39.240699513222495,-77.9712814352006,0,1,6283.0093,-0.037285265,5,1,false,false,-1.1797304,2.0729303,5.960248,-1.690755,-0.035900805,3
51.2348,0.7477007,39.24069663073908,-77.97127228519624,0,1,6259.653,-0.03462197,5,1,false,false,-1.5716621,1.6171757,6.8977394,-1.6913809,-0.03912781,3
51.257725,0.7479676,39.240693748393106,-77.97126301889922,0,1,6285.5264,-0.033557057,5,1,false,false,-1.3429052,1.3914185,7.7377706,-1.6921078,-0.045276236,3
51.279446,0.74823457,39.24069086590969,-77.9712538685414,0,1,6315.2554,-0.035421163,5,1,false,false,-1.5904461,1.5220844,8.288071,-1.6929053,-0.05016022,3
51.310207,0.7485018,39.24068807358979,-77.97124471853704,0,1,6308.2686,-0.038351204,5,1,false,false,-1.6581578,2.2130764,7.9611588,-1.6937743,-0.05304733,3
51.346157,0.74876904,39.24068519110637,-77.97123545224002,0,1,6278.233,-0.041813716,5,1,false,false,-1.6854703,2.3274288,9.518589,-1.694637,-0.050451007,3
51.380505,0.7490365,39.240682308760405,-77.97122630223566,0,1,6259.941,-0.045807652,5,1,false,false,-1.9766741,2.0865278,8.5806265,-1.6954732,-0.048665676,3
51.410347,0.74930406,39.24067942627699,-77.97121703593866,0,1,6252.58,-0.052465916,5,1,false,false,-2.176216,1.8005193,7.9785933,-1.6962467,-0.044419095,3
51.437252,0.7495718,39.24067654393102,-77.9712078859343,0,1,6252.941,-0.059123155,5,1,false,false,-2.3336918,1.672986,8.412252,-1.696987,-0.043700017,3
51.46146,0.7498396,39.24067366144761,-77.97119861963729,0,1,6256.1006,-0.066314906,5,1,false,false,-2.457192,1.4903588,7.5348835,-1.6977253,-0.044326443,3
51.481503,0.7501075,39.24067068893813,-77.97118946927947,0,1,6268.7964,-0.068179026,5,1,false,false,-2.2633061,1.1641601,7.2174172,-1.6985217,-0.04929857,3
51.497936,0.75037557,39.24066780659216,-77.97118020333593,0,1,6295.3403,-0.06578246,5,1,false,false,-2.3511133,1.1711792,9.869275,-1.6993966,-0.054830875,3
51.51922,0.75064373,39.24066492410874,-77.9711710529781,0,1,6319.5767,-0.057525784,5,1,false,false,-2.7117867,1.4206954,11.621995,-1.7004231,-0.067509755,3
51.542744,0.750912,39.240661951599265,-77.97116178703456,0,1,6331.6377,-0.043145366,5,1,false,false,-2.5163321,1.6016567,12.542974,-1.7016228,-0.07633379,3
51.57342,0.7511804,39.2406590692533,-77.97115263667673,0,1,6341.2593,-0.030094542,5,1,false,false,-2.2984436,2.2562425,11.311704,-1.7028654,-0.07306838,3
51.612926,0.751449,39.24065609674381,-77.97114337073319,0,1,6305.6367,-0.017843947,5,1,false,false,-2.470416,2.5414002,13.954577,-1.7038828,-0.051346097,3
51.651405,0.7517178,39.240653214397845,-77.97113422037536,0,1,6255.3467,-0.010653228,5,1,false,false,-2.8870857,2.3625789,13.072956,-1.7045401,-0.030620797,3
51.680202,0.7519868,39.24065024188837,-77.97112495443183,0,1,6251.104,-0.00985403,5,1,false,false,-2.5008824,1.6331296,10.195609,-1.7048123,-0.005316085,3
51.7026,0.7522559,39.24064726937889,-77.97111568813482,0,1,6270.1055,-0.015714131,5,1,false,false,-2.250904,1.5562837,11.306586,-1.704766,0.008840093,3
51.727196,0.7525251,39.240644296869405,-77.97110653813046,0,1,6270.7085,-0.027697982,5,1,false,false,-2.4914773,1.6003036,11.72471,-1.7045735,0.012776704,3
51.74784,0.7527945,39.24064132435993,-77.97109727183346,0,1,6266.468,-0.042079426,5,1,false,false,-2.2559562,1.2351494,10.113359,-1.7044162,0.004758852,3
51.767513,0.7530639,39.24063835185045,-77.97108800588992,0,1,6303.936,-0.05459676,5,1,false,false,-1.9068464,1.4048226,8.256592,-1.7044284,-0.005620588,3
51.79012,0.75333345,39.24063537934097,-77.97107885553208,0,1,6319.0547,-0.06391834,5,1,false,false,-1.7715075,1.5761453,7.718693,-1.7046199,-0.016328353,3
51.816074,0.75360316,39.240632406831494,-77.97106958958855,0,1,6306.165,-0.07030986,5,1,false,false,-1.6899393,1.6794242,7.9009256,-1.7049675,-0.02467925,3
51.83831,0.75387305,39.24062934429595,-77.97106032329155,0,1,6317.984,-0.07190721,5,1,false,false,-1.763571,1.377338,7.0755806,-1.7054662,-0.03471007,3
51.858006,0.754143,39.24062637178647,-77.9710511732872,0,1,6350.0444,-0.07057556,5,1,false,false,-1.4904343,1.3224949,6.7327013,-1.7061136,-0.04169262,3
51.88085,0.754413,39.24062339927699,-77.97104190699018,0,1,6363.181,-0.06551572,5,1,false,false,-1.7312135,1.602457,8.517633,-1.7068858,-0.050528124,3
51.908535,0.75468326,39.24062033674144,-77.97103264104665,0,1,6360.9507,-0.058590688,5,1,false,false,-1.7970744,1.8284484,7.4455338,-1.7077936,-0.05778758,3
51.935753,0.75495356,39.240617364231966,-77.97102337474963,0,1,6361.4697,-0.050335053,5,1,false,false,-1.3612555,1.756023,5.613934,-1.7087752,-0.05820012,3
51.96611,0.7552241,39.24061430169642,-77.9710141088061,0,1,6364.2085,-0.04474274,5,1,false,false,-1.2276629,2.0268097,5.917606,-1.7096875,-0.050160427,3
51.998695,0.7554948,39.24061132918694,-77.97100484286257,0,1,6339.949,-0.039416112,5,1,false,false,-1.7904098,1.8854837,6.9510417,-1.7104852,-0.045357935,3
52.02165,0.7557656,39.2406082666514,-77.97099569250474,0,1,6335.4375,-0.035421148,5,1,false,false,-1.7348175,1.2052994,6.1856723,-1.7112411,-0.04586384,3
52.039246,0.7560366,39.240605294141915,-77.97098642620773,0,1,6390.4126,-0.033557046,5,1,false,false,-1.3739289,1.0743583,5.56789,-1.7120318,-0.04756248,3
52.060547,0.75630766,39.240602231606374,-77.9709771602642,0,1,6414.6875,-0.0322254,5,1,false,false,-1.6596628,1.6367004,7.0869737,-1.7128298,-0.048352882,3
52.090015,0.7565788,39.240599169070826,-77.97096789432067,0,1,6394.8296,-0.027165521,5,1,false,false,-1.8891038,1.8105156,7.8979926,-1.7136742,-0.052339565,3
52.118614,0.7568502,39.24059610639784,-77.97095862802367,0,1,6395.0493,-0.02210565,5,1,false,false,-1.7303848,1.7174343,7.106952,-1.7145971,-0.056232892,3
52.149498,0.7571217,39.2405930438623,-77.97094936208013,0,1,6409.7715,-0.015979845,5,1,false,false,-1.6738518,2.0170944,7.237469,-1.7155074,-0.052025415,3
52.184097,0.75739336,39.24058998132675,-77.97094009578312,0,1,6381.9976,-0.008789118,5,1,false,false,-1.9259423,2.2926543,7.172341,-1.7163302,-0.046820715,3
52.219055,0.7576653,39.24058691879121,-77.97093082983959,0,1,6349.599,-1.0293443e-06,5,1,false,false,-2.0649137,1.8869896,9.152883,-1.7170688,-0.04086106,3
52.24606,0.7579374,39.24058385611822,-77.97092156389606,0,1,6360.5786,0.008522376,5,1,false,false,-1.9329332,1.5390171,10.597446,-1.71776,-0.040767245,3
52.27063,0.7582096,39.24058079358267,-77.97091229759904,0,1,6381.484,0.013049789,5,1,false,false,-1.702439,1.4289656,10.022656,-1.7183635,-0.032014865,3
52.297386,0.758482,39.24057773104713,-77.97090291571634,0,1,6384.4155,0.015179612,5,1,false,false,-1.5174259,1.9955875,10.326567,-1.7188394,-0.024291545,3
52.3318,0.75875455,39.240574578348074,-77.9708936497728,0,1,6366.8022,0.013049794,5,1,false,false,-2.2868593,2.0689516,11.539906,-1.7191325,-0.013479701,3
52.363575,0.75902724,39.24057151581253,-77.9708843834758,0,1,6341.2783,0.0063904934,5,1,false,false,-2.0282567,1.7893951,9.27888,-1.7193068,-0.0065933843,3
52.390217,0.7593002,39.240568453276985,-77.97087511753227,0,1,6348.087,-0.0039949613,5,1,false,false,-1.9505074,1.521208,9.540857,-1.7193297,0.0014513051,3
52.414852,0.7595732,39.240565300577934,-77.97086585158874,0,1,6358.9556,-0.014114702,5,1,false,false,-2.0794597,1.506843,9.966921,-1.7192732,0.0045006983,3
52.43815,0.75984645,39.24056214801632,-77.97085646935255,0,1,6356.9185,-0.021838907,5,1,false,false,-1.5914652,1.369927,8.4428215,-1.7192305,0.001972644,3
52.460873,0.76011974,39.240559085343335,-77.97084720340902,0,1,6377.1377,-0.027697984,5,1,false,false,-1.3399477,1.3191553,8.559534,-1.719222,0.0008349981,3
52.483658,0.76039326,39.240555932781724,-77.97083793746549,0,1,6396.2495,-0.030094545,5,1,false,false,-1.5492964,1.3938615,9.847142,-1.7192338,-0.0017008018,3
52.50625,0.7606669,39.24055278008267,-77.97082867116849,0,1,6402.3667,-0.028762896,5,1,false,false,-1.5839604,1.4018042,9.368603,-1.7193292,-0.0096707605,3
52.531662,0.76094055,39.240549717547125,-77.97081928928577,0,1,6421.293,-0.026099581,5,1,false,false,-1.337622,1.6319768,6.9120736,-1.7195303,-0.013758551,3
52.56031,0.76121455,39.240546564848074,-77.97081002334224,0,1,6424.47,-0.020507256,5,1,false,false,-1.2310919,1.820726,6.795435,-1.7197968,-0.017497139,3
52.59314,0.7614886,39.24054341228646,-77.97080075704524,0,1,6401.418,-0.014913902,5,1,false,false,-1.1511692,1.9086576,10.867836,-1.7200869,-0.016832164,3
52.618893,0.7617629,39.24054025958741,-77.97079137516253,0,1,6391.4863,-0.0069250083,5,1,false,false,-1.347788,1.2408508,11.106538,-1.7204181,-0.023971718,3
52.63991,0.76203734,39.2405371070258,-77.970782109219,0,1,6432.4517,-0.0007991977,5,1,false,false,-0.70060897,1.3675792,8.616277,-1.7208068,-0.021662429,3
52.67002,0.7623119,39.24053395432675,-77.9707727273363,0,1,6445.8506,0.0050588413,5,1,false,false,-0.6335068,2.185118,9.299175,-1.7211202,-0.015845444,3
52.708828,0.7625867,39.24053080162769,-77.97076346103928,0,1,6384.3784,0.010119744,5,1,false,false,-0.9504096,2.1821663,12.725763,-1.721314,-0.00751549,3
52.738716,0.7628616,39.24052764906609,-77.97075407915658,0,1,6359.8394,0.014913901,5,1,false,false,-1.4653283,1.6029102,15.392299,-1.7214009,-0.0057523083,3
52.761204,0.76313674,39.24052449636703,-77.97074481321305,0,1,6402.165,0.016245553,5,1,false,false,-0.84092194,1.2442212,9.900024,-1.7215118,-0.005513059,3
52.78374,0.7634119,39.240521253641916,-77.97073543133034,0,1,6412.99,0.0109189395,5,1,false,false,-0.43132597,1.5481873,8.51767,-1.7215644,-0.00037476333,3
52.816307,0.76368725,39.240518101080305,-77.97072604944763,0,1,6386.873,0.006925009,5,1,false,false,-0.44739258,1.8938494,10.613811,-1.7215035,0.007948879,3
52.839104,0.76396275,39.24051494838125,-77.97071678315062,0,1,6365.937,0.005058841,5,1,false,false,-1.2608318,1.1494285,10.379513,-1.7213411,0.007192961,3
52.85446,0.76423836,39.240511795682195,-77.97070740126792,0,1,6422.93,0.0026622764,5,1,false,false,-0.2612747,0.9159825,9.020098,-1.721273,0.004538583,3
52.87119,0.764514,39.240508552957074,-77.97069801938521,0,1,6465.899,-1.0298681e-06,5,1,false,false,-0.02299903,1.1685895,9.673447,-1.7211838,0.0070844474,3
52.899403,0.7647899,39.24050540039547,-77.9706886375025,0,1,6449.451,-0.00026674266,5,1,false,false,-0.44301963,1.7810047,9.698284,-1.7210552,0.00789106,3
52.928032,0.76506585,39.24050224769641,-77.97067937155897,0,1,6433.794,0.0015973662,5,1,false,false,-0.64902633,1.6988875,7.3151703,-1.7209611,0.0026910133,3
52.954758,0.76534194,39.2404990049713,-77.97066998967627,0,1,6455.1616,0.00292902,5,1,false,false,-0.087713845,1.6224221,6.497821,-1.7209424,0.0013576086,3
52.98151,0.76561815,39.24049585240969,-77.97066060779356,0,1,6449.651,0.0063904943,5,1,false,false,-0.050515097,1.5920695,9.798437,-1.7208834,0.0055315606,3
53.004753,0.76589453,39.240492609684566,-77.97065122591086,0,1,6437.9985,0.0106532285,5,1,false,false,-0.19553532,1.1315376,8.872402,-1.7207944,0.0040666745,3
53.024986,0.76617104,39.240489456985514,-77.97064184402815,0,1,6480.4683,0.011984883,5,1,false,false,-0.2776964,1.3755447,5.871607,-1.7206993,0.0060791303,3
53.051685,0.7664476,39.24048621426039,-77.97063246214545,0,1,6500.378,0.011984881,5,1,false,false,0.2009337,1.6815914,6.788836,-1.7205849,0.008666872,3
53.08496,0.7667244,39.24048306169878,-77.97062308026274,0,1,6452.7896,0.012250593,5,1,false,false,0.23072916,1.8401792,10.689892,-1.7204425,0.010117654,3
53.10956,0.76700133,39.24047981897367,-77.97061369838003,0,1,6443.9707,0.0127830515,5,1,false,false,-0.07153829,0.96508104,10.19467,-1.7203144,0.004827639,3
53.13045,0.7672784,39.24047666627461,-77.97060431649733,0,1,6504.7856,0.010386485,5,1,false,false,-0.052782554,1.3391935,6.6359715,-1.7202291,0.0048225024,3
53.157673,0.7675555,39.240473423549496,-77.97059493461462,0,1,6508.872,0.0077231796,5,1,false,false,0.16254506,2.0726461,6.761818,-1.7201406,0.004555585,3
53.1945,0.7678328,39.24047027085044,-77.97058555202497,0,1,6448.9014,0.008255635,5,1,false,false,0.29905197,1.9290988,11.7658615,-1.7200428,0.007313397,3
53.21828,0.76811033,39.24046702812532,-77.97057617014227,0,1,6442.609,0.012250594,5,1,false,false,-0.07168308,1.0824072,12.311677,-1.7199564,0.0031153916,3
53.23667,0.7683879,39.24046387556371,-77.97056667302732,0,1,6507.652,0.012250594,5,1,false,false,0.075421825,1.0626882,7.6234884,-1.7198862,0.005715193,3
53.262794,0.7686656,39.24046063283859,-77.97055729114462,0,1,6513.902,0.012250594,5,1,false,false,0.83321023,1.8970592,10.81108,-1.7197433,0.013642735,3
53.29934,0.7689435,39.24045739011348,-77.97054790855496,0,1,6456.946,0.012250594,5,1,false,false,0.1800233,2.0389686,11.025152,-1.7195193,0.012768204,3
53.325367,0.76922154,39.24045423741442,-77.97053841144003,0,1,6442.51,0.010918939,5,1,false,false,0.06375163,1.0199459,8.792546,-1.7193123,0.01105818,3
53.346687,0.7694997,39.240450994689304,-77.97052902955733,0,1,6500.7573,0.007723178,5,1,false,false,0.09064698,1.2916317,7.174218,-1.71916,0.0075307,3
53.36847,0.769778,39.24044784212769,-77.97051953173545,0,1,6498.1655,0.003461475,5,1,false,false,0.27052474,1.3355162,7.642077,-1.7190458,0.0072670043,3
53.392185,0.7700564,39.24044459940257,-77.97051014985274,0,1,6483.689,0.0026622773,5,1,false,false,0.38198793,1.2257102,12.557826,-1.7189227,0.0084722955,3
53.410362,0.7703349,39.24044135667745,-77.97050065203086,0,1,6523.472,0.002129822,5,1,false,false,0.07555395,0.84062696,8.521835,-1.7187802,0.007391187,3
53.431046,0.77061355,39.2404382039784,-77.97049127014816,0,1,6565.453,-0.00053348544,5,1,false,false,-0.026331898,1.6819398,7.4526167,-1.7186356,0.009100176,3
53.468063,0.77089226,39.24043496125328,-77.97048177232628,0,1,6536.841,-0.005060901,5,1,false,false,0.6363419,2.4494665,12.013063,-1.7184688,0.010905328,3
53.504646,0.77117133,39.240431718528164,-77.9704722745044,0,1,6467.041,-0.007723178,5,1,false,false,-0.31488553,1.7710525,14.945749,-1.7182797,0.008602933,3
53.530605,0.7714504,39.24042856596655,-77.9704628926217,0,1,6486.1436,-0.01091894,5,1,false,false,-0.41947317,1.3917459,11.051001,-1.7182367,-0.00396374,3
53.55439,0.7717297,39.24042532324143,-77.97045339479982,0,1,6520.693,-0.021306455,5,1,false,false,0.35369664,1.4750022,10.659048,-1.7183546,-0.009287487,3
53.58487,0.7720091,39.24042208051632,-77.97044389697794,0,1,6477.2363,-0.029295348,5,1,false,false,0.03206011,1.930889,16.920914,-1.7184817,-0.008327333,3
53.61053,0.7722887,39.240418837791196,-77.97043439915606,0,1,6446.0684,-0.032757852,5,1,false,false,-1.208408,1.2679093,18.62683,-1.7186761,-0.01803799,3
53.62848,0.7725683,39.240415685092145,-77.97042490133418,0,1,6499.9976,-0.037818756,5,1,false,false,-0.89593583,1.1785251,9.941402,-1.7191176,-0.033851124,3
53.64934,0.77284807,39.240412442367024,-77.97041540421924,0,1,6521.8394,-0.04607439,5,1,false,false,-0.31619912,1.3862052,5.8539896,-1.7197036,-0.034752425,3
53.679943,0.77312803,39.2404091996419,-77.97040590639736,0,1,6477.5757,-0.04527518,5,1,false,false,-0.8285047,1.8062595,6.636676,-1.7202599,-0.03306571,3
53.691856,0.77340806,39.24040595691679,-77.97039640857548,0,1,6459.116,-0.03515441,5,1,false,false,-1.0690814,-0.0204258,7.4912405,-1.7208601,-0.038999036,3
53.687656,0.7736881,39.24040271419167,-77.9703869107536,0,1,6585,-0.023703016,5,1,false,false,-0.80537665,0.12084609,10.783308,-1.7215774,-0.04445188,3
53.695732,0.7739681,39.240399471466546,-77.9703775288709,0,1,6666.8896,-0.010386481,5,1,false,false,0.0781801,0.38020682,8.95347,-1.7223346,-0.044008903,3
53.716263,0.7742483,39.24039622887887,-77.97036803104902,0,1,6654.414,0.0037282188,5,1,false,false,-0.37681526,2.3459644,9.650145,-1.7229928,-0.03768651,3
53.7726,0.7745286,39.24039298615376,-77.97035853322714,0,1,6614.035,0.016511269,5,1,false,false,-0.33957386,3.1142216,12.416956,-1.7235891,-0.03239484,3
53.81721,0.7748092,39.240389743428636,-77.97034891946609,0,1,6494.6157,0.025300385,5,1,false,false,-1.2879982,2.472386,10.902141,-1.7240509,-0.027305342,3
53.849056,0.7750899,39.240386500703515,-77.97033942164421,0,1,6494.753,0.0263653,5,1,false,false,-0.56070423,1.472126,11.694635,-1.7243874,-0.014309523,3
53.868134,0.7753709,39.2403832579784,-77.97032992452928,0,1,6530.966,0.022637082,5,1,false,false,-0.669818,1.1731435,13.00848,-1.7245035,-0.0013294815,3
53.888348,0.7756519,39.24038001525328,-77.9703204267074,0,1,6514.498,0.014913904,5,1,false,false,-0.79945,1.3306131,15.078939,-1.7244128,0.009933977,3
53.91123,0.7759331,39.24037677252816,-77.97031092888552,0,1,6515.9077,0.0058580386,5,1,false,false,-1.0553384,1.3427452,13.115801,-1.7242614,0.008306573,3
53.931202,0.7762143,39.240373529803044,-77.97030131512447,0,1,6539.34,-0.004261703,5,1,false,false,-0.78673315,1.1756333,10.975189,-1.7241355,0.006140688,3
53.951927,0.77649564,39.24037019691441,-77.97029181730258,0,1,6543.3174,-0.017311495,5,1,false,false,-0.795763,1.4216233,12.084549,-1.7240323,0.0051205955,3
53.975536,0.7767771,39.24036695432674,-77.9702823194807,0,1,6533.399,-0.024502218,5,1,false,false,-1.4890461,1.4474766,12.394887,-1.7239807,-0.0029110375,3
53.99604,0.77705866,39.240363711601624,-77.9702727064266,0,1,6537.8154,-0.030893743,5,1,false,false,-1.2634284,1.2336345,10.15951,-1.7241223,-0.014245029,3
54.015804,0.7773403,39.24036037871299,-77.97026320860472,0,1,6560.541,-0.03595362,5,1,false,false,-0.8624428,1.272571,9.1534815,-1.7244081,-0.019186825,3
54.037125,0.777622,39.24035713598787,-77.97025371078284,0,1,6562.0015,-0.037285265,5,1,false,false,-0.7611512,1.3600608,11.231309,-1.7247446,-0.018878357,3
54.059113,0.77790374,39.24035389326276,-77.97024409702179,0,1,6554.158,-0.03515441,5,1,false,false,-1.3851944,1.3622515,9.026177,-1.7251647,-0.030638264,3
54.079094,0.77818567,39.24035056051157,-77.97023459919991,0,1,6571.958,-0.033024587,5,1,false,false,-0.96765417,1.0830379,8.4026165,-1.7257305,-0.036024604,3
54.099785,0.7784677,39.24034731778645,-77.97022510137803,0,1,6592.3535,-0.029828832,5,1,false,false,-0.9421628,1.539333,12.670929,-1.7263337,-0.036344387,3
54.12199,0.77874976,39.24034398503527,-77.97021548832393,0,1,6579.989,-0.024502221,5,1,false,false,-1.3854206,1.3107264,9.696383,-1.7269708,-0.04090342,3
54.14338,0.779032,39.24034065214664,-77.97020599050205,0,1,6587.7534,-0.0215732,5,1,false,false,-1.0352385,1.3839209,8.114022,-1.7276657,-0.041955892,3
54.170246,0.7793142,39.24033740942152,-77.970196376741,0,1,6599.311,-0.019175606,5,1,false,false,-1.1624376,1.8091091,9.516574,-1.7283211,-0.03650269,3
54.195168,0.7795967,39.24033407667034,-77.97018687891912,0,1,6561.254,-0.015180644,5,1,false,false,-1.855113,1.4262019,10.6771145,-1.7288756,-0.032890625,3
54.215874,0.7798793,39.24033074391915,-77.97017726515807,0,1,6571.1523,-0.012517339,5,1,false,false,-1.0760624,1.0896312,7.558671,-1.7294439,-0.03233317,3
54.231884,0.78016186,39.24032750119404,-77.97016776804313,0,1,6611.937,-0.013848992,5,1,false,false,-0.8817458,1.0212941,7.0389786,-1.7299457,-0.02713947,3
54.25551,0.78044456,39.240324168442854,-77.97015815428207,0,1,6608.9746,-0.0151806455,5,1,false,false,-1.1199468,1.4646991,10.195776,-1.7303461,-0.020669153,3
54.275475,0.7807274,39.24032083555422,-77.97014854052102,0,1,6589.877,-0.012783051,5,1,false,false,-1.7388344,1.09839,8.832445,-1.7307242,-0.02717466,3
54.291927,0.78101027,39.24031750280304,-77.97013904269915,0,1,6637.4517,-0.01198488,5,1,false,false,-1.1464463,1.0764172,7.93852,-1.731191,-0.027340177,3
54.315163,0.7812933,39.24031416998314,-77.97012942964504,0,1,6657.0806,-0.013316536,5,1,false,false,-0.9691065,1.711027,10.251695,-1.7316339,-0.024588954,3
54.345768,0.78157634,39.24031083723195,-77.97011981588399,0,1,6604.856,-0.013848992,5,1,false,false,-1.7866726,1.8106887,11.990678,-1.7320019,-0.021948405,3
54.372746,0.78185964,39.240307504412044,-77.97011031806211,0,1,6593.8516,-0.011718137,5,1,false,false,-1.4475803,1.5149459,9.570923,-1.7324266,-0.027269712,3
54.394474,0.78214294,39.240304171592136,-77.97010070430106,0,1,6618.1147,-0.013049793,5,1,false,false,-1.2615718,1.3523587,9.321842,-1.7328348,-0.0219796,3
54.41877,0.7824265,39.24030083884095,-77.97009109124696,0,1,6600.636,-0.013848989,5,1,false,false,-1.2751408,1.518063,11.393777,-1.7331288,-0.0137169715,3
54.44112,0.78271,39.24029750602105,-77.97008159342508,0,1,6583.5825,-0.013316533,5,1,false,false,-1.9883332,1.3002673,11.980356,-1.7333288,-0.013173077,3
54.457672,0.7829937,39.24029408317508,-77.97007197966403,0,1,6615.469,-0.011718139,5,1,false,false,-1.4368417,0.9180548,8.872118,-1.7335826,-0.01593448,3
54.474953,0.78327745,39.24029075035517,-77.97006236590298,0,1,6641.493,-0.013049793,5,1,false,false,-1.0018,1.2630459,8.949118,-1.733839,-0.01475592,3
54.49904,0.7835613,39.240287417535264,-77.97005275214192,0,1,6628.694,-0.013848989,5,1,false,false,-1.0165815,1.5924535,10.623078,-1.7340641,-0.012368195,3
54.520985,0.7838453,39.24028399468929,-77.97004325502698,0,1,6613.215,-0.0130497925,5,1,false,false,-1.160788,1.1436181,10.46481,-1.734281,-0.01397788,3
54.540016,0.7841294,39.240280661869384,-77.97003364126593,0,1,6643.309,-0.0127830515,5,1,false,false,-0.84175503,1.2017655,8.955533,-1.7345314,-0.014603687,3
54.56059,0.7844135,39.24027723902341,-77.97002402750488,0,1,6655.423,-0.013316535,5,1,false,false,-0.91567487,1.3543777,7.9636497,-1.7347718,-0.014282938,3
54.584064,0.7846977,39.24027390620351,-77.97001441374383,0,1,6636.3105,-0.011984879,5,1,false,false,-0.78098214,1.4841744,11.519352,-1.734981,-0.010246571,3
54.60727,0.7849821,39.24027048335754,-77.97000480068972,0,1,6635.033,-0.00772318,5,1,false,false,-1.6060134,1.3925838,12.897167,-1.735168,-0.014749607,3
54.62597,0.78526664,39.24026715053763,-77.96999518692867,0,1,6649.87,-0.006125811,5,1,false,false,-0.58872265,1.0813628,11.690288,-1.7354345,-0.014445221,3
54.64811,0.78555113,39.24026372769166,-77.96998557316762,0,1,6664.462,-0.006125812,5,1,false,false,-1.020046,1.734105,11.676736,-1.7356495,-0.013175855,3
54.677425,0.78583586,39.240260394871754,-77.96997596011352,0,1,6633.8755,-0.0074574645,5,1,false,false,-1.1718389,1.8430125,12.409698,-1.7358129,-0.008637906,3
54.70296,0.78612065,39.24025697202578,-77.96996634635246,0,1,6601.8823,-0.009587285,5,1,false,false,-1.0585986,1.4558879,10.479499,-1.7359732,-0.01116904,3
54.721497,0.7864057,39.24025354917981,-77.96995673259141,0,1,6620.1855,-0.01304979,5,1,false,false,-0.9512929,1.0544989,9.670846,-1.7361315,-0.007583654,3
54.736916,0.78669065,39.24025012626512,-77.96994711883036,0,1,6636.4497,-0.0127830515,5,1,false,false,-0.9386673,1.0867592,13.079532,-1.7362671,-0.008741655,3
54.75343,0.7869757,39.24024679351394,-77.96993750577626,0,1,6640.772,-0.013582247,5,1,false,false,-0.9999472,1.017645,11.143131,-1.7364429,-0.012750094,3
54.76923,0.7872609,39.240243370599245,-77.96992789201519,0,1,6664.7866,-0.01811069,5,1,false,false,-0.618851,1.1407158,7.6644917,-1.7366623,-0.012955436,3
54.789314,0.78754616,39.240239947753274,-77.96991827825414,0,1,6679.959,-0.023437303,5,1,false,false,-0.4040062,1.4120488,9.324331,-1.7368534,-0.008686155,3
54.81338,0.7878315,39.2402365249073,-77.96990866520004,0,1,6652.147,-0.025567126,5,1,false,false,-1.5245665,1.4524078,10.838052,-1.7370028,-0.012372532,3
54.83033,0.788117,39.24023310199261,-77.96989905143899,0,1,6654.69,-0.029295344,5,1,false,false,-1.1990294,0.9020406,8.454358,-1.7373008,-0.021918027,3
54.846134,0.78840256,39.24022967914664,-77.96988943767794,0,1,6705.3696,-0.036752805,5,1,false,false,-0.8364761,1.1908921,8.700759,-1.7377021,-0.025214477,3
54.86971,0.7886881,39.24022625623194,-77.96987982391688,0,1,6692.1606,-0.044477016,5,1,false,false,-1.1895479,1.555342,11.935743,-1.7381152,-0.025630929,3
54.893963,0.788974,39.24022283338597,-77.9698700949236,0,1,6654.496,-0.046074387,5,1,false,false,-2.0651937,1.4590226,13.777579,-1.7386224,-0.03828974,3
54.91437,0.7892598,39.24021941054,-77.96986048116256,0,1,6682.4995,-0.0506018,5,1,false,false,-1.6526821,1.2851532,10.574842,-1.7393475,-0.048165962,3
54.934452,0.7895458,39.240215987625305,-77.9698508674015,0,1,6689.7676,-0.05619412,5,1,false,false,-1.402291,1.5033227,10.87175,-1.7401264,-0.04551984,3
54.961605,0.7898318,39.240212564779334,-77.9698412543474,0,1,6652.2827,-0.060455825,5,1,false,false,-1.9059336,1.7479678,12.2424,-1.740866,-0.043666776,3
54.982296,0.79011804,39.240209051838576,-77.96983164058635,0,1,6635.136,-0.0644508,5,1,false,false,-2.149126,1.0043631,9.10423,-1.7416046,-0.045128018,3
54.99499,0.79040426,39.240205628992605,-77.96982191088613,0,1,6674.6016,-0.07084232,5,1,false,false,-1.76988,0.7957441,9.038272,-1.7423841,-0.047041077,3
55.008625,0.7906906,39.24020220607791,-77.96981229783201,0,1,6697.816,-0.07723384,5,1,false,false,-2.2517774,1.0158817,11.080558,-1.7432014,-0.051481776,3
55.02482,0.79097694,39.24019869313715,-77.96980268407096,0,1,6694.8887,-0.08096207,5,1,false,false,-2.5665698,1.1101422,10.111277,-1.7441498,-0.063116305,3
55.041763,0.7912633,39.24019527029118,-77.9697930703099,0,1,6717.2026,-0.08602294,5,1,false,false,-2.5199764,1.1489736,8.958706,-1.745291,-0.0742719,3
55.062252,0.79154974,39.24019175735042,-77.96978334131663,0,1,6729.1484,-0.089751184,5,1,false,false,-2.5424423,1.4719647,8.672666,-1.7465874,-0.08044052,3
55.08618,0.79183626,39.240188244409666,-77.96977372755558,0,1,6703.6714,-0.092414476,5,1,false,false,-2.6925294,1.5901486,8.406068,-1.7479452,-0.08201006,3
55.10893,0.7921229,39.24018473146891,-77.96976411379453,0,1,6692.6216,-0.09401183,5,1,false,false,-2.9802775,1.3702995,8.887927,-1.7493193,-0.08288549,3
55.12693,0.79240966,39.24018130855421,-77.96975450003347,0,1,6706.245,-0.09401185,5,1,false,false,-2.968581,1.0813707,8.284886,-1.750722,-0.084690295,3
55.143063,0.79269654,39.240177795613455,-77.9697447710402,0,1,6717.9673,-0.09134958,5,1,false,false,-2.9578428,1.0725145,7.4582233,-1.752154,-0.087066986,3
55.160465,0.79298353,39.2401742826727,-77.96973515727915,0,1,6727.033,-0.087087855,5,1,false,false,-2.8779867,1.1846861,7.3608427,-1.7536287,-0.088889666,3
55.17876,0.7932706,39.24017076973194,-77.9697255435181,0,1,6733.178,-0.08202802,5,1,false,false,-2.8322265,1.1492585,7.2123547,-1.7551209,-0.08890781,3
55.1965,0.7935577,39.240167166696395,-77.96971593046399,0,1,6740.778,-0.077766284,5,1,false,false,-2.7476792,1.1655371,5.957546,-1.7566113,-0.08874808,3
55.21402,0.7938449,39.24016365375564,-77.96970631670293,0,1,6754.1655,-0.07457054,5,1,false,false,-2.5187678,1.0980363,4.4748406,-1.7580836,-0.08614287,3
55.231503,0.79413223,39.24016014081488,-77.9696965870027,0,1,6765.9155,-0.0724397,5,1,false,false,-2.5902603,1.0829824,5.507627,-1.7595,-0.08224293,3
55.247757,0.7944197,39.240156537779335,-77.9696869739486,0,1,6775.9585,-0.07137476,5,1,false,false,-3.4590771,0.8902093,8.087159,-1.7609304,-0.09008298,3
55.259003,0.7947072,39.24015302483858,-77.96967736018755,0,1,6801.293,-0.071374774,5,1,false,false,-3.734371,0.75734687,9.75014,-1.7625796,-0.108223334,3
55.279957,0.79499483,39.24014942180303,-77.9696677464265,0,1,6833.3374,-0.071374774,5,1,false,false,-4.418919,1.8017709,11.139856,-1.764554,-0.12959522,3
55.318485,0.7952826,39.240145818836204,-77.96965813337239,0,1,6784.8643,-0.07030985,5,1,false,false,-5.331408,2.6902773,11.608933,-1.766769,-0.13557225,3
55.358704,0.79557055,39.24014221580066,-77.96964851961134,0,1,6693.676,-0.068179026,5,1,false,false,-6.283144,2.3217616,14.472745,-1.7689227,-0.12501398,3
55.38523,0.7958587,39.240138612765115,-77.96963878991112,0,1,6676.6265,-0.0660492,5,1,false,false,-6.425977,1.3806372,13.880226,-1.7708089,-0.10226455,3
55.400265,0.7961469,39.24013500972957,-77.96962917685701,0,1,6699.1445,-0.06524998,5,1,false,false,-6.3471146,1.0101924,13.103388,-1.7723308,-0.08243284,3
55.415672,0.7964352,39.240131406694026,-77.96961956309596,0,1,6699.778,-0.06658166,5,1,false,false,-6.0796046,1.1749334,13.095356,-1.7735112,-0.062309485,3
55.43285,0.7967236,39.24012771363241,-77.96960994933491,0,1,6693.5166,-0.06871145,5,1,false,false,-5.2106504,1.1650902,10.204367,-1.7744315,-0.048247654,3
55.44904,0.7970121,39.24012402050208,-77.96960033557386,0,1,6704.304,-0.073238865,5,1,false,false,-3.9120002,1.021882,6.829525,-1.7750769,-0.028726459,3
55.463486,0.79730076,39.24012032744047,-77.96959083845891,0,1,6720.6597,-0.07909794,5,1,false,false,-3.5235798,0.90136003,5.8674345,-1.7754561,-0.01592521,3
55.474667,0.7975894,39.24011672440492,-77.96958122469786,0,1,6733.824,-0.09055036,5,1,false,false,-3.8089848,0.5971126,7.250478,-1.775746,-0.020518212,3
55.477432,0.7978781,39.240112941248526,-77.96957161093681,0,1,6774.25,-0.103599146,5,1,false,false,-3.3523633,0.036617003,6.2259707,-1.7762576,-0.04149992,3
55.48206,0.7981668,39.240109248118195,-77.96956199717576,0,1,6846.844,-0.11425341,5,1,false,false,-3.3225844,0.6313836,5.297937,-1.7771833,-0.06823554,3
55.500526,0.7984556,39.24010555505658,-77.96955238412166,0,1,6861.7646,-0.119578965,5,1,false,false,-3.7403376,1.4344553,7.3909516,-1.7785147,-0.09097717,3
55.527195,0.7987445,39.24010186192625,-77.9695427703606,0,1,6823.1816,-0.11798163,5,1,false,false,-3.8567758,1.7654963,7.101989,-1.7802218,-0.11246479,3
55.556767,0.7990336,39.240098078769854,-77.96953327253873,0,1,6810.711,-0.10999167,5,1,false,false,-3.3340073,1.7842598,5.526012,-1.7821872,-0.12043033,3
55.588272,0.7993228,39.240094385639516,-77.96952365877767,0,1,6794.134,-0.10067012,5,1,false,false,-3.0753846,1.9473927,5.0988936,-1.7841187,-0.107765965,3
55.617058,0.79961216,39.24009060248312,-77.96951404572357,0,1,6751.164,-0.092946924,5,1,false,false,-3.2431653,1.5677327,4.3376727,-1.7857513,-0.087015584,3
55.635952,0.79990166,39.240086909421514,-77.96950443196252,0,1,6753.218,-0.090550385,5,1,false,false,-2.8551037,0.75311345,3.765634,-1.7870349,-0.06701049,3
55.642223,0.8001912,39.24008312619639,-77.96949493414064,0,1,6806.4966,-0.09081712,5,1,false,false,-3.9429393,0.22631466,7.056931,-1.7882394,-0.0801211,3
55.64469,0.8004809,39.240079343039994,-77.96948532037959,0,1,6857.5103,-0.095077805,5,1,false,false,-3.3800707,0.07925056,4.7579226,-1.7897702,-0.10191422,3
55.652042,0.8007705,39.24007555988359,-77.96947570732547,0,1,6906.108,-0.097474344,5,1,false,false,-3.166569,0.97039336,3.8815212,-1.7916292,-0.11980476,3
55.68486,0.80106026,39.2400717767272,-77.96946609356442,0,1,6902.963,-0.09987091,5,1,false,false,-3.7955458,2.1289237,5.2504997,-1.7936466,-0.119320944,3
55.71724,0.8013501,39.24006790347601,-77.96945659574254,0,1,6820.815,-0.10040338,5,1,false,false,-4.4711246,1.6726229,6.7772145,-1.7956374,-0.12105007,3
55.74285,0.8016402,39.240064120319616,-77.96944698198149,0,1,6827.923,-0.09987091,5,1,false,false,-4.631091,1.3837757,6.066009,-1.7977377,-0.13015115,3
55.76468,0.8019304,39.24006033709449,-77.96943736892739,0,1,6855.6104,-0.09507781,5,1,false,false,-4.3853498,1.3390583,5.040462,-1.7999339,-0.13123323,3
55.792423,0.8022207,39.24005646384331,-77.96942787110551,0,1,6822.5303,-0.088686265,5,1,false,false,-4.546537,1.6816801,6.137118,-1.8020214,-0.11709497,3
55.818897,0.8025112,39.24005259059212,-77.96941825734446,0,1,6797.0737,-0.083359666,5,1,false,false,-4.801593,1.3359149,6.4445324,-1.8038619,-0.1043109,3
55.83691,0.8028018,39.24004871734094,-77.96940875952258,0,1,6819.871,-0.07856548,5,1,false,false,-4.4879293,0.7895519,4.9790483,-1.805554,-0.09983305,3
55.850895,0.8030924,39.24004484408975,-77.96939914576153,0,1,6850.271,-0.07536973,5,1,false,false,-4.398932,0.84124064,5.386796,-1.8072342,-0.10175523,3
55.870216,0.8033832,39.24004097083857,-77.9693896486466,0,1,6859.2734,-0.074304804,5,1,false,false,-4.3074803,1.0755317,4.547084,-1.808931,-0.10073959,3
55.888687,0.80367404,39.240037097656106,-77.96938003488555,0,1,6858.1636,-0.07403807,5,1,false,false,-4.3265615,0.906991,4.9115963,-1.8106147,-0.10234313,3
55.90736,0.80396503,39.24003322440492,-77.96937053706367,0,1,6882.532,-0.072973154,5,1,false,false,-4.958082,1.0534927,6.2660475,-1.812413,-0.11375116,3
55.926373,0.804256,39.24002926105895,-77.96936092330262,0,1,6892.683,-0.06764657,5,1,false,false,-4.8352704,1.041022,5.6547346,-1.8144485,-0.12927605,3
55.950424,0.8045472,39.24002538780776,-77.96935142548072,0,1,6892.5767,-0.058590703,5,1,false,false,-4.9007354,1.581881,6.191211,-1.8166752,-0.13596073,3
55.983208,0.80483854,39.24002142446179,-77.96934192765885,0,1,6875.014,-0.04687359,5,1,false,false,-5.133728,1.8996595,6.295928,-1.8189245,-0.12910467,3
56.014942,0.80512995,39.24001746118454,-77.96933231460474,0,1,6830.8867,-0.035421155,5,1,false,false,-5.93616,1.4964607,7.6628056,-1.8209245,-0.11161519,3
56.03999,0.80542153,39.24001349783857,-77.96932281678286,0,1,6829.1406,-0.027964724,5,1,false,false,-6.281132,1.2827005,9.308327,-1.8227714,-0.10863033,3
56.061398,0.80571336,39.24000953449259,-77.96931331896099,0,1,6846.978,-0.021573197,5,1,false,false,-6.5334115,1.1069906,9.553609,-1.8245556,-0.10603418,3
56.084972,0.8060052,39.240005481120555,-77.9693038211391,0,1,6843.1064,-0.014381448,5,1,false,false,-6.4146748,1.6367846,9.030573,-1.8263062,-0.10190351,3
56.114315,0.80629706,39.24000151777459,-77.96929432331723,0,1,6818.5435,-0.012783051,5,1,false,false,-6.130634,1.5249585,7.3758593,-1.8277742,-0.07223801,3
56.140812,0.80658907,39.23999746440255,-77.96928470955618,0,1,6800.854,-0.014114705,5,1,false,false,-5.438781,1.3590102,6.572627,-1.8286742,-0.033969134,3
56.162727,0.8068812,39.23999341096179,-77.96927521244125,0,1,6806.4585,-0.02024155,5,1,false,false,-5.151795,0.9213874,5.6766424,-1.8289727,-0.0015545441,3
56.17698,0.8071734,39.23998935758975,-77.96926571461937,0,1,6824.2905,-0.030627003,5,1,false,false,-5.448227,0.4842991,8.633572,-1.82897,-0.000393766,3
56.187645,0.8074656,39.23998530421771,-77.96925621679749,0,1,6866.125,-0.041546967,5,1,false,false,-5.0538955,0.48527497,7.68926,-1.8291534,-0.020930048,3
56.198967,0.8077579,39.23998116068217,-77.96924683491478,0,1,6908.624,-0.04820524,5,1,false,false,-4.655059,0.7131603,7.702103,-1.8297094,-0.0450684,3
56.230183,0.80805033,39.23997710731013,-77.9692373370929,0,1,6912.504,-0.05406327,5,1,false,false,-5.293123,1.9217519,9.166647,-1.8305774,-0.05711231,3
56.264954,0.80834293,39.23997296384331,-77.96922783927103,0,1,6847.914,-0.058058247,5,1,false,false,-5.0523286,1.8350785,9.813683,-1.8315302,-0.055976056,3
56.29602,0.80863565,39.23996891047127,-77.96921834144914,0,1,6830.2554,-0.05965766,5,1,false,false,-6.389733,1.4519944,12.969389,-1.8324859,-0.06218636,3
56.320248,0.80892855,39.23996476693572,-77.96920884362726,0,1,6839.2153,-0.059657663,5,1,false,false,-7.1021647,1.1953497,15.942473,-1.8335859,-0.07226377,3
56.34345,0.8092216,39.239960623468896,-77.96919934580538,0,1,6827.046,-0.053530827,5,1,false,false,-6.960156,1.3195809,14.858568,-1.8348706,-0.08416743,3
56.368484,0.8095148,39.239956389907285,-77.96918996392267,0,1,6816.171,-0.043145373,5,1,false,false,-6.384443,1.3279872,14.450486,-1.8362252,-0.07852742,3
56.391563,0.80980814,39.23995224644046,-77.9691804661008,0,1,6805.9453,-0.030627005,5,1,false,false,-5.705281,1.1927978,12.879194,-1.8373467,-0.056401584,3
56.411995,0.81010157,39.23994801287885,-77.96917108421809,0,1,6798.9844,-0.02050726,5,1,false,false,-5.240403,0.988629,14.721662,-1.8380516,-0.029467488,3
56.428688,0.8103951,39.23994377938596,-77.96916158710316,0,1,6811.351,-0.018643145,5,1,false,false,-5.092372,0.76178485,16.487522,-1.8384227,-0.018910723,3
56.444252,0.81068873,39.239939635919136,-77.96915208928128,0,1,6833.65,-0.020507261,5,1,false,false,-4.4007688,0.832116,15.483852,-1.838706,-0.01772282,3
56.462814,0.8109825,39.239935402357524,-77.96914270739857,0,1,6844.83,-0.02503467,5,1,false,false,-4.151438,1.0932397,13.638466,-1.8390406,-0.024690518,3
56.485943,0.8112763,39.23993107870112,-77.96913332551587,0,1,6834.412,-0.030094549,5,1,false,false,-3.7515986,1.3012354,12.955164,-1.8394289,-0.022062868,3
56.507988,0.81157035,39.23992684513951,-77.96912382769399,0,1,6819.6377,-0.036220353,5,1,false,false,-3.5110097,1.1403742,12.727518,-1.8397483,-0.017451558,3
56.526997,0.8118645,39.239922611577896,-77.96911444581129,0,1,6823.88,-0.04341109,5,1,false,false,-3.34767,0.90688556,12.534108,-1.8400054,-0.014683693,3
56.543148,0.8121587,39.23991828799022,-77.96910494798941,0,1,6839.4995,-0.049802605,5,1,false,false,-3.042464,0.8685943,11.537952,-1.8402838,-0.019664153,3
56.560406,0.81245303,39.23991405442861,-77.9690955661067,0,1,6851.3306,-0.05752578,5,1,false,false,-2.6824863,0.95043534,10.09461,-1.8406565,-0.024527684,3
56.579334,0.8127475,39.23990973077221,-77.969086184224,0,1,6854.648,-0.06311913,5,1,false,false,-2.6295938,1.0151762,8.672954,-1.8411204,-0.03146687,3
56.59877,0.813042,39.239905497279324,-77.9690766864021,0,1,6858.8335,-0.06764657,5,1,false,false,-2.2457397,0.97534955,7.1149454,-1.8416827,-0.03540542,3
56.616684,0.8133366,39.23990117362292,-77.9690673045194,0,1,6866.846,-0.07057557,5,1,false,false,-2.0375283,0.85740256,5.7645726,-1.8422928,-0.03858796,3
56.631847,0.8136313,39.239896850035244,-77.96905780669752,0,1,6883.7056,-0.071907245,5,1,false,false,-1.8238449,0.6256249,5.3026934,-1.842961,-0.042632833,3
56.644196,0.8139261,39.239892526378846,-77.96904842481482,0,1,6912.612,-0.07110905,5,1,false,false,-1.657495,0.4423209,4.3570704,-1.8437142,-0.04852269,3
56.65403,0.81422096,39.23988820272245,-77.96903904293211,0,1,6950.402,-0.068711475,5,1,false,false,-2.1329262,0.42582506,7.124305,-1.84459,-0.058874954,3
56.668026,0.8145159,39.239883879134766,-77.96902954511023,0,1,6983.5693,-0.064717524,5,1,false,false,-2.1838698,0.7184775,8.386171,-1.8457034,-0.07428976,3
56.68592,0.8148109,39.23987955547837,-77.96902016322753,0,1,6997.4277,-0.058058232,5,1,false,false,-2.2160559,1.2800869,7.997126,-1.8470608,-0.0872745,3
56.726254,0.815106,39.23987523189069,-77.96901078134482,0,1,6974.8267,-0.049802598,5,1,false,false,-2.9420989,2.5451198,11.641902,-1.8485833,-0.09328404,3
56.768047,0.8154014,39.239870908234295,-77.96900139946212,0,1,6881.351,-0.041813713,5,1,false,false,-3.8082325,2.156913,15.688854,-1.8501225,-0.09129458,3
56.798603,0.8156969,39.23986658464662,-77.96899190164024,0,1,6849.412,-0.038351204,5,1,false,false,-3.6238894,1.3067687,14.962112,-1.8516129,-0.08559594,3
56.818172,0.81599265,39.23986217089543,-77.96898251975753,0,1,6878.233,-0.035953626,5,1,false,false,-4.0155573,1.0317626,13.939833,-1.8528991,-0.06960361,3
56.837704,0.81628853,39.23985784730775,-77.96897313787483,0,1,6865.4,-0.030094549,5,1,false,false,-4.187139,1.1457193,15.491916,-1.8539249,-0.053267762,3
56.858055,0.81658447,39.23985343355657,-77.96896364005295,0,1,6841.248,-0.026099585,5,1,false,false,-3.828995,1.0551484,14.301591,-1.8547006,-0.040001094,3
56.872528,0.8168806,39.2398490198741,-77.96895425817024,0,1,6860.8887,-0.026099583,5,1,false,false,-3.5375438,0.6713355,13.253833,-1.8552794,-0.03107578,3
56.885937,0.8171767,39.23984460619164,-77.96894487628754,0,1,6888.963,-0.027431233,5,1,false,false,-2.853255,0.73857915,10.785856,-1.8557554,-0.025872197,3
56.902153,0.81747293,39.23984019250918,-77.96893549440483,0,1,6889.8115,-0.027697982,5,1,false,false,-2.8245804,0.92514896,10.6474285,-1.8561695,-0.025041983,3
56.920902,0.8177693,39.239835778757985,-77.96892599658295,0,1,6889.96,-0.02769798,5,1,false,false,-2.7329464,0.8926089,11.692886,-1.8565799,-0.025375418,3
56.936485,0.81806576,39.239831365075524,-77.96891661470023,0,1,6902.883,-0.030361291,5,1,false,false,-2.1627002,0.8346229,10.223735,-1.8570435,-0.028858714,3
56.953587,0.81836224,39.23982695139306,-77.96890723281753,0,1,6920.6934,-0.035154417,5,1,false,false,-2.2391653,1.008567,10.559375,-1.8575311,-0.030520864,3
56.973534,0.81865895,39.239822537710594,-77.96889785093482,0,1,6916.956,-0.04021532,5,1,false,false,-2.1336129,1.1019925,10.854155,-1.8580657,-0.031888995,3
56.99446,0.81895566,39.239818033933346,-77.96888846905212,0,1,6908.6855,-0.046873588,5,1,false,false,-2.8097775,1.1166108,11.040056,-1.8586433,-0.03948933,3
57.013958,0.8192525,39.239813620182154,-77.96887908716941,0,1,6913.338,-0.05193346,5,1,false,false,-2.7035832,1.108966,12.981465,-1.8593407,-0.043537535,3
57.03347,0.81954956,39.23980920649969,-77.9688697052867,0,1,6916.9277,-0.05379757,5,1,false,false,-2.5879886,1.1099236,8.815998,-1.8601453,-0.05117221,3
57.053295,0.8198466,39.239804702722445,-77.96886020746483,0,1,6907.538,-0.054063283,5,1,false,false,-2.563341,1.072243,10.802981,-1.8609713,-0.048932914,3
57.073074,0.8201438,39.23980019894519,-77.96885082558212,0,1,6906.178,-0.04980261,5,1,false,false,-2.568715,0.963357,12.928969,-1.8618494,-0.054927222,3
57.085655,0.8204411,39.23979578526273,-77.96884144369942,0,1,6919.031,-0.04554194,5,1,false,false,-2.7270777,0.754018,12.8496475,-1.8627741,-0.059884224,3
57.103252,0.82073855,39.23979128148547,-77.96883206181671,0,1,6945.4385,-0.03888366,5,1,false,false,-2.4947467,1.0086515,12.604372,-1.8638405,-0.06529858,3
57.124935,0.8210361,39.239786777708225,-77.96882267993401,0,1,6931.173,-0.033557042,5,1,false,false,-3.047487,1.4976078,13.1319685,-1.8649269,-0.06718785,3
57.14884,0.82133377,39.23978227393097,-77.9688132980513,0,1,6902.395,-0.027165525,5,1,false,false,-2.6654625,1.2904179,14.859317,-1.865975,-0.056530554,3
57.167847,0.82163155,39.23977777015372,-77.9688039161686,0,1,6897.803,-0.02343731,5,1,false,false,-2.9340947,1.0378027,13.241448,-1.8668907,-0.052040074,3
57.18319,0.8219295,39.23977326637647,-77.96879453428589,0,1,6906.0146,-0.02317056,5,1,false,false,-3.0768843,0.8717224,15.222262,-1.8676463,-0.03986807,3
57.19825,0.8222276,39.23976867250443,-77.96878515240319,0,1,6907.6143,-0.023170564,5,1,false,false,-2.74972,0.9820854,13.59929,-1.8682756,-0.034659673,3
57.212616,0.8225256,39.23976416872718,-77.96877577052048,0,1,6910.1943,-0.023170564,5,1,false,false,-2.7473285,0.9013149,10.480948,-1.8687972,-0.030023683,3
57.22749,0.82282376,39.23975966494993,-77.96876638793083,0,1,6919.8237,-0.023170564,5,1,false,false,-1.8803523,0.86427563,9.483934,-1.8692731,-0.02409715,3
57.241615,0.823122,39.23975507107789,-77.96875700604811,0,1,6922.82,-0.023170564,5,1,false,false,-1.8219596,0.7555445,7.8567185,-1.8696033,-0.016598215,3
57.25305,0.8234203,39.23975056730064,-77.9687476241654,0,1,6935.7104,-0.022638112,5,1,false,false,-1.5518758,0.60857636,7.6851683,-1.8698637,-0.015355676,3
57.26348,0.8237186,39.23974597346296,-77.9687382422827,0,1,6966.2695,-0.02183891,5,1,false,false,-1.6648635,0.48339784,8.368938,-1.8701401,-0.019458465,3
57.272247,0.82401705,39.23974146968571,-77.96872886039999,0,1,6994.145,-0.020773996,5,1,false,false,-1.6001769,0.6766426,9.918543,-1.8705127,-0.02587318,3
57.287525,0.82431555,39.23973687584803,-77.96871947851729,0,1,7016.036,-0.019175604,5,1,false,false,-1.5745867,1.001614,8.788835,-1.8709896,-0.031320456,3
57.30948,0.82461405,39.23973228197599,-77.96871021257375,0,1,7008.8945,-0.017045785,5,1,false,false,-1.7285966,1.5987093,9.95584,-1.8715533,-0.035860147,3
57.340702,0.8249128,39.239727688138316,-77.96870083069105,0,1,6972.767,-0.014647159,5,1,false,false,-1.8646921,1.8102999,12.380439,-1.8721256,-0.032924354,3
57.366436,0.8252117,39.23972318436106,-77.96869144880834,0,1,6930.9917,-0.012783051,5,1,false,false,-1.6429867,1.3788736,12.097533,-1.8726417,-0.026991187,3
57.385117,0.8255106,39.239718590489026,-77.96868206692564,0,1,6933.478,-0.01171814,5,1,false,false,-1.9220961,0.9302394,10.874629,-1.873056,-0.022990007,3
57.39994,0.82580966,39.239713996651346,-77.96867268504293,0,1,6945.1816,-0.011718138,5,1,false,false,-1.7260357,0.94203466,10.432263,-1.8733969,-0.017488685,3
57.415203,0.8261089,39.239709402813666,-77.96866330316023,0,1,6938.5938,-0.013049793,5,1,false,false,-1.5068889,0.83933306,8.431091,-1.8736445,-0.012780251,3
57.428577,0.826408,39.23970480894163,-77.96865392127752,0,1,6943.951,-0.015180645,5,1,false,false,-1.3091803,0.6957285,7.4885316,-1.8738053,-0.0081410045,3
57.438526,0.8267073,39.23970021510395,-77.96864453939482,0,1,6972.5244,-0.017311493,5,1,false,false,-1.1702229,0.50753963,7.5783143,-1.8739418,-0.009058506,3
57.446407,0.8270066,39.23969553117149,-77.96863515751211,0,1,6999.9077,-0.019709088,5,1,false,false,-1.2114737,0.34494922,7.708183,-1.8741126,-0.01234705,3
57.4553,0.827306,39.23969093729945,-77.9686257756294,0,1,7031.606,-0.021573203,5,1,false,false,-1.1536351,0.61433786,7.1929803,-1.874366,-0.017790664,3
57.470585,0.8276054,39.23968634346177,-77.9686163937467,0,1,7052.061,-0.02290382,5,1,false,false,-1.2075062,1.0032663,7.3565016,-1.8746979,-0.022139877,3
57.493847,0.8279049,39.239681749589735,-77.968607011864,0,1,7037.341,-0.023437303,5,1,false,false,-1.2619231,1.5429868,7.6050854,-1.8751087,-0.026534965,3
57.52084,0.8282046,39.23967706569163,-77.96859762998128,0,1,7006.2544,-0.02317056,5,1,false,false,-1.3409203,1.4966786,9.216565,-1.8755751,-0.029128976,3
57.54439,0.8285044,39.23967247181959,-77.96858824809857,0,1,6990.972,-0.021838915,5,1,false,false,-1.2842146,1.2916405,9.19242,-1.8760692,-0.02957568,3
57.564667,0.82880425,39.239667877981915,-77.96857886621586,0,1,6989.3276,-0.0191756,5,1,false,false,-1.342277,1.0563363,10.0374565,-1.8765746,-0.030865703,3
57.58306,0.82910424,39.23966319404945,-77.96856948362621,0,1,6987.373,-0.017578237,5,1,false,false,-1.364669,1.0722343,13.160618,-1.877081,-0.030292967,3
57.600758,0.82940435,39.23965860017741,-77.9685601017435,0,1,6986.958,-0.015714126,5,1,false,false,-1.5738674,1.0110366,12.242412,-1.8775843,-0.029651059,3
57.61917,0.8297045,39.23965391627931,-77.9685507198608,0,1,6986.0425,-0.015446356,5,1,false,false,-1.7451866,1.076922,12.956968,-1.8780663,-0.029637106,3
57.638145,0.8300048,39.23964932240727,-77.9685413379781,0,1,6979.3096,-0.016246583,5,1,false,false,-1.6667789,1.1344459,13.466142,-1.878542,-0.027611457,3
57.655773,0.8303052,39.2396446384748,-77.96853195609539,0,1,6968.292,-0.018377433,5,1,false,false,-1.9118717,1.0427295,13.505196,-1.8789638,-0.025284939,3
57.67146,0.8306057,39.23963995454234,-77.96852257421268,0,1,6967.9814,-0.02024155,5,1,false,false,-1.7753425,0.8918875,12.988542,-1.8793591,-0.02288075,3
57.685467,0.8309063,39.239635270609874,-77.96851319232998,0,1,6971.8647,-0.022371365,5,1,false,false,-1.6807058,0.87951535,13.071978,-1.8797388,-0.02296733,3
57.69938,0.8312069,39.239630676772194,-77.96850381044727,0,1,6974.177,-0.02476896,5,1,false,false,-1.6337922,0.84208673,11.5016165,-1.8800895,-0.019556275,3
57.712563,0.8315076,39.239625992839734,-77.96849442856457,0,1,6976.669,-0.027165525,5,1,false,false,-1.6098729,0.78917503,10.8687935,-1.8804188,-0.019755881,3
57.725445,0.8318084,39.23962130890727,-77.96848504668186,0,1,6986.106,-0.031159457,5,1,false,false,-1.373703,0.7721367,11.770036,-1.8807541,-0.019677998,3
57.737617,0.8321092,39.2396166249748,-77.96847566479916,0,1,6996.1367,-0.039150406,5,1,false,false,-1.7733701,0.7892719,11.786353,-1.8810922,-0.022455852,3
57.750595,0.83241016,39.239611941076696,-77.96846628291645,0,1,7006.798,-0.051400993,5,1,false,false,-2.0482347,0.8254372,10.777547,-1.8815004,-0.02823603,3
57.76577,0.8327111,39.239607257144236,-77.96845701697292,0,1,7012.5522,-0.065515704,5,1,false,false,-2.0549238,0.988447,11.775485,-1.8820543,-0.038243875,3
57.782207,0.8330121,39.23960248311698,-77.96844763509021,0,1,7007.043,-0.0865554,5,1,false,false,-2.7228713,1.0497946,12.785095,-1.8827587,-0.04919168,3
57.798344,0.8333133,39.239597799184516,-77.96843825320751,0,0.99986124,7002.8315,-0.11292175,5,1,false,false,-3.2730694,1.0180392,12.748811,-1.8836797,-0.063575454,3
57.81379,0.8336143,39.23959311528641,-77.96842887132479,0.066364825,0.9290682,7001.808,-0.1459453,5,1,false,false,-4.179639,0.96039015,13.786265,-1.8849103,-0.085952066,3
57.818523,0.8339155,39.23958834125916,-77.96841948944208,0.2382938,0.83164054,6981.0586,-0.18109977,5,1,false,false,-4.959551,-0.042335346,14.016987,-1.8865583,-0.11215478,3
57.784836,0.8342166,39.2395836573267,-77.96841010755938,0.30644587,0.710276,6930.4023,-0.21332513,5,1,false,false,-5.807616,-3.0722,13.873388,-1.8886671,-0.14098312,3
57.71001,0.83451724,39.239578883333806,-77.9684008409089,0.3575598,0.59631014,6880.595,-0.23889229,5,1,false,false,-6.801876,-5.200867,13.635111,-1.8912457,-0.16941668,3
57.60327,0.83481747,39.23957419940134,-77.9683914590262,0.4037888,0.50702083,6860.844,-0.25433856,5,1,false,false,-7.476089,-6.9071927,13.611347,-1.8943131,-0.19866943,3
57.471752,0.83511704,39.23956942540845,-77.96838219308266,0.42606944,0.43326813,6837.761,-0.26472607,5,1,false,false,-7.985064,-8.14546,12.589362,-1.8978431,-0.22426075,3
57.326775,0.8354158,39.239564651415556,-77.96837292713913,0.43238416,0.36321473,6799.072,-0.27644327,5,1,false,false,-8.3011,-8.761837,11.945984,-1.9017664,-0.24531874,3
57.174232,0.8357138,39.2395598773883,-77.96836377713477,0.4297629,0.27688473,6761.0103,-0.28656405,5,1,false,false,-8.743998,-9.21812,10.9608555,-1.9060085,-0.26339436,3
57.011944,0.83601093,39.23955510339542,-77.96835462642346,0.41713327,0.21324319,6733.2495,-0.29588556,5,1,false,false,-9.429182,-9.65308,11.110949,-1.9105595,-0.28417516,3
56.846302,0.8363072,39.239550329402526,-77.9683454764191,0.4116525,0.14491597,6701.8145,-0.30174458,5,1,false,false,-9.705994,-9.639804,10.374004,-1.9155096,-0.30918676,3
56.683964,0.8366027,39.23954555537527,-77.96833644164697,0.3949721,0.12418511,6658.938,-0.30281055,5,1,false,false,-10.03488,-9.476351,10.50525,-1.9208539,-0.332757,3
56.519905,0.8368972,39.23954078138238,-77.96832740758178,0.38269982,0.11629349,6608.063,-0.29908127,5,1,false,false,-10.86884,-9.4966,9.901784,-1.9266312,-0.3600634,3
56.360016,0.8371909,39.23953600738949,-77.96831837280965,0.35636845,0.114567176,6555.5874,-0.29428715,5,1,false,false,-11.183921,-9.18083,9.687612,-1.9328125,-0.38113177,3
56.20333,0.83748376,39.239531233362236,-77.96830945468363,0.34314314,0.11185442,6503.9863,-0.2910914,5,1,false,false,-12.28112,-9.024083,10.167591,-1.939315,-0.39950106,3
56.04788,0.83777577,39.239526459369344,-77.96830053585067,0.31276065,0.10100347,6461.869,-0.28975978,5,1,false,false,-12.213676,-8.534468,9.032946,-1.9461454,-0.4150192,3
55.897636,0.838067,39.239521595281666,-77.96829173295689,0.2764208,0.09434493,6581.1924,-0.2881624,5,1,false,false,-11.81781,-8.70026,7.7727156,-1.9530176,-0.40800074,3
55.751858,0.8383575,39.23951673119399,-77.9682829300631,0.258668,0.08916606,6566.395,-0.28390178,5,1,false,false,-12.434548,-7.779527,8.485089,-1.9597092,-0.39583546,3
55.62345,0.8386472,39.239511957201096,-77.96827412787626,0.24234478,0.083247304,6501.9,-0.27697572,5,1,false,false,-11.993743,-6.6173844,7.0394797,-1.9662596,-0.38909054,3
55.514053,0.8389364,39.239507093113424,-77.96826544092164,0.21422614,0.083247304,6510.6567,-0.26925343,5,1,false,false,-10.170354,-5.7909074,5.415869,-1.9725276,-0.3620001,3
55.40903,0.839225,39.239502138965314,-77.96825675396703,0.19349454,0.081521034,6493.319,-0.26073122,5,1,false,false,-10.834241,-5.949265,5.4408994,-1.9783934,-0.34659535,3
55.29914,0.839513,39.239497274877635,-77.96824806701241,0.17347787,0.081521034,6457.5264,-0.25913382,5,1,false,false,-11.519679,-6.0930014,6.293499,-1.9842353,-0.3614308,3
55.19348,0.8398004,39.23949241082432,-77.96823949529002,0.16192062,0.079548135,6449.548,-0.26632354,5,1,false,false,-10.964758,-5.4133034,5.638954,-1.990549,-0.39795274,3
55.08839,0.8400874,39.239487456676216,-77.96823092427458,0.1515549,0.07683538,6421.603,-0.28496662,5,1,false,false,-12.629023,-5.9386945,7.102497,-1.9975746,-0.44814295,3
54.978683,0.84037375,39.23948259258854,-77.96822235325914,0.1341594,0.0709167,6400.456,-0.3036098,5,1,false,false,-14.813982,-5.9705725,7.650394,-2.005408,-0.49225688,3
54.864246,0.8406596,39.239477638440434,-77.96821389818287,0.1257,0.0691904,6414.2856,-0.31692535,5,1,false,false,-16.471958,-5.675935,9.375718,-2.0138807,-0.52057,3
54.751705,0.8409447,39.23947268425797,-77.96820544239965,0.10711308,0.067217484,6412.2734,-0.32091928,5,1,false,false,-17.054682,-5.4665046,8.088487,-2.022801,-0.5382184,3
54.64931,0.84122944,39.23946764004944,-77.96819710326255,0.09901109,0.06721747,6407.65,-0.31319714,5,1,false,false,-19.684435,-5.001992,10.958083,-2.0315762,-0.522334,3
54.53848,0.8415135,39.23946268590134,-77.96818876341851,0.086381495,0.06721747,6406.9897,-0.3030762,5,1,false,false,-23.013567,-5.0636044,13.091639,-2.0403554,-0.5315525,3
54.42519,0.841797,39.23945764165844,-77.96818042428141,0.080424145,0.06721747,6411.6226,-0.29535314,5,1,false,false,-24.61229,-4.8398776,13.81028,-2.0494413,-0.5661142,3
54.318897,0.84207994,39.239452507355125,-77.96817220037656,0.074228525,0.06721747,6413.6313,-0.29668474,5,1,false,false,-24.100248,-4.433928,13.3173275,-2.059205,-0.5978384,3
54.213856,0.84236234,39.23944737303463,-77.9681640931178,0.058620267,0.07091673,6406.5825,-0.30733797,5,1,false,false,-23.25533,-3.965117,11.559123,-2.0690434,-0.56928605,3
54.123512,0.8426442,39.23944223873131,-77.96815598515211,0.041224834,0.0691904,6406.0317,-0.33423573,5,1,false,false,-22.192497,-3.6083074,10.015255,-2.0777633,-0.47469622,3
54.03972,0.8429258,39.239437014350386,-77.96814799312558,0.031931378,0.076835394,6401.852,-0.368592,5,1,false,false,-20.861347,-3.1312058,8.790209,-2.0848064,-0.3739062,3
53.962837,0.843207,39.23943178996946,-77.96814000109906,0.01012749,0.07856166,6394.442,-0.4167972,5,1,false,false,-19.102825,-2.837234,7.7824163,-2.0904264,-0.30853686,3
53.896015,0.84348786,39.23942656558854,-77.9681321250117,-4.656613e-10,0.07856166,6383.5894,-0.47086057,5,1,false,false,-16.816868,-2.485483,6.522341,-2.0954194,-0.29671428,3
53.83357,0.84376824,39.239421251130004,-77.96812424892435,0,0.076835394,6373.6294,-0.5185323,5,1,false,false,-16.709806,-2.5136843,6.190741,-2.1004865,-0.31584626,3
53.764057,0.84404826,39.23941593667147,-77.96811637213005,0,0.076835394,6366.39,-0.5744606,5,1,false,false,-18.391335,-2.9361784,7.242552,-2.1061864,-0.37140197,3
53.69272,0.844328,39.239410622212944,-77.96810861198188,0,0.074862495,6360.036,-0.6133445,5,1,false,false,-17.582838,-2.7484608,7.4406996,-2.1130044,-0.44892094,3
53.624172,0.84460723,39.23940530777159,-77.96810096777287,0,0.07486248,6350.198,-0.6378465,5,1,false,false,-17.669846,-2.7219439,7.5978813,-2.1210618,-0.5121149,3
53.54678,0.8448858,39.23939990323545,-77.96809320691776,0,0.07313621,6340.462,-0.64450383,5,1,false,false,-23.789724,-3.1039166,11.602182,-2.1299486,-0.56043875,3
53.454117,0.845164,39.23939449869931,-77.96808556270875,0,0.07017684,6337.9424,-0.6410423,5,1,false,false,-27.95396,-3.336789,14.363351,-2.1399322,-0.63860965,3
53.36264,0.84544176,39.239389004085574,-77.96807803373197,0,0.06845057,6336.393,-0.6303879,5,1,false,false,-25.766142,-3.0075798,12.05738,-2.1509757,-0.67485744,3
53.27243,0.8457187,39.23938350948901,-77.96807062140131,0,0.066231,6324.371,-0.61813754,5,1,false,false,-26.915417,-3.0369503,12.23689,-2.1620123,-0.63684493,3
53.178238,0.8459953,39.239378014875264,-77.9680632083637,0,0.06623101,6312.059,-0.611747,5,1,false,false,-27.639917,-3.0243824,12.843293,-2.1717849,-0.5331994,3
53.087048,0.8462714,39.23937243018391,-77.9680557953261,0,0.06623101,6308.807,-0.6122795,5,1,false,false,-25.924488,-2.8545327,11.216544,-2.1798446,-0.43834963,3
53.00297,0.8465471,39.23936675543214,-77.96804849822767,0,0.06623101,6295.7974,-0.6226649,5,1,false,false,-24.14491,-2.5873673,10.650543,-2.186649,-0.38880888,3
52.92695,0.84682244,39.239361170740786,-77.96804131706841,0,0.06623101,6278.5464,-0.63837904,5,1,false,false,-20.947144,-2.4983711,8.900727,-2.1929362,-0.36706135,3
52.8563,0.8470975,39.239355495989,-77.96803425184832,0,0.068450585,6268.191,-0.6564886,5,1,false,false,-17.819738,-2.4394257,6.5994954,-2.1989245,-0.34964117,3
52.79008,0.84737235,39.23934982123723,-77.96802707068906,0,0.06845057,6256.671,-0.67806077,5,1,false,false,-16.739168,-2.4519613,5.4846463,-2.2046523,-0.3363895,3
52.727127,0.847647,39.239344056390664,-77.96802000546897,0,0.07091673,6243.835,-0.7137478,5,1,false,false,-13.820834,-2.249414,4.4797573,-2.2102237,-0.33729553,3
52.667194,0.84792155,39.23933838163889,-77.96801305548112,0,0.07091671,6231.947,-0.74038064,5,1,false,false,-13.960346,-2.2241096,4.8688993,-2.2158358,-0.34836185,3
52.607376,0.8481959,39.2393326168095,-77.9680061062002,0,0.077821836,6221.455,-0.7643497,5,1,false,false,-14.399558,-2.314399,5.348493,-2.221873,-0.37861666,3
52.535706,0.8484702,39.239326851962936,-77.96799915621234,0,0.08250749,6211.8716,-0.7808619,5,1,false,false,-20.720997,-2.643727,9.2800665,-2.2286668,-0.439489,3
52.45463,0.8487443,39.23932099705595,-77.96799220693143,0,0.08620666,6210.176,-0.78379184,5,1,false,false,-23.82411,-2.8116016,11.540064,-2.236552,-0.50090957,3
52.367714,0.8490179,39.23931523222656,-77.96798548882191,0,0.089166045,6208.8774,-0.7662148,5,1,false,false,-24.538925,-2.7517824,12.653507,-2.2450325,-0.51636195,3
52.280834,0.84929144,39.23930937731098,-77.96797877141935,0,0.0936051,6197.5815,-0.73798317,5,1,false,false,-25.124567,-2.716468,12.231331,-2.2535746,-0.51056767,3
52.19646,0.8495648,39.23930352240399,-77.96797205330984,0,0.10174328,6188.616,-0.7081555,5,1,false,false,-23.903545,-2.5568492,10.099491,-2.2619197,-0.49076688,3
52.11345,0.8498378,39.2392975774108,-77.96796545113949,0,0.1268978,6186.8135,-0.6876483,5,1,false,false,-24.192791,-2.5550392,10.496353,-2.2698762,-0.46525162,3
52.03302,0.8501105,39.23929163242621,-77.96795896490832,0,0.21694234,6201.679,-0.6761958,5,1,false,false,-24.025726,-2.3247213,10.969333,-2.2774854,-0.4478992,3
51.955368,0.8503832,39.23928568744161,-77.96795247867716,0,0.30154604,6264.29,-0.6799261,5,1,false,false,-23.69364,-2.1979954,10.573969,-2.2848742,-0.44262135,3
51.880947,0.8506557,39.2392796523794,-77.96794610838516,0,0.5089938,6430.901,-0.69324154,5,1,false,false,-22.217836,-2.1443107,9.705553,-2.2922378,-0.43659383,3
51.81926,0.8509278,39.2392736173172,-77.96793973738622,0,0.6362767,6401.545,-0.70842206,5,1,false,false,-21.165665,-0.5252199,9.614679,-2.299351,-0.41624436,3
51.79678,0.8512002,39.239267582254996,-77.9679334830334,0,0.80303335,6210.1333,-0.72173876,5,1,false,false,-21.811039,1.2383589,10.063272,-2.3062172,-0.40765747,3
51.770016,0.8514727,39.239261457123774,-77.96792722868058,0,0.87358016,6366.8438,-0.73452175,5,1,false,false,-22.63492,0.21684816,11.376734,-2.3129015,-0.3948194,3
51.736103,0.85174507,39.23925533198396,-77.96792108955998,0,0.9626227,6396.3633,-0.74517477,5,1,false,false,-23.623888,0.5588811,12.187321,-2.3195705,-0.41216698,3
51.712025,0.85201746,39.23924920684415,-77.96791495114634,0,0.99999994,6338.974,-0.75236577,5,1,false,false,-24.562246,1.1768192,12.965418,-2.3268392,-0.458542,3
51.691246,0.8522902,39.23924299163533,-77.96790892796491,0,1,6379.928,-0.7544964,5,1,false,false,-22.839247,1.2296643,10.550006,-2.334792,-0.48248878,3
51.679726,0.85256284,39.2392367764222,-77.96790302072266,0,1,6378.047,-0.752099,5,1,false,false,-20.301538,1.620106,9.475002,-2.3424604,-0.42851955,3
51.67507,0.8528356,39.239230561209084,-77.96789711348042,0,1,6326.1885,-0.7536975,5,1,false,false,-20.857,1.8983973,10.388125,-2.3489273,-0.3483031,3
51.661446,0.8531083,39.23922425592265,-77.96789120623816,0,1,6320.277,-0.76648146,5,1,false,false,-23.922054,1.1202009,11.898021,-2.3542702,-0.307234,3
51.6342,0.8533809,39.23921795063622,-77.96788541493508,0,1,6342.514,-0.7819277,5,1,false,false,-21.568956,0.335118,11.273772,-2.3596332,-0.34785622,3
51.611935,0.8536534,39.239211645345485,-77.96787962363202,0,1,6385.144,-0.79178184,5,1,false,false,-19.12634,0.8814685,8.990705,-2.365829,-0.38623032,3
51.600536,0.85392576,39.23920524998359,-77.9678739482681,0,1,6395.1133,-0.79417825,5,1,false,false,-20.84952,1.5425135,9.326203,-2.3722034,-0.3748029,3
51.58986,0.85419756,39.23919885461955,-77.96786838884337,0,1,6345.61,-0.79444516,5,1,false,false,-26.59907,1.7062472,14.341534,-2.3784459,-0.3856807,3
51.568306,0.85446924,39.23919245925551,-77.96786282941865,0,1,6319.544,-0.7869875,5,1,false,false,-27.112122,1.127365,13.808181,-2.3853307,-0.4421805,3
51.542973,0.85474086,39.23918597381709,-77.96785738522614,0,1,6345.859,-0.76941055,5,1,false,false,-23.394423,0.7968533,11.458561,-2.3929427,-0.46138448,3
51.525967,0.8550121,39.23917948837812,-77.96785194174058,0,1,6360.4395,-0.747039,5,1,false,false,-22.674719,1.6118807,10.933271,-2.4004076,-0.4218441,3
51.524284,0.85528314,39.23917300293889,-77.96784661348725,0,1,6312.11,-0.73345673,5,1,false,false,-21.41964,2.1599092,10.013533,-2.4066443,-0.31749898,3
51.523235,0.8555541,39.2391664274242,-77.96784128523392,0,1,6269.1147,-0.73105925,5,1,false,false,-19.259123,1.5852743,9.196389,-2.411058,-0.21984227,3
51.515377,0.8558251,39.23915985190924,-77.96783607362671,0,1,6299.2725,-0.7446426,5,1,false,false,-18.208578,1.0239375,8.644329,-2.4142337,-0.16827434,3
51.50399,0.8560958,39.239153276395356,-77.96783086131255,0,1,6329.631,-0.7638171,5,1,false,false,-16.68451,0.7565356,7.6689296,-2.4168572,-0.15346642,3
51.494976,0.85636634,39.239146610803864,-77.96782576493756,0,1,6347.791,-0.7931136,5,1,false,false,-15.723312,0.97419506,7.046467,-2.4194858,-0.1655201,3
51.49314,0.8566369,39.23914003529105,-77.96782066856258,0,1,6374.0894,-0.8162842,5,1,false,false,-15.481505,1.3408617,7.413937,-2.4223619,-0.17828561,3
51.493084,0.85690725,39.23913336970063,-77.96781557218759,0,1,6367.306,-0.8402529,5,1,false,false,-17.83332,1.1995746,9.126373,-2.4254873,-0.20713182,3
51.487465,0.8571775,39.23912670410807,-77.96781059175179,0,1,6359.6875,-0.86182487,5,1,false,false,-19.583408,1.1069535,10.524473,-2.429575,-0.286517,3
51.48199,0.8574477,39.239119948442195,-77.96780561131597,0,1,6371.9917,-0.8759405,5,1,false,false,-20.934498,1.3894924,11.73146,-2.4350464,-0.36453733,3
51.48045,0.85771775,39.23911328285392,-77.96780074611239,0,1,6342.705,-0.8796689,5,1,false,false,-24.400463,1.7666513,13.891938,-2.441591,-0.41262823,3
51.477818,0.8579877,39.23910652718804,-77.96779588161574,0,1,6283.8804,-0.87487483,5,1,false,false,-25.026026,1.6764379,13.046893,-2.4486861,-0.43007207,3
51.47046,0.85825765,39.239099681448856,-77.96779113305828,0,1,6271.0815,-0.8642224,5,1,false,false,-22.99879,1.2274529,12.101163,-2.4557438,-0.41234058,3
51.462788,0.85852754,39.239092925778685,-77.96778649973304,0,1,6285.4165,-0.85596704,5,1,false,false,-21.491308,1.194977,10.937068,-2.462135,-0.35121906,3
51.45597,0.85879725,39.23908608004379,-77.96778186711474,0,1,6275.678,-0.8546351,5,1,false,false,-21.410723,1.2102004,11.335757,-2.4675474,-0.30306286,3
51.448635,0.85906696,39.2390791442227,-77.9677772337895,0,1,6274.9106,-0.8658197,5,1,false,false,-21.212505,0.90323097,11.759711,-2.472449,-0.29680607,3
51.43464,0.8593365,39.239072298479215,-77.96777283234262,0,1,6302.39,-0.88100046,5,1,false,false,-21.918213,0.6345376,12.346831,-2.4777856,-0.35079587,3
51.421047,0.8596061,39.239065362666715,-77.96776831495654,0,1,6322.3955,-0.8977797,5,1,false,false,-22.270407,0.78997386,11.678094,-2.484221,-0.42069936,3
51.4122,0.8598755,39.239058426845624,-77.96776402944883,0,1,6318.8057,-0.9065675,5,1,false,false,-21.449875,1.1540486,10.984964,-2.4917448,-0.47389075,3
51.411148,0.8601449,39.23905149103312,-77.96775962800193,0,1,6306.225,-0.9094977,5,1,false,false,-20.19753,1.539393,10.267479,-2.499722,-0.4713675,3
51.41492,0.8604142,39.23904455521203,-77.96775545843339,0,1,6285.8774,-0.90816593,5,1,false,false,-18.501814,1.5987408,9.694398,-2.5071454,-0.41351557,3
51.416203,0.8606838,39.23903752932193,-77.96775117292566,0,1,6276.0376,-0.9089643,5,1,false,false,-19.731297,1.4040821,10.818778,-2.5135615,-0.3619169,3
51.40777,0.8609532,39.23903050343182,-77.96774711929629,0,1,6280.3667,-0.92121583,5,1,false,false,-22.132883,0.7730477,11.086187,-2.5195045,-0.37000662,3
51.393776,0.8612225,39.239023477541714,-77.96774306495996,0,1,6295.2026,-0.9363964,5,1,false,false,-18.503397,0.771714,9.86234,-2.5261428,-0.41997552,3
51.384686,0.86149186,39.23901645164302,-77.9677390113306,0,1,6323.1313,-0.94678307,5,1,false,false,-16.261389,0.7574595,8.104834,-2.533265,-0.43060657,3
51.391518,0.8617613,39.23900933568389,-77.96773507293344,0,1,6333.0977,-0.9499787,5,1,false,false,-16.344316,2.243234,7.3034015,-2.5400622,-0.368243,3
51.405296,0.86203074,39.23900230978519,-77.96773113524324,0,1,6265.994,-0.95716953,5,1,false,false,-15.289344,1.6704473,6.9338355,-2.5452766,-0.26124066,3
51.403725,0.8623001,39.23899519380889,-77.96772719684608,0,1,6263.702,-0.97687757,5,1,false,false,-15.597266,0.48306638,8.877844,-2.5492527,-0.24404225,3
51.381042,0.86256963,39.23898807784977,-77.96772337438811,0,1,6368.272,-0.99605316,5,1,false,false,-15.571074,-0.42021346,7.617711,-2.5538776,-0.31783125,3
51.35846,0.86283904,39.238980871813034,-77.96771966786932,0,1,6433.3774,-1.0101687,5,1,false,false,-17.592375,-0.39239472,8.70792,-2.5598073,-0.406056,3
51.335354,0.8631082,39.23897375583673,-77.96771596205745,0,1,6450.5654,-1.0197561,5,1,false,false,-19.066349,0.56055117,10.519894,-2.5676603,-0.5339293,3
51.330673,0.8633772,39.23896663987761,-77.96771225553866,0,1,6468.953,-1.0210879,5,1,false,false,-20.694925,1.5970434,11.512869,-2.5773244,-0.6076026,3
51.32742,0.86364627,39.2389594338237,-77.96770866495902,0,1,6409.728,-1.014963,5,1,false,false,-19.955118,1.5582273,11.184608,-2.5875678,-0.6030468,3
51.326305,0.8639152,39.23895222778697,-77.9677050743794,0,1,6383.5273,-1.0069722,5,1,false,false,-20.6841,1.9383969,11.235973,-2.5971644,-0.5391258,3
51.328407,0.864184,39.23894502173306,-77.967701599032,0,1,6362.6543,-1.0037763,5,1,false,false,-22.246126,2.0946822,12.828802,-2.60542,-0.44827268,3
51.33278,0.86445236,39.23893781569633,-77.9676982403307,0,1,6293.1,-1.0091035,5,1,false,false,-20.664722,1.9500766,11.109217,-2.6119993,-0.3394548,3
51.32425,0.8647205,39.23893051958199,-77.96769488162943,0,1,6278.648,-1.0157614,5,1,false,false,-23.079575,1.0295441,12.621332,-2.6170437,-0.28415328,3
51.30624,0.8649886,39.23892331352808,-77.96769152222119,0,1,6315.6807,-1.0277452,5,1,false,false,-22.4329,0.97751176,12.49785,-2.6218624,-0.29252085,3
51.29413,0.86525637,39.23891601741374,-77.96768839539826,0,1,6325.485,-1.0309429,5,1,false,false,-14.609499,0.3600091,7.1802588,-2.626403,-0.24698791,3
51.29577,0.8655239,39.23890872129941,-77.9676851519292,0,1,6360.1655,-1.0322732,5,1,false,false,-13.675905,2.1270828,5.507392,-2.6298923,-0.16257238,3
51.317017,0.8657913,39.23890142518507,-77.96768202439931,0,1,6326.296,-1.0426602,5,1,false,false,-13.224715,2.1923132,6.031959,-2.6317015,-0.06468592,3
51.319847,0.86605865,39.23889403897595,-77.96767901351555,0,0.9899968,6272.0146,-1.0634339,5,1,false,false,-11.466763,0.4668151,5.398034,-2.6325214,-0.058100022,3
51.30532,0.86632574,39.23888674286161,-77.96767588598567,0,0.95325166,6396.2705,-1.0905987,5,1,false,false,-11.767099,-0.3727728,5.6512837,-2.633829,-0.109224305,3
51.28311,0.86659247,39.238879446747276,-77.96767287439495,0,0.9199435,6498.267,-1.1124374,5,1,false,false,-10.78686,-0.5426854,4.489503,-2.6362278,-0.1835774,3
51.264107,0.8668591,39.23887206055533,-77.96766997874342,0,0.87481326,6532.1836,-1.1289498,5,1,false,false,-9.086143,-0.4810327,3.1336277,-2.6398804,-0.25519174,3
51.253796,0.86712533,39.238864674363384,-77.96766696715271,0,0.8577815,6626.1724,-1.1478596,5,1,false,false,-11.86688,1.820061,4.970598,-2.6447346,-0.32472706,3
51.298397,0.86739147,39.23885737823187,-77.96766407150116,0,0.8540822,6546.3564,-1.1635723,5,1,false,false,-25.965912,4.5353913,14.913223,-2.650762,-0.3993807,3
51.325184,0.8676577,39.238849992039924,-77.9676612917888,0,0.8572881,6218.558,-1.1744918,5,1,false,false,-33.019768,2.8764074,19.867344,-2.658372,-0.51526946,3
51.308136,0.86792403,39.238842605847985,-77.96765851207644,0,0.8639469,6201.6216,-1.1643721,5,1,false,false,-29.276512,-0.39836606,20.014336,-2.6680143,-0.60850173,3
51.260094,0.86819,39.23883512956125,-77.96765584830324,0,0.8671529,6362.3745,-1.1443969,5,1,false,false,-26.60633,-0.535314,15.352685,-2.6780083,-0.57284003,3
51.25013,0.86845565,39.238827743369306,-77.96765329976228,0,0.8686323,6325.891,-1.1135023,5,1,false,false,-25.513721,2.369428,13.696123,-2.6867323,-0.45952407,3
51.26627,0.8687214,39.238820267116935,-77.96765086716049,0,0.8760464,6167.862,-1.0895333,5,1,false,false,-22.822021,2.246629,11.773662,-2.6930788,-0.3021792,3
51.26399,0.8689871,39.23881279083021,-77.96764843526563,0,0.89478886,6173.7383,-1.0900657,5,1,false,false,-20.23093,0.5936002,11.866122,-2.6971314,-0.20453441,3
51.24391,0.8692527,39.23880531457784,-77.96764611860301,0,0.92438257,6265.63,-1.1076434,5,1,false,false,-19.868853,-0.38142067,10.312877,-2.7003775,-0.2065576,3
51.21769,0.8695179,39.238797838291106,-77.9676438019404,0,0.9562109,6288.9727,-1.1340097,5,1,false,false,-23.495558,0.19786233,12.970427,-2.7046676,-0.32044807,3
51.204018,0.86978304,39.238790362038735,-77.96764160121695,0,0.9825985,6294.393,-1.1577123,5,1,false,false,-24.322536,0.91040707,14.062862,-2.7111835,-0.45408967,3
51.201748,0.8700482,39.23878279569158,-77.96763951643267,0,0.98999673,6274.3623,-1.1627737,5,1,false,false,-21.60436,1.214366,12.186222,-2.71947,-0.5166308,3
51.2023,0.8703132,39.23877531940485,-77.9676374316484,0,0.98728424,6244.6353,-1.1542512,5,1,false,false,-20.18879,1.3378135,11.445587,-2.7282276,-0.51798373,3
51.200764,0.8705782,39.238767753057694,-77.9676354628033,0,0.9665685,6237.9614,-1.1380048,5,1,false,false,-21.770452,1.1954023,12.370029,-2.7366114,-0.48285392,3
51.19478,0.8708431,39.23876027680532,-77.96763360919043,0,0.918217,6228.8213,-1.1220257,5,1,false,false,-21.482975,0.9497988,11.26108,-2.7443964,-0.45342603,3
51.187828,0.87110806,39.238752710458165,-77.9676317562845,0,0.84224474,6222.721,-1.1129699,5,1,false,false,-20.046192,0.8306085,10.887169,-2.7517745,-0.43093583,3
51.178116,0.87137276,39.23874514411101,-77.96762990267162,0,0.7366792,6218.5674,-1.1105735,5,1,false,false,-19.742558,0.66687214,10.918156,-2.7589073,-0.4252469,3
51.16459,0.87163746,39.23873757776385,-77.96762828164404,0,0.60050267,6198.999,-1.1135023,5,1,false,false,-19.373417,0.29138228,10.335608,-2.7659059,-0.42018932,3
51.141903,0.87190205,39.2387300114167,-77.96762654397034,0,0.5218176,6194.294,-1.116698,5,1,false,false,-20.121109,-0.25564554,11.50511,-2.7730443,-0.4427012,3
51.108166,0.8721664,39.23872244506954,-77.96762503817499,0,0.45546335,6195.6167,-1.1188302,5,1,false,false,-22.628931,-0.7595715,13.162433,-2.7808266,-0.49747333,3
51.071415,0.87243056,39.238714878722384,-77.96762353237963,0,0.43203515,6184.55,-1.1169646,5,1,false,false,-19.891449,-0.73916024,10.944147,-2.7895985,-0.53821135,3
51.036594,0.8726945,39.238707312375226,-77.96762202658428,0,0.4409132,6182.389,-1.1095083,5,1,false,false,-18.514366,-0.72090447,9.482298,-2.7985604,-0.5278735,3
51.002186,0.8729583,39.23869965596764,-77.96762063672809,0,0.46532786,6176.6255,-1.1049807,5,1,false,false,-20.907673,-0.5609665,11.788947,-2.807083,-0.4910123,3
50.964924,0.87322193,39.238692089620486,-77.96761936281108,0,0.48852485,6160.2993,-1.1057792,5,1,false,false,-21.64191,-0.6515294,12.050757,-2.8150022,-0.46374267,3
50.927467,0.87348515,39.23868452327333,-77.96761808889407,0,0.49863607,6159.9966,-1.1097738,5,1,false,false,-19.872375,-0.6915897,10.7842865,-2.822694,-0.45913616,3
50.890297,0.8737483,39.23867695692617,-77.96761693020929,0,0.50208855,6173.633,-1.111638,5,1,false,false,-20.844917,-0.6074829,11.847874,-2.8304467,-0.47231302,3
50.853306,0.8740113,39.23866939057901,-77.96761577223145,0,0.5033217,6167.7373,-1.1124371,5,1,false,false,-21.681942,-0.53717905,12.188608,-2.8383818,-0.47791472,3
50.816494,0.8742739,39.23866173417143,-77.96761472948585,0,0.5208311,6159.9727,-1.1111056,5,1,false,false,-21.347303,-0.4934801,11.709127,-2.8464568,-0.4895003,3
50.779366,0.8745363,39.23865416782427,-77.96761380338636,0,0.5679497,6175.631,-1.107111,5,1,false,false,-22.31544,-0.46623233,12.582728,-2.8547003,-0.49862015,3
50.743706,0.8747985,39.23864660147712,-77.9676128765799,0,0.6421957,6188.139,-1.1023178,5,1,false,false,-22.14359,-0.18542188,12.455025,-2.8630834,-0.50237465,3
50.712975,0.87506044,39.238639035129964,-77.96761206571264,0,0.72556615,6191.636,-1.0975232,5,1,false,false,-23.222115,0.12530033,12.793816,-2.8714762,-0.50513417,3
50.686707,0.87532216,39.23863137868802,-77.96761125484538,0,0.8012917,6197.5728,-1.0919302,5,1,false,false,-23.020395,0.48016512,12.201131,-2.879975,-0.5075517,3
50.666183,0.8755837,39.23862381234086,-77.96761055991729,0,0.8595078,6201.2295,-1.0852718,5,1,false,false,-22.16065,0.8467167,12.289682,-2.8883662,-0.49661115,3
50.650158,0.875845,39.238616245993704,-77.96760998092837,0,0.9073663,6199.53,-1.0775499,5,1,false,false,-22.09346,0.9728028,12.030437,-2.8964972,-0.47333723,3
50.635387,0.8761062,39.238608679646546,-77.96760940193946,0,0.968788,6194.7734,-1.0716896,5,1,false,false,-21.365927,0.97712004,11.501236,-2.9041665,-0.44729063,3
50.62235,0.8763672,39.238601023238964,-77.96760893818276,0,1.0000001,6204.8896,-1.0660963,5,1,false,false,-20.016605,1.0372692,10.1835575,-2.9114592,-0.42606816,3
50.610046,0.87662816,39.23859345692617,-77.96760859107219,0,1,6213.671,-1.0581075,5,1,false,false,-19.738539,1.060989,10.120762,-2.918399,-0.40870103,3
50.60045,0.8768888,39.23858589054465,-77.96760824325467,0,1,6216.2695,-1.0431921,5,1,false,false,-19.522066,1.1981179,10.171179,-2.9250977,-0.39505735,3
50.590126,0.87714946,39.23857832423185,-77.96760801208328,0,1,6217.32,-1.0253482,5,1,false,false,-18.365765,0.9910066,9.142151,-2.931606,-0.3872719,3
50.58275,0.87740993,39.238570667755546,-77.96760778020493,0,1,6233.3125,-1.0019124,5,1,false,false,-16.796185,1.1933116,8.098707,-2.93799,-0.37544236,3
50.577312,0.8776702,39.23856310144275,-77.96760754832658,0,1,6242.891,-0.9691541,5,1,false,false,-17.5643,1.266208,9.124279,-2.944059,-0.35678402,3
50.573517,0.8779305,39.23855553506124,-77.96760754832658,0,1,6237.2974,-0.9414564,5,1,false,false,-17.223816,1.3717207,8.548372,-2.9499087,-0.34613758,3
50.56921,0.8781907,39.23854796874844,-77.96760743238741,0,1,6241.419,-0.91588914,5,1,false,false,-15.122244,1.1306615,7.1369224,-2.9556222,-0.3394253,3
50.56624,0.87845075,39.23854031234086,-77.96760743238741,0,1,6267.6177,-0.88659376,5,1,false,false,-14.320874,1.3139024,6.7012963,-2.9611719,-0.32490295,3
50.569565,0.87871075,39.23853274595934,-77.96760754832658,0,1,6272.5596,-0.8663522,5,1,false,false,-14.068562,1.574577,6.3133445,-2.9663088,-0.29144078,3
50.57339,0.8789706,39.238525179646544,-77.96760754832658,0,1,6255.4907,-0.8485085,5,1,false,false,-13.685901,1.45402,6.422587,-2.9709418,-0.26881167,3
50.57397,0.8792305,39.238517613265024,-77.96760778020493,0,1,6275.1475,-0.83838856,5,1,false,false,-13.557311,1.1762285,6.4759345,-2.9753568,-0.26464298,3
50.570717,0.87949026,39.23850995685744,-77.9676078961441,0,1,6304.806,-0.83439356,5,1,false,false,-13.57388,0.9958988,6.4000626,-2.9798315,-0.27546743,3
50.567535,0.8797499,39.238502390544646,-77.96760812802245,0,1,6321.95,-0.8330619,5,1,false,false,-13.733749,1.1299326,7.0058594,-2.9845855,-0.29600573,3
50.565975,0.8800095,39.238494824163126,-77.96760835919385,0,1,6337.4326,-0.83146477,5,1,false,false,-15.946615,1.3054732,9.326818,-2.9897718,-0.3305608,3
50.56534,0.88026905,39.23848725785033,-77.96760870701137,0,1,6337.6016,-0.8274685,5,1,false,false,-17.295883,1.5783702,9.960461,-2.9956818,-0.37853715,3
50.56839,0.8805285,39.23847960144275,-77.96760917006111,0,1,6320.073,-0.81841385,5,1,false,false,-17.893826,1.9562016,10.25083,-3.0023634,-0.42063588,3
50.579113,0.8807879,39.23847203506123,-77.96760951787863,0,1,6287.3457,-0.8085598,5,1,false,false,-17.701303,2.4409761,9.321838,-3.0094557,-0.41796303,3
50.59074,0.88104737,39.23846446874843,-77.96761009686755,0,1,6234.8257,-0.7992382,5,1,false,false,-17.237633,2.1918714,9.155669,-3.015981,-0.35828018,3
50.59984,0.8813069,39.23845690236692,-77.96761055991729,0,1,6207.71,-0.793646,5,1,false,false,-14.8427105,1.9467653,8.235086,-3.0212371,-0.26597637,3
50.593674,0.8815664,39.238449336054124,-77.96761125484538,0,1,6214.041,-0.79524416,5,1,false,false,-22.056616,0.7897906,12.622212,-3.025314,-0.2556111,3
50.565018,0.88182575,39.238441769672605,-77.9676118338343,0,1,6252.8213,-0.8027008,5,1,false,false,-24.80216,0.59922063,15.435316,-3.0307236,-0.40817326,3
50.54706,0.882085,39.23843420335981,-77.96761264470156,0,1,6282.184,-0.80136895,5,1,false,false,-26.118965,1.1983268,16.707005,-3.0385606,-0.51652735,3
50.53978,0.8823443,39.23842663697829,-77.96761345556884,0,1,6226.7676,-0.7880535,5,1,false,false,-27.868765,2.319714,15.733454,-3.047539,-0.549998,3
50.539677,0.88260365,39.23841907066549,-77.96761438237527,0,1,6159.4663,-0.76461613,5,1,false,false,-25.200823,2.1312764,13.507916,-3.0563607,-0.4945789,3
50.535625,0.8828629,39.238411504283974,-77.96761542441394,0,1,6143.7173,-0.7459742,5,1,false,false,-23.225395,1.7662004,12.3524,-3.063802,-0.39454335,3
50.529743,0.88312227,39.23840393797118,-77.96761646715954,0,1,6145.1045,-0.7395815,5,1,false,false,-21.972586,1.6239843,11.525995,-3.0694368,-0.2804611,3
50.52909,0.8833817,39.23839646168445,-77.96761762513738,0,1,6131.9355,-0.7465067,5,1,false,false,-16.536613,1.4307312,8.221956,-3.0731475,-0.17056404,3
50.526325,0.8836411,39.23838889530293,-77.96761878382216,0,1,6155.6353,-0.7638172,5,1,false,false,-13.513749,0.97800434,6.488859,-3.075504,-0.127073,3
50.52241,0.8839005,39.238381419084924,-77.96762005773917,0,1,6208.301,-0.7859217,5,1,false,false,-15.752887,0.86748433,8.412204,-3.0775976,-0.14000238,3
50.51297,0.8841602,39.238373852703404,-77.96762133165618,0,1,6224.6694,-0.80562985,5,1,false,false,-16.011501,0.7410919,8.398942,-3.0804563,-0.21426833,3
50.50803,0.88441986,39.238366376485395,-77.96762272151237,0,1,6258.1377,-0.8042979,5,1,false,false,-14.596701,1.0372509,7.644757,-3.084666,-0.289203,3
50.513992,0.88467944,39.23835890019867,-77.96762411136855,0,1,6284.1025,-0.7851235,5,1,false,false,-10.189061,1.5999541,6.646681,-3.0897803,-0.30517346,3
50.530407,0.8849393,39.23835133381715,-77.96762550193168,0,1,6255.554,-0.74464256,5,1,false,false,-9.8640375,1.7179961,4.792391,-3.094389,-0.247241,3
50.536304,0.8851994,39.23834385759914,-77.96762700702008,0,1,6251.598,-0.71854174,5,1,false,false,-8.391284,0.7708504,3.641317,-3.0982144,-0.22361326,3
50.533997,0.88545954,39.23833638131241,-77.96762851281544,0,1,6325.129,-0.6996341,5,1,false,false,-9.65274,0.40796965,5.396547,-3.1019,-0.23273514,3
50.532417,0.88571966,39.23832890502568,-77.96763001861079,0,1,6380.201,-0.68232274,5,1,false,false,-10.524089,1.2691884,6.0033364,-3.1061318,-0.27251714,3
50.54205,0.88597995,39.238321338712886,-77.96763152440616,0,1,6363.6997,-0.6570211,5,1,false,false,-14.062317,1.1944989,9.9463415,-3.110614,-0.27616978,3
50.53234,0.8862403,39.23831386242615,-77.96763314614068,0,1,6341.914,-0.6144091,5,1,false,false,-21.861559,1.9160337,21.529959,-3.1161199,-0.38563737,3
50.54957,0.88650066,39.23830638613942,-77.96763476787521,0,1,6267.8765,-0.56513923,5,1,false,false,-16.289743,2.439158,14.078562,-3.1227252,-0.36659205,3
50.564804,0.886761,39.23829890985269,-77.96763650484196,0,1,6158.601,-0.5102765,5,1,false,false,-15.296463,1.9087644,12.461042,-3.1279614,-0.27153274,3
50.570164,0.8870212,39.23829152366075,-77.96763835845483,0,1,6198.3564,-0.46074086,5,1,false,false,-15.171552,1.3199552,11.53901,-3.1319907,-0.20313588,3
50.568127,0.8872812,39.238284047374016,-77.9676400954216,0,1,6216.227,-0.42798188,5,1,false,false,-12.207193,0.577318,8.367737,-3.134544,-0.12020125,3
50.558315,0.8875413,39.23827657115601,-77.96764194903447,0,1,6238.0664,-0.40614298,5,1,false,false,-14.239278,0.7545786,10.828398,-3.136831,-0.16500126,3
50.56113,0.8878013,39.238269094869274,-77.96764391787957,0,1,6282.7656,-0.3941592,5,1,false,false,-11.56427,1.1637537,7.3889155,-3.139586,-0.15297537,3
50.566856,0.88806146,39.238261708677335,-77.96764588672467,0,1,6255.1133,-0.37951088,5,1,false,false,-16.201088,1.9520478,11.260442,3.1409657,-0.17351457,3
50.589775,0.88832164,39.2382542323906,-77.96764785627671,0,1,6230.1504,-0.36086887,5,1,false,false,-15.672765,2.5245876,9.823866,3.1378622,-0.18425564,3
50.600983,0.88858193,39.23824684619866,-77.96764982512182,0,1,6196.5225,-0.3347693,5,1,false,false,-14.172945,1.1738412,9.854955,3.1351244,-0.15423137,3
50.607464,0.88884234,39.23823946000672,-77.9676519099061,0,1,6252.595,-0.30254376,5,1,false,false,-13.411086,1.5414741,8.938442,3.1323764,-0.16616265,3
50.62257,0.8891029,39.238231983719984,-77.96765411062954,0,1,6270.682,-0.27537826,5,1,false,false,-11.148287,1.6789671,6.7624564,3.130083,-0.106808014,3
50.636448,0.88936335,39.238224597528045,-77.96765631135298,0,1,6245.3633,-0.26339453,5,1,false,false,-12.304602,1.9829032,8.60106,3.128299,-0.11795894,3
50.65996,0.88962406,39.2382172113361,-77.96765851207644,0,1,6271.124,-0.2692535,5,1,false,false,-9.682107,1.6739451,6.431484,3.1261394,-0.1298317,3
50.663857,0.8898849,39.23820982514415,-77.96766071279988,0,1,6279.849,-0.28070602,5,1,false,false,-9.899275,0.4814061,8.059917,3.1238172,-0.16386329,3
50.679077,0.8901458,39.23820234885743,-77.96766291352333,0,1,6354.5376,-0.29215738,5,1,false,false,-13.142171,2.543073,8.867511,3.1203835,-0.24018797,3
50.709698,0.89040667,39.23819496266548,-77.96766523018594,0,1,6300.8486,-0.29987943,5,1,false,false,-13.728719,2.3431349,9.385243,3.1163282,-0.2554378,3
50.73718,0.89066786,39.238187576473536,-77.9676676620808,0,1,6232.0073,-0.3017447,5,1,false,false,-17.617445,3.374918,13.188476,3.1114357,-0.33517137,3
50.775352,0.8909292,39.2381801902816,-77.96766997874342,0,1,6208.391,-0.2982821,5,1,false,false,-15.507792,2.5109456,11.171051,3.1061115,-0.28159055,3
50.794125,0.89119077,39.23817280408965,-77.96767252728438,0,1,6148.129,-0.28656393,5,1,false,false,-18.210741,2.1368115,15.209833,3.1019323,-0.24204093,3
50.813366,0.89145243,39.238165417897704,-77.96767495917922,0,1,6166.0156,-0.27937335,5,1,false,false,-15.178577,1.9665846,11.191333,3.0982692,-0.17813563,3
50.822582,0.8917143,39.23815812180055,-77.9676775077202,0,1,6165.77,-0.27165014,5,1,false,false,-14.660627,0.9763681,11.330561,3.0960176,-0.11601756,3
50.834328,0.8919761,39.238150735608606,-77.96768017149338,0,1,6192.5693,-0.27378088,5,1,false,false,-14.058774,2.000742,11.241362,3.0937364,-0.14646095,3
50.85149,0.892238,39.238143439511454,-77.96768283526657,0,1,6203.096,-0.2815041,5,1,false,false,-10.163586,1.1658299,6.729947,3.0916893,-0.101530515,3
50.8583,0.8925001,39.23813605331951,-77.96768549974672,0,1,6219.7666,-0.28975978,5,1,false,false,-13.235281,1.6711359,10.336177,3.0895896,-0.15893064,3
50.88381,0.8927623,39.23812875715363,-77.96768816351991,0,1,6250.1533,-0.30067867,5,1,false,false,-10.344732,1.8183305,7.4198766,3.0867271,-0.16768587,3
50.88968,0.8930247,39.238121370961686,-77.96769094323227,0,1,6222.7886,-0.29987943,5,1,false,false,-13.35726,0.86828315,12.134238,3.0836542,-0.22484717,3
50.915844,0.893287,39.23811407486453,-77.96769372294465,0,1,6287.598,-0.29268974,5,1,false,false,-12.307106,2.864378,10.3268795,3.0792208,-0.28634718,3
50.94086,0.8935497,39.238106778767374,-77.96769661859618,0,1,6228.4326,-0.27724242,5,1,false,false,-11.815055,1.7365754,9.54334,3.0748017,-0.25824496,3
50.969025,0.89381254,39.23809939257543,-77.96769951424771,0,1,6197.009,-0.25780106,5,1,false,false,-13.357447,3.0230327,11.324319,3.0702927,-0.27572456,3
50.99785,0.8940755,39.23809209640955,-77.96770240989926,0,1,6197.1147,-0.24208802,5,1,false,false,-10.689943,1.7563027,7.449636,3.0665329,-0.17150448,3
51.011932,0.89433867,39.23808480031239,-77.9677053055508,0,1,6182.213,-0.22451077,5,1,false,false,-12.288116,1.703861,9.602395,3.0640023,-0.14994125,3
51.03532,0.89460206,39.23807750421524,-77.9677083171415,0,1,6213.7856,-0.21598844,5,1,false,false,-7.7193494,1.6694158,6.087968,3.061789,-0.092520885,3
51.040462,0.8948655,39.23807020804936,-77.96771132873222,0,1,6213.9985,-0.21012932,5,1,false,false,-9.486527,0.26314425,7.649284,3.0604885,-0.08510707,3
51.055584,0.895129,39.238062911952206,-77.96771434032293,0,1,6285.232,-0.21092758,5,1,false,false,-9.265335,2.0665808,7.7731056,3.058464,-0.13775311,3
51.063984,0.8953928,39.238055615855046,-77.96771735191363,0,1,6286.595,-0.204536,5,1,false,false,-7.1650558,-0.3130481,6.306347,3.056107,-0.15534276,3
51.065826,0.89565665,39.23804831968917,-77.96772047873658,0,1,6358.1187,-0.18695877,5,1,false,false,-9.754419,2.4589446,7.9707613,3.052712,-0.24501173,3
51.10962,0.89592063,39.2380411136868,-77.96772360626646,0,1,6373.039,-0.16405496,5,1,false,false,-7.7936325,2.3981457,6.0418267,3.0486522,-0.23088577,3
51.130024,0.8961848,39.23803381752092,-77.96772673379634,0,1,6251.867,-0.14168358,5,1,false,false,-9.942793,1.8064667,10.973471,3.0446568,-0.26278332,3
51.166985,0.8964493,39.23802652142377,-77.96772986061929,0,1,6328.389,-0.1198457,5,1,false,false,-8.012458,2.745875,7.303514,3.0401967,-0.2522774,3
51.186676,0.89671403,39.23801931535267,-77.96773310408834,0,1,6281.505,-0.09880602,5,1,false,false,-10.124661,1.3759212,10.713872,3.03635,-0.22998811,3
51.217968,0.89697886,39.23801201925552,-77.96773634685044,0,1,6253.372,-0.08602296,5,1,false,false,-11.04487,3.105542,11.335606,3.032356,-0.23533611,3
51.241455,0.89724404,39.23800472315836,-77.96773959031951,0,1,6246.315,-0.07510297,5,1,false,false,-9.935013,1.1861459,9.461237,3.0289493,-0.18392792,3
51.255806,0.8975094,39.23799751708727,-77.96774294902079,0,1,6261.235,-0.06125502,5,1,false,false,-11.00479,2.0726037,12.221343,3.0256903,-0.20562619,3
51.281666,0.89777493,39.23799022099011,-77.96774619248984,0,1,6266.3647,-0.048205234,5,1,false,false,-9.677582,1.695704,8.559666,3.022646,-0.1543433,3
51.29311,0.89804053,39.237983014919024,-77.96774955119113,0,1,6247.5864,-0.0330246,5,1,false,false,-11.763138,1.6002557,14.327392,3.0200684,-0.17269088,3
51.320736,0.89830655,39.237975808847935,-77.96775302583158,0,1,6287.0215,-0.02183891,5,1,false,false,-9.496273,2.145224,9.436304,3.0172336,-0.15118346,3
51.335278,0.8985727,39.237968512750776,-77.96775638523982,0,1,6255.4893,-0.0071907197,5,1,false,false,-9.1088915,1.2116587,10.859746,3.0150456,-0.12969676,3
51.360626,0.89883894,39.237961306679686,-77.96775985988027,0,1,6284.184,-0.00053348555,5,1,false,false,-9.119105,2.6342282,11.0335865,3.01279,-0.12776996,3
51.385605,0.89910555,39.23795410074604,-77.96776333452073,0,1,6265.4194,0.003728218,5,1,false,false,-8.4883175,1.953067,8.359915,3.0112119,-0.070942566,3
51.408978,0.89937234,39.23794689467495,-77.96776680916119,0,1,6247.103,0.00292902,5,1,false,false,-9.399749,2.2966073,11.038355,3.010089,-0.06567056,3
51.437634,0.89963925,39.23793968860386,-77.96777039974081,0,1,6256.595,-1.0297517e-06,5,1,false,false,-7.9068704,1.692209,7.775216,3.0094068,-0.011548205,3
51.451088,0.89990634,39.23793248253276,-77.96777387508823,0,1,6257.8003,-0.00026674266,5,1,false,false,-9.172438,1.5428356,12.582385,3.0092661,-0.01742808,3
51.479626,0.9001736,39.237925276461674,-77.96777746566785,0,1,6290.094,-0.0029300496,5,1,false,false,-7.582551,2.0628517,9.095242,3.0089333,-0.010290197,3
51.49609,0.90044105,39.237918070528025,-77.96778105624747,0,1,6264.582,-0.0023975947,5,1,false,false,-7.5872035,1.1001947,12.148858,3.0088909,-0.008785712,3
51.523594,0.90070856,39.237910864456936,-77.96778476276629,0,1,6300.8643,-0.0018651391,5,1,false,false,-6.409657,2.7020946,11.375746,3.0084572,-0.03151745,3
51.55239,0.9009763,39.23790365838585,-77.96778835334591,0,1,6275.288,0.0023965645,5,1,false,false,-5.0826044,1.5417429,7.1386495,3.008338,0.008662741,3
51.577732,0.9012442,39.23789645231476,-77.96779205915777,0,1,6261.802,0.00878912,5,1,false,false,-5.6824627,2.4571648,9.910493,3.0085382,0.010825267,3
51.61243,0.9015123,39.23788924624366,-77.96779576567657,0,1,6263.243,0.011451396,5,1,false,false,-4.7430754,1.3574505,7.985246,3.0090601,0.057331305,3
51.62039,0.90178055,39.23788204031002,-77.96779947219538,0,1,6259.485,0.010918939,5,1,false,false,-4.3605576,1.0170771,13.191518,3.0100093,0.05227092,3
51.644466,0.90204895,39.23787483423892,-77.96780317871418,0,1,6342.841,0.005858039,5,1,false,false,-4.600044,1.8676168,13.270097,3.010572,0.021176975,3
51.662643,0.9023175,39.2378677181939,-77.96780688523297,0,1,6322.636,0.0037282174,5,1,false,false,-3.3815572,1.308183,9.824677,3.010951,0.012786738,3
51.701008,0.90258616,39.237860512260255,-77.96781059175179,0,1,6322.4272,0.009321574,5,1,false,false,-2.1675959,3.3545003,8.724034,3.011101,0.010373141,3
51.746075,0.9028551,39.23785330618916,-77.96781429827058,0,1,6263.1006,0.011185681,5,1,false,false,-2.7603366,2.0764728,7.782633,3.0115662,0.04028923,3
51.762657,0.9031243,39.23784610011807,-77.96781812002162,0,1,6235.015,0.00772318,5,1,false,false,-1.2300087,1.6360874,11.380944,3.0122328,0.04469872,3
51.7831,0.9033935,39.23783889404698,-77.96782182654042,0,1,6323.7803,0.003461475,5,1,false,false,-1.199758,0.9744993,6.6019177,3.0130796,0.058511972,3
51.789543,0.9036629,39.237831687975884,-77.96782564899839,0,1,6347.16,0.00079816824,5,1,false,false,-2.081211,1.1893437,8.070518,3.0139935,0.050821695,3
51.828472,0.9039326,39.23782448204224,-77.9678293555172,0,1,6356.2812,-0.012517337,5,1,false,false,-1.2741476,2.5932972,6.858934,3.0148008,0.050784875,3
51.846848,0.9042023,39.237817275971146,-77.96783317797517,0,1,6309.389,-0.028230434,5,1,false,false,-0.90883756,0.7219923,8.418193,3.01561,0.048206475,3
51.87701,0.9044722,39.23781006990006,-77.96783688449398,0,1,6379.794,-0.04607439,5,1,false,false,-0.98416,2.6570363,7.469445,3.016334,0.03827472,3
51.904232,0.9047423,39.23780286382897,-77.967840706245,0,1,6358.253,-0.052998375,5,1,false,false,-0.19679125,1.3439634,5.715186,3.0169845,0.041355338,3
51.93397,0.90501267,39.23779565775788,-77.96784452870298,0,1,6339.0596,-0.054596763,5,1,false,false,-1.0586878,2.5094907,6.3708825,3.017668,0.03611618,3
51.968464,0.9052831,39.23778845182423,-77.96784823522178,0,1,6351.777,-0.05832499,5,1,false,false,-0.41522616,1.6342409,4.4231753,3.018215,0.029711252,3
51.980114,0.90555376,39.23778124575314,-77.96785205767975,0,1,6348.1846,-0.05912314,5,1,false,false,-0.48816252,1.2677724,10.176054,3.0187242,0.027550029,3
52.0095,0.9058246,39.23777394965598,-77.96785587943079,0,1,6405.809,-0.052998368,5,1,false,false,-0.65134096,1.9250197,7.926543,3.0189927,0.0055307853,3
52.03422,0.9060956,39.23776674358489,-77.96785970188876,0,1,6373.6978,-0.044477012,5,1,false,false,-0.47702587,1.0987927,5.9794025,3.0190537,0.0013674443,3
52.06928,0.9063667,39.237759537513796,-77.96786352434674,0,1,6405.011,-0.0340895,5,1,false,false,-0.43010667,3.3254108,4.137866,3.0189521,-0.016244877,3
52.10829,0.9066381,39.23775224141664,-77.96786734609776,0,1,6363.8223,-0.020507256,5,1,false,false,-0.45304662,1.6968565,4.2435493,3.01869,-0.021645492,3
52.1306,0.9069097,39.237745035345554,-77.96787116855575,0,1,6325.7793,-0.0005334844,5,1,false,false,0.6009952,1.8032423,16.08336,3.018389,-0.018749453,3
52.146713,0.90718144,39.23773782927446,-77.96787499101372,0,1,6392.3394,0.018908864,5,1,false,false,1.1816659,-0.06639126,10.413576,3.0180726,-0.012013704,3
52.169422,0.9074532,39.237730533177306,-77.96787881347169,0,1,6463.238,0.039415088,5,1,false,false,0.62084156,2.786776,7.360009,3.0178885,-0.00635518,3
52.23893,0.90772533,39.23772332710621,-77.96788251928355,0,1,6368.3745,0.056194138,5,1,false,false,0.6123253,4.0820956,7.228989,3.0177252,-0.010092272,3
52.280838,0.9079978,39.23771603100906,-77.96788634174152,0,1,6188.8755,0.07350563,5,1,false,false,0.96130216,2.1482408,7.145675,3.0175188,-0.015864125,3
52.297245,0.90827036,39.2377087349119,-77.9678901641995,0,1,6300.8345,0.08655439,5,1,false,false,1.8398929,0.48550284,9.581716,3.01747,0.0059799044,3
52.297195,0.9085431,39.23770152884081,-77.96789398665747,0,1,6408.02,0.10040339,5,1,false,false,1.8444577,-0.099089734,8.772214,3.0178127,0.031075407,3
52.314247,0.9088158,39.23769423274366,-77.96789780840851,0,1,6418.125,0.106528655,5,1,false,false,1.3007526,2.4393723,8.340739,3.0185177,0.04940941,3
52.359047,0.90908873,39.2376869366465,-77.96790163086648,0,1,6389.6694,0.104132116,5,1,false,false,2.397594,2.5128434,10.252115,3.0194368,0.06404158,3
52.390537,0.9093619,39.23767964054934,-77.96790545332445,0,1,6346.317,0.09534349,5,1,false,false,1.9322722,2.0743039,8.7169075,3.0206432,0.07865072,3
52.42317,0.90963525,39.237672344452186,-77.96790927578243,0,1,6374.0454,0.082826175,5,1,false,false,0.7149325,1.7647649,5.0637174,3.021971,0.076080106,3
52.449547,0.9099088,39.237665048217586,-77.96791309753345,0,1,6372.9995,0.07164046,5,1,false,false,3.540325,1.6637896,9.352923,3.023124,0.07150469,3
52.480923,0.9101825,39.23765775212043,-77.96791680405227,0,1,6353.5957,0.06365055,5,1,false,false,2.0374599,2.0031037,9.76729,3.024414,0.07828529,3
52.49806,0.9104563,39.237650456023275,-77.96792062651024,0,1,6356.482,0.05512923,5,1,false,false,2.2263827,0.40530616,9.112654,3.025772,0.08934313,3
52.519165,0.9107303,39.237643159926115,-77.96792444896822,0,1,6444.7217,0.047670715,5,1,false,false,1.3132433,3.4220514,8.038378,3.0273542,0.09259623,3
52.561333,0.9110044,39.237635863828956,-77.96792827071924,0,1,6388.274,0.038616925,5,1,false,false,2.6069045,1.8761635,10.632852,3.0287273,0.07784879,3
52.593548,0.9112787,39.237628567731804,-77.96793197723804,0,1,6317.241,0.03542116,5,1,false,false,2.034232,2.0215757,12.338588,3.0299428,0.06701148,3
52.619373,0.91155326,39.237621181471134,-77.96793579969602,0,1,6389.625,0.0332903,5,1,false,false,2.5384562,1.3462213,12.419462,3.031035,0.064164914,3
52.64167,0.91182786,39.23761388537398,-77.96793950621482,0,1,6399.575,0.034089513,5,1,false,false,2.776914,1.8635379,12.767146,3.0320706,0.05933841,3
52.676125,0.9121025,39.23760649911331,-77.96794332796586,0,1,6364.349,0.03728527,5,1,false,false,2.6569152,2.2173896,11.304939,3.0329838,0.04735848,3
52.706734,0.9123774,39.23759920301616,-77.96794703448465,0,1,6352.446,0.044741698,5,1,false,false,3.2763038,1.8743012,12.341538,3.033644,0.033266984,3
52.73356,0.91265243,39.23759181689294,-77.96795085694264,0,1,6361.957,0.05699332,5,1,false,false,3.4699264,1.5239081,13.585992,3.0341463,0.027724164,3
52.75605,0.91292745,39.237584430632275,-77.96795456346143,0,1,6363.229,0.068444714,5,1,false,false,3.3553724,1.5136892,13.120771,3.0346274,0.030938143,3
52.779335,0.9132027,39.23757704450905,-77.96795826998023,0,1,6380.36,0.0798961,5,1,false,false,3.3072798,1.5969526,11.204441,3.0351892,0.03558417,3
52.802677,0.91347796,39.23756965824838,-77.96796197649904,0,1,6382.4014,0.08442355,5,1,false,false,3.0412118,1.7571523,10.931785,3.0358992,0.04617694,3
52.827915,0.9137534,39.23756227212517,-77.96796568301784,0,1,6378.557,0.086287625,5,1,false,false,3.3582299,1.6754885,11.431207,3.0367353,0.05481484,3
52.85098,0.914029,39.2375548858645,-77.9679693888297,0,1,6382.88,0.08442355,5,1,false,false,2.1703382,1.5594532,11.091012,3.037698,0.058385234,3
52.873302,0.9143046,39.237547499741275,-77.9679730953485,0,1,6399.4907,0.08042959,5,1,false,false,2.2538478,1.3950931,8.00429,3.0385947,0.05112127,3
52.894665,0.91458035,39.23754011348061,-77.96797680186731,0,1,6415.6987,0.07590217,5,1,false,false,2.501024,1.5666873,11.118543,3.0395272,0.06052155,3
52.91833,0.91485626,39.23753272735739,-77.9679805083861,0,1,6418.8496,0.07323889,5,1,false,false,2.6290472,1.262681,9.154907,3.040511,0.06131297,3
52.93209,0.91513216,39.23752525107066,-77.9679842149049,0,1,6442.1147,0.066846326,5,1,false,false,2.6330304,1.5721201,12.254034,3.0416753,0.07823879,3
52.966667,0.9154082,39.237517864809995,-77.96798780548454,0,1,6459.4185,0.059389886,5,1,false,false,4.17394,1.7999237,19.100946,3.043025,0.08677457,3
52.992115,0.9156844,39.23751047868677,-77.96799151200334,0,1,6407.4663,0.04394251,5,1,false,false,2.2847455,1.8719232,15.727554,3.0446968,0.098615736,3
53.024757,0.91596067,39.23750300240004,-77.96799510258298,0,1,6428.6035,0.032225408,5,1,false,false,1.6693802,2.3420064,12.578365,3.0463507,0.08489301,3
53.05557,0.9162372,39.23749561613938,-77.96799880910177,0,1,6402.754,0.01597881,5,1,false,false,2.219704,2.2165074,11.5796385,3.0475278,0.04670455,3
53.081497,0.91651374,39.237488139852644,-77.9680023996814,0,1,6350.3105,0.006925009,5,1,false,false,2.7599938,1.5728717,11.119755,3.0479991,0.010781647,3
53.09528,0.9167905,39.23748066370336,-77.9680061062002,0,1,6377.973,0.008522377,5,1,false,false,2.1935737,0.7374097,10.394458,3.0479414,-0.009059458,3
53.10483,0.9170672,39.237473187416626,-77.96800969677983,0,1,6447.555,0.022104625,5,1,false,false,1.8733631,0.9109396,11.166544,3.047706,-0.0112646455,3
53.11869,0.91734403,39.23746580115596,-77.96801328735947,0,1,6464.8975,0.039681833,5,1,false,false,2.005943,1.1579907,9.639447,3.047584,0.0020236487,3
53.138462,0.91762096,39.23745832486923,-77.96801699387827,0,1,6479.985,0.056194138,5,1,false,false,1.8436496,1.4949286,8.089025,3.0477126,0.015487472,3
53.16017,0.917898,39.237450848582505,-77.96802058445789,0,1,6501.928,0.065514676,5,1,false,false,1.6508733,1.6217841,7.304058,3.0480862,0.029834732,3
53.18621,0.9181751,39.23744337229577,-77.96802417503753,0,1,6498.707,0.07057453,5,1,false,false,1.7627128,1.7873436,7.990706,3.048671,0.041109346,3
53.212536,0.9184523,39.237435896146486,-77.96802776561715,0,1,6489.531,0.06844474,5,1,false,false,1.7117404,1.807527,8.775983,3.0494668,0.05433394,3
53.238686,0.9187297,39.237428419859754,-77.96803135619679,0,1,6498.5703,0.061253987,5,1,false,false,1.5321261,1.7299924,8.818743,3.0504296,0.059994537,3
53.265472,0.91900724,39.23742094357302,-77.96803494677641,0,1,6497.7744,0.051933456,5,1,false,false,1.5899637,1.8984821,8.690096,3.0514548,0.061212085,3
53.29474,0.9192849,39.237413467286295,-77.96803853735604,0,1,6483.0996,0.043942507,5,1,false,false,1.8284333,2.0201762,10.510697,3.0524755,0.059801597,3
53.323185,0.9195627,39.2374059009735,-77.96804212793568,0,1,6468.1094,0.039149374,5,1,false,false,1.8493474,1.8452126,11.56246,3.0534325,0.054043744,3
53.34795,0.91984063,39.237398424686766,-77.9680457185153,0,1,6467.269,0.03568687,5,1,false,false,2.185948,1.6150746,10.879738,3.0543036,0.049665246,3
53.371605,0.9201187,39.237390948400034,-77.96804930909494,0,1,6474.5117,0.032225393,5,1,false,false,2.4408708,1.6741676,10.696545,3.0551412,0.049751826,3
53.395626,0.92039686,39.23738338208724,-77.96805289967456,0,1,6469.0356,0.030627001,5,1,false,false,2.03802,1.6725478,10.5780735,3.0559616,0.04649081,3
53.418957,0.92067516,39.23737590580051,-77.96805649025418,0,1,6466.895,0.02929535,5,1,false,false,1.8883933,1.5970312,10.562779,3.0566795,0.040156923,3
53.441284,0.9209536,39.237368339487716,-77.96805996489465,0,1,6476.8003,0.027430205,5,1,false,false,1.4090874,1.5035065,8.616798,3.057297,0.033143308,3
53.46122,0.92123216,39.23736086320098,-77.96806355547427,0,1,6486.5967,0.02716449,5,1,false,false,1.7658854,1.389426,8.845332,3.057787,0.028398229,3
53.4816,0.92151076,39.23735329675074,-77.96806714605391,0,1,6500.4814,0.029827805,5,1,false,false,1.735281,1.4582944,10.913227,3.0582478,0.02830506,3
53.50045,0.9217895,39.237345730437944,-77.96807073663354,0,1,6508.007,0.030893745,5,1,false,false,1.7380644,1.1300858,8.248569,3.0587175,0.030186107,3
53.5207,0.9220683,39.23733816412515,-77.96807421198093,0,1,6530.243,0.029562093,5,1,false,false,1.7844307,1.6013005,8.429809,3.059272,0.036148127,3
53.546917,0.92234725,39.23733068783842,-77.96807780256057,0,1,6531.897,0.02956209,5,1,false,false,1.7321496,1.8602728,9.640192,3.0598912,0.038322844,3
53.57372,0.9226264,39.23732312152563,-77.96808127720102,0,1,6505.3086,0.030626994,5,1,false,false,1.4166763,1.6981537,8.470044,3.060498,0.03358916,3
53.596848,0.92290556,39.23731555521283,-77.96808486778066,0,1,6517.4893,0.028229406,5,1,false,false,1.8187689,1.552618,9.030614,3.0610685,0.035936046,3
53.61904,0.9231849,39.23730798876259,-77.96808834242111,0,1,6537.144,0.023701994,5,1,false,false,1.6613607,1.5870142,8.714954,3.0616677,0.03605133,3
53.6425,0.92346436,39.23730042244979,-77.96809193300074,0,1,6527.0537,0.01890886,5,1,false,false,1.339715,1.5826019,8.115554,3.0622656,0.035279375,3
53.665485,0.9237439,39.237292856136996,-77.9680954076412,0,1,6531.482,0.014114704,5,1,false,false,1.507935,1.5188686,9.85525,3.0627942,0.030731361,3
53.687397,0.9240236,39.2372852898242,-77.96809899822082,0,1,6547.3135,0.0069250083,5,1,false,false,1.8534213,1.5393975,11.274028,3.0633519,0.036074538,3
53.71075,0.9243034,39.237277723373964,-77.96810247356824,0,1,6546.3486,0.002396564,5,1,false,false,1.5055968,1.6325095,10.169515,3.063914,0.032373864,3
53.736153,0.9245834,39.2372700670351,-77.96810594820869,0,1,6548.4014,-0.008522376,5,1,false,false,1.2122228,1.9539042,10.393289,3.0644567,0.029728508,3
53.766407,0.92486346,39.2372625007223,-77.96810953878831,0,1,6534.778,-0.018643148,5,1,false,false,1.6650189,1.9073281,9.766879,3.064893,0.021479852,3
53.79338,0.9251437,39.237254934272066,-77.96811301342878,0,1,6506.177,-0.024235476,5,1,false,false,0.63030756,1.7573689,8.335575,3.0651617,0.008108249,3
53.81573,0.9254242,39.2372472779332,-77.96811648806923,0,1,6519.403,-0.027431238,5,1,false,false,0.9931519,1.3605342,8.311559,3.0651617,-0.0052065165,3
53.833923,0.9257048,39.237239711620404,-77.9681199627097,0,1,6536.895,-0.030361284,5,1,false,false,0.51767147,1.2401363,7.5143385,3.0650105,-0.012212831,3
53.84937,0.9259854,39.237232055144105,-77.96812355399626,0,1,6553.484,-0.030627005,5,1,false,false,0.41944802,1.1331524,7.488663,3.0647366,-0.017802851,3
53.866802,0.9262662,39.23722448883131,-77.96812702863672,0,1,6586.1763,-0.02929535,5,1,false,false,0.28860688,1.1360297,7.624031,3.0644054,-0.020970348,3
53.883465,0.926547,39.237216832355,-77.96813050327718,0,1,6603.2446,-0.025833867,5,1,false,false,0.26333,1.175125,7.8341026,3.0640266,-0.02299471,3
53.904274,0.9268279,39.23720926604221,-77.96813397791763,0,1,6617.771,-0.019974798,5,1,false,false,0.1790055,1.5749216,8.449195,3.063636,-0.02407819,3
53.9316,0.927109,39.2372016095659,-77.96813756849727,0,1,6617.4287,-0.010653228,5,1,false,false,0.21400255,1.8860745,8.407675,3.0632246,-0.024929918,3
53.962154,0.9273902,39.23719395322704,-77.96814104313772,0,1,6595.7485,-0.0021308498,5,1,false,false,0.19535206,2.0617962,8.070575,3.0628233,-0.023368917,3
53.992367,0.92767155,39.2371863867768,-77.96814451848512,0,1,6578.708,0.0039939308,5,1,false,false,0.45567662,1.8269845,8.525513,3.0624804,-0.016822245,3
54.018,0.9279531,39.23717873043794,-77.96814799312558,0,1,6573.521,0.010918941,5,1,false,false,0.41227686,1.5811641,8.647957,3.0622494,-0.010011351,3
54.04078,0.92823476,39.23717107396163,-77.96815158370521,0,1,6579.9023,0.018642116,5,1,false,false,0.30003446,1.4008535,8.776454,3.0621252,-0.0038171445,3
54.060963,0.9285165,39.237163417622774,-77.96815505834567,0,1,6592.5425,0.02663101,5,1,false,false,0.26712728,1.3671162,9.053336,3.0620947,0.0010990212,3
54.081863,0.92879844,39.23715576114647,-77.96815853298612,0,1,6608.8745,0.03115945,5,1,false,false,0.54340297,1.3572834,8.8502445,3.0621684,0.008978641,3
54.103817,0.92908037,39.23714819483367,-77.96816212356575,0,1,6616.168,0.03329031,5,1,false,false,0.6455061,1.5534632,9.092215,3.0624022,0.01887945,3
54.13081,0.9293625,39.237140538357366,-77.96816559820621,0,1,6616.727,0.035686865,5,1,false,false,0.60038936,1.7782813,8.915892,3.0627825,0.026758587,3
54.157646,0.92964476,39.23713288201851,-77.96816907355361,0,1,6605.966,0.03515441,5,1,false,false,0.60499793,1.7149569,8.583773,3.0632873,0.033630677,3
54.183617,0.9299272,39.2371252255422,-77.96817254819408,0,1,6604.815,0.030627005,5,1,false,false,0.78055525,1.630604,8.7886095,3.063903,0.040407352,3
54.20905,0.9302097,39.23711747903983,-77.9681761387737,0,1,6604.744,0.026365293,5,1,false,false,0.54356533,1.632391,9.67232,3.0645974,0.041976143,3
54.234116,0.93049234,39.237109822563525,-77.96817961341415,0,1,6600.7163,0.022637082,5,1,false,false,0.6522602,1.5666207,9.102581,3.0652792,0.04035393,3
54.257523,0.9307751,39.237102166224666,-77.96818308805462,0,1,6603.653,0.018375373,5,1,false,false,0.79385215,1.4967327,9.465245,3.0659413,0.039202575,3
54.281082,0.931058,39.23709450974836,-77.96818656269507,0,1,6610.904,0.014114701,5,1,false,false,0.883425,1.5556719,10.018497,3.0665843,0.038049463,3
54.305145,0.931341,39.2370868534095,-77.96819015398165,0,1,6607.3022,0.011185685,5,1,false,false,0.9065533,1.5892605,12.623048,3.0672123,0.03669688,3
54.32972,0.9316242,39.237079106907125,-77.9681936286221,0,1,6605.8057,0.00772318,5,1,false,false,1.0400774,1.588138,10.463079,3.0678327,0.036094274,3
54.353363,0.9319075,39.237071450430825,-77.96819710326255,0,1,6608.983,0.004526387,5,1,false,false,1.0632915,1.5517925,9.902317,3.0684214,0.033846367,3
54.379753,0.93219084,39.23706370392845,-77.96820057790302,0,1,6606.3145,0.002396564,5,1,false,false,0.9857325,1.7526002,8.7974615,3.0689409,0.027875742,3
54.40432,0.9324744,39.23705604758959,-77.96820405254347,0,1,6590.5747,-0.00079919817,5,1,false,false,0.93242943,1.5185505,8.5487585,3.0693305,0.020051677,3
54.425747,0.9327581,39.23704830108722,-77.96820752789087,0,1,6600.602,-0.0018651386,5,1,false,false,0.8432577,1.2866,8.947049,3.06961,0.014626996,3
54.44225,0.9330419,39.237040644610914,-77.9682111184705,0,1,6625.4834,-0.0018651388,5,1,false,false,0.7923976,0.99191475,8.09156,3.0698216,0.012688562,3
54.459385,0.9333257,39.237032898108545,-77.96821459311096,0,1,6653.472,-0.0021308518,5,1,false,false,0.81651175,1.2234911,8.560175,3.070028,0.013369606,3
54.480972,0.93360966,39.23702524163224,-77.96821806775142,0,1,6666.9404,-0.0031967922,5,1,false,false,0.8200843,1.4968292,9.078903,3.0702696,0.015467692,3
54.506462,0.93389374,39.23701749512987,-77.96822154239187,0,1,6659.525,-0.004794159,5,1,false,false,0.8516231,1.7095453,9.63663,3.070534,0.015836487,3
54.535175,0.93417794,39.23700974876495,-77.96822501703234,0,1,6651.578,-0.0071907234,5,1,false,false,0.80560654,1.8921016,10.088688,3.0707939,0.01440107,3
54.56419,0.93446237,39.23700200226257,-77.96822849237974,0,1,6638.2095,-0.0109189395,5,1,false,false,0.7924376,1.8246812,10.318559,3.0710268,0.012531463,3
54.591812,0.93474686,39.2369942557602,-77.96823196702019,0,1,6623.8354,-0.014114703,5,1,false,false,0.5815773,1.7209712,9.68034,3.071195,0.0069349133,3
54.61698,0.9350315,39.2369865992839,-77.96823544166065,0,1,6619.9033,-0.016513325,5,1,false,false,0.41640127,1.5314119,8.948077,3.071248,-0.001108246,3
54.639458,0.9353162,39.236978852781526,-77.9682389163011,0,1,6624.0654,-0.017843949,5,1,false,false,0.53799254,1.3969731,8.558303,3.0711694,-0.007477514,3
54.66008,0.9356011,39.23697110627916,-77.96824239094155,0,1,6630.586,-0.017311499,5,1,false,false,0.28655887,1.254787,7.530753,3.0709834,-0.0143127665,3
54.677937,0.93588614,39.23696335977679,-77.96824586628897,0,1,6647.799,-0.014647156,5,1,false,false,0.37672687,1.1302164,7.4750714,3.0707154,-0.016795529,3
54.695347,0.93617123,39.23695561327442,-77.96824945686859,0,1,6674.564,-0.011185683,5,1,false,false,0.36310825,1.1430407,8.328942,3.0704343,-0.015921919,3
54.71417,0.9364564,39.23694786677205,-77.96825293150906,0,1,6691.0063,-0.0053266142,5,1,false,false,0.1788435,1.2373788,8.325226,3.0701776,-0.014829112,3
54.7365,0.9367417,39.23694003024361,-77.96825640614951,0,1,6701.1177,-0.00026674272,5,1,false,false,0.27007842,1.5143089,8.137407,3.069936,-0.013556536,3
54.764637,0.93702716,39.23693228374124,-77.96825988078996,0,1,6697.9707,0.003461475,5,1,false,false,0.1500593,1.8998582,8.993268,3.0697243,-0.012021308,3
54.795795,0.93731266,39.23692453723887,-77.96826335543042,0,1,6672.8003,0.0066582663,5,1,false,false,0.26407072,1.925275,10.0455,3.0695453,-0.009449207,3
54.8244,0.9375984,39.2369167907365,-77.96826683077782,0,1,6655.638,0.009321573,5,1,false,false,0.25600114,1.6878021,10.749068,3.0694237,-0.0052694962,3
54.84935,0.9378843,39.23690904423413,-77.96827030541829,0,1,6658.035,0.011984879,5,1,false,false,0.21242137,1.5273459,11.746278,3.0693593,-0.0027049244,3
54.872955,0.93817025,39.2369012077057,-77.96827378005874,0,1,6659.147,0.013049791,5,1,false,false,0.24364206,1.5031295,11.579037,3.0693545,0.0013283748,3
54.896996,0.9384564,39.23689346120332,-77.96827725469919,0,1,6654.7637,0.014114701,5,1,false,false,0.2915494,1.5566224,12.22485,3.0694122,0.0051313196,3
54.920727,0.93874264,39.23688562453744,-77.96828072933965,0,1,6651.416,0.014114703,5,1,false,false,0.26023403,1.5124568,11.682214,3.06951,0.0060261805,3
54.942905,0.939029,39.236877878035074,-77.96828431991928,0,1,6653.7266,0.013848991,5,1,false,false,0.2599941,1.3936532,11.027435,3.0696313,0.007896763,3
54.964565,0.9393155,39.23687013167015,-77.96828779526669,0,1,6656.815,0.0135822445,5,1,false,false,0.21808419,1.4075592,11.737087,3.0697784,0.00879875,3
54.985836,0.9396021,39.23686229500427,-77.96829126990714,0,1,6659.2812,0.01304979,5,1,false,false,0.33026567,1.3679175,12.354696,3.0699468,0.010651925,3
55.006397,0.93988883,39.23685445847583,-77.96829474454759,0,1,6664.7373,0.013848989,5,1,false,false,0.41535702,1.3612597,11.682989,3.0701444,0.012891376,3
55.027393,0.94017565,39.23684671183602,-77.96829821918806,0,1,6671.3945,0.014114702,5,1,false,false,0.14169657,1.4230877,9.157025,3.070344,0.010680997,3
55.049145,0.9404626,39.23683887530758,-77.96830169382851,0,1,6672.7803,0.011984883,5,1,false,false,0.4107553,1.4403411,8.551969,3.0705214,0.011303401,3
55.070854,0.94074965,39.23683112894266,-77.9683051691759,0,1,6671.652,0.009854028,5,1,false,false,0.21653515,1.3541542,8.969311,3.07072,0.0128557095,3
55.088573,0.9410369,39.23682329241422,-77.96830864381637,0,1,6681.019,0.008522375,5,1,false,false,-0.039618902,1.0582768,8.80967,3.0709102,0.010405729,3
55.104332,0.94132406,39.23681545588579,-77.968312234396,0,1,6710.078,0.0071907225,5,1,false,false,0.13218346,1.0284075,7.8640065,3.0710628,0.009515439,3
55.12187,0.9416114,39.23680761908246,-77.96831570903646,0,1,6732.488,0.0058580395,5,1,false,false,0.2515557,1.2553085,7.4220877,3.0712235,0.0102942865,3
55.14423,0.9418988,39.23679987271754,-77.96831918367691,0,1,6733.8906,0.0055923276,5,1,false,false,0.12878945,1.531263,8.022597,3.0713868,0.009407367,3
55.16858,0.9421864,39.2367920361891,-77.96832265831738,0,1,6727.6704,0.0055923266,5,1,false,false,0.31484467,1.5444711,9.255057,3.0715497,0.010939853,3
55.19284,0.94247407,39.23678419966067,-77.96832613366477,0,1,6729.3604,0.006390496,5,1,false,false,0.22659147,1.508579,8.883672,3.0717368,0.011671925,3
55.217213,0.9427619,39.23677636285734,-77.96832960830523,0,1,6729.265,0.00585804,5,1,false,false,0.20856324,1.5675874,8.418265,3.0719364,0.01168063,3
55.244007,0.94304985,39.23676852632891,-77.96833319888486,0,1,6721.5986,0.0034614746,5,1,false,false,0.30351165,1.7237147,8.308101,3.0721161,0.00998352,3
55.26957,0.94333786,39.23676068980048,-77.96833667352531,0,1,6706.7305,0.002396564,5,1,false,false,0.123846434,1.5257294,8.498144,3.0722733,0.008371623,3
55.291637,0.94362617,39.23675285327204,-77.96834014816577,0,1,6710.4946,0.0023965642,5,1,false,false,0.14109007,1.2842746,8.228183,3.072355,0.0027121813,3
55.31062,0.9439144,39.236745016743605,-77.96834362351318,0,1,6727.8164,0.0023965642,5,1,false,false,0.18437919,1.1644028,7.9635353,3.072377,0.000981207,3
55.329197,0.94420284,39.236737180215165,-77.96834709815363,0,1,6740.659,0.0037282181,5,1,false,false,0.31416303,1.2110147,8.1467,3.072384,0.0014238388,3
55.3495,0.9444913,39.23672925352322,-77.9683505727941,0,1,6751.3296,0.0063904948,5,1,false,false,0.20443606,1.3361678,9.401922,3.0724194,0.0029921068,3
55.37205,0.94478,39.23672141699479,-77.96835416337372,0,1,6756.5835,0.009854031,5,1,false,false,0.34337613,1.3846914,8.7420225,3.0724635,0.0033050864,3
55.39592,0.9450687,39.23671358019146,-77.96835763801417,0,1,6754.9497,0.011984883,5,1,false,false,0.17375973,1.6007499,7.4266,3.0725253,0.003769616,3
55.422764,0.9453576,39.23670574366303,-77.96836111265463,0,1,6749.7305,0.013848988,5,1,false,false,0.48822862,1.6362971,8.197062,3.0725994,0.0060744053,3
55.448322,0.94564664,39.23669781697108,-77.96836458800203,0,1,6735.173,0.015446357,5,1,false,false,0.41931313,1.4808819,8.591776,3.0726874,0.0054129683,3
55.46931,0.9459357,39.23668998044265,-77.9683680626425,0,1,6739.4746,0.016245555,5,1,false,false,0.4312932,1.1476654,6.666721,3.0727978,0.009352469,3
55.488514,0.9462249,39.236682143914216,-77.96837165322212,0,1,6765.272,0.016778007,5,1,false,false,0.35775656,1.1635484,7.3252735,3.0729434,0.010398115,3
55.50876,0.94651425,39.236674217222266,-77.96837512786257,0,1,6772.167,0.015179614,5,1,false,false,0.23647836,1.3177437,7.867893,3.0731244,0.012377253,3
55.529095,0.94680375,39.23666638069383,-77.96837860250304,0,1,6774.1553,0.011984879,5,1,false,false,0.4045296,1.1110327,7.131329,3.0733268,0.013963336,3
55.549683,0.94709325,39.23665845400189,-77.96838207714349,0,1,6795.0425,0.008255633,5,1,false,false,0.15139642,1.2961224,6.7012076,3.073572,0.015447661,3
55.57368,0.947383,39.23665061747345,-77.9683855524909,0,1,6800.5884,0.0050588427,5,1,false,false,0.25569755,1.4863156,6.831733,3.0738258,0.015946671,3
55.598984,0.9476728,39.23664269078151,-77.96838914307052,0,1,6786.4087,0.0013306236,5,1,false,false,0.12210064,1.4869174,6.7837276,3.0740676,0.013670748,3
55.62297,0.94796264,39.236634854253076,-77.96839261771098,0,1,6791.5337,-0.0018651388,5,1,false,false,0.21667048,1.3473395,6.800933,3.0742671,0.011538972,3
55.645367,0.9482527,39.236626927561126,-77.96839609235144,0,1,6804.716,-0.0029300498,5,1,false,false,0.24597809,1.2914324,8.780086,3.0744243,0.0087649,3
55.66806,0.94854283,39.23661900086918,-77.96839956699189,0,1,6807.3447,-0.0023975947,5,1,false,false,0.21370688,1.4437149,10.499634,3.0745482,0.0063414467,3
55.693985,0.9488331,39.23661116434075,-77.96840315757153,0,1,6806.2656,-0.00079919805,5,1,false,false,0.5782697,1.5664419,11.308614,3.0746667,0.0075818445,3
55.72421,0.9491235,39.2366032376488,-77.96840663221198,0,1,6794.9863,0.0015973662,5,1,false,false,0.61464965,2.0061564,12.146885,3.0748148,0.008413748,3
55.756622,0.9494141,39.236595311231746,-77.96841010755938,0,1,6760.503,0.003728218,5,1,false,false,0.6089487,1.8403682,13.106114,3.0749736,0.007975367,3
55.78393,0.9497048,39.2365873845398,-77.96841358219984,0,1,6738.238,0.005058842,5,1,false,false,0.53477484,1.5045314,12.424637,3.0751035,0.005798255,3
55.80555,0.9499957,39.23657945784786,-77.96841717277947,0,1,6745.831,0.005325584,5,1,false,false,0.61789054,1.2218292,12.703947,3.0752,0.0047528157,3
55.825153,0.9502866,39.23657153115591,-77.96842064741993,0,1,6752.5854,0.004260674,5,1,false,false,0.50643206,1.1910943,12.357315,3.0752735,0.004088356,3
55.84446,0.95057774,39.23656360446397,-77.96842412206038,0,1,6752.4937,0.0031947326,5,1,false,false,0.29992658,1.1669421,11.773105,3.075334,0.0027441564,3
55.863827,0.9508689,39.236555677772024,-77.96842759670083,0,1,6764.811,0.0023965642,5,1,false,false,0.31001887,1.1816857,10.287267,3.075371,0.001493302,3
55.882618,0.9511602,39.23654775135497,-77.96843107204825,0,1,6774.7524,0.0010649109,5,1,false,false,0.28936368,1.1523368,10.854419,3.0753934,0.0013662524,3
55.902393,0.95145154,39.236539824663026,-77.96843466262787,0,1,6778.5703,-1.0298972e-06,5,1,false,false,0.29739106,1.2255347,11.479521,3.0754204,0.0018648959,3
55.92213,0.95174307,39.236531897971076,-77.96843813726834,0,1,6785.7783,-1.0298944e-06,5,1,false,false,0.02229619,1.2162565,10.699372,3.0754611,0.001821534,3
55.942513,0.9520346,39.23652388111562,-77.96844161190879,0,1,6795.4395,0.0002657128,5,1,false,false,0.3013537,1.2719592,10.8082485,3.075488,0.0013808812,3
55.964108,0.9523263,39.23651595469857,-77.96844508654924,0,1,6796.393,0.00079816824,5,1,false,false,0.16588606,1.3807195,12.426773,3.0755153,0.00077517075,3
55.986855,0.95261806,39.236508028006625,-77.96844856189665,0,1,6791.0186,0.0013306236,5,1,false,false,0.0043299347,1.4197048,10.49406,3.0755355,-0.00036407963,3
56.00923,0.95291,39.23650010131468,-77.96845215247627,0,1,6789.786,0.001863079,5,1,false,false,0.091012016,1.4168189,10.213809,3.0755491,-0.00011528174,3
56.030964,0.9532021,39.23649208445922,-77.96845562711673,0,1,6789.8003,0.0034614746,5,1,false,false,0.14731464,1.3074588,13.341143,3.0755713,0.0019761787,3
56.050888,0.9534942,39.23648415776728,-77.96845910175719,0,1,6786.216,0.004526385,5,1,false,false,-0.070129395,1.2423244,10.23832,3.0756104,0.0018141043,3
56.07038,0.95378643,39.236476231350224,-77.96846257639764,0,1,6796.8174,0.004526386,5,1,false,false,0.18401581,1.2217358,8.382982,3.075634,0.0021582549,3
56.09078,0.95407873,39.23646821449477,-77.96846616697728,0,1,6803.442,0.0031947326,5,1,false,false,0.14532685,1.3182317,8.757365,3.075682,0.004054485,3
56.11012,0.9543712,39.23646028780283,-77.96846964161773,0,1,6797.0923,0.0021298213,5,1,false,false,-0.05834289,1.1325418,8.066747,3.075734,0.0034513462,3
56.12589,0.95466375,39.23645227122226,-77.96847311696513,0,1,6813.6,0.0007981683,5,1,false,false,-0.13502857,0.8694507,7.818201,3.0757656,0.0019210303,3
56.140034,0.95495635,39.23644434453031,-77.9684765916056,0,1,6848.7676,-0.0010659408,5,1,false,false,0.07939289,0.92231566,8.990038,3.0757813,0.002210563,3
56.15713,0.9552491,39.23643632767486,-77.96848018218522,0,1,6863.5977,-0.0015983962,5,1,false,false,-0.2396484,1.1097337,7.761342,3.0758138,0.0012500068,3
56.178226,0.95554185,39.23642831109429,-77.96848365682568,0,1,6864.84,-0.0007991983,5,1,false,false,-0.18820855,1.4270226,6.5237627,3.0758276,0.0005098067,3
56.20503,0.9558348,39.23642038440235,-77.96848713146613,0,1,6861.519,0.0010649108,5,1,false,false,-0.011036053,1.6841846,7.2628746,3.0758104,-0.0011277661,3
56.2301,0.9561279,39.236412367821785,-77.96849060610658,0,1,6839.922,0.0029290195,5,1,false,false,0.099181384,1.4397575,9.4011135,3.0757842,-0.0002547939,3
56.251205,0.956421,39.23640435096633,-77.96849419668622,0,1,6844.3726,0.0058580395,5,1,false,false,0.047602937,1.1704967,9.05719,3.075781,0.00042821647,3
56.270603,0.95671433,39.23639642427439,-77.96849767203362,0,1,6866.5474,0.007989921,5,1,false,false,0.018308386,1.1833357,7.4321795,3.0757947,0.0011299415,3
56.294968,0.9570077,39.23638840769382,-77.96850114667409,0,1,6863.571,0.009321576,5,1,false,false,-0.018260017,1.7505149,8.850916,3.0758295,0.0024641908,3
56.323727,0.95730126,39.23638039083837,-77.96850473725371,0,1,6830.1255,0.009854032,5,1,false,false,-0.11276727,1.5058337,9.233877,3.075864,0.0020727566,3
56.3446,0.95759493,39.236372374257805,-77.96850821189416,0,1,6826.6973,0.00985403,5,1,false,false,0.034171566,1.1610081,8.972282,3.0758898,0.0026508009,3
56.362446,0.9578887,39.236364357402344,-77.96851168653463,0,1,6861.2466,0.008255634,5,1,false,false,-0.0069871247,1.0336502,9.720948,3.075945,0.004469609,3
56.381714,0.9581826,39.23635634082178,-77.96851527711425,0,1,6862.7554,0.007190724,5,1,false,false,0.16488706,1.2552308,10.713243,3.076035,0.0067633535,3
56.404175,0.95847654,39.236348414129836,-77.96851875246166,0,1,6855.947,0.006658268,5,1,false,false,0.035756454,1.3857731,11.162872,3.0761678,0.007672179,3
56.427437,0.9587707,39.23634039727438,-77.96852222710211,0,1,6858.542,0.0055923266,5,1,false,false,0.11407012,1.4110042,12.711355,3.0763185,0.008836943,3
56.45097,0.9590649,39.23633229053031,-77.96852581768174,0,1,6851.662,0.003993931,5,1,false,false,0.18818587,1.4497752,12.838538,3.0764995,0.009845822,3
56.474323,0.9593592,39.23632427394974,-77.9685292923222,0,1,6839.676,0.0026622778,5,1,false,false,0.160902,1.4302523,13.446077,3.0766993,0.01118967,3
56.496525,0.95965374,39.23631625709429,-77.96853276696265,0,1,6836.1323,0.0013306232,5,1,false,false,0.019717097,1.3323654,13.426891,3.076905,0.009683669,3
56.516624,0.9599483,39.236308240238834,-77.96853635754229,0,1,6832.723,-0.00079919817,5,1,false,false,-0.05544366,1.263226,13.453662,3.0770729,0.00783525,3
56.535633,0.960243,39.23630022365827,-77.96853983218274,0,1,6832.778,-0.002663307,5,1,false,false,0.14333022,1.190285,12.223188,3.0771956,0.005617726,3
56.553516,0.9605378,39.236292206802815,-77.96854342276237,0,1,6837.253,-0.0055933576,5,1,false,false,-0.0823767,1.1208204,11.543818,3.077282,0.0031906657,3
56.57115,0.96083266,39.23628419022225,-77.96854689810978,0,1,6843.0117,-0.007190724,5,1,false,false,-0.08341158,1.1216025,10.7984495,3.0773213,0.0011831028,3
56.5882,0.96112764,39.236276083478174,-77.96855037275023,0,1,6848.321,-0.009321575,5,1,false,false,-0.024557635,1.0131364,9.997403,3.0773065,-0.0016714482,3
56.604546,0.9614227,39.23626806662272,-77.96855396332987,0,1,6859.36,-0.009854032,5,1,false,false,-0.24609593,1.0727063,10.078643,3.077246,-0.005079094,3
56.621338,0.96171784,39.236260050042155,-77.96855743797032,0,1,6873.252,-0.00985403,5,1,false,false,-0.2331978,1.0706544,8.920338,3.0771332,-0.007954603,3
56.63905,0.96201307,39.23625194302319,-77.96856102854994,0,1,6878.8726,-0.008522375,5,1,false,false,-0.21221237,1.1638932,7.7343445,3.0769882,-0.009223495,3
56.657856,0.9623084,39.236243926442626,-77.96856450319041,0,1,6882.652,-0.005859069,5,1,false,false,-0.13259365,1.1321445,7.5097184,3.0768158,-0.010105772,3
56.675587,0.96260387,39.23623581969855,-77.9685679785378,0,1,6889.275,-0.0018651388,5,1,false,false,-0.25185925,1.102214,6.9797053,3.076633,-0.0102498885,3
56.691933,0.9628994,39.236227802843096,-77.96857156911744,0,1,6902.9727,0.0018630794,5,1,false,false,-0.22225602,0.9740328,7.3234377,3.0764475,-0.0099753495,3
56.708736,0.96319497,39.23621978626253,-77.9685750437579,0,1,6919.9155,0.0058580395,5,1,false,false,-0.10104619,1.0785341,6.1260695,3.0762765,-0.0086506745,3
56.725735,0.96349066,39.236211679518455,-77.96857863433752,0,1,6930.5234,0.009854029,5,1,false,false,-0.15737689,1.0344698,7.4736686,3.0761447,-0.005732849,3
56.74653,0.9637865,39.236203662663,-77.96858210897798,0,1,6936.2075,0.014114702,5,1,false,false,-0.116959386,1.3019835,6.1398067,3.0760305,-0.005667932,3
56.76688,0.9640824,39.236195555918925,-77.96858569955761,0,1,6931.905,0.01677801,5,1,false,false,-0.40129066,1.1500239,8.233289,3.0760171,0.000416804,3
56.79256,0.96437836,39.23618744917486,-77.96858917419807,0,1,6938.546,0.01944132,5,1,false,false,0.22262813,2.0135045,8.445089,3.0760646,0.0062602623,3
56.8188,0.9646746,39.236179432319396,-77.9685927647777,0,1,6909.8516,0.019441316,5,1,false,false,-0.06036502,1.939094,8.558098,3.0762188,0.010884914,3
56.8498,0.9649709,39.23617132557533,-77.9685962401251,0,1,6861.7646,0.016778005,5,1,false,false,0.19508865,0.66097426,8.97773,3.0763965,0.0134494975,3
56.86563,0.9652673,39.23616321883125,-77.96859983070473,0,1,6884.1562,0.014381444,5,1,false,false,-0.10971886,0.97636276,8.768425,3.0766158,0.01343189,3
56.880196,0.9655639,39.2361552019758,-77.96860330534518,0,1,6931.1387,0.009854028,5,1,false,false,0.11770947,0.88008416,8.215688,3.0768409,0.015259336,3
56.89856,0.9658605,39.23614709523172,-77.96860689592482,0,1,6913.6494,0.0053255837,5,1,false,false,-0.010791719,1.2239566,8.430339,3.0770762,0.014413315,3
56.919003,0.96615714,39.236138988487646,-77.96861037056527,0,1,6912.8022,0.0013306238,5,1,false,false,-0.13439153,1.1290355,7.6998377,3.0773,0.013759813,3
56.936516,0.96645397,39.23613088174357,-77.9686139611449,0,1,6935.532,-0.0023975945,5,1,false,false,-0.094397016,0.98766124,7.878931,3.0774827,0.010600093,3
56.954395,0.96675086,39.236122774724606,-77.96861743578536,0,1,6943.1396,-0.0063925544,5,1,false,false,-0.23135358,1.110835,8.664538,3.0776405,0.008550174,3
56.974525,0.9670479,39.23611475814404,-77.96862102636499,0,1,6945.206,-0.008256664,5,1,false,false,-0.07672024,1.2216697,8.747271,3.0777478,0.005547139,3
56.996468,0.967345,39.236106651399965,-77.96862461694462,0,1,6949.235,-0.0085223755,5,1,false,false,-0.10747998,1.2918023,8.954572,3.0778203,0.0027979421,3
57.01964,0.96764225,39.236098544381,-77.96862809229202,0,1,6944.6494,-0.0077231787,5,1,false,false,-0.15058252,1.4863026,9.994002,3.0778394,-0.00080872566,3
57.0446,0.9679396,39.23609043763693,-77.96863168287165,0,1,6929.833,-0.006658268,5,1,false,false,0.12914568,1.4197586,10.842,3.077811,-0.0028558737,3
57.06737,0.96823704,39.236082330892856,-77.96863515751211,0,1,6920.43,-0.0039949594,5,1,false,false,0.00825876,1.2956718,11.878445,3.0777748,-0.0032688063,3
57.088547,0.96853465,39.23607422414878,-77.96863874809173,0,1,6923.366,-1.0296935e-06,5,1,false,false,-0.036739588,1.2815499,11.280291,3.0777328,-0.0041104676,3
57.109604,0.9688324,39.23606602724119,-77.9686422227322,0,1,6920.7603,0.003461475,5,1,false,false,0.121602595,1.2676878,12.922137,3.077676,-0.005000104,3
57.130234,0.9691302,39.23605792049712,-77.96864581331182,0,1,6912.5947,0.00585804,5,1,false,false,0.22555146,1.244735,13.03713,3.0776541,5.06373e-05,3
57.14981,0.96942806,39.23604981375305,-77.96864940389145,0,1,6914.2363,0.007457466,5,1,false,false,0.03703448,1.1477273,12.2018,3.0776772,0.0009815604,3
57.168064,0.96972615,39.236041706734085,-77.96865287853191,0,1,6917.0444,0.0069250106,5,1,false,false,-0.07451704,1.0924697,12.231753,3.077743,0.0035670078,3
57.186317,0.9700242,39.23603359999001,-77.96865646911154,0,1,6915.8774,0.004526386,5,1,false,false,-0.006412387,1.1298097,11.6079,3.0778277,0.0054057287,3
57.20413,0.97032243,39.23602540308242,-77.96865994445893,0,1,6915.892,0.0015973663,5,1,false,false,-0.22678632,1.0758256,10.954167,3.0779214,0.004598272,3
57.220993,0.9706207,39.236017296338346,-77.96866353503857,0,1,6923.2065,-0.0029300498,5,1,false,false,-0.07193674,1.0218675,10.310466,3.077994,0.0048830146,3
57.237305,0.9709191,39.23600918959427,-77.9686671256182,0,1,6931.218,-0.007457465,5,1,false,false,-0.33948332,1.0002575,10.102374,3.0780458,0.002039567,3
57.253624,0.9712175,39.23600099268669,-77.96867060025866,0,1,6938.5576,-0.010386483,5,1,false,false,-0.2229626,0.9805617,9.267371,3.0780482,-0.000831304,3
57.269417,0.9715161,39.235992885942615,-77.96867419083829,0,1,6949.842,-0.01198488,5,1,false,false,-0.14438212,0.9625001,8.372488,3.0779958,-0.0038009884,3
57.28618,0.97181463,39.23598477919854,-77.96867778141792,0,1,6959.098,-0.011452429,5,1,false,false,-0.40916836,1.076879,8.150601,3.0779073,-0.006509127,3
57.304466,0.9721134,39.23597658229095,-77.96868125605837,0,1,6962.0303,-0.009321573,5,1,false,false,-0.19887564,1.0961434,7.805053,3.0777617,-0.008779176,3
57.321014,0.97241217,39.235968475546876,-77.968684846638,0,1,6967.9697,-0.006392556,5,1,false,false,-0.14871809,0.9791062,6.9991446,3.0776052,-0.008087012,3
57.337826,0.9727111,39.2359602786393,-77.96868843721764,0,1,6984.0166,-0.0029300489,5,1,false,false,-0.30064374,1.0159125,7.182683,3.0774584,-0.007619849,3
57.355587,0.97301,39.23595217162033,-77.96869191185809,0,1,6990.729,0.00079816807,5,1,false,false,-0.37323165,1.0772175,8.297687,3.0773077,-0.008608115,3
57.373333,0.97330904,39.235943974987634,-77.96869550243773,0,1,6993.6646,0.002662277,5,1,false,false,-0.14726207,1.0263671,8.4072275,3.077151,-0.0077194045,3
57.39224,0.97360826,39.23593586796867,-77.96869909301735,0,1,7006.2744,0.0034614748,5,1,false,false,-0.22892725,1.2088652,8.213086,3.0770385,-0.005658402,3
57.415268,0.97390753,39.23592767133598,-77.96870268359697,0,1,7002.998,0.00399393,5,1,false,false,-0.11466979,1.432624,8.387138,3.0769687,-0.0023838552,3
57.439384,0.97420686,39.23591947442839,-77.96870615894439,0,1,6981.3145,0.0039939303,5,1,false,false,-0.27294314,1.424727,8.162141,3.076947,-0.00057825353,3
57.461895,0.9745063,39.23591136740943,-77.96870974952401,0,1,6975.2393,0.0039939303,5,1,false,false,-0.3148595,1.2144873,8.044134,3.076944,0.0013594629,3
57.480427,0.974806,39.23590317077674,-77.96871334010365,0,1,6981.021,0.0034614755,5,1,false,false,-0.26951194,1.0281907,7.616404,3.0769587,0.0022657493,3
57.497856,0.97510564,39.23589497386915,-77.96871693068327,0,1,6990.084,0.0026622773,5,1,false,false,-0.32240838,0.9761492,7.132712,3.0769963,0.003958702,3
57.514935,0.97540545,39.23588686685019,-77.96872040532372,0,1,6998.355,0.002129822,5,1,false,false,-0.24550682,0.97592777,6.495883,3.0770397,0.0037289187,3
57.531994,0.9757053,39.23587867021749,-77.96872399590336,0,1,7009.085,0.0010649106,5,1,false,false,-0.12343006,0.9269289,7.3082666,3.077094,0.005448248,3
57.54871,0.97600526,39.23587047330991,-77.96872758648298,0,1,7020.9863,-1.0298972e-06,5,1,false,false,-0.20155945,0.91556513,7.9588346,3.0771713,0.0058997255,3
57.5652,0.9763053,39.23586227640232,-77.96873117706262,0,1,7034.046,-0.0005334854,5,1,false,false,-0.21737534,0.9702622,8.188728,3.077251,0.00447151,3
57.58662,0.9766054,39.235854079494736,-77.96873476764225,0,1,7043.469,-0.0015983963,5,1,false,false,-0.2585161,1.3664579,8.104136,3.0773187,0.0035392076,3
57.612717,0.97690564,39.23584588258716,-77.96873835822187,0,1,7024.4697,-0.001865139,5,1,false,false,-0.32003275,1.5276382,8.480023,3.0773823,0.002591582,3
57.63871,0.97720605,39.23583768567957,-77.96874194880151,0,1,7000.71,-0.0021308518,5,1,false,false,-0.24443418,1.4574281,8.996149,3.0774174,0.0011002083,3
57.661785,0.9775066,39.235829488771984,-77.96874553938113,0,1,6996.39,-0.0029300493,5,1,false,false,-0.02208981,1.1828693,8.362265,3.0774271,0.00153382,3
57.681583,0.9778072,39.2358212918644,-77.9687490140216,0,1,6997.9893,-0.0034625046,5,1,false,false,-0.24622302,1.0490568,8.165054,3.077442,0.0010752646,3
57.699722,0.9781079,39.235813095231705,-77.96875260530817,0,1,7002.1333,-0.004527415,5,1,false,false,-0.22265576,0.9337812,8.243146,3.077437,-4.3732784e-05,3
57.715904,0.9784087,39.23580489832412,-77.96875619588779,0,1,7015.241,-0.005593356,5,1,false,false,-0.09952186,0.87163764,8.384028,3.0774093,-0.0011848223,3
57.732635,0.97870964,39.23579670141654,-77.96875978646743,0,1,7030.837,-0.0061258115,5,1,false,false,-0.37537783,0.9119892,7.8300076,3.0773804,-0.0018423407,3
57.750385,0.9790106,39.23578850450895,-77.96876337704705,0,1,7038.049,-0.006125812,5,1,false,false,-0.25252852,1.0106428,7.4401393,3.077316,-0.004465057,3
57.770866,0.9793117,39.23578030760137,-77.96876696762669,0,1,7042.173,-0.006125812,5,1,false,false,-0.15898405,1.1431798,7.824892,3.0772285,-0.0048728962,3
57.791992,0.9796129,39.23577211069378,-77.96877055820632,0,1,7040.878,-0.0053266142,5,1,false,false,-0.18553022,1.1566743,8.10081,3.07714,-0.0046349796,3
57.81301,0.9799141,39.2357639137862,-77.96877414878594,0,1,7040.5977,-0.004261704,5,1,false,false,-0.27246094,1.1128612,8.655706,3.0770528,-0.005417319,3
57.83365,0.98021555,39.23575562698999,-77.96877773936558,0,1,7043.5474,-0.0029300496,5,1,false,false,-0.18856856,1.1432816,9.33881,3.07697,-0.0043374617,3
57.855278,0.980517,39.23574743008241,-77.9687813299452,0,1,7043.005,-0.0018651385,5,1,false,false,-0.28812167,1.1688609,8.188312,3.076898,-0.004521777,3
57.877373,0.9808186,39.235739233174826,-77.96878492052484,0,1,7036.586,-0.0015983959,5,1,false,false,-0.20693845,1.2222072,8.720126,3.0768256,-0.0040087067,3
57.899548,0.98112035,39.23573094610373,-77.96878851110446,0,1,7031.43,-0.001865139,5,1,false,false,-0.18799108,1.1720995,9.604377,3.0767481,-0.0040701535,3
57.919983,0.9814221,39.23572274947104,-77.96879210168409,0,1,7028.7666,-0.0034625046,5,1,false,false,-0.4262976,1.0583655,8.306506,3.0766847,-0.0039185947,3
57.939224,0.9817241,39.23571455256345,-77.96879569226373,0,1,7036.0723,-0.0029300503,5,1,false,false,-0.26018393,0.9721682,7.027699,3.0765958,-0.0048841625,3
57.932407,0.9820261,39.23570626549236,-77.96879928284335,0,1,7147.2656,-0.0015983959,0,1,false,false,-0.41391802,-1.3643118,6.322419,3.0764942,-0.0054927785,3
57.92301,0.98232794,39.235698068584774,-77.96880298936216,0,1,6480.3433,0.0013306236,6,1,false,false,-0.25452185,1.3574125,8.715154,3.0763705,-0.005370529,3
57.963543,0.98262995,39.23568978178857,-77.96880657994178,0,1,5957.219,0.004526386,6,1,false,false,-0.05695747,1.8682241,9.809787,3.0762553,-0.0065572956,3
57.970665,0.9829321,39.235681584880986,-77.96881017052141,0,1,6444.076,0.00798992,6,1,false,false,0.06901221,-0.55368996,6.916757,3.0762017,0.00022764064,3
57.9829,0.9832342,39.2356733879734,-77.96881376110105,0,1,6250.441,0.01011974,6,1,false,false,-0.28014395,2.0119336,11.216886,3.0762076,-0.00015466589,3
58.033745,0.9835366,39.23566510090231,-77.96881735168067,0,1,6111.6475,0.007723178,6,1,false,false,-0.021898165,2.9565535,10.040204,3.0762537,0.0036438874,3
58.051563,0.9838391,39.23565690399472,-77.96882094226031,0,1,6244.469,0.004526387,6,1,false,false,-0.31038308,0.35581025,10.346375,3.076353,0.0055894027,3
58.071487,0.9841417,39.23564861719852,-77.96882453283993,0,1,6185.661,0.0018630793,6,1,false,false,-0.27664614,1.4684515,10.115467,3.0764658,0.006635943,3
58.095585,0.9844445,39.235640330127424,-77.96882823935873,0,1,6160.5454,-0.0010659407,6,1,false,false,-0.17261288,1.0485251,11.885349,3.0765624,0.0065180473,3
58.111176,0.98474735,39.23563213321984,-77.96883182993837,0,1,6210.3335,-0.0047941585,6,1,false,false,-0.22106239,0.71564186,12.061612,3.076639,0.0045582,3
58.127605,0.98505026,39.235623846423636,-77.96883542051799,0,1,6203.658,-0.008789119,6,1,false,false,-0.39488685,0.9693794,11.011715,3.0767186,0.0036680587,3
58.14884,0.9853533,39.23561555935254,-77.96883901109763,0,1,6203.61,-0.011185684,6,1,false,false,-0.48074502,1.1502755,10.269362,3.0767598,-0.00033260832,3
58.16961,0.9856564,39.23560727255634,-77.96884260167725,0,1,6207.243,-0.013316536,6,1,false,false,-0.30708823,1.0833988,9.780101,3.0767267,-0.004254826,3
58.190132,0.98595965,39.23559907564875,-77.96884630819606,0,1,6198.2666,-0.013848992,6,1,false,false,-0.2369631,1.0909783,8.351318,3.076651,-0.00465144,3
58.209316,0.986263,39.23559078857766,-77.96884989877569,0,1,6201.932,-0.012783047,6,1,false,false,-0.45251143,0.9511905,7.0720572,3.0765553,-0.0068456763,3
58.226395,0.9865664,39.23558250178145,-77.96885348935531,0,1,6211.1797,-0.010653229,6,1,false,false,-0.3321141,0.77349097,6.763934,3.0764072,-0.008963849,3
58.2407,0.98686993,39.23557421471036,-77.96885707993495,0,1,6225.021,-0.00878912,6,1,false,false,-0.38335872,0.56482065,6.557294,3.07621,-0.013002097,3
58.251858,0.98717356,39.23556592791415,-77.96886078645375,0,1,6256.768,-0.0050609014,6,1,false,false,-0.36892536,0.45794278,5.5913663,3.0759776,-0.013654198,3
58.265278,0.9874771,39.23555764084306,-77.96886437703338,0,1,6287.079,0.0026622768,6,1,false,false,-0.104327634,0.7225231,5.8089147,3.0757256,-0.013563526,3
58.284164,0.98778087,39.235549443935476,-77.96886796761301,0,1,6296.2236,0.010119744,6,1,false,false,-0.13075602,1.2386613,6.3643537,3.075511,-0.011308801,3
58.307835,0.9880846,39.235541157139274,-77.9688716741318,0,1,6289.2607,0.020506227,6,1,false,false,0.12772828,1.0773098,7.735149,3.0753467,-0.00664842,3
58.33347,0.98838854,39.23553287006818,-77.96887526471144,0,1,6288.5234,0.028229402,6,1,false,false,0.22692092,1.5270399,9.228087,3.0752854,-4.106432e-05,3
58.363014,0.9886926,39.235524583271975,-77.96887897123024,0,1,6272.492,0.0314262,6,1,false,false,0.14658195,1.6656525,9.873731,3.0753758,0.008665448,3
58.394356,0.9889969,39.23551629620088,-77.96888256180988,0,1,6238.6675,0.0314262,6,1,false,false,0.24321178,1.5984442,11.099105,3.0756056,0.01744047,3
58.420757,0.9893013,39.235507919241165,-77.9688861523895,0,1,6225.142,0.028496154,6,1,false,false,0.19551148,1.2574623,10.731455,3.0759552,0.022939,3
58.4422,0.9896057,39.235499632170075,-77.9688898589083,0,1,6223.5903,0.02237034,6,1,false,false,0.02535437,1.0314562,11.286501,3.076375,0.025580375,3
58.461777,0.9899104,39.235491345373866,-77.96889344948794,0,1,6223.5938,0.014913897,6,1,false,false,0.18182516,0.96196616,12.202958,3.0767999,0.025572868,3
58.480213,0.9902151,39.235483058302776,-77.96889704006756,0,1,6228.3853,0.007723178,6,1,false,false,0.17079416,0.88991284,10.935419,3.0772376,0.025721882,3
58.49845,0.99051994,39.23547477150657,-77.96890074658637,0,1,6235.6895,0.0029290202,6,1,false,false,0.030798703,0.950701,11.248429,3.0776439,0.022101419,3
58.517723,0.9908249,39.23546639427197,-77.968904337166,0,1,6237.524,-1.0297517e-06,6,1,false,false,0.23356444,0.99451876,10.723079,3.0779746,0.01752978,3
58.536926,0.99112993,39.23545810747576,-77.96890804368479,0,1,6236.765,-0.00026674266,6,1,false,false,0.20915557,0.9577914,11.820646,3.0782304,0.012839347,3
58.55565,0.9914351,39.23544982040467,-77.96891163426443,0,1,6243.638,0.0010649108,6,1,false,false,0.28832078,0.96395797,10.706948,3.0784285,0.009940397,3
58.574486,0.99174035,39.235441443444955,-77.96891522484405,0,1,6247.2036,0.0031947328,6,1,false,false,0.5364485,1.0001194,10.762333,3.078591,0.009461588,3
58.59441,0.99204564,39.23543315637386,-77.96891893136286,0,1,6246.176,0.006390495,6,1,false,false,0.26985183,1.0558672,10.933133,3.078759,0.00901145,3
58.613888,0.99235106,39.235424779414146,-77.96892252194249,0,1,6245.3354,0.009854031,6,1,false,false,0.6386564,0.97752094,10.743584,3.078902,0.008592424,3
58.63239,0.9926566,39.23541649261794,-77.9689262284613,0,1,6249.631,0.011185685,6,1,false,false,0.54900753,0.97013146,12.646126,3.0790522,0.008674124,3
58.65107,0.99296224,39.235408115383336,-77.96892981904092,0,1,6253.3115,0.011451395,6,1,false,false,0.43718687,0.9848656,11.72772,3.079239,0.012196959,3
58.669895,0.993268,39.235399828587134,-77.96893340962055,0,1,6253.525,0.009854029,6,1,false,false,0.33035353,1.0250833,10.816088,3.0794573,0.012715629,3
58.689907,0.99357384,39.235391451627414,-77.96893711613936,0,1,6253.7827,0.0063904934,6,1,false,false,0.32435554,1.0900367,9.689597,3.0796587,0.010609813,3
58.708633,0.9938798,39.235383074392814,-77.96894070671898,0,1,6247.298,0.0013306234,6,1,false,false,0.35155106,0.9065007,8.364796,3.0798063,0.007853904,3
58.72563,0.9941858,39.23537478759661,-77.96894429729862,0,1,6252.63,-0.0021308516,6,1,false,false,0.14942953,0.7873741,7.20262,3.0798979,0.0047451253,3
58.739864,0.994492,39.235366410362005,-77.96894800381742,0,1,6269.02,-0.0029300493,6,1,false,false,-0.0052371547,0.608376,6.3144703,3.0799112,-0.0005838439,3
58.75259,0.9947982,39.23535803340229,-77.96895159439704,0,1,6289.3276,-0.0013316536,6,1,false,false,-0.05476581,0.52611,4.7308974,3.079846,-0.00404695,3
58.762474,0.9951044,39.23534965644258,-77.96895518497668,0,1,6316.563,0.0021298218,6,1,false,false,0.16347907,0.31943548,6.581233,3.0797324,-0.004718313,3
58.773262,0.9954107,39.23534136937148,-77.96895889149548,0,1,6350.6675,0.0074574654,6,1,false,false,0.66093093,0.4937006,9.4246855,3.0796754,0.0013981961,3
58.787403,0.995717,39.23533299241177,-77.96896248207511,0,1,6371.5254,0.014913901,6,1,false,false,0.5345303,0.86582214,8.156664,3.0797427,0.0059851767,3
58.820362,0.9960234,39.23532461545206,-77.96896618788696,0,1,6368.418,0.020506227,6,1,false,false,0.36830485,2.5041795,7.255888,3.0799046,0.0103065735,3
58.86424,0.9963301,39.23531623849234,-77.96896977917353,0,1,6277.9185,0.022637075,6,1,false,false,0.6877681,2.0873168,10.457401,3.0801282,0.014506248,3
58.892353,0.996637,39.23530786125774,-77.96897336975317,0,1,6240.7397,0.022637079,6,1,false,false,0.73570716,1.0765072,13.480866,3.0804064,0.018301554,3
58.90758,0.99694395,39.235299484298025,-77.96897707556502,0,1,6286.3057,0.020240514,6,1,false,false,0.58614063,0.69740546,15.165862,3.0807586,0.021084055,3
58.92497,0.99725103,39.235291107338305,-77.96898066614466,0,1,6281.6494,0.014114706,6,1,false,false,0.85230315,1.0871893,14.147465,3.0811658,0.02445512,3
58.94691,0.9975582,39.23528273037859,-77.96898425743123,0,1,6262.514,0.0071907244,6,1,false,false,0.49209383,1.1715969,14.035781,3.0816188,0.023798704,3
58.965343,0.99786544,39.23527435341888,-77.9689879632431,0,1,6262.0845,0.0010649097,6,1,false,false,0.37201527,0.88300455,13.652024,3.0820048,0.018090125,3
58.98161,0.9981729,39.23526597618427,-77.96899155382272,0,1,6262.978,-0.004527416,6,1,false,false,0.44905308,0.8898523,12.600255,3.082272,0.012336769,3
58.997234,0.9984803,39.23525759922456,-77.96899514440234,0,1,6266.993,-0.008789119,6,1,false,false,0.2717893,0.78435504,11.3917055,3.0824623,0.007975288,3
59.012253,0.9987879,39.23524913210134,-77.96899873568893,0,1,6274.8105,-0.010653227,6,1,false,false,-0.13357519,0.8197881,9.838808,3.0825555,0.0018340676,3
59.026104,0.9990955,39.235240755141625,-77.96900244150078,0,1,6282.214,-0.0130497925,6,1,false,false,-0.11703725,0.5806459,9.922111,3.0825214,-0.004290613,3
59.040108,0.99940324,39.23523237818191,-77.96900603208042,0,1,6296.064,-0.0154463565,6,1,false,false,0.014928356,0.72613066,11.367943,3.0824053,-0.008147788,3
59.054523,0.999711,39.235224000947305,-77.96900962266004,0,1,6310.301,-0.016513327,6,1,false,false,0.18237954,0.8138904,11.921347,3.0822453,-0.01034018,3
59.072243,1.8841698e-05,39.23521553382408,-77.96901332917884,0,1,6317.745,-0.015979838,6,1,false,false,-0.24504513,1.063543,8.124769,3.082055,-0.014647676,3
