Speed,LapDistPct,Lat,Lon,Brake,Throttle,RPM,SteeringWheelAngle,Gear,Clutch,ABSActive,DRSActive,LatAccel,LongAccel,VertAccel,Yaw,YawRate,PositionType
57.973927,0.000410543,39.23520508530276,-77.96901877337135,0,1,6184.2993,-0.040630944,6,1,false,false,-0.4503544,1.2123687,8.189448,3.07469,-0.034265958,3
57.99453,0.0007127803,39.23519688839518,-77.96902247989014,0,1,6168.445,-0.035793945,6,1,false,false,-0.48395813,0.8829519,9.361129,3.074101,-0.03454247,3
58.006695,0.0010150976,39.23518860132408,-77.96902607046978,0,1,6182.369,-0.02781273,6,1,false,false,-0.72620165,0.4784232,8.926583,3.0734968,-0.036820274,3
58.019142,0.0013174702,39.2351804044165,-77.9690296610494,0,1,6219.3027,-0.01789745,6,1,false,false,-0.6879701,0.7590727,8.248523,3.0728564,-0.038968302,3
58.037132,0.0016199218,39.235172117620294,-77.96903325162904,0,1,6212.203,-0.008465681,6,1,false,false,-0.50033057,1.028327,7.8545117,3.0721943,-0.038719732,3
58.057545,0.0019224727,39.23516392071271,-77.96903695814784,0,1,6203.6084,0.0036268122,6,1,false,false,-0.53310966,1.162501,8.757315,3.07157,-0.034894563,3
58.076775,0.0022251422,39.23515563364162,-77.96904054872746,0,1,6203.9307,0.015477079,6,1,false,false,-0.48953122,0.7313347,10.056158,3.0710492,-0.026097488,3
58.09343,0.0025278905,39.23514743673403,-77.9690441393071,0,1,6210.2354,0.02370053,6,1,false,false,-0.3529632,0.93360275,9.284344,3.0706613,-0.018841825,3
58.112488,0.0028307359,39.23513914993783,-77.9690478458259,0,1,6218.68,0.029503614,6,1,false,false,-0.07042469,1.0043464,10.639792,3.0704558,-0.006033963,3
58.133476,0.003133675,39.23513086286673,-77.96905143640554,0,1,6207.2305,0.038210582,6,1,false,false,-0.76576793,1.2661939,12.031238,3.0704765,0.0046876753,3
58.154945,0.0034367421,39.235122665959146,-77.96905514292433,0,1,6194.0894,0.04062909,6,1,false,false,-0.4825551,1.0348231,9.6017475,3.0706406,0.013851025,3
58.17364,0.0037399156,39.235114379162944,-77.96905873350396,0,1,6195.359,0.038452804,6,1,false,false,-0.059575826,1.1195498,13.581723,3.0709608,0.023410928,3
58.191444,0.0040431856,39.23510609209185,-77.9690623240836,0,1,6189.4614,0.03555079,6,1,false,false,0.037982255,0.90774405,10.458118,3.0714624,0.03550771,3
58.207226,0.004346542,39.23509789518427,-77.96906603060239,0,1,6188.304,0.03482506,6,1,false,false,-0.2810483,0.8243758,9.388973,3.0720782,0.03571669,3
58.22282,0.0046499847,39.23508960838806,-77.96906962118203,0,1,6202.0645,0.030955086,6,1,false,false,0.5558362,0.78111935,10.648353,3.0726926,0.040019337,3
58.23707,0.0049535106,39.23508132131697,-77.96907332699388,0,1,6198.295,0.027328275,6,1,false,false,0.22668442,0.6735863,10.258607,3.0733697,0.041276902,3
58.249317,0.005257101,39.23507303452076,-77.96907691828045,0,1,6215.651,0.02926233,6,1,false,false,0.49986792,0.5534222,10.418952,3.0740538,0.04196569,3
58.265568,0.0055607646,39.23506474744967,-77.96908062409231,0,1,6239.482,0.02781179,6,1,false,false,0.698442,1.0672716,9.622402,3.074758,0.041195147,3
58.28491,0.0058645173,39.23505646065347,-77.96908421467194,0,1,6218.2974,0.024184048,6,1,false,false,0.6968169,1.0765648,8.293488,3.0755045,0.04615868,3
58.304153,0.00616838,39.23504826374588,-77.96908780525158,0,1,6217.0996,0.022490352,6,1,false,false,0.77452016,0.98085225,9.356546,3.076253,0.044413168,3
58.320877,0.006472332,39.235039976674784,-77.96909151177037,0,1,6223.4077,0.017412994,6,1,false,false,0.65988225,0.8184529,10.949715,3.0769732,0.042324346,3
58.336693,0.006776366,39.23503168987858,-77.96909510235001,0,1,6224.3867,0.010882306,6,1,false,false,0.8515691,0.8647351,9.026934,3.077638,0.038561244,3
58.3535,0.0070804893,39.235023402807485,-77.96909869292963,0,1,6233.5527,0.0033855233,6,1,false,false,0.7434911,0.93456614,9.395763,3.0782545,0.033521768,3
58.372196,0.007384703,39.23501502584777,-77.96910239944843,0,1,6228.2524,-0.0033864588,6,1,false,false,0.88936114,0.99301934,9.506476,3.0787644,0.027869765,3
58.390186,0.007689017,39.23500673877668,-77.96910599002807,0,1,6218.8896,-0.012334716,6,1,false,false,0.52313465,0.8730904,10.475023,3.0791674,0.020228924,3
58.405834,0.00799342,39.23499845198047,-77.9691095806077,0,1,6230.6074,-0.016445974,6,1,false,false,0.7485957,0.78779167,11.585517,3.0794423,0.013783356,3
58.421337,0.008297895,39.234990164909384,-77.9691132871265,0,1,6238.6533,-0.020073717,6,1,false,false,0.55869377,0.92830056,9.856769,3.079625,0.0065700705,3
58.43969,0.008602469,39.234981878113175,-77.96911687770613,0,1,6232.9966,-0.021525197,6,1,false,false,0.44296932,1.0373603,9.796955,3.0797176,0.0029685153,3
58.45852,0.008907135,39.234973500878574,-77.96912046828575,0,1,6226.8145,-0.024184983,6,1,false,false,0.50136685,0.905772,9.567193,3.0797026,-0.0030839895,3
58.474545,0.009211891,39.234965214082365,-77.96912405886539,0,1,6227.5347,-0.026362196,6,1,false,false,-0.069155104,0.84793633,9.360578,3.079607,-0.00911036,3
58.48981,0.009516724,39.234956927011275,-77.96912776538419,0,1,6237.673,-0.026604416,6,1,false,false,0.0654885,0.78704464,8.10445,3.0793872,-0.0151724955,3
58.504803,0.009821642,39.234948640215066,-77.96913135596382,0,1,6239.4243,-0.028780691,6,1,false,false,-0.014013991,0.78220695,9.391147,3.079086,-0.019294823,3
58.51981,0.010126635,39.234940262980466,-77.96913494654345,0,1,6246.4287,-0.028054949,6,1,false,false,-0.028116018,0.71407604,8.309626,3.0787258,-0.022509608,3
58.533806,0.010431696,39.234931976184264,-77.96913853712307,0,1,6258.5537,-0.024669424,6,1,false,false,-0.22725996,0.74190956,6.4180975,3.0783145,-0.02586607,3
58.550632,0.010736833,39.234923599224544,-77.96914224364188,0,1,6267.0864,-0.02249315,6,1,false,false,-0.09613079,0.93061674,6.3506513,3.0778599,-0.026134219,3
58.568085,0.011042066,39.234915312153454,-77.96914583422151,0,1,6260.6035,-0.018139672,6,1,false,false,-0.19770987,0.7767151,7.439774,3.0774083,-0.025387814,3
58.580776,0.011347366,39.23490693519374,-77.96914942480115,0,1,6274.583,-0.0072554955,6,1,false,false,-0.1760042,0.49042118,6.066853,3.0769567,-0.026280468,3
58.592697,0.01165272,39.234898648122645,-77.96915301538077,0,1,6306.8965,0.0016927617,6,1,false,false,-0.14956288,0.6562215,6.8024225,3.0765097,-0.025224185,3
58.61262,0.011958142,39.23489027116293,-77.96915672189958,0,1,6305.6006,0.009189544,6,1,false,false,-0.10051727,1.2256346,7.2959194,3.07611,-0.02094279,3
58.635147,0.012263689,39.234881984091835,-77.9691603124792,0,1,6284.422,0.020315008,6,1,false,false,-0.05135365,1.044022,6.6793985,3.075786,-0.01620584,3
58.65617,0.012569334,39.23487360713212,-77.96916390305883,0,1,6291.0703,0.029988062,6,1,false,false,-0.042247653,1.139718,7.443346,3.07556,-0.0095064,3
58.67765,0.012875091,39.23486532033592,-77.96916760957764,0,1,6284.5435,0.03434155,6,1,false,false,0.0009765178,1.0177444,8.734609,3.0754573,-0.0013595881,3
58.697147,0.013180953,39.23485694310131,-77.96917120015726,0,1,6274.4976,0.04062909,6,1,false,false,0.09946826,0.9420072,10.248865,3.0755022,0.0074611567,3
58.715717,0.013486905,39.2348485661416,-77.9691747907369,0,1,6288.088,0.045707375,6,1,false,false,0.36228415,0.92471004,12.053939,3.075721,0.01839712,3
58.73661,0.01379296,39.2348402793454,-77.9691784972557,0,1,6280.5225,0.049335122,6,1,false,false,0.2300686,1.1875045,11.310504,3.0761368,0.028012743,3
58.759834,0.014099145,39.23483190211079,-77.96918208783532,0,1,6258.8364,0.050545305,6,1,false,false,0.5232074,1.1609498,10.210798,3.076705,0.03747232,3
58.780293,0.014405442,39.23482352515108,-77.96918567841496,0,1,6250.7324,0.04740014,6,1,false,false,0.6373483,0.9610482,11.734032,3.0774198,0.046821486,3
58.796444,0.014711841,39.234815148191366,-77.96918938493376,0,1,6248.7886,0.044498112,6,1,false,false,0.53082126,0.706966,10.205485,3.078258,0.052674953,3
58.810204,0.01501831,39.23480686112027,-77.9691929755134,0,1,6257.182,0.040144626,6,1,false,false,0.74535525,0.63899994,11.204363,3.079134,0.05359155,3
58.824398,0.015324855,39.23479848416056,-77.96919656609302,0,1,6270.4736,0.030471582,6,1,false,false,0.9993757,0.66385686,10.96294,3.080039,0.05544271,3
58.839157,0.015631482,39.234790107200844,-77.96920015667264,0,1,6273.5737,0.02128204,6,1,false,false,0.6769128,0.7556047,11.246673,3.0809758,0.054232076,3
58.855877,0.015938187,39.234781730241124,-77.96920386319145,0,1,6279.778,0.011124531,6,1,false,false,0.88452107,0.8644873,9.791171,3.081857,0.049829528,3
58.87331,0.016244972,39.234773353006524,-77.96920745377108,0,1,6277.264,-0.004837932,6,1,false,false,0.6509115,0.8903887,10.014513,3.0826325,0.041316796,3
58.890976,0.016551863,39.23476497604681,-77.96921104435071,0,1,6273.351,-0.018380024,6,1,false,false,0.5856454,0.8608813,11.232832,3.0832605,0.032656062,3
58.906796,0.016858838,39.23475659908709,-77.96921463493034,0,1,6276.199,-0.031682696,6,1,false,false,0.4574919,0.7379644,10.398594,3.0836883,0.018294856,3
58.92226,0.017165896,39.23474822212738,-77.96921822550996,0,1,6283.5547,-0.04377519,6,1,false,false,0.21531245,0.7830937,11.414988,3.0838952,0.0053819213,3
58.938522,0.017473036,39.23473984489278,-77.9692218160896,0,1,6284.07,-0.050304938,6,1,false,false,0.28693953,0.85902536,12.085009,3.0838492,-0.00992767,3
58.955475,0.01778027,39.234731378044444,-77.9692255226084,0,1,6280.094,-0.053690474,6,1,false,false,-0.21462733,0.8726794,10.861526,3.0836058,-0.022530153,3
58.972298,0.018087586,39.234723000809836,-77.96922911318804,0,1,6282.0757,-0.053690467,6,1,false,false,-0.23392822,0.85099113,10.728125,3.0831423,-0.033992745,3
58.988125,0.018394997,39.234714623850124,-77.96923270376766,0,1,6280.2803,-0.052965667,6,1,false,false,-0.49984974,0.8132642,11.64571,3.0825005,-0.043724783,3
59.003452,0.018702487,39.23470624689041,-77.9692362943473,0,1,6281.334,-0.04716164,6,1,false,false,-0.5021417,0.75254935,12.470583,3.0817237,-0.049066376,3
59.018215,0.019010063,39.23469777976719,-77.96923988492692,0,1,6289.1943,-0.03797117,6,1,false,false,-1.1861302,0.79059935,12.086519,3.0808833,-0.055010032,3
59.033947,0.019317716,39.23468940280747,-77.96924359144572,0,1,6291.177,-0.031198252,6,1,false,false,-0.74067485,0.84999573,10.374893,3.0800023,-0.052351188,3
59.050255,0.019625451,39.23468102557287,-77.96924718202536,0,1,6287.346,-0.020557234,6,1,false,false,-0.7634896,0.8516692,10.735571,3.079169,-0.047932442,3
59.065796,0.019933283,39.234672648613156,-77.96925077260498,0,1,6284.8984,-0.00798123,6,1,false,false,-1.0087992,0.75529325,10.884617,3.0784256,-0.04079084,3
59.079185,0.020241186,39.23466418148993,-77.96925436318462,0,1,6291.998,0.0019349856,6,1,false,false,-0.6822014,0.6490919,9.793761,3.0777814,-0.03441258,3
59.092793,0.02054915,39.23465580453021,-77.96925806970341,0,1,6303.7993,0.012576002,6,1,false,false,-0.6322634,0.74193424,8.957257,3.0772815,-0.024963662,3
59.107964,0.020857198,39.23464733740699,-77.96926166028304,0,1,6304.506,0.024909783,6,1,false,false,-0.5328479,0.83233553,8.821546,3.0769439,-0.013894106,3
59.12352,0.021165317,39.23463896044728,-77.96926525086268,0,1,6305.6997,0.032406565,6,1,false,false,-0.38383442,0.7678445,8.960974,3.076775,-0.0039450447,3
59.138027,0.021473521,39.234630583487565,-77.96926895738147,0,1,6314.581,0.038936313,6,1,false,false,-0.20012686,0.7161416,10.1745205,3.0767913,0.007849788,3
59.1527,0.021781795,39.23462211636434,-77.96927254796111,0,1,6320.9004,0.042080563,6,1,false,false,-0.14538103,0.7626652,10.746895,3.077009,0.017942937,3
59.169155,0.022090152,39.234613739129735,-77.96927613854074,0,1,6324.206,0.043531094,6,1,false,false,-0.27565715,0.94856346,11.624032,3.0773978,0.025381453,3
59.18846,0.022398602,39.2346052722814,-77.96927984505953,0,1,6317.9834,0.03917854,6,1,false,false,-0.15468997,1.0949932,11.938969,3.0779428,0.034850124,3
59.207626,0.022707166,39.2345968950468,-77.96928343563917,0,1,6302.1577,0.031680834,6,1,false,false,-0.16440965,1.0097752,11.143531,3.0786266,0.04222642,3
59.224373,0.023015814,39.234588427923576,-77.9692870262188,0,1,6295.487,0.023216087,6,1,false,false,-0.19696376,0.83913356,12.675479,3.0793648,0.04336356,3
59.238228,0.023324545,39.234580050963864,-77.9692907327376,0,1,6297.4165,0.010882303,6,1,false,false,0.11811057,0.72003925,12.522893,3.080077,0.040530678,3
59.251072,0.023633352,39.23457158384063,-77.96929432331723,0,1,6303.5674,-0.0012101843,6,1,false,false,-0.15111306,0.6849515,12.288987,3.0807343,0.035461,3
59.264416,0.02394223,39.23456311671741,-77.96929791389685,0,1,6310.271,-0.012334714,6,1,false,false,-0.10179141,0.7100763,11.9845705,3.0812657,0.026485259,3
59.278027,0.024251174,39.2345547397577,-77.96930162041566,0,1,6309.822,-0.025878675,6,1,false,false,-0.2875108,0.7636369,11.263008,3.0816436,0.016282637,3
59.292274,0.024560185,39.234546272634475,-77.96930521099529,0,1,6311.768,-0.034343418,6,1,false,false,-0.35350847,0.78852904,10.88128,3.081837,0.0048523666,3
59.306053,0.02486928,39.23453780551125,-77.9693089175141,0,1,6312.6875,-0.038212463,6,1,false,false,-0.35234421,0.7432488,10.797645,3.0818179,-0.00719638,3
59.319584,0.025178442,39.23452933838803,-77.96931250809372,0,1,6316.154,-0.041597985,6,1,false,false,-0.4639989,0.7150673,10.388094,3.081615,-0.017333353,3
59.3328,0.025487678,39.234520961428316,-77.96931609867335,0,1,6320.837,-0.03990615,6,1,false,false,-0.62816656,0.7314413,9.707103,3.0812602,-0.025208242,3
59.34643,0.025796974,39.234512494305086,-77.96931980519216,0,1,6324.8057,-0.036519684,6,1,false,false,-0.53710365,0.7430514,9.068303,3.0807898,-0.030333253,3
59.359863,0.026106345,39.23450402718186,-77.96932339577178,0,1,6326.3027,-0.03144048,6,1,false,false,-0.45796522,0.701292,8.415178,3.08025,-0.032249127,3
59.37295,0.026415778,39.23449556005864,-77.96932710229059,0,1,6333.526,-0.025394227,6,1,false,false,-0.64232713,0.6916137,9.62047,3.0796785,-0.034879703,3
59.3862,0.026725287,39.23448718309893,-77.96933069287022,0,1,6341.4233,-0.017413931,6,1,false,false,-0.76382554,0.7284943,9.2908,3.0790887,-0.035094507,3
59.399952,0.027034855,39.234478715975705,-77.96933439938903,0,1,6345.7246,-0.011366754,6,1,false,false,-0.3970657,0.7760928,8.0990305,3.07852,-0.032491248,3
59.41496,0.02734451,39.23447024885248,-77.96933798996865,0,1,6347.256,-0.004595707,6,1,false,false,-0.7095623,0.8537128,9.790422,3.0780132,-0.029766267,3
59.43077,0.027654236,39.23446178172926,-77.96934169648745,0,1,6342.8877,0.0012092493,6,1,false,false,-0.68535954,0.86452496,9.569012,3.0775657,-0.02371223,3
59.4453,0.027964037,39.23445331460603,-77.96934528706709,0,1,6343.044,0.0031432991,6,1,false,false,-0.68969154,0.7659721,8.334693,3.077219,-0.01863696,3
59.460968,0.028273918,39.234444847482806,-77.96934899358588,0,1,6346.032,0.009673992,6,1,false,false,-0.79758346,0.8262563,9.089599,3.0769417,-0.01418194,3
59.475784,0.028583877,39.23443638035958,-77.96935258416552,0,1,6341.792,0.011608044,6,1,false,false,-0.52275395,0.77463007,10.334405,3.0767424,-0.0076798196,3
59.489037,0.02889391,39.23442791323636,-77.96935629068432,0,1,6348.4736,0.014025606,6,1,false,false,-0.6367352,0.6621244,10.775402,3.0766754,-0.00094696303,3
59.502655,0.029204004,39.23441944611314,-77.96935999649617,0,1,6359.565,0.019347051,6,1,false,false,-0.30159855,0.79574054,9.145244,3.0767055,0.0042187385,3
59.518944,0.029514145,39.234410978989914,-77.96936358778275,0,1,6354.3447,0.02128204,6,1,false,false,-0.6857686,1.0040691,9.453418,3.0768337,0.008681792,3
59.5363,0.02982438,39.23440251186669,-77.9693672935946,0,1,6340.576,0.025152003,6,1,false,false,-0.12138975,0.83800113,11.283489,3.0770273,0.01519157,3
59.55074,0.0301347,39.23439404474347,-77.96937100011341,0,1,6342.417,0.026843831,6,1,false,false,-0.050264373,0.745161,8.331607,3.0773478,0.022713982,3
59.563457,0.030445091,39.23438557817002,-77.96937459069304,0,1,6351.911,0.027086057,6,1,false,false,-0.14209282,0.6423424,7.3901677,3.0777833,0.02974337,3
59.57721,0.030755546,39.2343771110468,-77.96937829721185,0,1,6353.9907,0.024426265,6,1,false,false,0.1852614,0.7132474,8.237524,3.0782685,0.032286394,3
59.588627,0.031066064,39.234368643923574,-77.96938188779147,0,1,6355.8755,0.018379092,6,1,false,false,0.050840154,0.43251032,7.9161396,3.0788112,0.035516404,3
59.598003,0.031376638,39.23436017680035,-77.96938559431027,0,1,6383.229,0.011124529,6,1,false,false,0.07893331,0.48683503,7.759389,3.0793667,0.03372088,3
59.610054,0.031687256,39.23435170967712,-77.96938930082908,0,1,6398.621,0.0029010754,6,1,false,false,0.16812113,0.71282184,8.268259,3.079898,0.03153525,3
59.62749,0.031997953,39.23434315239039,-77.9693928914087,0,1,6391.687,-0.009674928,6,1,false,false,-0.044876337,1.0215328,8.83257,3.0803902,0.026599968,3
59.6468,0.032308746,39.234334685267164,-77.96939659792751,0,1,6383.957,-0.0140284095,6,1,false,false,0.15272158,1.0042207,9.738337,3.0807915,0.021019774,3
59.665516,0.032619637,39.23432621814394,-77.96940030444631,0,1,6378.125,-0.021525195,6,1,false,false,0.20141473,1.0551445,10.89515,3.081102,0.014883984,3
59.684185,0.032930627,39.23431775102072,-77.96940389502593,0,1,6366.8164,-0.024427209,6,1,false,false,-0.0751176,0.9847229,12.125043,3.0812924,0.005403526,3
59.70147,0.03324172,39.234309193733985,-77.96940760154475,0,1,6359.408,-0.02394369,6,1,false,false,-0.17475212,0.9053628,12.989064,3.0813355,-0.0036077944,3
59.717373,0.0335529,39.23430072661076,-77.96941130806354,0,1,6357.639,-0.026119968,6,1,false,false,-0.039033294,0.82926637,12.174439,3.0812638,-0.008108555,3
59.731792,0.033864163,39.23429225948754,-77.96941489864318,0,1,6352.378,-0.02273351,6,1,false,false,-0.25875962,0.7785007,11.877756,3.0810978,-0.0141069945,3
59.745476,0.034175508,39.234283702200806,-77.96941860516198,0,1,6350.3096,-0.021041682,6,1,false,false,-0.3004435,0.697457,12.047081,3.0808506,-0.016629346,3
59.75784,0.03448693,39.23427523562736,-77.96942231097383,0,1,6352.666,-0.021525193,6,1,false,false,-0.2489903,0.6392468,11.210195,3.0805545,-0.018133847,3
59.76926,0.03479841,39.234266678340624,-77.96942590155346,0,1,6358.7856,-0.022250932,6,1,false,false,-0.5326734,0.5946005,10.270997,3.080243,-0.019462924,3
59.78112,0.035109945,39.2342582112174,-77.96942960807226,0,1,6364.794,-0.02297573,6,1,false,false,-0.6362863,0.65303034,9.859491,3.079893,-0.022476658,3
59.793205,0.035421558,39.23424974409418,-77.96943331459107,0,1,6368.289,-0.025152937,6,1,false,false,-0.6105756,0.66376406,10.498922,3.079502,-0.023876764,3
59.805367,0.035733227,39.234241186807445,-77.9694369051707,0,1,6374.29,-0.026362192,6,1,false,false,-0.6917667,0.6597488,10.179698,3.0790884,-0.02588501,3
59.8177,0.036044978,39.23423271968422,-77.9694406116895,0,1,6380.158,-0.02321796,6,1,false,false,-0.7968955,0.6941396,9.485897,3.0786357,-0.028401967,3
59.831364,0.036356796,39.23422416239749,-77.9694443182083,0,1,6383.5166,-0.019590212,6,1,false,false,-0.6334403,0.7736468,10.069845,3.0781615,-0.027539182,3
59.84564,0.0366687,39.234215695274266,-77.9694480247271,0,1,6380.1777,-0.014510987,6,1,false,false,-0.7188896,0.7778908,9.7930155,3.0777147,-0.026433049,3
59.85957,0.03698067,39.23420713798753,-77.96945173124591,0,1,6379.903,-0.006046244,6,1,false,false,-0.7621628,0.7559817,10.539585,3.0772934,-0.024118533,3
59.8731,0.03729272,39.234198581250574,-77.96945532182554,0,1,6382.879,0.003385524,6,1,false,false,-0.53147566,0.7100901,9.842149,3.076922,-0.019883558,3
59.886093,0.037604846,39.23419011412735,-77.96945902834435,0,1,6383.8394,0.012576002,6,1,false,false,-0.6163088,0.74415755,11.174431,3.0766551,-0.013571065,3
59.899586,0.03791705,39.23418155684062,-77.96946273486314,0,1,6386.239,0.021282032,6,1,false,false,-0.11149715,0.75439835,11.276863,3.0764914,-0.005682864,3
59.913048,0.038229328,39.234173089717395,-77.96946644067499,0,1,6384.746,0.028537532,6,1,false,false,-0.37027982,0.76050514,10.088823,3.0764894,0.0029296214,3
59.927128,0.038541686,39.23416453243066,-77.9694701471938,0,1,6384.7285,0.035550795,6,1,false,false,0.02373974,0.77793556,10.617119,3.0766222,0.0130604785,3
59.94071,0.03885412,39.23415597514393,-77.9694738537126,0,1,6382.8584,0.034341548,6,1,false,false,-0.016361237,0.7415848,9.927911,3.0769231,0.021210752,3
59.953285,0.039166633,39.234147508020705,-77.96947756023141,0,1,6383.358,0.034582835,6,1,false,false,-0.0019782633,0.68608767,9.199013,3.077363,0.03073827,3
59.965523,0.039479215,39.23413895128375,-77.96948126675021,0,1,6388.601,0.031439535,6,1,false,false,0.26539153,0.64674264,8.811927,3.077889,0.033721633,3
59.97711,0.039791867,39.23413039399701,-77.96948485732985,0,1,6391.3213,0.025392365,6,1,false,false,0.13779211,0.5851978,9.416435,3.07848,0.036462132,3
59.988163,0.040104575,39.23412192687379,-77.96948856384864,0,1,6401.756,0.021764616,6,1,false,false,0.44176063,0.5841748,9.627788,3.0790935,0.038677815,3
59.999813,0.040417355,39.23411336958706,-77.96949227036744,0,1,6411.146,0.015477078,6,1,false,false,0.38065428,0.66336644,8.722162,3.0797193,0.036292914,3
60.013817,0.04073021,39.23410481230032,-77.96949597688625,0,1,6411.445,0.010882309,6,1,false,false,0.54001534,0.8242552,8.492141,3.0803216,0.03523369,3
60.029152,0.041043147,39.23409625501359,-77.96949968340505,0,1,6405.4375,0.0033855233,6,1,false,false,0.6467645,0.84012645,11.543596,3.0808787,0.032716107,3
60.04341,0.041356165,39.23408769827664,-77.96950338921691,0,1,6403.2974,0.0014505379,6,1,false,false,0.43775424,0.7356862,11.049075,3.0813794,0.025951508,3
60.056496,0.04166927,39.234079140989905,-77.96950709573571,0,1,6409.057,0.0009670249,6,1,false,false,0.51627934,0.785573,10.977473,3.081803,0.022778805,3
60.072266,0.041982446,39.23407067386668,-77.9695108022545,0,1,6404.6387,-0.0038699713,6,1,false,false,0.7644958,0.9431849,11.100344,3.0821612,0.019394046,3
60.087322,0.042295717,39.23406211657995,-77.96951439283414,0,1,6387.5283,-0.0021762745,6,1,false,false,0.55115026,0.80876285,11.570386,3.0824356,0.012096115,3
60.099644,0.042609077,39.234053559293216,-77.96951809935294,0,1,6391.982,-0.0019349856,6,1,false,false,0.6300043,0.5945091,10.234063,3.0826235,0.009702658,3
60.110126,0.042922497,39.23404500200648,-77.96952180587175,0,1,6399.9385,-0.007255494,6,1,false,false,0.63507235,0.62459975,11.080183,3.0827427,0.0057660546,3
60.121716,0.04323598,39.234036445269524,-77.96952551239055,0,1,6399.559,-0.006529758,6,1,false,false,0.37548053,0.6423833,10.418351,3.082802,0.00177836,3
60.13246,0.043549534,39.23402788798279,-77.96952921890934,0,1,6404.9585,-0.006046245,6,1,false,false,0.507808,0.5819789,10.112941,3.0828083,6.2793224e-05,3
60.143944,0.043863155,39.23401933069606,-77.96953280948898,0,1,6414.045,-0.010641016,6,1,false,false,0.22493428,0.6557256,9.964467,3.0827973,-0.0021535114,3
60.15631,0.04417684,39.23401068324581,-77.96953651600778,0,1,6412.539,-0.011366756,6,1,false,false,0.14670934,0.70230794,9.527018,3.0827396,-0.005270004,3
60.168995,0.0444906,39.234002126508855,-77.96954022252659,0,1,6413.8887,-0.01475321,6,1,false,false,0.15435551,0.7044508,9.8116665,3.082637,-0.0067949295,3
60.1813,0.04480444,39.23399356922213,-77.96954381310621,0,1,6415.9785,-0.017171713,6,1,false,false,-0.18661553,0.6845767,9.733356,3.082505,-0.009737065,3
60.193317,0.045118347,39.233985011935395,-77.96954751891808,0,1,6416.5703,-0.01475321,6,1,false,false,-0.13886306,0.67356646,9.932903,3.0823257,-0.011589042,3
60.205364,0.04543233,39.23397645464866,-77.96955122543687,0,1,6421.1367,-0.015962463,6,1,false,false,-0.03270358,0.6862547,10.346168,3.0821066,-0.013800129,3
60.217495,0.04574637,39.23396789736193,-77.96955493195567,0,1,6423.3584,-0.015478948,6,1,false,false,-0.30689055,0.7099867,10.163358,3.0818768,-0.01476597,3
60.23024,0.04606048,39.23395925046146,-77.96955852253531,0,1,6423.42,-0.011608979,6,1,false,false,-0.22785187,0.7132231,9.652009,3.081627,-0.014802522,3
60.24332,0.046374634,39.23395069317473,-77.9695622290541,0,1,6422.511,-0.012092491,6,1,false,false,-0.4560619,0.7682793,11.227157,3.081384,-0.015823433,3
60.256096,0.046688873,39.23394213588799,-77.96956593557292,0,1,6422.3516,-0.008706966,6,1,false,false,-0.3465399,0.6964991,12.006549,3.0811265,-0.015025414,3
60.268085,0.047003165,39.23393357860126,-77.96956964209171,0,1,6424.929,-0.008706966,6,1,false,false,-0.40670627,0.6794507,12.169011,3.0808961,-0.013912464,3
60.28114,0.047317512,39.2339249317008,-77.96957334861051,0,1,6425.913,-0.0050792205,6,1,false,false,-0.47084463,0.8005912,11.996971,3.0806859,-0.01324177,3
60.29485,0.047631934,39.233916374414065,-77.96957693919015,0,1,6417.3,-0.0029020102,6,1,false,false,-0.28914884,0.8100498,11.585034,3.0804973,-0.011002441,3
60.307316,0.047946434,39.23390781712733,-77.96958064570894,0,1,6411.791,-0.0014524078,6,1,false,false,-0.57663184,0.6960032,12.785599,3.0803633,-0.007274069,3
60.317802,0.048260983,39.23389917022686,-77.96958435222776,0,1,6414.3296,0.001209249,6,1,false,false,-0.3963203,0.5907486,11.859537,3.080266,-0.00500034,3
60.327663,0.04857559,39.23389061294013,-77.9695880580396,0,1,6418.5815,0.002901075,6,1,false,false,-0.34768057,0.60412514,10.650953,3.0802157,-0.0016284684,3
60.338104,0.04889025,39.233882055653396,-77.96959176455842,0,1,6421.546,0.0038690357,6,1,false,false,-0.39920974,0.62249047,9.953209,3.080219,0.0014657866,3
60.348454,0.049204957,39.23387340820315,-77.96959547107721,0,1,6423.75,0.0050782845,6,1,false,false,-0.2677778,0.6059201,9.032376,3.0802624,0.004183858,3
60.35847,0.04951971,39.23386485091642,-77.96959917759601,0,1,6428.7847,0.0038690357,6,1,false,false,-0.2753119,0.58910775,9.007518,3.0803409,0.006128712,3
60.36798,0.04983452,39.23385620401596,-77.96960276817565,0,1,6435.445,0.0014505379,6,1,false,false,-0.21660523,0.54348826,8.558569,3.0804417,0.007278541,3
60.3774,0.050149363,39.233847646729224,-77.96960647469444,0,1,6444.371,-0.00096796046,6,1,false,false,-0.08498934,0.56840605,8.934636,3.0805504,0.007319524,3
60.387783,0.050464258,39.23383908944249,-77.96961018121326,0,1,6452.3022,-0.002660722,6,1,false,false,-0.11921239,0.63846046,9.550975,3.0806537,0.0057575875,3
60.39943,0.050779212,39.23383044254202,-77.96961388773205,0,1,6455.309,-0.0050792196,6,1,false,false,-0.24570306,0.7267848,10.048282,3.080741,0.0034684648,3
60.412785,0.05109422,39.23382188525529,-77.96961759425085,0,1,6454.153,-0.0067719817,6,1,false,false,-0.31309345,0.8323812,10.127089,3.0807939,0.0012584538,3
60.4274,0.0514093,39.23381323780505,-77.96962130076966,0,1,6446.217,-0.0077399407,6,1,false,false,-0.21677116,0.8998015,10.01457,3.0808098,-0.0004659393,3
60.441494,0.05172446,39.23380468051832,-77.96962500658151,0,1,6436.7144,-0.0067719826,6,1,false,false,-0.2515209,0.7739613,10.0292425,3.0808086,-0.000780553,3
60.453625,0.052039687,39.23379603361785,-77.96962871310032,0,1,6435.375,-0.00483793,6,1,false,false,-0.23361494,0.7025052,11.024539,3.080784,-0.0019282824,3
60.463985,0.052354958,39.233787386167606,-77.96963241961912,0,1,6438.839,-0.0033864586,6,1,false,false,-0.1375374,0.5678169,10.811922,3.0807447,-0.0023922096,3
60.47421,0.05267029,39.23377882888087,-77.96963612613793,0,1,6444.2583,0.00024128845,6,1,false,false,-0.076619506,0.6375922,10.692613,3.080714,-0.0015502349,3
60.485207,0.05298566,39.23377018198041,-77.96963983265672,0,1,6446.4434,0.0031432991,6,1,false,false,-0.08777283,0.70123684,10.820784,3.0807042,6.962146e-05,3
60.49703,0.053301085,39.23376162469368,-77.96964353917552,0,1,6443.272,0.00580402,6,1,false,false,0.03566885,0.7147534,10.785202,3.080728,0.0023175837,3
60.508343,0.053616572,39.233752977243434,-77.96964724569433,0,1,6444.567,0.0067710467,6,1,false,false,-0.14808625,0.6814046,9.952089,3.0808,0.0049439254,3
60.519436,0.053932123,39.23374433034297,-77.96965095221313,0,1,6446.31,0.006046246,6,1,false,false,-0.14039756,0.6935417,9.323116,3.080904,0.007102923,3
60.53048,0.05424772,39.23373577305624,-77.969654658025,0,1,6445.2905,0.0012092488,6,1,false,false,-0.07466923,0.6254457,8.565805,3.0810213,0.0080634095,3
60.540695,0.05456337,39.233727125605995,-77.96965836454379,0,1,6446.98,-0.0033864584,6,1,false,false,-0.24297309,0.5719407,8.690294,3.081139,0.007483968,3
60.5497,0.05487907,39.233718478705526,-77.96966195512343,0,1,6455.0557,-0.009674927,6,1,false,false,-0.19208336,0.4742042,7.900482,3.0812328,0.0060064415,3
60.557915,0.055194795,39.23370992141879,-77.96966566164222,0,1,6466.489,-0.016445974,6,1,false,false,-0.43317744,0.5174768,7.967888,3.08129,0.0021516243,3
60.567757,0.05551058,39.23370127396855,-77.96966936816102,0,1,6475.123,-0.018139666,6,1,false,false,-0.35280514,0.5896665,8.772343,3.0812697,-0.0026769803,3
60.578682,0.0558264,39.23369262651831,-77.96967307467983,0,1,6477.2466,-0.021041684,6,1,false,false,-0.31980136,0.671464,8.47467,3.0811772,-0.006858315,3
60.591198,0.05614229,39.233683979617844,-77.96967678119863,0,1,6480.1714,-0.022250932,6,1,false,false,-0.47044197,0.77007055,8.427336,3.0810287,-0.010995701,3
60.604908,0.056458235,39.23367542233111,-77.96968048771744,0,1,6476.6978,-0.020557228,6,1,false,false,-0.5138628,0.8436821,8.295669,3.080809,-0.014985127,3
60.61866,0.056774247,39.23366677488087,-77.96968419423624,0,1,6469.351,-0.01934798,6,1,false,false,-0.4070112,0.79495054,9.186919,3.0805433,-0.015767805,3
60.63146,0.05709033,39.233658127980405,-77.96968790004809,0,1,6467.9355,-0.015236727,6,1,false,false,-0.550047,0.66252804,9.720523,3.0802524,-0.018144157,3
60.64272,0.057406466,39.23364948053016,-77.96969172250607,0,1,6470.959,-0.011608981,6,1,false,false,-0.69179106,0.6414144,9.5665,3.0799472,-0.018554835,3
60.65424,0.05772267,39.23364083307992,-77.96969542902487,0,1,6474.6484,-0.0077399416,6,1,false,false,-0.35358444,0.6653994,9.974904,3.0796266,-0.018505475,3
60.66643,0.058038916,39.233632186179456,-77.96969913554368,0,1,6471.582,-0.0021762745,6,1,false,false,-0.55338514,0.70208466,11.131301,3.079341,-0.01662538,3
60.67893,0.05835524,39.23362353872921,-77.96970284206247,0,1,6470.669,0.0026597872,6,1,false,false,-0.52722716,0.7519813,11.2073145,3.0790935,-0.013381,3
60.691296,0.058671612,39.23361489182874,-77.96970654858127,0,1,6469.403,0.0058040204,6,1,false,false,-0.56779283,0.71035206,11.477308,3.078922,-0.009357519,3
60.70359,0.058988046,39.23360633454201,-77.96971025510008,0,1,6466.1953,0.009673992,6,1,false,false,-0.41593677,0.72581464,12.59487,3.0788422,-0.0021235184,3
60.71524,0.059304554,39.233597687091766,-77.96971396091193,0,1,6464.622,0.012576003,6,1,false,false,-0.3662495,0.69895667,11.731804,3.078837,0.0002428617,3
60.726276,0.059621107,39.23358903964153,-77.96971766743074,0,1,6462.266,0.0130595155,6,1,false,false,-0.32069308,0.71002066,12.49449,3.0789142,0.0061534285,3
60.737614,0.059937723,39.23358039274106,-77.96972137394954,0,1,6458.1196,0.012091557,6,1,false,false,-0.6825172,0.6698356,11.528164,3.0790832,0.010784215,3
60.747215,0.060254388,39.23357174529082,-77.96972519640752,0,1,6455.935,0.0135430265,6,1,false,false,-0.35524723,0.57473534,10.054588,3.0792873,0.013354408,3
60.756176,0.060571097,39.233563098390356,-77.96972890292632,0,1,6463.7383,0.011608043,6,1,false,false,-0.10935694,0.5455261,9.355048,3.0795293,0.017371079,3
60.76365,0.06088785,39.23355445094011,-77.96973260944512,0,1,6467.606,0.012817293,6,1,false,false,-0.20093456,0.38112324,9.443215,3.0798178,0.018855758,3
60.77084,0.06120463,39.23354580348987,-77.96973631596393,0,1,6483.503,0.012091553,6,1,false,false,0.005917698,0.49708605,10.040137,3.080111,0.018677464,3
60.779453,0.061521456,39.2335371565894,-77.96974002177578,0,1,6495.9106,0.009189544,6,1,false,false,0.11182225,0.5673192,9.326627,3.0804467,0.021312058,3
60.790844,0.061838333,39.23352841897565,-77.96974372829459,0,1,6495.254,0.009189544,6,1,false,false,0.012186751,0.78236216,8.211564,3.0807831,0.019030549,3
60.80454,0.062155303,39.23351977152541,-77.96974743481339,0,1,6491.2617,0.00943177,6,1,false,false,0.18549669,0.8109094,8.823357,3.0810943,0.01786053,3
60.81759,0.062472366,39.23351112462494,-77.96975125727137,0,1,6482.325,0.006771045,6,1,false,false,0.30896637,0.72250116,9.174193,3.081388,0.018872498,3
60.828667,0.06278948,39.2335024771747,-77.96975496379017,0,1,6484.1694,0.007738072,6,1,false,false,0.061931208,0.59832305,7.9631257,3.0816822,0.015659662,3
60.83834,0.06310664,39.233493830274234,-77.96975867030896,0,1,6489.2607,0.0072545586,6,1,false,false,0.7478852,0.57311267,10.682075,3.081939,0.018356146,3
60.849453,0.06342386,39.23348518282399,-77.96976237682777,0,1,6490.9683,0.0014505377,6,1,false,false,0.28200683,0.7121784,8.882587,3.0822115,0.015186714,3
60.85959,0.06374113,39.23347653537375,-77.96976608263962,0,1,6489.7573,0.0031432994,6,1,false,false,0.19612895,0.5539708,8.094236,3.0824542,0.014303686,3
60.87188,0.06405845,39.233467798309775,-77.96976978915843,0,1,6496.739,-0.004595708,6,1,false,false,0.2029669,0.72249967,9.74711,3.0826588,0.011425491,3
60.882454,0.064375825,39.23345915085953,-77.96977349567723,0,1,6488.402,-0.010883241,6,1,false,false,-0.07558367,0.59171313,9.451472,3.0828028,0.0058128736,3
60.892914,0.06469326,39.23345050395907,-77.96977720219603,0,1,6498.0015,-0.013543964,6,1,false,false,0.20074475,0.60388345,8.104904,3.082857,0.0019957437,3
60.903965,0.06501074,39.233441856508826,-77.96978090871484,0,1,6501.8403,-0.019105759,6,1,false,false,-0.11258295,0.67670906,8.597713,3.08285,-0.0028027638,3
60.91589,0.06532828,39.23343311889507,-77.96978473117281,0,1,6492.5884,-0.020315949,6,1,false,false,-0.2091106,0.68007326,10.79936,3.082735,-0.009148691,3
60.92595,0.06564589,39.23342447199461,-77.96978843769162,0,1,6498.09,-0.02128297,6,1,false,false,-0.09315027,0.5326787,9.61073,3.0825565,-0.011578707,3
60.93614,0.06596353,39.233415824544366,-77.96979214350347,0,1,6508.4326,-0.021525195,6,1,false,false,-0.7592653,0.67267734,10.912313,3.0823436,-0.016525168,3
60.94953,0.06628123,39.23340708748039,-77.96979585002228,0,1,6501.053,-0.020315941,6,1,false,false,-0.34457123,0.815764,10.61538,3.082053,-0.019658376,3
60.96266,0.066599004,39.23339844003015,-77.96979955654108,0,1,6489.48,-0.023459248,6,1,false,false,-0.59349656,0.75754005,11.8051605,3.0817351,-0.021209965,3
60.97478,0.06691683,39.23338970296617,-77.96980326305987,0,1,6489.519,-0.022008704,6,1,false,false,-0.89135736,0.6367045,11.893687,3.081393,-0.023339711,3
60.98518,0.06723473,39.23338105551593,-77.96980696957868,0,1,6483.8823,-0.021282967,6,1,false,false,-0.7103206,0.6141368,11.903608,3.081001,-0.024462065,3
60.9947,0.06755267,39.23337240806569,-77.96981067609748,0,1,6486.47,-0.021282969,6,1,false,false,-1.1247516,0.5557134,12.066904,3.0805945,-0.027154,3
61.003197,0.067870654,39.23336367100171,-77.96981449855546,0,1,6489.888,-0.016930426,6,1,false,false,-0.8273619,0.5099899,13.533924,3.080147,-0.027346428,3
61.012527,0.06818868,39.23335502355147,-77.96981820436731,0,1,6492.955,-0.017171709,6,1,false,false,-0.8435354,0.62658167,12.661884,3.0797348,-0.025607398,3
61.022137,0.06850676,39.233346286487496,-77.96982191088613,0,1,6491.059,-0.01451099,6,1,false,false,-0.86399555,0.6261566,11.01116,3.0793753,-0.021186875,3
61.032,0.06882488,39.23333763903725,-77.96982561740492,0,1,6491.1104,-0.012334712,6,1,false,false,-1.2144073,0.6226669,14.51483,3.0790343,-0.021399053,3
61.040676,0.06914306,39.23332890197328,-77.96982932392372,0,1,6486.3574,-0.014994498,6,1,false,false,-1.204491,0.54470134,14.012694,3.078696,-0.021330731,3
61.048042,0.069461256,39.233320254523036,-77.9698331463817,0,1,6496.0493,-0.019590208,6,1,false,false,-1.1743276,0.62200737,10.411538,3.0784,-0.019079506,3
61.058205,0.069779515,39.23331151690928,-77.9698368529005,0,1,6498.401,-0.017413931,6,1,false,false,-1.2785801,0.7320477,7.705965,3.0781248,-0.016367737,3
61.0683,0.07009781,39.23330287000882,-77.96984055941931,0,1,6479.36,-0.01765522,6,1,false,false,-0.852374,0.52136487,6.3732443,3.0778308,-0.014851993,3
61.071407,0.070416145,39.233294132395066,-77.96984438117033,0,1,6492.0596,-0.024184981,6,1,false,false,-0.54675335,-0.028357888,5.3417015,3.0775838,-0.0077134673,3
61.067863,0.070734486,39.233285485494605,-77.96984808768913,0,1,6538.6753,-0.023701467,6,1,false,false,-0.5012187,-0.27575177,5.3362613,3.0773797,-0.0078059146,3
61.06552,0.07105279,39.23327674788085,-77.96985191014711,0,1,6578.836,-0.026362196,6,1,false,false,-0.8220477,-0.032550942,6.493158,3.0771434,-0.014054799,3
61.067734,0.07137109,39.23326810098038,-77.96985561666591,0,1,6605.258,-0.031682696,6,1,false,false,-1.1301543,0.23947324,6.0008845,3.076787,-0.0252995,3
61.078026,0.07168943,39.233259363366635,-77.96985932318472,0,1,6622.027,-0.039906148,6,1,false,false,-1.190709,0.97096276,7.828998,3.0762851,-0.034600757,3
61.103474,0.07200784,39.23325071591639,-77.96986314493574,0,1,6591.174,-0.0464359,6,1,false,false,-1.9061294,1.7693932,8.784238,3.0756419,-0.0446831,3
61.13101,0.07232641,39.23324197885241,-77.96986696739373,0,1,6528.4526,-0.0483709,6,1,false,false,-1.8628304,1.5021918,8.956684,3.074872,-0.04911753,3
61.15082,0.0726451,39.233233331402175,-77.96987067391252,0,1,6512.3926,-0.04861218,6,1,false,false,-2.3952978,0.924337,11.1200285,3.074048,-0.051782902,3
61.162243,0.07296386,39.233224594338196,-77.9698744963705,0,1,6506.664,-0.046435907,6,1,false,false,-2.3614583,0.61945593,11.937019,3.0732124,-0.04941016,3
61.171513,0.07328268,39.23321594688795,-77.9698782028893,0,1,6505.0693,-0.04159797,6,1,false,false,-2.4002974,0.5261846,11.113702,3.072367,-0.051614214,3
61.179848,0.073601544,39.23320720982398,-77.96988202464033,0,1,6510.478,-0.03482692,6,1,false,false,-2.56217,0.52104604,11.004919,3.071549,-0.04817569,3
61.187866,0.07392044,39.23319856237374,-77.96988584709831,0,1,6510.8306,-0.028054956,6,1,false,false,-2.1968744,0.5005795,10.446401,3.070771,-0.04334486,3
61.196026,0.07423938,39.233189825309765,-77.96988966955628,0,1,6511.961,-0.017655222,6,1,false,false,-2.0969017,0.4817872,8.440765,3.0700963,-0.03777825,3
61.203808,0.07455835,39.23318117785952,-77.96989349130732,0,1,6519.112,-0.0070142057,6,1,false,false,-1.5964115,0.44336864,7.185609,3.0695193,-0.028370854,3
61.211395,0.07487737,39.23317244024577,-77.96989731376529,0,1,6524.7275,0.0019349852,6,1,false,false,-1.3126566,0.42039523,6.0921884,3.0690868,-0.019657651,3
61.21697,0.075196415,39.233163703181795,-77.96990113622326,0,1,6536.22,0.012576002,6,1,false,false,-1.0117261,0.19162458,5.6833096,3.0687895,-0.011448097,3
61.219925,0.07551548,39.23315505573155,-77.96990495868124,0,1,6562.9453,0.021764614,6,1,false,false,-0.7400324,0.09033629,6.0074596,3.0685956,-0.006766614,3
61.222897,0.07583455,39.23314631866758,-77.96990878043226,0,1,6591.1562,0.026118094,6,1,false,false,-0.815312,0.20766437,7.8940163,3.068481,-0.0043575163,3
61.23095,0.07615366,39.233137671217335,-77.96991260289025,0,1,6607.1753,0.031923052,6,1,false,false,-0.6789252,0.59693116,8.650783,3.068416,-0.0023819928,3
61.249958,0.07647282,39.233128934153356,-77.96991642534822,0,1,6599.39,0.034582842,6,1,false,false,-0.85684305,1.515896,11.79106,3.0684297,0.001444431,3
61.278233,0.07679212,39.23312028670312,-77.9699202478062,0,1,6548.262,0.03506729,6,1,false,false,-0.9235504,1.6694173,13.525232,3.068594,0.012473425,3
61.29936,0.07711155,39.23311154963914,-77.9699241854964,0,1,6505.341,0.035067286,6,1,false,false,-0.8580196,1.0106107,13.366202,3.068952,0.024483468,3
61.310635,0.07743107,39.2331029021889,-77.96992800795437,0,1,6510.156,0.033857096,6,1,false,false,-0.99499816,0.5045598,14.5042925,3.0694993,0.034542788,3
61.31809,0.077750646,39.23309416457515,-77.96993183041235,0,1,6507.218,0.03313136,6,1,false,false,-0.56055504,0.4776928,15.9362,3.0701523,0.041437287,3
61.325207,0.07807025,39.23308542751117,-77.96993565216337,0,1,6504.49,0.023216087,6,1,false,false,-0.41632554,0.4308791,16.285954,3.0709198,0.047093574,3
61.331505,0.0783899,39.233076780060934,-77.96993959056053,0,1,6516.0474,0.017654289,6,1,false,false,-0.16012126,0.42918494,13.680346,3.0717468,0.0472064,3
61.33827,0.078709595,39.233068042996955,-77.9699434130185,0,1,6518.9097,0.009673993,6,1,false,false,-0.17519106,0.51701283,12.896962,3.0725212,0.041211482,3
61.346237,0.07902932,39.2330593053832,-77.96994723476953,0,1,6512.672,-0.0029020114,6,1,false,false,-0.119627565,0.5165241,12.147819,3.0731823,0.0353236,3
61.35255,0.079349086,39.23305065848274,-77.9699510572275,0,1,6515.4497,-0.01209249,6,1,false,false,0.08689961,0.39696082,11.332323,3.07369,0.026101338,3
61.358147,0.07966889,39.233041920868985,-77.96995487968547,0,1,6525.929,-0.017413933,6,1,false,false,-0.25085485,0.36507276,9.367694,3.0740442,0.016153714,3
61.364212,0.079988725,39.23303318380501,-77.96995881737568,0,1,6532.4297,-0.020315949,6,1,false,false,0.051689267,0.45821235,8.918334,3.0742185,0.007238168,3
61.371155,0.0803086,39.23302444619126,-77.96996263983365,0,1,6538.705,-0.02007372,6,1,false,false,0.041040972,0.41937017,8.515084,3.0742652,0.00011996091,3
61.377205,0.08062849,39.2330157992908,-77.96996646229164,0,1,6547.342,-0.0149945,6,1,false,false,0.101684675,0.4240081,7.169969,3.0742092,-0.00454432,3
61.38467,0.08094845,39.23300706167704,-77.96997028404266,0,1,6559.109,-0.007981228,6,1,false,false,0.22298753,0.5332129,8.105781,3.074086,-0.007500805,3
61.393303,0.08126843,39.23299832461307,-77.96997410650064,0,1,6558.9585,0.00072480086,6,1,false,false,0.21115185,0.52121603,8.134986,3.0739443,-0.00741599,3
61.401756,0.08158848,39.23298958699932,-77.96997804489779,0,1,6565.699,0.01015657,6,1,false,false,0.33367357,0.5774148,8.693604,3.073827,-0.005554418,3
61.412544,0.08190856,39.232980849935345,-77.96998186664882,0,1,6571.901,0.01837909,6,1,false,false,0.4727954,0.7363372,9.64235,3.0737758,-0.000469452,3
61.42518,0.08222871,39.2329722024851,-77.96998568910679,0,1,6558.5806,0.024184048,6,1,false,false,0.4825512,0.8184037,9.35723,3.073814,0.0047868043,3
61.43781,0.082548924,39.23296346542112,-77.96998951156476,0,1,6551.1084,0.026602548,6,1,false,false,0.47197956,0.73913,9.790121,3.0739574,0.011441517,3
61.448483,0.08286921,39.232954727807375,-77.96999333402275,0,1,6547.5137,0.026602542,6,1,false,false,0.38199753,0.6408851,9.951311,3.0742009,0.017464966,3
61.458004,0.08318954,39.232945990743396,-77.96999715577377,0,1,6545.674,0.023216086,6,1,false,false,0.5843967,0.6009937,10.088235,3.0745285,0.023054581,3
61.466827,0.08350993,39.23293725312965,-77.97000109417093,0,1,6548.1187,0.019589268,6,1,false,false,0.3906874,0.53888017,9.7429,3.0749238,0.025353406,3
61.475037,0.08383037,39.23292851606567,-77.9700049166289,0,1,6550.629,0.014267826,6,1,false,false,0.36085117,0.5044773,9.370331,3.07535,0.026177038,3
61.4835,0.084150836,39.232919778451915,-77.97000873837993,0,1,6554.836,0.004836997,6,1,false,false,0.44535702,0.554767,9.140882,3.0757792,0.026071066,3
61.49226,0.08447135,39.23291104138794,-77.9700125608379,0,1,6556.797,-0.002418498,6,1,false,false,0.33510184,0.54045224,8.011265,3.0761912,0.024089592,3
61.500927,0.08479191,39.23290230377419,-77.97001638329587,0,1,6558.393,-0.01209249,6,1,false,false,0.04883553,0.5371602,9.383945,3.076537,0.018082764,3
61.509434,0.08511253,39.23289356671022,-77.97002020504691,0,1,6562.896,-0.023217957,6,1,false,false,0.038255304,0.49282497,8.514408,3.0767777,0.011689487,3
61.516964,0.08543319,39.23288482909646,-77.97002402750488,0,1,6568.888,-0.032408435,6,1,false,false,-0.03210464,0.49799952,8.90484,3.0769117,0.0050313626,3
61.527485,0.08575389,39.23287609203249,-77.97002784996286,0,1,6572.615,-0.03603525,6,1,false,false,-0.38363796,0.6557657,8.945914,3.07691,-0.005618736,3
61.537884,0.08607466,39.23286735441874,-77.97003167242083,0,1,6564.4814,-0.040630944,6,1,false,false,-0.3420196,0.6070044,8.960895,3.0767374,-0.01430971,3
61.548275,0.086395465,39.232858617354765,-77.97003549417187,0,1,6567.6025,-0.048128664,6,1,false,false,-0.26574925,0.62222505,9.492452,3.0764315,-0.021764128,3
61.558323,0.08671633,39.23284987974101,-77.97003931662984,0,1,6566.41,-0.047402933,6,1,false,false,-0.60632116,0.55083704,8.043057,3.0759969,-0.030398376,3
61.568176,0.087037265,39.23284114267704,-77.9700431390878,0,1,6563.3174,-0.045467943,6,1,false,false,-0.7610924,0.5929908,8.357697,3.0754228,-0.03768053,3
61.577316,0.08735824,39.232832315449556,-77.97004707677802,0,1,6566.2236,-0.041840196,6,1,false,false,-0.67672783,0.49123314,10.099864,3.0747404,-0.042310458,3
61.58552,0.087679245,39.2328235778358,-77.97005089923599,0,1,6569.41,-0.033375464,6,1,false,false,-0.8730042,0.46696976,10.745461,3.0740042,-0.04550429,3
61.594223,0.08800029,39.23281484077182,-77.97005472169397,0,1,6578.6553,-0.026119964,6,1,false,false,-1.0172013,0.57465553,10.364055,3.0732386,-0.047692906,3
61.605316,0.0883214,39.232806103158076,-77.97005854344499,0,1,6575.876,-0.014268761,6,1,false,false,-0.87658644,0.7473679,10.927546,3.0724704,-0.04546692,3
61.617973,0.08864258,39.2327973660941,-77.97006236590298,0,1,6560.633,-0.0038699687,6,1,false,false,-0.9477311,0.7720731,11.681828,3.071769,-0.03923556,3
61.62872,0.08896382,39.23278862848035,-77.97006630430012,0,1,6554.791,0.0070123347,6,1,false,false,-0.99924344,0.5961605,12.13413,3.0712109,-0.029788766,3
61.637146,0.0892851,39.23277980125286,-77.97007012605116,0,1,6557.244,0.017412998,6,1,false,false,-0.8232621,0.50712174,11.941191,3.0708208,-0.01889039,3
61.645054,0.08960644,39.23277106363911,-77.97007394850912,0,1,6557.959,0.025634583,6,1,false,false,-0.6079366,0.5114248,11.521001,3.0706115,-0.007382887,3
61.652954,0.08992781,39.232762326575134,-77.9700777709671,0,1,6557.163,0.031439543,6,1,false,false,-0.47381887,0.499874,11.243531,3.0706043,0.0055209817,3
61.660603,0.09024922,39.23275358896139,-77.9700817086573,0,1,6558.311,0.033131365,6,1,false,false,-0.4353366,0.51269627,12.429967,3.070807,0.01792655,3
61.66784,0.09057067,39.23274485189741,-77.97008553111527,0,1,6561.77,0.032406565,6,1,false,false,-0.33274776,0.4624628,10.455272,3.071165,0.025225364,3
61.67481,0.09089217,39.232736024669926,-77.97008935357326,0,1,6566.1274,0.029020105,6,1,false,false,-0.046761394,0.47431016,9.565393,3.0716379,0.031154118,3
61.68293,0.09121369,39.23272728705617,-77.97009329126345,0,1,6567.3384,0.022732573,6,1,false,false,-0.19063303,0.53880525,12.639799,3.072195,0.035429865,3
61.69056,0.09153525,39.2327185499922,-77.97009711372144,0,1,6567.71,0.016687265,6,1,false,false,-0.054790303,0.49035317,10.309139,3.0727875,0.034343615,3
61.698177,0.09185686,39.232709812378445,-77.9701009361794,0,1,6574.7324,0.012576002,6,1,false,false,0.052808106,0.5678044,9.620545,3.0733607,0.03264636,3
61.70782,0.092178516,39.23270098515096,-77.9701048738696,0,1,6570.4614,0.0065288227,6,1,false,false,0.40970755,0.59031343,10.167375,3.0738873,0.030838348,3
61.716106,0.0925002,39.23269224753721,-77.97010869632759,0,1,6560.607,0.005804022,6,1,false,false,0.28296667,0.5039963,10.358496,3.0743613,0.026791383,3
61.723076,0.092821956,39.23268351047324,-77.97011251878556,0,1,6572.8213,0.0074967826,6,1,false,false,0.41195807,0.41235888,9.766417,3.0747793,0.02372067,3
61.72972,0.09314374,39.232674683245754,-77.97011645647576,0,1,6578.4897,0.008463808,6,1,false,false,0.3589518,0.4630399,8.985572,3.075161,0.021563185,3
61.737686,0.09346556,39.232665945632,-77.97012027893373,0,1,6577.082,0.011608044,6,1,false,false,0.64030886,0.54440725,9.251333,3.075501,0.020347822,3
61.74578,0.09378741,39.23265720856803,-77.97012410139172,0,1,6579.362,0.013059514,6,1,false,false,0.75759083,0.50767094,8.874184,3.0758288,0.020065786,3
61.752865,0.094109304,39.232648380790764,-77.97012803908191,0,1,6582.1904,0.014993567,6,1,false,false,0.6978446,0.4772673,9.720806,3.0761607,0.02073589,3
61.760227,0.094431244,39.23263964372679,-77.97013186153988,0,1,6589.3555,0.014510052,6,1,false,false,0.9198582,0.4854058,9.186616,3.0765033,0.02121783,3
61.76807,0.094753206,39.23263081649931,-77.97013568399787,0,1,6590.9946,0.013543027,6,1,false,false,0.63210344,0.53208077,8.167037,3.0768528,0.020299032,3
61.777348,0.09507523,39.232622078885555,-77.97013950645584,0,1,6590.5825,0.012091556,6,1,false,false,0.7663651,0.60910094,8.970109,3.0771987,0.020652581,3
61.786003,0.09539731,39.23261325165807,-77.97014332820687,0,1,6587.48,0.008706031,6,1,false,false,0.9497378,0.527676,9.415873,3.0775514,0.022394804,3
61.79417,0.09571941,39.23260451404432,-77.97014726660402,0,1,6591.943,0.0072545595,6,1,false,false,0.6227732,0.4947641,8.240409,3.0778794,0.018050894,3
61.80205,0.09604156,39.232595686816836,-77.970151089062,0,1,6597.4683,0.0038690353,6,1,false,false,0.86223483,0.5006198,8.775263,3.0781877,0.018884288,3
61.811035,0.09636377,39.23258694920308,-77.97015491081302,0,1,6596.5405,-9.351643e-07,6,1,false,false,0.6978404,0.568491,10.72718,3.078476,0.016714346,3
61.820152,0.09668602,39.2325781219756,-77.97015873327099,0,1,6598.673,0.0026597867,6,1,false,false,0.7141615,0.6000123,10.851372,3.078735,0.013746701,3
61.829845,0.097008295,39.23256938491162,-77.97016255572898,0,1,6599.288,0.0014505379,6,1,false,false,0.852131,0.67126286,11.008176,3.0789814,0.014359452,3
61.84148,0.097330645,39.23256055713436,-77.97016637818695,0,1,6588.7,0.0009670249,6,1,false,false,0.7292834,0.79025036,15.003238,3.0792031,0.010292983,3
61.852028,0.09765307,39.232551820070384,-77.97017019993798,0,1,6577.1255,0.0012092489,6,1,false,false,0.9842627,0.6433253,14.111741,3.079406,0.010605203,3
61.86036,0.09797553,39.2325429928429,-77.97017402239595,0,1,6577.0015,-0.00072667166,6,1,false,false,0.61923885,0.63403296,13.595695,3.0796201,0.010184567,3
61.868225,0.098298036,39.232534165065644,-77.97017784485394,0,1,6569.3467,0.002659787,6,1,false,false,0.6254003,0.5021014,13.968279,3.079778,0.0054276315,3
61.874645,0.09862055,39.232525428001665,-77.97018166660496,0,1,6560.8164,0.0021753393,6,1,false,false,0.8429045,0.4522142,12.533169,3.079872,0.0054425322,3
61.87851,0.09894313,39.23251660022441,-77.97018548906294,0,1,6570.996,0.00072480144,6,1,false,false,0.50415665,0.27058634,11.002158,3.079973,0.00547516,3
61.882027,0.09926568,39.232507772996925,-77.97018931152091,0,1,6579.4473,0.004352548,6,1,false,false,0.47268236,0.3363379,9.930674,3.0800471,0.00460006,3
61.886616,0.09958828,39.232498945769436,-77.97019313397888,0,1,6583.4385,0.00024128857,6,1,false,false,0.41077143,0.35969028,8.76325,3.0801067,0.0039283712,3
61.891026,0.09991091,39.23249020815569,-77.97019695572992,0,1,6592.645,-0.00048444778,6,1,false,false,0.30608356,0.3213861,8.012326,3.080163,0.0038767753,3
61.895634,0.10023357,39.2324813809282,-77.97020077818789,0,1,6603.545,-0.00048444778,6,1,false,false,0.37539226,0.34698197,7.3416185,3.0802078,0.0035101266,3
61.90086,0.10055624,39.23247255370072,-77.97020460064587,0,1,6612.108,-0.0038699713,6,1,false,false,0.28827795,0.39813837,7.6190205,3.0802472,0.0025628489,3
61.907238,0.10087895,39.23246372592346,-77.9702084223969,0,1,6620.081,-0.001934986,6,1,false,false,0.20782818,0.47304547,7.2844644,3.080277,0.0019466851,3
61.914482,0.10120168,39.23245489869597,-77.9702121289157,0,1,6625.1265,0.0007248012,6,1,false,false,0.2721023,0.53830844,7.19642,3.0802946,0.0014771033,3
61.92375,0.101524465,39.232446161632,-77.97021595137367,0,1,6625.558,0.0031432991,6,1,false,false,0.35373688,0.6306424,7.333327,3.0803013,0.0010631285,3
61.93361,0.1018473,39.23243733385473,-77.97021977383164,0,1,6621.894,0.008463807,6,1,false,false,0.46619576,0.6295734,8.26906,3.080325,0.0032914241,3
61.943066,0.1021702,39.23242850662725,-77.97022359558268,0,1,6621.38,0.013543028,6,1,false,false,0.49844348,0.5840404,9.526589,3.0803967,0.007161487,3
61.952393,0.10249314,39.23241967939977,-77.97022741804065,0,1,6622.683,0.020556299,6,1,false,false,0.4918595,0.656399,9.93792,3.080535,0.009320549,3
61.9631,0.10281611,39.232410851622504,-77.97023124049863,0,1,6617.067,0.025392365,6,1,false,false,0.5071207,0.70127815,9.855844,3.080742,0.014341012,3
61.97444,0.103139155,39.23240202439502,-77.97023494701743,0,1,6606.6333,0.023458308,6,1,false,false,0.75738704,0.71887803,10.736632,3.0810356,0.01998411,3
61.984512,0.10346226,39.23239319716754,-77.9702387694754,0,1,6600.3667,0.022974795,6,1,false,false,0.67050564,0.60397494,10.98754,3.0814183,0.02404884,3
61.99253,0.10378542,39.232384369390275,-77.97024259122644,0,1,6599.417,0.024426274,6,1,false,false,0.49972665,0.5110519,10.254831,3.0818467,0.025271378,3
61.99993,0.10410861,39.23237554216279,-77.97024641368441,0,1,6599.9233,0.020798525,6,1,false,false,0.4499948,0.49750084,10.466912,3.0822926,0.026831442,3
62.00704,0.10443183,39.23236671493531,-77.97025023614239,0,1,6599.6577,0.017895577,6,1,false,false,0.7464808,0.4734332,10.607344,3.0827534,0.028965782,3
62.00704,0.10443183,39.23236671493531,-77.97025023614239,0,1,6599.6577,0.017895577,6,1,false,false,0.7464808,0.4734332,10.607344,3.0827534,0.028965782,3
62.013405,0.1047551,39.232357887158045,-77.97025394266119,0,1,6602.6006,0.019347053,6,1,false,false,0.73041105,0.43577266,10.167963,3.0832257,0.02845224,3
62.01991,0.10507839,39.23234905993056,-77.97025776441222,0,1,6608.1323,0.01934705,6,1,false,false,1.0001917,0.4470061,10.613763,3.0837145,0.03054035,3
62.027145,0.105401725,39.23234023270308,-77.9702615868702,0,1,6609.1855,0.018863536,6,1,false,false,1.0266002,0.49557447,10.209874,3.084215,0.030188963,3
62.034733,0.10572509,39.232331404925816,-77.97026529338899,0,1,6608.885,0.018379085,6,1,false,false,1.0640254,0.51315445,12.137472,3.084739,0.03162531,3
62.04252,0.106048495,39.23232257769833,-77.97026911584697,0,1,6609.6523,0.014510056,6,1,false,false,0.9584886,0.5355029,11.717159,3.0852923,0.032142516,3
62.05036,0.10637195,39.23231375047085,-77.97027282165882,0,1,6608.1294,0.011608043,6,1,false,false,0.9537032,0.56693614,11.915181,3.085835,0.029352529,3
62.05862,0.10669543,39.23230483307986,-77.97027664411681,0,1,6604.6743,0.007980298,6,1,false,false,1.047952,0.5651524,11.537166,3.0863376,0.027515855,3
62.06597,0.107018955,39.232296005302594,-77.9702803506356,0,1,6597.4185,0.0031433,6,1,false,false,0.7962317,0.49689224,12.042623,3.0867636,0.021329235,3
62.072014,0.10734253,39.23228717807511,-77.97028417309359,0,1,6599.664,-0.0031442347,6,1,false,false,0.86767995,0.41800618,10.0619135,3.0870905,0.017232938,3
62.077255,0.10766612,39.23227835084763,-77.97028787961239,0,1,6603.429,-0.0072554937,6,1,false,false,0.5736292,0.40413633,8.9484825,3.0873299,0.012263681,3
62.082737,0.107989736,39.232269523070364,-77.97029170136341,0,1,6607.503,-0.0091914125,6,1,false,false,0.71247673,0.3562026,8.320566,3.0874503,0.0060000997,3
62.086906,0.10831339,39.23226060567937,-77.97029540788222,0,1,6613.141,-0.012818225,6,1,false,false,0.5553375,0.27293056,8.396281,3.0874796,0.0013858259,3
62.091137,0.108637065,39.23225177845189,-77.97029911440102,0,1,6626.8647,-0.009674929,6,1,false,false,0.38821507,0.26704907,7.365162,3.0874429,-0.0024904273,3
62.094955,0.10896076,39.23224295122441,-77.970302936859,0,1,6640.984,-0.006046245,6,1,false,false,0.39950302,0.34913757,6.8968925,3.0873437,-0.005862661,3
62.10176,0.109284475,39.23223403328363,-77.9703066433778,0,1,6648.066,-0.0012101838,6,1,false,false,0.47696027,0.50607324,8.65048,3.0872288,-0.0057517574,3
62.109642,0.10960824,39.23222520605615,-77.97031034989661,0,1,6647.868,0.0077380724,6,1,false,false,0.54851305,0.5239401,7.639716,3.0871289,-0.0046714176,3
62.118496,0.10993202,39.23221637882867,-77.97031417164763,0,1,6652.4766,0.017413,6,1,false,false,0.64604163,0.73496604,7.0174694,3.0870554,-0.002896078,3
62.13202,0.110255904,39.232207461437675,-77.97031787816643,0,1,6640.431,0.026360322,6,1,false,false,0.691997,0.78673077,7.6544485,3.0870476,0.0028766682,3
62.143272,0.11057983,39.23219863366041,-77.97032158468524,0,1,6621.1367,0.03796836,6,1,false,false,1.0459139,0.64741236,8.725775,3.0871377,0.011731525,3
62.15091,0.11090379,39.23218971626942,-77.9703254071432,0,1,6632.2266,0.047883637,6,1,false,false,0.8666049,0.3920938,8.571914,3.0873737,0.019061532,3
62.157288,0.11122782,39.232180889041935,-77.97032911366202,0,1,6639.2695,0.05368859,6,1,false,false,1.0494214,0.4376113,9.051642,3.0877657,0.029109925,3
62.16611,0.11155188,39.23217206126467,-77.97033282018081,0,1,6637.447,0.053205084,6,1,false,false,1.2603875,0.5638251,9.323753,3.0883336,0.04032586,3
62.175316,0.11187598,39.23216314387368,-77.97033652599268,0,1,6633.6113,0.053688597,6,1,false,false,1.2291304,0.53924215,9.233379,3.0890622,0.047077592,3
62.184628,0.11220013,39.232154316646195,-77.97034023251148,0,1,6631.46,0.051995832,6,1,false,false,1.3286333,0.6127366,9.513184,3.0899007,0.052311093,3
62.193626,0.11252433,39.2321453992552,-77.97034393903027,0,1,6626.374,0.042806298,6,1,false,false,1.2780386,0.53173435,9.498525,3.0908272,0.058180813,3
62.201374,0.11284856,39.23213648186421,-77.97034776148826,0,1,6625.986,0.035550807,6,1,false,false,1.5901456,0.44892532,10.433625,3.0918005,0.06009921,3
62.20833,0.11317283,39.232127654086945,-77.97035146800705,0,1,6630.1587,0.02998807,6,1,false,false,1.1646179,0.4584774,11.325356,3.0927975,0.058313195,3
62.215836,0.11349714,39.23211873669595,-77.97035517452586,0,1,6630.2627,0.020798527,6,1,false,false,1.5010955,0.48986855,10.280267,3.0937755,0.05755432,3
62.224056,0.11382149,39.23210981930496,-77.97035876510549,0,1,6630.8965,0.0058040223,6,1,false,false,1.4156814,0.5275682,10.452644,3.0947275,0.05314836,3
62.232967,0.1141459,39.23210099207748,-77.97036247162428,0,1,6624.513,-0.005563667,6,1,false,false,1.0858656,0.550806,11.86987,3.095547,0.04224198,3
62.24095,0.114470325,39.232092074686484,-77.9703661781431,0,1,6619.3516,-0.018622248,6,1,false,false,1.0030947,0.48503962,11.836358,3.096145,0.027776219,3
62.247578,0.1147948,39.23208315674571,-77.97036988395494,0,1,6625.356,-0.033617683,6,1,false,false,0.8735014,0.43556225,10.502221,3.0965214,0.014972278,3
62.25425,0.11511931,39.23207432951823,-77.97037359047376,0,1,6626.475,-0.04546795,6,1,false,false,0.4706862,0.47777662,10.699385,3.0966656,-0.00010982263,3
62.26139,0.11544385,39.232065412127234,-77.97037718105338,0,1,6621.3765,-0.053690463,6,1,false,false,0.15383217,0.45285487,9.780756,3.0965314,-0.016088333,3
62.26754,0.11576843,39.23205649473624,-77.97038088757219,0,1,6625.02,-0.063848905,6,1,false,false,-0.20071006,0.3862144,9.512088,3.0961382,-0.03158755,3
62.273144,0.11609304,39.23204757734525,-77.97038459409099,0,1,6629.871,-0.07013739,6,1,false,false,-0.5462871,0.37804982,8.981651,3.095507,-0.043722313,3
62.279312,0.11641767,39.23203865940447,-77.97038830060978,0,1,6633.433,-0.07424862,6,1,false,false,-0.6357846,0.43612373,8.526344,3.094656,-0.055713758,3
62.285114,0.11674234,39.23202974201348,-77.97039189118942,0,1,6636.0947,-0.07570011,6,1,false,false,-1.0733558,0.37149945,7.764669,3.0936315,-0.06501622,3
62.290554,0.11706703,39.232020914786,-77.97039559770822,0,1,6643.2593,-0.07473215,6,1,false,false,-1.2453566,0.34546846,8.893434,3.0924492,-0.07322793,3
62.29619,0.11739175,39.232011997395006,-77.97039930422703,0,1,6651.091,-0.07376512,6,1,false,false,-1.4109914,0.38079926,9.187376,3.091139,-0.08151549,3
62.302395,0.117716506,39.23200308000401,-77.97040301074583,0,1,6658.001,-0.07110535,6,1,false,false,-1.7291901,0.46848574,9.049172,3.0897145,-0.089560665,3
62.31135,0.118041314,39.23199416206324,-77.97040671726462,0,1,6659.0674,-0.066751845,6,1,false,false,-2.1275477,0.6467006,9.058444,3.0882013,-0.09320018,3
62.321613,0.118366174,39.231985244672245,-77.97041030784426,0,1,6646.604,-0.06264061,6,1,false,false,-2.277329,0.6691351,10.061243,3.0866342,-0.09371124,3
62.33103,0.118691064,39.23197632728125,-77.97041401365611,0,1,6639.3813,-0.05780267,6,1,false,false,-2.844337,0.5426079,9.93631,3.0850935,-0.09155298,3
62.33813,0.119016,39.23196750005377,-77.97041772017492,0,1,6642.2637,-0.050547175,6,1,false,false,-2.9210453,0.43673545,9.4972925,3.0835974,-0.087115474,3
62.34487,0.11934098,39.23195858266278,-77.97042154263289,0,1,6644.3296,-0.044984445,6,1,false,false,-3.1828022,0.48419166,11.330922,3.082175,-0.08371958,3
62.351826,0.119665995,39.231949664722,-77.9704252491517,0,1,6641.429,-0.035551734,6,1,false,false,-3.3793685,0.4612295,11.079118,3.080833,-0.0785921,3
62.35864,0.119991064,39.23194074733101,-77.9704289556705,0,1,6643.8374,-0.027086996,6,1,false,false,-3.2737632,0.5034682,11.222459,3.0795949,-0.071768954,3
62.365753,0.12031614,39.23193182994002,-77.9704326621893,0,1,6642.863,-0.020073717,6,1,false,false,-3.4232204,0.49917278,11.523681,3.0785022,-0.06139348,3
62.37283,0.12064127,39.231923002712534,-77.97043648394033,0,1,6636.0894,-0.012092491,6,1,false,false,-3.1929395,0.51161766,11.584569,3.0775888,-0.049351696,3
62.37906,0.12096644,39.23191408532154,-77.97044019045913,0,1,6637.725,-0.006288469,6,1,false,false,-3.1684005,0.44109982,10.9425335,3.0768745,-0.03690999,3
62.38461,0.12129162,39.23190516793055,-77.97044401291711,0,1,6638.3276,-0.0026607225,6,1,false,false,-3.006671,0.41193685,11.017422,3.076376,-0.023434887,3
62.389946,0.12161685,39.231896340153284,-77.97044783537508,0,1,6639.3867,-0.00072667166,6,1,false,false,-2.801871,0.3869332,10.471056,3.076059,-0.014021577,3
62.39513,0.12194209,39.23188742276229,-77.97045154189388,0,1,6643.684,0.0019349855,6,1,false,false,-2.563327,0.37873477,9.698601,3.0758965,-0.0059165685,3
62.40069,0.12226736,39.2318785053713,-77.97045536364492,0,1,6646.1978,0.0019349854,6,1,false,false,-2.3331037,0.41993096,10.106341,3.075857,0.0016083268,3
62.406734,0.12259265,39.231869587980306,-77.97045918610289,0,1,6647.766,0.0026597867,6,1,false,false,-2.169889,0.41029656,9.313765,3.0759127,0.0050901896,3
62.412395,0.12291797,39.23186076020304,-77.97046300856087,0,1,6649.852,0.0033855226,6,1,false,false,-1.6702123,0.40095872,9.67937,3.0760305,0.010157234,3
62.41846,0.123243324,39.23185184281205,-77.97046683031189,0,1,6653.66,0.0041112592,6,1,false,false,-1.6917043,0.4350014,10.222739,3.0762033,0.010807798,3
62.424553,0.12356873,39.231842925421056,-77.97047065276988,0,1,6653.042,0.0065288213,6,1,false,false,-1.5188355,0.4489306,10.194597,3.0764112,0.012783205,3
62.431736,0.123894155,39.23183409819357,-77.97047447522785,0,1,6656.2236,0.009189545,6,1,false,false,-1.1081427,0.50800467,9.023848,3.0766492,0.015883652,3
62.438835,0.1242196,39.23182518080258,-77.97047829768582,0,1,6650.2026,0.012576001,6,1,false,false,-1.1224127,0.47561753,9.9686365,3.0769508,0.01926965,3
62.44552,0.1245451,39.231816262861805,-77.97048211943685,0,1,6650.2324,0.017412998,6,1,false,false,-0.80464196,0.44048163,9.959238,3.077293,0.02193911,3
62.451225,0.124870636,39.23180743563432,-77.97048594189482,0,1,6656.3403,0.018379085,6,1,false,false,-0.59951246,0.4128384,9.83965,3.0777028,0.025906377,3
62.45754,0.12519617,39.23179851824333,-77.9704897643528,0,1,6658.055,0.019104827,6,1,false,false,-0.30650243,0.45921296,10.182179,3.0781636,0.029557372,3
62.46438,0.12552178,39.23178960085234,-77.970493702043,0,1,6656.047,0.0181378,6,1,false,false,-0.21938273,0.4644355,8.567205,3.0786731,0.031255096,3
62.471027,0.12584741,39.231780773624855,-77.97049752450098,0,1,6657.548,0.014751343,6,1,false,false,-0.3107574,0.38202986,9.87323,3.0792034,0.031829413,3
62.47705,0.1261731,39.23177185568408,-77.97050134695895,0,1,6659.5117,0.008706033,6,1,false,false,0.2481741,0.44489846,11.248047,3.0797174,0.032136273,3
62.48265,0.1264988,39.23176293829309,-77.97050516941692,0,1,6663.0435,0.00096702564,6,1,false,false,0.03653249,0.3874888,8.730481,3.0802224,0.027885057,3
62.490005,0.12682453,39.231754111065605,-77.97050899116796,0,1,6668.969,-0.00048444775,6,1,false,false,0.06117937,0.58025676,8.70134,3.0806763,0.024994139,3
62.49897,0.12715031,39.23174519367461,-77.97051281362593,0,1,6656.2407,-0.008706966,6,1,false,false,0.11906156,0.59277314,9.610972,3.0810537,0.021164494,3
62.50625,0.12747614,39.23173627628362,-77.97051663608391,0,1,6650.355,-0.013543962,6,1,false,false,0.113922596,0.4152748,8.959636,3.0813422,0.014946292,3
62.511036,0.12780198,39.231727358342845,-77.97052045783494,0,1,6666.1562,-0.018864471,6,1,false,false,-0.044559985,0.31234506,8.184658,3.0815275,0.008236199,3
62.516827,0.12812787,39.23171844095185,-77.97052428029292,0,1,6668.197,-0.025152944,6,1,false,false,-0.16576698,0.42856818,7.2123513,3.0815985,0.0010543484,3
62.523197,0.12845378,39.23170961372437,-77.97052821869006,0,1,6665.955,-0.02853847,6,1,false,false,-0.0075492263,0.37067097,8.092904,3.0815372,-0.004570866,3
62.52776,0.12877974,39.23170069633338,-77.9705320404411,0,1,6674.674,-0.027812725,6,1,false,false,-0.2795971,0.23193361,8.4620495,3.0813828,-0.012011103,3
62.531914,0.12910569,39.231691778942384,-77.97053586289907,0,1,6688.5503,-0.027329214,6,1,false,false,-0.1480564,0.35510042,8.763299,3.0811148,-0.017780537,3
62.539986,0.12943171,39.23168286100161,-77.97053968535704,0,1,6694.203,-0.030232158,6,1,false,false,-0.28842092,0.6128187,8.689847,3.0808046,-0.02018122,3
62.55132,0.12975775,39.231673943610616,-77.97054350781502,0,1,6680.832,-0.021282969,6,1,false,false,-0.5858571,0.78368634,11.80654,3.0804503,-0.023618499,3
62.562847,0.13008386,39.23166502621962,-77.97054732956605,0,1,6667.991,-0.014994497,6,1,false,false,-0.2844581,0.6576663,10.636641,3.0800264,-0.0275724,3
62.57179,0.13041003,39.23165619899214,-77.97055115202403,0,1,6663.5933,-0.012576936,6,1,false,false,-0.51151156,0.6151982,11.805211,3.079608,-0.025944637,3
62.58065,0.13073623,39.23164728160115,-77.970554974482,0,1,6655.1084,-0.0007266705,6,1,false,false,-0.41949174,0.55010396,12.145791,3.0792263,-0.020506235,3
62.58684,0.13106248,39.23163836366037,-77.97055891217221,0,1,6647.293,0.0067710467,6,1,false,false,-0.48156565,0.37411967,10.69979,3.0789435,-0.014574664,3
62.590927,0.13138875,39.23162944626938,-77.97056273463018,0,1,6657.8496,0.016445037,6,1,false,false,-0.3996357,0.24639536,10.398271,3.0787652,-0.0074404427,3
62.594982,0.13171506,39.23162052887839,-77.97056655708815,0,1,6663.0264,0.022490347,6,1,false,false,0.07710093,0.3411499,10.798252,3.078698,0.0015206955,3
62.60029,0.13204138,39.231611611487395,-77.97057037883918,0,1,6663.675,0.026360318,6,1,false,false,-0.099487245,0.39852667,10.1942425,3.0788062,0.011011666,3
62.605865,0.13236773,39.2316026940964,-77.97057420129715,0,1,6670.036,0.03143954,6,1,false,false,0.25806123,0.45605743,10.854838,3.079056,0.019862479,3
62.613705,0.13269411,39.23159377670541,-77.97057802375514,0,1,6673.4834,0.028295308,6,1,false,false,0.10916668,0.48971733,8.717361,3.079389,0.020630691,3
62.620506,0.13302054,39.23158485931442,-77.97058196144533,0,1,6669.828,0.022974797,6,1,false,false,0.15782234,0.46921316,9.340956,3.0797884,0.026346328,3
62.628426,0.13334699,39.23157594137364,-77.97058578390332,0,1,6669.4336,0.015961524,6,1,false,false,0.040099755,0.47474313,8.391204,3.0802486,0.02851586,3
62.634594,0.13367349,39.23156702398265,-77.97058960636129,0,1,6666.44,0.0079802945,6,1,false,false,0.08119553,0.43195814,8.239636,3.080675,0.023906546,3
62.64025,0.134,39.231558106591656,-77.97059342881926,0,1,6672.7993,-0.00048444862,6,1,false,false,0.30880535,0.3396822,8.873471,3.0810244,0.019322691,3
62.644886,0.13432658,39.23154918920066,-77.9705972505703,0.03883236,0.954268,6676.035,-0.008465678,6,1,false,false,-0.16726983,0.32398358,9.216005,3.0813334,0.016243251,3
62.64515,0.13465314,39.23154027180967,-77.97060107302826,0.1163815,0.8700484,6669.9463,-0.0087069655,6,1,false,false,0.0889529,-0.124089345,9.337146,3.0815408,0.009608515,3
62.630363,0.13497968,39.23153135441868,-77.97060489548625,0.23484333,0.73553455,6634.5625,-0.011608977,6,1,false,false,0.33417886,-1.3853414,9.6125,3.081668,0.0054130135,3
62.58294,0.13530609,39.2315224364779,-77.97060871723727,0.3561945,0.59200335,6585.2383,-0.009674926,6,1,false,false,-0.02818209,-3.7932346,10.392776,3.0817726,0.005842362,3
62.48832,0.1356321,39.23151351908691,-77.97061265563443,0.46945554,0.40381944,6526.2476,-0.0045957062,6,1,false,false,0.016330868,-6.839285,11.397396,3.0818617,0.0044236416,3
62.340412,0.13595748,39.23150469185943,-77.9706164780924,0.55058736,0.22437502,6470.0186,-0.0009679606,6,1,false,false,0.5138601,-9.8583145,10.835059,3.081903,0.0031635177,3
62.151714,0.136282,39.231495774468435,-77.97062018461119,0.6267496,0.066694416,6419.545,-0.00096796034,6,1,false,false,0.34444016,-12.134847,10.860818,3.0819674,0.0049246084,3
61.929974,0.13660543,39.23148694669118,-77.97062400636223,0.6941285,-9.313226e-09,6325.333,0.0026597865,6,1,false,false,0.21517015,-14.049661,11.633284,3.0820704,0.00833701,3
61.684944,0.13692763,39.2314782096272,-77.9706278288202,0.75457287,0,6222.31,0.0041112597,6,1,false,false,0.19154552,-14.973627,10.743105,3.0821753,0.005180379,3
61.421707,0.13724852,39.231469382399716,-77.97063153533901,0.7942141,0,6190.7275,0.002901075,6,1,false,false,0.444319,-16.683449,11.423756,3.0822194,0.0029232309,3
61.121044,0.13756794,39.23146064478596,-77.97063535779698,0.8180222,0,6301.3613,0.0007248009,6,1,false,false,0.33111256,-18.255646,10.788905,3.0822744,0.005530002,3
60.822083,0.1378858,39.2314519978855,-77.97063906431579,0.82853925,0,6195.031,-9.352516e-07,6,1,false,false,-0.039598852,-17.829916,10.72166,3.0823681,0.0042566434,3
60.516907,0.13820209,39.231443350435256,-77.97064277012764,0.83154404,0,6094.7393,-0.0019349854,6,1,false,false,-0.005923867,-18.484325,10.089565,3.0823777,-0.0027448328,3
60.21065,0.13851675,39.23143479314852,-77.97064647664644,0.8353579,0,6035.0044,-0.0067719813,6,1,false,false,0.12311773,-18.334003,9.984104,3.082308,-0.005217456,3
59.900955,0.13882983,39.23142623586179,-77.97065006722607,0.8449503,0,6088.225,-0.010883243,6,1,false,false,0.07176161,-18.784966,9.034848,3.0822592,0.00012052275,3
59.590523,0.13914129,39.231417678575056,-77.97065377374487,0.8543118,0,6004.712,-0.008949189,6,1,false,false,-0.24060798,-18.401144,10.30929,3.0822523,-0.0012714115,3
59.278114,0.13945113,39.23140921200161,-77.97065736432451,0.86297977,0,5958.1523,-0.008223452,6,1,false,false,-0.0800166,-18.871683,10.787743,3.082168,-0.007580548,3
58.96459,0.13975935,39.23140083449212,-77.97066095490413,0.87696415,0,5921.0713,-0.004837931,6,1,false,false,0.13667811,-18.732578,10.533508,3.0820453,-0.005916215,3
58.644917,0.1400659,39.2313924575324,-77.97066454548377,0.8826272,0,5833.901,-0.0009679606,6,1,false,false,0.10632163,-19.74805,11.312915,3.0819972,-0.0010671262,3
58.306374,0.14037076,39.23138408057269,-77.9706681360634,0.88655674,0,5825.379,0.0036268118,6,0.7777779,false,false,-0.3173629,-20.604393,11.140749,3.0819829,-0.0053517716,3
57.96147,0.1406738,39.231375793776486,-77.9706716114108,0.89522445,0,5844.9697,0.007738071,6,0.5555557,false,false,0.008930206,-20.689957,11.455127,3.0818622,-0.0088983,3
57.61707,0.14097506,39.23136759659401,-77.97067520199043,0.9042393,0,5808.013,0.0067710457,6,0.33333334,false,false,0.05973193,-20.613201,12.191869,3.0817602,-0.003678484,3
57.279617,0.14127453,39.23135939996131,-77.97067867663088,0.90967125,0.77,6105.396,0.0082225185,0,0.11111111,false,false,-0.1629358,-19.926874,11.74482,3.0817413,-0.0005076293,3
56.951782,0.14157225,39.23135129294235,-77.97068215127133,0.9125604,0,6124.2065,0.005804022,5,0,false,false,-0.2414591,-19.478226,10.963985,3.0817275,-0.002235013,3
56.60776,0.14186826,39.23134318647317,-77.9706856259118,0.91371626,0,5998.7383,0.0014505377,5,0,false,false,-0.068543926,-20.523613,10.768248,3.0816789,-0.002445314,3
56.27715,0.14216249,39.23133516961771,-77.97068910090573,0.91302276,0,5889.9746,-0.0031442344,5,0.22222224,false,false,-0.21202917,-19.475582,10.278308,3.0816116,-0.0052308603,3
55.95891,0.14245504,39.231327152762255,-77.97069245996049,0.90747523,0,5958.6763,-0.0050792196,5,0.44444448,false,false,-0.21022093,-18.840557,10.315594,3.0815258,-0.003970765,3
55.64943,0.14274596,39.23131922607031,-77.97069593460094,0.8970736,0,6080.241,-0.008706966,5,0.66666657,false,false,-0.32626137,-18.83022,7.520393,3.0814273,-0.008371886,3
55.321163,0.14303519,39.23131129937837,-77.9706992936557,0.88944584,0,6385.8887,-0.011608977,5,0.8888888,false,false,-0.61170965,-19.66093,7.9914427,3.0812352,-0.015857035,3
55.00319,0.14332275,39.23130346284993,-77.97070265235698,0.8798536,0,6274.835,-0.014268762,5,0.99999994,false,false,-0.24065134,-18.959589,8.105452,3.0808926,-0.022340879,3
54.69178,0.14360866,39.2312956263215,-77.97070601141174,0.873728,0,6083.718,-0.016445972,5,1,false,false,-0.25192618,-18.241142,8.408305,3.0805275,-0.020058606,3
54.38989,0.14389299,39.23128787995657,-77.9707093704665,0.8697985,0,5901.548,-0.016445974,5,1,false,false,-0.099668466,-18.199944,7.522139,3.0802166,-0.015491461,3
54.08316,0.14417572,39.231280133591646,-77.97071261358208,0.8684117,0,5808.371,-0.014510987,5,1,false,false,-0.33702385,-18.487368,8.24282,3.0800514,-0.0064114043,3
53.770653,0.14445688,39.23127247684045,-77.97071597263684,0.8663314,0,5789.235,-0.012576937,5,1,false,false,-0.68327504,-18.892368,7.3873773,3.0799096,-0.012205619,3
53.45298,0.14473635,39.23126482063903,-77.97071921575242,0.86436665,0,5970.4287,-0.006046245,5,1,false,false,-0.62263715,-19.035458,7.6169634,3.0796254,-0.020721471,3
53.135345,0.14501417,39.23125725405135,-77.97072245886801,0.8637888,0,5886.6157,-0.008706966,5,1,false,false,-0.52590275,-19.070284,8.399901,3.0792441,-0.02319758,3
52.814686,0.14529034,39.23124968801344,-77.97072570198358,0.86575365,0,5793.341,-0.012576936,5,1,false,false,-0.45922142,-19.350124,10.05627,3.0788524,-0.022204805,3
52.49334,0.14556482,39.23124221158927,-77.97072894509917,0.8644822,0,5738.2617,-0.015478948,5,1,false,false,-0.69102144,-19.278425,9.914355,3.0784447,-0.026991177,3
52.171017,0.14583763,39.231234735165096,-77.97073207227558,0.8636733,0,5752.42,-0.013786184,5,1,false,false,-0.61853915,-19.450937,9.990703,3.0779805,-0.02845542,3
51.838554,0.14610875,39.23122734945421,-77.97073531539117,0.86471325,0,5683.169,-0.011851202,5,1,false,false,-0.76658285,-20.465818,10.137671,3.077517,-0.027701525,3
51.492496,0.14637809,39.23121996319354,-77.97073844292105,0.8639044,0,5725.0205,-0.010641017,5,1,false,false,-1.0672629,-20.847326,10.753876,3.0770295,-0.032675475,3
51.14776,0.14664562,39.231212667096386,-77.97074157009746,0.8648289,0,5805.232,-0.005804955,5,1,false,false,-1.080722,-20.333973,10.506907,3.07645,-0.03554295,3
50.822403,0.14691137,39.23120546061296,-77.97074469727387,0.86471343,0,5772.2446,-0.006771982,5,0.7777779,false,false,-1.320866,-18.981894,10.372954,3.0758815,-0.0329097,3
50.50555,0.14717546,39.2311981645158,-77.97074782480375,0.86448234,0,5736.3115,-0.0070142043,5,0.5555557,false,false,-1.5610478,-19.098328,10.978041,3.0752983,-0.037967224,3
50.188747,0.1474379,39.231191048745664,-77.97075095198016,0.8651757,0,5721.6636,-0.008223455,5,0.33333334,false,false,-1.4722453,-18.782272,10.733987,3.0746093,-0.043840554,3
49.885376,0.14769872,39.231183932975526,-77.97075396357089,0.86563814,0.77,6023.572,-0.01813967,0,0.11111111,false,false,-1.372088,-17.761106,10.381172,3.0738838,-0.04241809,3
49.586708,0.14795797,39.23117681665561,-77.97075709074728,0.8684118,0,6266.16,-0.021282973,0,0,false,false,-1.9264203,-17.876339,9.587641,3.0731454,-0.048933174,3
49.277645,0.14821567,39.231169791048984,-77.970760102338,0.8684117,0,6136.4097,-0.027812729,4,0,false,false,-1.5116799,-19.04659,8.433633,3.0722673,-0.054407693,3
48.966896,0.1484717,39.23116285505609,-77.97076311357525,0.8686428,0,6023.3643,-0.031923983,4,0.22222224,false,false,-1.7392428,-18.281984,8.524668,3.071326,-0.058861677,3
48.666943,0.14872615,39.23115591906319,-77.97076612516595,0.8685274,0,6087.936,-0.03313324,4,0.44444448,false,false,-1.3820972,-17.6511,7.8265786,3.0703268,-0.058161736,3
48.373543,0.14897908,39.23114898362007,-77.97076913675666,0.8684118,0,6211.2734,-0.034826938,4,0.66666657,false,false,-1.2550144,-17.925203,7.3394217,3.0694005,-0.051637854,3
48.06797,0.14923042,39.23114213779069,-77.9707721479939,0.8673717,0,6464.6167,-0.03095789,4,0.8888888,false,false,-1.5200517,-18.26173,8.156154,3.068583,-0.047673304,3
47.772564,0.14948021,39.2311352919613,-77.9707751595846,0.8674871,0,6345.1616,-0.028780691,4,0.99999994,false,false,-1.4861431,-17.304934,7.3120418,3.067715,-0.055692766,3
47.491344,0.14972848,39.23112853629542,-77.97077805523615,0.867025,0,6146.6455,-0.025152944,4,1,false,false,-1.4139397,-16.86466,7.7781935,3.0667768,-0.056092817,3
47.20863,0.1499753,39.231121870793054,-77.97078106682686,0.8640201,0,5886.091,-0.024669427,4,1,false,false,-1.3053343,-17.165556,7.655699,3.0658324,-0.056120567,3
46.916676,0.1502206,39.23111511512718,-77.9707839624784,0.86193967,0,5800.993,-0.02273351,4,1,false,false,-1.2999209,-17.922455,8.595969,3.0649347,-0.050917756,3
46.609863,0.15046437,39.23110853978832,-77.97078685812994,0.8617087,0,5770.4287,-0.021282969,4,1,false,false,-1.681389,-18.785902,10.135289,3.0640917,-0.051547658,3
46.279602,0.15070647,39.23110187373618,-77.97078986936718,0.8604372,0,5920.446,-0.021282969,4,1,false,false,-2.6585455,-20.423775,10.360796,3.0631423,-0.068626426,3
45.943775,0.15094681,39.231095388560824,-77.97079276501871,0.861362,0,5861.012,-0.016930426,4,1,false,false,-2.2106726,-19.999533,9.632461,3.0618515,-0.08321821,3
45.606922,0.15118542,39.231088813221966,-77.97079554508456,0.8570857,0,5813.4067,-0.018380022,4,1,false,false,-2.5325732,-20.592012,10.378185,3.060541,-0.075203255,3
45.250484,0.15142222,39.23108241766035,-77.97079844073609,0.851885,0,5965.8984,-0.01717171,4,1,false,false,-3.2855425,-21.853935,12.336766,3.0593247,-0.07185513,3
44.8901,0.15165713,39.23107602209873,-77.97080133638762,0.8454129,0,6090.078,-0.017413937,4,1,false,false,-3.5372562,-20.946873,13.242452,3.0580552,-0.08084173,3
44.563118,0.15189023,39.231069627086896,-77.9708041161,0.83766943,0,6042.719,-0.022493154,4,1,false,false,-3.647442,-18.67528,12.753833,3.0567188,-0.0814838,3
44.263515,0.15212171,39.2310634118523,-77.97080689581236,0.82934815,0,5960.1704,-0.021282963,4,1,false,false,-3.9274478,-17.62762,11.53793,3.0553298,-0.08915779,3
43.965195,0.15235163,39.23105710645419,-77.97080979146389,0.81871563,0,5958.7207,-0.022733508,4,1,false,false,-3.543794,-17.957905,11.036843,3.0538626,-0.08717097,3
43.662846,0.15258001,39.23105089121959,-77.97081257152973,0.8069271,0,5983.4863,-0.022250934,4,1,false,false,-3.4531384,-18.08889,11.264584,3.052496,-0.077053435,3
43.36702,0.1528068,39.2310447661485,-77.9708153512421,0.791325,0,5973.599,-0.023459243,4,1,false,false,-3.6541486,-17.328754,11.067491,3.051336,-0.06438051,3
43.085503,0.1530321,39.23103864107741,-77.97081813095447,0.7791899,0,5933.8535,-0.024184981,4,1,false,false,-3.6028,-16.451292,10.418253,3.0503283,-0.05795193,3
42.816753,0.15325597,39.23103260562006,-77.97082091102031,0.77225536,0,5883.6953,-0.023943692,4,1,false,false,-3.3297112,-15.827386,9.428842,3.04939,-0.0552911,3
42.55554,0.15347844,39.23102657071248,-77.97082369073267,0.7667079,0,5833.179,-0.028296243,4,1,false,false,-2.954943,-15.504753,8.969043,3.0484831,-0.052570097,3
42.29833,0.15369958,39.2310205358049,-77.97082647044503,0.76162285,0,5777.3545,-0.030473445,4,1,false,false,-2.8204546,-15.305637,8.494156,3.047634,-0.04877147,3
42.03742,0.15391935,39.23101459051105,-77.9708291345717,0.759889,0,5719.6816,-0.037245423,4,1,false,false,-3.0559444,-15.426254,9.203723,3.0468469,-0.046823736,3
41.786892,0.15413782,39.231008645766984,-77.97083191428406,0.755613,0,5660.5903,-0.041597985,4,1,false,false,-2.7751298,-14.838707,8.089018,3.0459707,-0.057227388,3
41.541763,0.15435497,39.231002790636644,-77.9708346943499,0.754804,0,5590.664,-0.049579203,4,0.7777779,false,false,-2.6740036,-14.6029215,7.5735984,3.0449076,-0.06959206,3
41.295235,0.15457086,39.23099693605609,-77.97083735812309,0.75399506,0,5518.6406,-0.0638489,4,0.5555557,false,false,-2.5351398,-15.110733,8.5879,3.04366,-0.0788827,3
41.02326,0.15478538,39.23099108092575,-77.97084013818893,0.75549734,0.77,5758.939,-0.07690934,0,0.33333334,false,false,-2.9261549,-16.665075,10.503759,3.0423446,-0.07665905,3
40.75123,0.15499842,39.23098531595892,-77.97084280196214,0.7605825,0.77,6273.301,-0.091179065,0,0.11111111,false,false,-4.1947117,-16.080072,9.8024,3.0409412,-0.096818134,3
40.48912,0.15521008,39.230979641705375,-77.97084546608879,0.7642808,0,6284.325,-0.097951055,3,0,false,false,-4.1450233,-15.494844,8.911237,3.039094,-0.12580799,3
40.211475,0.15542033,39.230973966902056,-77.97084812986199,0.7657833,0,6167.3086,-0.10569006,3,0.22222224,false,false,-3.3749797,-17.398693,9.02571,3.0368621,-0.13888389,3
39.91886,0.15562907,39.23096829209874,-77.97085090992782,0.76867265,0,6227.7305,-0.10931872,3,0.44444448,false,false,-3.9503424,-17.225662,9.069029,3.0345314,-0.13885972,3
39.62822,0.15583633,39.23096270745893,-77.97085357370102,0.76867265,0,6377.1074,-0.11028669,3,0.66666657,false,false,-4.2324033,-18.337091,10.575092,3.0322723,-0.13062271,3
39.313778,0.15604194,39.23095712281912,-77.97085623782769,0.76855713,0,6634.0654,-0.11318871,3,0.8888888,false,false,-4.725595,-18.506905,10.77374,3.030103,-0.13320793,3
39.014946,0.15624596,39.23095162779304,-77.97085878601517,0.76844156,0,6585.1475,-0.11125277,3,0.99999994,false,false,-5.4846034,-17.535734,12.491662,3.027688,-0.15855123,3
38.7263,0.15644845,39.23094613331674,-77.97086145014184,0.7665925,0,6476.247,-0.110769264,3,1,false,false,-6.675712,-16.566923,12.510174,3.0247788,-0.19465242,3
38.45816,0.1566495,39.23094072900395,-77.97086411391504,0.76543653,0,6369.6055,-0.10956094,3,1,false,false,-6.437769,-15.973026,11.066834,3.02116,-0.23932609,3
38.193684,0.15684918,39.230935414304895,-77.9708667780417,0.7630098,0,6265.024,-0.106900245,3,1,false,false,-5.6964655,-15.068233,9.286806,3.0170877,-0.24658878,3
37.949753,0.15704754,39.2309300099921,-77.97086944216836,0.7612759,0,6292.688,-0.10423952,3,1,false,false,-4.061031,-14.708499,6.6878786,3.0132053,-0.2133305,3
37.67633,0.15724458,39.23092478545655,-77.97087210594155,0.76150703,0,6431.5303,-0.100127324,3,1,false,false,-4.1927605,-16.945196,7.8599725,3.0102115,-0.14225994,3
37.398373,0.15744017,39.23091947075749,-77.97087465412905,0.75595963,0,6455.2607,-0.09529031,3,1,false,false,-5.3157654,-16.1921,9.301512,3.008293,-0.09303743,3
37.13812,0.15763436,39.23091433693523,-77.97087731825572,0.75029665,0,6357.439,-0.09190479,3,1,false,false,-5.29493,-14.96037,9.523768,3.0067966,-0.09098503,3
36.898853,0.15782732,39.23090911239968,-77.9708799820289,0.74151325,0,6252.9644,-0.0919048,3,1,false,false,-4.095904,-13.687058,9.103333,3.0050895,-0.111950755,3
36.67267,0.15801907,39.23090397802764,-77.9708825302164,0.730996,0,6151.856,-0.09625829,3,1,false,false,-3.9315186,-13.661411,8.691075,3.003004,-0.13579908,3
36.438618,0.15820964,39.23089893381911,-77.97088519434307,0.71516275,0,6025.1177,-0.10448175,3,1,false,false,-4.5222425,-14.15489,8.604947,3.0005612,-0.15870483,3
36.204506,0.15839902,39.230893799447074,-77.97088774253056,0.7009473,0,5793.934,-0.113188714,3,1,false,false,-4.5492525,-13.777062,7.788236,2.9977362,-0.17808588,3
35.974346,0.15858717,39.23088884540205,-77.97089040665722,0.67598367,0,5697.915,-0.1202029,3,1,false,false,-4.514704,-13.7182455,8.067868,2.994715,-0.1831078,3
35.74152,0.15877423,39.23088380119352,-77.97089295484471,0.63726676,0,5609.3594,-0.13011912,3,1,false,false,-5.231192,-13.822268,8.990267,2.991714,-0.17580488,3
35.497845,0.15896004,39.230878847148496,-77.97089550303221,0.57162166,0,5762.5146,-0.13664886,3,1,false,false,-5.7589474,-15.243176,8.9733305,2.98888,-0.16471893,3
35.235737,0.15914455,39.230873982717206,-77.9708981668054,0.4990421,0,5948.363,-0.14124458,3,1,false,false,-6.2995496,-15.302632,9.433245,2.986124,-0.1694907,3
34.995857,0.15932773,39.2308691188357,-77.9709007149929,0.40901104,0,5944.024,-0.14777523,3,1,false,false,-6.9883723,-13.514536,10.460222,2.9831316,-0.19097422,3
34.789455,0.1595098,39.230864254954184,-77.97090337911956,0.31562853,0,5897.7915,-0.15527296,3,1,false,false,-7.9204535,-11.494589,10.756083,2.9797492,-0.21401745,3
34.60721,0.15969098,39.230859480686405,-77.97090592730706,0.24871203,0,5946.5415,-0.1695436,3,1,false,false,-8.812128,-10.324906,10.9036665,2.9760644,-0.22658093,3
34.44186,0.1598713,39.230854706418626,-77.97090859108025,0.21103537,0,6030.0166,-0.17897633,3,1,false,false,-9.87631,-9.171155,11.210592,2.972208,-0.23853941,3
34.300976,0.1600508,39.23084993270062,-77.97091113926774,0.17659475,0,6061.0664,-0.20122918,3,1,false,false,-10.207637,-7.4035597,11.07917,2.9680717,-0.2590755,3
34.191166,0.16022967,39.23084524859635,-77.97091380339441,0.15856549,0,6041.0415,-0.21912841,3,1,false,false,-10.310473,-5.701293,10.679074,2.9636383,-0.27223092,3
34.098763,0.16040802,39.23084056504186,-77.97091646752106,0.15139994,0,6018.49,-0.23412485,3,1,false,false,-10.103533,-5.0040865,10.114609,2.9590707,-0.2741133,3
34.01323,0.1605859,39.23083588093759,-77.97091913129427,0.15047541,0,6011.8857,-0.25250858,3,1,false,false,-9.75234,-4.7929034,9.504982,2.9546065,-0.2604969,3
33.928177,0.16076332,39.23083119683332,-77.9709219113601,0.15024427,0,6006.8066,-0.2679885,3,1,false,false,-10.063206,-4.8108497,9.384877,2.9504402,-0.24019092,3
33.84353,0.16094035,39.23082660289256,-77.9709245751333,0.15012865,0,5993.8203,-0.2747614,3,1,false,false,-9.883517,-4.7295756,9.733162,2.9465876,-0.22239168,3
33.760532,0.16111696,39.23082200950157,-77.97092735519914,0.15278684,0,5975.796,-0.2863723,3,1,false,false,-9.897904,-4.72849,9.762532,2.9429371,-0.218188,3
33.676,0.16129316,39.230817415560814,-77.9709301349115,0.1569475,0,5957.7183,-0.2936287,3,1,false,false,-9.990073,-4.802691,10.559932,2.9392147,-0.23070471,3
33.59275,0.16146894,39.230812911783566,-77.97093291462386,0.1631884,0,5941.014,-0.30282006,3,1,false,false,-9.854197,-4.7342615,10.912689,2.9352095,-0.25079608,3
33.508522,0.16164424,39.2308083178428,-77.9709358102754,0.17035389,0,5920.0234,-0.31733477,3,1,false,false,-10.3658495,-4.805375,10.761167,2.9307883,-0.28115752,3
33.423737,0.16181913,39.23080381406555,-77.97093859034123,0.17578578,0,5897.105,-0.33088067,3,1,false,false,-10.249678,-4.8913713,10.484295,2.925846,-0.31132832,3
33.33962,0.16199362,39.2307993102883,-77.97094148599278,0.18075538,0,5877.638,-0.34708726,3,1,false,false,-10.330157,-4.832044,9.6778,2.9205058,-0.32986543,3
33.250076,0.16216771,39.23079489667456,-77.97094438164432,0.18352915,0,5865.5366,-0.36063397,3,1,false,false,-9.838915,-5.212738,8.916491,2.914943,-0.33482966,3
33.16099,0.1623414,39.230790392897305,-77.97094727729585,0.18514712,0,5861.6816,-0.3727293,3,1,false,false,-8.416582,-4.7759395,8.740593,2.909482,-0.3139303,3
33.073982,0.16251491,39.23078597928357,-77.9709501729474,0.18572497,0,5853.6675,-0.38240507,3,1,false,false,-10.7964525,-5.4529176,9.929012,2.9045372,-0.28805932,3
32.97022,0.16268794,39.23078165528356,-77.97095318418464,0.18711188,0,5836.213,-0.39377466,3,1,false,false,-13.300288,-5.973531,13.2688675,2.8995948,-0.3106183,3
32.864487,0.16286047,39.23077724166981,-77.97095607983617,0.18861435,0,5817.6743,-0.40393597,3,1,false,false,-15.015093,-5.913426,14.856226,2.894007,-0.36516714,3
32.761513,0.16303247,39.23077291821958,-77.97095909142688,0.19115688,0,5799.145,-0.41433755,3,1,false,false,-15.166045,-5.787792,14.364116,2.8872993,-0.44209784,3
32.662384,0.163204,39.23076859421957,-77.9709621030176,0.19081019,0,5779.3423,-0.42546493,3,1,false,false,-14.027766,-5.238374,12.898444,2.8793807,-0.5067268,3
32.574226,0.16337538,39.230764360932845,-77.970965230194,0.19138803,0,5752.158,-0.4334489,3,1,false,false,-11.165681,-4.9003906,10.00926,2.8707614,-0.51357555,3
32.48513,0.16354653,39.23076003748261,-77.97096824178472,0.19127245,0,5729.433,-0.44167328,3,1,false,false,-11.436914,-5.002641,8.532408,2.862572,-0.46292728,3
32.397675,0.16371725,39.23075589380962,-77.97097136896113,0.1898856,0,5724.723,-0.4528016,3,1,false,false,-10.058327,-4.671567,6.8997264,2.855594,-0.3679361,3
32.30753,0.16388759,39.2307516605229,-77.97097449613753,0.19069466,0,5723.2896,-0.46247736,3,1,false,false,-10.011398,-5.260926,6.697757,2.8502858,-0.27380064,3
32.22013,0.16405751,39.2307474266864,-77.97097773925312,0.19104135,0,5712.331,-0.47215518,3,1,false,false,-8.66957,-4.6208625,6.7957034,2.8464568,-0.19070464,3
32.142937,0.16422717,39.23074328301341,-77.97098086678301,0.19150366,0,5687.256,-0.4859442,3,1,false,false,-7.4998827,-4.340959,6.498506,2.8436055,-0.16667348,3
32.067482,0.16439702,39.2307391398902,-77.97098399395942,0.19381507,0,5640.17,-0.5031215,3,1,false,false,-7.5940723,-4.2897396,6.392319,2.840746,-0.185998,3
31.986362,0.16456649,39.23073508638071,-77.970987237075,0.19462411,0,5586.7354,-0.52078116,3,1,false,false,-8.43429,-4.865434,7.5208015,2.8372664,-0.244412,3
31.896214,0.16473551,39.23073094270772,-77.97099048019058,0.19624208,0,5529.718,-0.53094155,3,1,false,false,-9.072647,-5.248195,7.0318317,2.8324795,-0.33704183,3
31.81094,0.16490416,39.23072688974802,-77.97099360772047,0.19508635,0,5474.1436,-0.5396524,3,1,false,false,-7.9981213,-4.616468,6.3905654,2.8260775,-0.4315582,3
31.733913,0.16507243,39.230722836238535,-77.97099685083604,0.19531749,0,5406.1353,-0.54328096,3,1,false,false,-8.024114,-4.5914354,5.9936314,2.8182812,-0.50260323,3
31.641144,0.16524062,39.230718782729056,-77.97100009395163,0.1950864,0,5352.0986,-0.5447316,3,1,false,false,-9.659602,-5.7356315,7.56837,2.8093488,-0.56716394,3
31.527777,0.16540849,39.23071481938308,-77.97100345265292,0.19439293,0,5361.3184,-0.54303896,3,1,false,false,-12.104497,-6.8835454,8.788494,2.7993796,-0.6238396,3
31.405174,0.1655757,39.230710856037106,-77.97100669576851,0.19312167,0,5420.309,-0.5418297,3,1,false,false,-12.522802,-6.698319,8.3275,2.7888458,-0.6278651,3
31.28808,0.16574226,39.23070689269114,-77.97100993888408,0.19196588,0,5473.6724,-0.54449034,3,1,false,false,-13.667842,-6.2872334,9.025225,2.7785997,-0.597686,3
31.180584,0.16590828,39.23070292934516,-77.97101329793884,0.19115695,0,5480.132,-0.54473174,3,1,false,false,-14.693133,-5.483439,8.81255,2.7689524,-0.56218696,3
31.078983,0.16607375,39.2306990561627,-77.9710166569936,0.19127251,0,5452.7485,-0.5493293,3,1,false,false,-15.233739,-5.4002624,10.043449,2.7598338,-0.53384876,3
30.965544,0.1662394,39.230695273143745,-77.97102001604836,0.19231264,0,5424.3813,-0.5548928,3,1,false,false,-18.67808,-6.407083,12.766853,2.7510693,-0.52328914,3
30.84286,0.16640437,39.230691489575015,-77.97102349068881,0.1915036,0,5408.267,-0.5643292,3,1,false,false,-20.712946,-6.374534,13.874962,2.7422304,-0.547149,3
30.734297,0.1665687,39.23068770655606,-77.97102696532927,0.19173475,0,5388.705,-0.5781194,3,1,false,false,-19.072432,-5.1462016,12.142253,2.732755,-0.5885808,3
30.642254,0.16673249,39.23068401370062,-77.9710304403232,0.19115694,0,5341.3057,-0.60110253,3,1,false,false,-16.652914,-4.6998854,9.575873,2.7226932,-0.6126214,3
30.549995,0.16689584,39.2306803202954,-77.97103403090283,0.19081019,0,5278.767,-0.62602264,3,1,false,false,-17.24347,-4.9461102,10.611469,2.7123377,-0.6355707,3
30.448008,0.1670586,39.230676627439955,-77.9710375055433,0.19208147,0,5240.0674,-0.6516694,3,1,false,false,-16.723358,-5.7637515,9.474865,2.7014418,-0.6637974,3
30.333633,0.16722022,39.23067302419824,-77.97104109612292,0.1909258,0,5249.4834,-0.6828805,3,1,false,false,-17.6742,-6.0358367,10.65808,2.690338,-0.66358113,3
30.225649,0.1673812,39.23066951112004,-77.97104480264171,0.19185032,0,5280.914,-0.7136094,3,1,false,false,-15.526138,-5.32857,8.296677,2.679594,-0.60935336,3
30.129211,0.16754158,39.23066599859161,-77.97104839322135,0.19092579,0,5277.9727,-0.73562634,3,1,false,false,-16.537003,-5.0125656,8.776233,2.670171,-0.5347054,3
30.028795,0.16770145,39.23066248551341,-77.97105209974015,0.1915036,0,5230.011,-0.75740314,3,1,false,false,-18.359417,-5.2376566,11.019134,2.6612022,-0.55097157,3
29.924234,0.16786079,39.23065897243521,-77.97105580625896,0.19046347,0,5186.6763,-0.773131,3,1,false,false,-17.817596,-5.394316,8.9044485,2.651843,-0.5686677,3
29.810436,0.16801941,39.230655639684024,-77.97105951242429,0.19034788,0,5190.6255,-0.78474456,3,1,false,false,-17.66857,-6.077599,10.449972,2.6422148,-0.58832437,3
29.699886,0.16817704,39.23065221676933,-77.97106333488226,0.1904635,0,5203.4253,-0.7886163,3,1,false,false,-19.08718,-5.402925,11.612625,2.6322558,-0.6144918,3
29.598156,0.16833404,39.230648884018144,-77.97106715698676,0.19000116,0,5172.8667,-0.78740734,3,1,false,false,-18.988949,-5.125268,10.764486,2.6214569,-0.68407184,3
29.497362,0.16849047,39.23064564143047,-77.97107097944473,0.18699631,0,5107.2812,-0.77748626,3,1,false,false,-17.256008,-5.275481,9.501446,2.609508,-0.7378613,3
29.396912,0.16864637,39.2306423988428,-77.97107480154924,0.1820267,0,5080.857,-0.76151645,3,1,false,false,-15.985276,-5.146127,8.432928,2.597477,-0.6961782,3
29.293427,0.16880174,39.23063915570535,-77.97107873959291,0.17624804,0,5088.538,-0.74482083,3,1,false,false,-14.903067,-5.645888,8.424713,2.586027,-0.68767655,3
29.181646,0.16895653,39.230636003281184,-77.97108267763659,0.1686203,0,5083.1567,-0.7179636,3,1,false,false,-17.519869,-5.6339765,10.306631,2.5746956,-0.65940195,3
29.07646,0.1691106,39.23063285085701,-77.97108661603374,0.16133924,0,5067.042,-0.6923169,3,1,false,false,-18.698313,-5.0879974,9.728019,2.5641718,-0.6099834,3
28.971577,0.16926402,39.230629788046585,-77.97109055407742,0.15556057,0,5045.504,-0.6695733,3,1,false,false,-18.555067,-5.1947517,10.318519,2.5541909,-0.58988076,3
28.871218,0.1694169,39.23062672523615,-77.97109449212108,0.14643034,0,5028.4683,-0.6386041,3,1,false,false,-17.494896,-4.808744,9.527894,2.5444229,-0.58538836,3
28.776484,0.16956922,39.23062375313901,-77.97109854610393,0.13625996,0,5010.1646,-0.6115067,3,1,false,false,-16.510405,-4.614207,8.85023,2.5345008,-0.60911936,3
28.690218,0.16972111,39.23062078049208,-77.97110259973331,0.12585846,0,4997.205,-0.58924735,3,1,false,false,-15.830212,-4.0544286,9.3296795,2.5242088,-0.6224223,3
28.607576,0.16987264,39.23061789800867,-77.97110665371616,0.113838896,0,4990.5913,-0.5715867,3,1,false,false,-16.231024,-4.047331,9.180741,2.513869,-0.6167264,3
28.521942,0.1700238,39.23061501552525,-77.97111070769901,0.10101035,0,4984.203,-0.5594903,3,1,false,false,-15.977254,-4.2694,8.943174,2.5035493,-0.6246952,3
28.433184,0.17017442,39.23061213304184,-77.97111476168186,0.0873728,0,4977.478,-0.55561876,3,1,false,false,-17.38583,-4.291771,10.533815,2.4930348,-0.639081,3
28.346502,0.17032453,39.230609340721934,-77.9711189312504,0.07604669,0,4976.588,-0.55876464,3,1,false,false,-17.313255,-4.0100965,9.948614,2.4822743,-0.6489933,3
28.265415,0.1704742,39.23060654840203,-77.97112310117242,0.06368047,0,4977.3667,-0.5694084,3,1,false,false,-16.721718,-3.7226744,9.479003,2.471404,-0.6564409,3
28.184956,0.17062344,39.230603846245636,-77.97112727074098,0.05339449,0,4967.6816,-0.5892476,3,1,false,false,-17.802197,-3.6915822,10.151685,2.4605205,-0.64646435,3
28.106419,0.17077231,39.230601144089235,-77.971131440663,0.04542,0,4951.3936,-0.6102967,3,1,false,false,-18.86335,-3.427682,11.26377,2.4497592,-0.64781356,3
28.031275,0.1709212,39.23059853209635,-77.97113561023154,0.038370073,0,4937.0166,-0.6390875,3,1,false,false,-20.40743,-3.1548073,12.086551,2.4388728,-0.6590179,3
27.959892,0.17106968,39.230595919553686,-77.97113989573927,0.03524961,0,4928.526,-0.65820074,3,1,false,false,-21.317604,-2.8587844,11.744406,2.4278662,-0.66173404,3
27.893606,0.17121772,39.23059339772431,-77.97114418160047,0.031898014,0,4921.9136,-0.68602574,3,1,false,false,-18.8697,-2.574956,9.604028,2.4169552,-0.64055336,3
27.83477,0.17136542,39.23059087534516,-77.97114846710818,0.03178245,0,4917.512,-0.7128829,3,1,false,false,-16.190887,-2.358477,7.635437,2.4066136,-0.59739536,3
27.781008,0.17151284,39.23058844312951,-77.97115286855508,0.031204578,0,4913.4814,-0.7353853,3,1,false,false,-14.910815,-2.2951682,6.806105,2.396964,-0.56475496,3
27.726244,0.17166002,39.23058601146364,-77.9711571540628,0.030626714,0,4908.6777,-0.7644192,3,1,false,false,-14.784727,-2.3544667,7.595632,2.3879132,-0.51292175,3
27.67268,0.17180738,39.230583579248,-77.9711615555097,0.02970213,0,4902.4585,-0.792246,3,1,false,false,-14.987981,-2.1894286,7.4039063,2.379961,-0.4402778,3
27.622692,0.17195466,39.230581237195864,-77.97116595660312,0.028084114,0,4890.8657,-0.82370234,3,1,false,false,-15.654346,-2.1409469,7.8056808,2.3735094,-0.33745047,3
27.571234,0.17210162,39.23057889514373,-77.97117035805,0.024848089,0,4872.079,-0.8563689,3,1,false,false,-18.32559,-2.1251495,9.780086,2.368067,-0.33203772,3
27.52097,0.17224826,39.230576643255105,-77.9711747594969,0.021496488,0,4848.4263,-0.89121485,3,1,false,false,-16.392448,-2.1359754,8.126924,2.3620942,-0.39019233,3
27.47334,0.17239465,39.23057439136648,-77.97117927688296,0.018260457,0,4831.864,-0.9311431,3,1,false,false,-16.27229,-2.2249477,8.514548,2.3548758,-0.48845708,3
27.420006,0.17254078,39.23057213947785,-77.97118367797638,0.012481831,0,4824.75,-0.96695787,3,1,false,false,-16.962631,-2.7501574,7.4716744,2.3455486,-0.6285088,3
27.340336,0.17268696,39.23056997775274,-77.97118819536246,0.008552366,0,4818.2207,-0.9986593,3,1,false,false,-23.872856,-4.2121725,14.354972,2.3336787,-0.8239792,3
27.246489,0.17283385,39.23056790619113,-77.97119271239505,0.004854045,0,4804.5996,-1.023827,3,1,false,false,-30.468695,-4.5859604,20.439169,2.317351,-1.112113,3
27.167898,0.1729801,39.23056583462952,-77.97119722978111,0.0011557245,0,4825.494,-1.0405254,3,1,false,false,-27.28486,-2.5805578,14.908656,2.298369,-1.1076058,3
27.099998,0.17312594,39.23056385268165,-77.97120186275288,2.910383e-11,0,4826.212,-1.0548048,3,1,false,false,-28.533012,-2.4880538,13.193172,2.2812955,-0.9463706,3
27.042427,0.17327143,39.23056196144706,-77.97120649572464,0,0,4766.4336,-1.0652101,3,1,false,false,-30.287205,-2.136901,12.564361,2.2671874,-0.7648137,3
26.988617,0.1734167,39.230560069662694,-77.97121112904989,0,0,4695.8984,-1.071261,3,1,false,false,-25.402699,-1.5522228,13.623324,2.2555563,-0.63319063,3
26.942545,0.17356183,39.23055835820535,-77.97121576202166,0,0,4672.258,-1.0790057,3,1,false,false,-22.802519,-2.0803435,11.2714,2.2460618,-0.5211498,3
26.89429,0.17370585,39.230556646748,-77.9712205109326,0,0,4680.669,-1.0852976,3,1,false,false,-20.341566,-2.1145759,10.836012,2.238236,-0.4257652,3
26.856544,0.1738493,39.230554935290655,-77.97122514390436,0,0,4668.473,-1.0891694,3,1,false,false,-17.771431,-1.5431902,9.209013,2.2320063,-0.33066168,3
26.82484,0.1739925,39.230553313996815,-77.9712298928153,0,0,4624.6816,-1.0932837,3,1,false,false,-16.051329,-1.3484716,8.4744425,2.2269611,-0.27738523,3
26.795103,0.17413554,39.23055169270298,-77.97123464172624,0,0,4585.758,-1.0993347,3,1,false,false,-14.336702,-1.4382637,7.206998,2.2223911,-0.27641016,3
26.76958,0.17427847,39.230550161022876,-77.9712393902837,0,0,4574.4316,-1.1051424,3,1,false,false,-8.602806,-1.2163568,3.9534926,2.2176232,-0.29921326,3
26.745083,0.17442133,39.230548539729035,-77.97124425513381,0,0,4563.823,-1.1136124,3,1,false,false,-7.9775505,-1.3860123,2.8024845,2.212106,-0.35799694,3
26.724663,0.17456396,39.23054700859871,-77.97124900404475,0,0,4535.024,-1.1242621,3,1,false,false,-5.038997,-1.0011626,1.9166114,2.2058637,-0.38297987,3
26.695026,0.17470561,39.23054547746838,-77.97125375295569,0,0,4503.7344,-1.138058,3,1,false,false,-5.863864,-3.1669383,2.2037354,2.1992779,-0.4083104,3
26.620821,0.17484678,39.23054403595179,-77.97125850186663,0,0,4573.7485,-1.162985,3,1,false,false,-10.179144,-3.7512321,6.341269,2.1922266,-0.42630345,3
26.542128,0.17498742,39.23054250482146,-77.97126325077757,0,0,4749.6685,-1.1997744,3,1,false,false,-15.3779,-4.642382,9.612941,2.185008,-0.4388168,3
26.469662,0.17512758,39.23054106385464,-77.97126799933504,0,0,4822.3213,-1.2271242,3,1,false,false,-21.24462,-3.542365,12.407858,2.1767995,-0.55376685,3
26.41729,0.17526737,39.23053971250155,-77.97127286418515,0,0,4766.2114,-1.2484236,3,1,false,false,-22.586628,-2.348838,11.919419,2.1661386,-0.7228271,3
26.372244,0.1754069,39.23053836114847,-77.97127761309609,0,0,4696.2666,-1.2573788,3,1,false,false,-21.546299,-2.3229363,10.46301,2.1526055,-0.9001536,3
26.326796,0.17554606,39.23053710050867,-77.97128247759274,0,0,4660.3975,-1.2614927,3,1,false,false,-17.892475,-2.4320514,8.710905,2.136397,-1.0388697,3
26.27723,0.17568468,39.23053583931909,-77.97128722650368,0,0,4685.8374,-1.2590735,3,1,false,false,-13.641473,-2.5216482,6.9937778,2.1185884,-1.0867494,3
26.22857,0.17582282,39.230534668293025,-77.97129209135379,0,0,4689.83,-1.2537482,3,1,false,false,-11.122399,-2.2786071,4.9863453,2.1007588,-1.0422792,3
26.186918,0.17596063,39.230533497266954,-77.97129695585042,0,0,4664.717,-1.2472135,3,1,false,false,-9.613582,-1.5091065,3.8982801,2.0841668,-0.94749606,3
26.15308,0.17609811,39.23053232624089,-77.97130170476136,0,0,4630.709,-1.2469711,3,1,false,false,-10.183762,-1.3040026,4.568608,2.0692184,-0.84786505,3
26.112892,0.17623532,39.23053124537833,-77.97130656961147,0,0,4597.754,-1.2631884,3,1,false,false,-13.7122755,-1.9709094,6.6169157,2.055948,-0.7330661,3
26.052536,0.17637226,39.23053016451577,-77.97131143410812,0,0,4597.5938,-1.2871494,3,1,false,false,-31.934889,-2.53143,16.811968,2.0447407,-0.66511184,3
25.95453,0.17650898,39.23052917381673,-77.97131629895823,0,0,4619.104,-1.3297503,3,1,false,false,-41.415886,-4.440133,24.54948,2.0326784,-0.8075629,3
25.85566,0.17664512,39.230528272731405,-77.97132116380834,0,0,4646.705,-1.3738049,3,1,false,false,-33.83829,-4.44458,27.737528,2.018133,-0.9124636,3
25.76721,0.1767807,39.230527462359376,-77.97132602830499,0,0,4631.143,-1.3970423,3,1,false,false,-33.834114,-3.636868,19.65241,2.00264,-0.934406,3
25.701004,0.17691582,39.23052665143757,-77.9713308931551,0,0,4575.723,-1.4091455,3,1,false,false,-28.37403,-2.7262866,14.260744,1.9871899,-0.90514195,3
25.64988,0.17705062,39.23052602084278,-77.97133575765173,0,0,4546.0796,-1.4207648,3,1,false,false,-19.542595,-2.2290475,9.941027,1.9727074,-0.8266221,3
25.59723,0.17718521,39.23052539024799,-77.97134062250184,0,0,4549.184,-1.4166498,3,1,false,false,-18.108194,-2.6287546,7.5245953,1.9597714,-0.724887,3
25.546583,0.17731959,39.23052484981671,-77.97134560293766,0,0,4567.4575,-1.4072083,3,1,false,false,-14.896366,-2.3932161,7.4859586,1.94837,-0.65154856,3
25.50339,0.17745431,39.23052430938544,-77.97135046778777,0,0,4562.0293,-1.3948634,3,1,false,false,-13.231882,-1.8785857,7.6162333,1.9377528,-0.63941205,3
25.466925,0.17758887,39.23052385911767,-77.9713553322844,0,0,4524.528,-1.3878441,3,1,false,false,-12.08518,-1.7105573,6.019141,1.9268134,-0.6841947,3
25.43014,0.17772312,39.2305234088499,-77.97136019713452,0,0,4493.707,-1.3810674,3,1,false,false,-10.932134,-1.769257,4.9147553,1.9150907,-0.7219978,3
25.387863,0.1778571,39.23052295858213,-77.97136506163116,0,0,4493.0635,-1.3771933,3,1,false,false,-14.675505,-2.1298838,8.158941,1.9025961,-0.78926826,3
25.334188,0.17799078,39.230522597928086,-77.97136992648127,0,0.06877524,4511.724,-1.3769515,3,1,false,false,-17.551962,-2.7001984,10.231474,1.8886825,-0.8771174,3
25.27371,0.17812417,39.23052223782383,-77.97137479097792,0,0.19114342,4579.894,-1.3774354,3,1,false,false,-21.116535,-2.5838401,12.781646,1.8734027,-0.94798714,3
25.214828,0.17825729,39.23052196788308,-77.97137965582803,0,0.35132095,4712.229,-1.3752576,3,1,false,false,-25.674225,-2.3165371,14.647589,1.8573066,-0.96406424,3
25.155386,0.17839105,39.23052169739255,-77.97138452067814,0,0.50977224,4963.9565,-1.3607335,3,1,false,false,-26.439428,-2.3652005,15.01707,1.8415153,-0.91363114,3
25.125717,0.17852466,39.23052151706553,-77.97138938517477,0,0.62173617,4981.574,-1.3459678,3,1,false,false,-27.822872,1.5557966,16.205143,1.8268121,-0.8584036,3
25.154049,0.17865817,39.2305214274518,-77.97139425002489,0,0.7249143,4757.7617,-1.3244252,3,1,false,false,-25.110212,2.7442496,13.789871,1.8121842,-0.90641284,3
25.170652,0.1787918,39.2305214274518,-77.97139911452153,0,0.79905355,4771.66,-1.299494,3,1,false,false,-20.545313,1.2488576,10.44919,1.7967772,-0.9246235,3
25.178553,0.17892545,39.2305214274518,-77.97140386343247,0,0.8662258,5052.9033,-1.2721431,3,1,false,false,-14.736941,1.9768636,8.161594,1.7817242,-0.86169636,3
25.232515,0.1790593,39.23052151706553,-77.97140872828258,0,0.9164586,5188.1406,-1.245519,3,1,false,false,-11.486977,5.3387175,6.1949973,1.7683254,-0.7436768,3
25.327267,0.17919366,39.230521607229036,-77.97141370871839,0,0.9453589,4978.82,-1.2198628,3,1,false,false,-11.478541,6.938799,6.672039,1.7566643,-0.66358924,3
25.431961,0.17932865,39.23052169739255,-77.97141857321503,0,0.96795535,4755.6387,-1.1980798,3,1,false,false,-11.871765,6.9326644,7.559553,1.7460097,-0.6232983,3
25.520351,0.17946406,39.23052187771957,-77.97142343806514,0,0.9779742,4754.1987,-1.1888828,3,1,false,false,-14.707837,5.028134,8.965292,1.736011,-0.58118284,3
25.558786,0.1795997,39.230522057496806,-77.97142841850096,0,0.98440135,4827.3794,-1.1816227,3,1,false,false,-22.206543,2.7038548,13.980931,1.7262923,-0.6104785,3
25.581367,0.17973539,39.23052232798734,-77.97143328335108,0,0.9900584,4867.2744,-1.1743611,3,1,false,false,-22.575397,2.197971,13.817404,1.7153169,-0.7187999,3
25.592215,0.17987117,39.230522597928086,-77.97143826378688,0,0.9940966,4932.072,-1.1690369,3,1,false,false,-19.419737,1.4370401,10.542322,1.7022729,-0.8365075,3
25.594746,0.18000698,39.23052295858213,-77.97144312863699,0,1,5096.1147,-1.154031,3,1,false,false,-17.460806,0.80635,9.04416,1.6876165,-0.9108334,3
25.59767,0.18014286,39.2305234088499,-77.97144810907281,0,1,5284.9756,-1.1324914,3,1,false,false,-14.9640875,2.1079698,7.9175954,1.6720669,-0.9402609,3
25.666117,0.18027818,39.23052385911767,-77.97145297356944,0,1,5347.3647,-1.1099842,3,1,false,false,-15.492431,6.9870877,8.825074,1.656629,-0.8986297,3
25.779673,0.18041378,39.23052430938544,-77.97145795435873,0,1,5108.459,-1.0833607,3,1,false,false,-16.540712,8.409306,11.159304,1.6421883,-0.82209855,3
25.898516,0.18054992,39.23052484981671,-77.97146281885537,0,1,4792.053,-1.0567397,3,1,false,false,-18.219818,7.5162754,11.604477,1.6293206,-0.7296977,3
25.969467,0.18068649,39.23052539024799,-77.97146779929119,0,1,4728.1826,-1.0325396,3,1,false,false,-17.924023,3.9197562,9.731383,1.6175026,-0.69169366,3
25.988804,0.18082328,39.23052602084278,-77.97147278008048,0,1,4929.2676,-1.0064042,3,1,false,false,-17.074368,1.7236346,9.204014,1.60634,-0.64782745,3
26.006075,0.18096018,39.23052674160108,-77.97147776051628,0,1,5132.893,-0.9836554,3,1,false,false,-16.587364,2.802311,9.111949,1.595954,-0.600712,3
26.057823,0.18109727,39.230527462359376,-77.97148262501292,0,1,5131.7217,-0.95993996,3,1,false,false,-16.23207,5.158868,9.552529,1.5862675,-0.56737375,3
26.133833,0.181234,39.23052818311768,-77.97148760580221,0,1,4994.657,-0.93501425,3,1,false,false,-17.814901,5.514651,10.720031,1.5769174,-0.56911063,3
26.201525,0.181371,39.230528993489706,-77.97149258623801,0,1,4920.5493,-0.9137188,3,1,false,false,-17.007954,4.760657,10.48746,1.5671602,-0.6049238,3
26.247372,0.18150823,39.23052980441151,-77.97149745108813,0,1,4980.061,-0.8950866,3,1,false,false,-15.886604,3.2573078,9.286246,1.5566987,-0.6528455,3
26.285826,0.1816456,39.23053070494705,-77.97150243152394,0,1,5086.4766,-0.8800836,3,1,false,false,-16.543005,3.4531562,10.276069,1.5454408,-0.69831145,3
26.332638,0.1817832,39.23053160548259,-77.97150741195976,0,1,5117.463,-0.8645961,3,1,false,false,-16.551895,4.220519,10.057156,1.5335139,-0.72454846,3
26.39446,0.1819211,39.230532596731415,-77.97151227680988,0,1,5069.0376,-0.85056216,3,1,false,false,-16.771584,5.1344504,10.277262,1.5213878,-0.72443986,3
26.464876,0.1820593,39.230533587430465,-77.97151725724568,0,1,5015.944,-0.840398,3,1,false,false,-16.87757,5.2721987,10.049354,1.5095075,-0.69539404,3
26.526068,0.18219736,39.230534668293025,-77.97152212174232,0,1,4997.26,-0.83047825,3,1,false,false,-17.061512,4.3952174,10.165255,1.4982544,-0.661027,3
26.575375,0.18233562,39.230535749155585,-77.97152710253161,0,1,5026.7837,-0.82321906,3,1,false,false,-17.149393,3.957835,10.579799,1.4873339,-0.6523327,3
26.623081,0.18247406,39.23053692018165,-77.97153196702824,0,1,5075.704,-0.81668544,3,1,false,false,-16.98258,4.127711,9.939902,1.4764434,-0.64949435,3
26.676363,0.18261275,39.23053809120772,-77.97153694746406,0,1,5086.395,-0.8123292,3,1,false,false,-16.730783,4.361017,9.647839,1.4658412,-0.6254613,3
26.731913,0.18275172,39.230539352397294,-77.97154181231417,0,1,5069.284,-0.8089417,3,1,false,false,-17.262508,4.476024,10.630976,1.455493,-0.62011874,3
26.786112,0.18289101,39.23054061303709,-77.97154667716428,0,1,5067.717,-0.8038606,3,1,false,false,-17.489042,4.1743045,10.812601,1.4451429,-0.62626576,3
26.834063,0.1830305,39.23054196439018,-77.97155165760009,0,1,5095.3145,-0.80289364,3,1,false,false,-18.475471,3.9119966,11.827684,1.4344819,-0.65546864,3
26.880384,0.18317008,39.23054331574327,-77.97155652209673,0,1,5127.2104,-0.8009567,3,1,false,false,-18.758759,4.089058,11.786394,1.4232277,-0.6890607,3
26.93222,0.18330984,39.23054475671008,-77.97156138694685,0,1,5130.921,-0.8009568,3,1,false,false,-19.893831,4.3103514,12.082799,1.411609,-0.7003311,3
26.982382,0.18344983,39.23054619822668,-77.97156613585778,0,1,5111.9463,-0.8016824,3,1,false,false,-19.86011,4.306584,11.615877,1.3996862,-0.7253208,3
27.039202,0.18359008,39.230547729357006,-77.97157100035443,0,1,5114.676,-0.80361944,3,1,false,false,-16.708317,4.520673,9.639837,1.3876237,-0.7077298,3
27.0968,0.18373068,39.23054926048734,-77.97157586520454,0,1,5132.996,-0.80700684,3,1,false,false,-15.479623,4.5872293,8.718186,1.376168,-0.6589775,3
27.157967,0.18387161,39.23055088178117,-77.97158061411548,0,1,5138.632,-0.8101518,3,1,false,false,-15.518794,4.785698,8.974788,1.365696,-0.5948971,3
27.220903,0.18401304,39.23055250307501,-77.97158547861211,0,1,5122.766,-0.8157166,3,1,false,false,-15.656712,4.829768,9.346826,1.3563215,-0.53447133,3
27.284067,0.1841548,39.230554214532354,-77.97159022752305,0,1,5113.989,-0.82273537,3,1,false,false,-15.787581,4.767456,9.385388,1.3478312,-0.48890117,3
27.339127,0.18429685,39.230555925989705,-77.97159509237316,0,1,5117.9497,-0.8321718,3,1,false,false,-17.570381,4.089904,10.865918,1.3398813,-0.47394446,3
27.38425,0.18443914,39.23055772761056,-77.9715998412841,0,1,5135.852,-0.84354436,3,1,false,false,-16.11406,3.5007353,10.09163,1.3318884,-0.49579278,3
27.42824,0.18458168,39.230559529231414,-77.97160459019504,0,1,5196.2905,-0.8534659,3,1,false,false,-14.39548,3.4201388,8.300105,1.323447,-0.5159869,3
27.474508,0.18472448,39.230561330852275,-77.97160933875251,0,1,5269.001,-0.85951424,3,1,false,false,-13.819031,3.7269623,8.067376,1.3147945,-0.5224018,3
27.525267,0.1848677,39.23056322208686,-77.97161397207776,0,1,5296.3877,-0.85878855,3,1,false,false,-15.014088,3.975399,9.44765,1.3059553,-0.54580545,3
27.583529,0.1850118,39.23056520403473,-77.97161872063522,0,1,5285.5664,-0.855401,3,1,false,false,-14.785743,4.5944533,9.573465,1.2966495,-0.57211816,3
27.64276,0.18515617,39.23056709526932,-77.97162346954616,0,1,5278.7354,-0.84378636,3,1,false,false,-14.641476,4.1311717,9.425698,1.2869114,-0.59943223,3
27.703335,0.18530084,39.2305690772172,-77.9716281028714,0,1,5297.4453,-0.82999384,3,1,false,false,-16.179949,4.6587005,10.693275,1.2767032,-0.6248157,3
27.762342,0.18544585,39.23057114877881,-77.97163273584317,0,1,5300.0723,-0.8101518,3,1,false,false,-15.430644,4.324941,9.7729,1.2661206,-0.64071035,3
27.819431,0.18559118,39.230573220890186,-77.97163748475411,0,1,5290.9004,-0.7878907,3,1,false,false,-14.485117,4.331807,9.296015,1.2553384,-0.6514283,3
27.878845,0.18573686,39.23057538261531,-77.97164211772588,0,1,5306.41,-0.76490456,3,1,false,false,-15.124675,4.323309,9.453199,1.2444258,-0.6553995,3
27.934511,0.18588336,39.23057745417691,-77.97164675069764,0,1,5322.194,-0.7409497,3,1,false,false,-16.249935,4.3990865,10.254374,1.2333815,-0.6640845,3
27.99176,0.1860304,39.23057970606554,-77.9716512680837,0,1,5317.197,-0.71215683,3,1,false,false,-17.50432,4.5674005,11.336568,1.2223384,-0.6607096,3
28.052755,0.18617775,39.230581957954165,-77.97165590105547,0,1,5300.069,-0.68384856,3,1,false,false,-17.44561,4.856023,11.083908,1.2114064,-0.6439672,3
28.114805,0.1863254,39.23058420984279,-77.97166041808806,0,1,5283.457,-0.65481454,3,1,false,false,-16.190462,4.6100297,9.77764,1.20103,-0.60244495,3
28.171762,0.1864734,39.23058655189492,-77.97166493547414,0,1,5293.3057,-0.62336177,3,1,false,false,-15.092503,4.246248,9.305499,1.1912702,-0.5727522,3
28.228611,0.18662177,39.23058889394706,-77.9716695684459,0,1,5333.4707,-0.5887641,3,1,false,false,-15.070855,4.391557,8.989079,1.181935,-0.54614115,3
28.286816,0.18677033,39.23059123599919,-77.97167396989279,0,1,5352.5923,-0.5628767,3,1,false,false,-14.117957,4.441683,9.045919,1.1731567,-0.50889164,3
28.345299,0.18691887,39.23059366766506,-77.97167848692538,0,1,5344.536,-0.53989285,3,1,false,false,-15.461852,4.5800514,10.756378,1.1648074,-0.49691066,3
28.403635,0.18706766,39.23059619004422,-77.97168300431146,0,1,5339.6436,-0.52562016,3,1,false,false,-15.609711,4.3103337,10.077928,1.1565986,-0.49501184,3
28.462769,0.18721677,39.23059862171009,-77.97168740575835,0,1,5360.2,-0.51545894,3,1,false,false,-13.287305,4.336444,8.623403,1.1483871,-0.4867931,3
28.517292,0.18736622,39.230601234252745,-77.97169180720525,0,1,5396.9575,-0.5040886,3,1,false,false,-12.898471,3.8338683,8.563458,1.1403631,-0.48049948,3
28.57108,0.187516,39.230603756082125,-77.97169620829867,0,1,5437.7944,-0.49586314,3,1,false,false,-15.202821,4.0813823,9.998444,1.1323138,-0.49129596,3
28.628853,0.18766613,39.230606368624784,-77.97170060974555,0,1,5449.973,-0.48715332,3,1,false,false,-14.90939,4.4850144,10.316866,1.1239381,-0.50930035,3
28.691912,0.1878162,39.230608980617674,-77.97170501119246,0,1,5431.658,-0.4823154,3,1,false,false,-15.662913,4.735076,11.686093,1.1153835,-0.51872236,3
28.756462,0.18796659,39.23061168277407,-77.97170941263934,0,1,5416.63,-0.47747657,3,1,false,false,-15.408077,4.5519557,10.545051,1.1066456,-0.5275472,3
28.814945,0.1881173,39.23061438493046,-77.97171369814707,0,1,5431.3857,-0.47142947,3,1,false,false,-13.660491,4.3028083,9.844526,1.0977281,-0.5358771,3
28.875792,0.18826835,39.230617177250366,-77.97171798365478,0,1,5470.3237,-0.46465468,3,1,false,false,-14.735978,4.479692,9.650943,1.0888675,-0.52291447,3
28.940027,0.18841979,39.23061996957027,-77.97172226916251,0,1,5475.677,-0.45570445,3,1,false,false,-15.073456,4.8915386,10.462976,1.0803438,-0.49613065,3
29.0079,0.18857163,39.23062276243996,-77.97172655502371,0,1,5441.504,-0.44796276,3,1,false,false,-15.638396,4.761177,10.946549,1.0723599,-0.46534526,3
29.072624,0.18872364,39.23062564437359,-77.97173072459225,0,1,5423.2183,-0.441431,3,1,false,false,-16.36861,4.746229,12.153076,1.0645686,-0.46659654,3
29.137312,0.18887587,39.230628526857004,-77.97173501009998,0,1,5436.7227,-0.43514165,3,1,false,false,-14.691261,4.458718,10.305569,1.0569243,-0.44478625,3
29.197058,0.18902844,39.23063140934042,-77.971739180022,0,1,5457.269,-0.43030366,3,1,false,false,-14.959496,4.329808,10.372702,1.0496469,-0.4297162,3
29.259764,0.18918137,39.23063438198734,-77.97174334959054,0,1,5472.663,-0.4228041,3,1,false,false,-13.805424,4.5437417,9.492216,1.0426403,-0.40825352,3
29.323986,0.18933469,39.230637444247996,-77.97174740357339,0,1,5476.384,-0.41893318,3,1,false,false,-14.331132,4.385668,10.0356865,1.0360531,-0.3866336,3
29.3898,0.18948843,39.23064041689492,-77.97175157314194,0,1,5478.764,-0.41409525,3,1,false,false,-13.325113,4.798646,9.7129135,1.0297351,-0.3703727,3
29.456873,0.18964247,39.23064347970536,-77.9717556271248,0,1,5483.6313,-0.41191807,3,1,false,false,-12.548588,4.3630342,9.114673,1.0238022,-0.34482375,3
29.51987,0.1897968,39.23064663212952,-77.97175968110763,0,1,5497.259,-0.41095108,3,1,false,false,-11.06556,4.268745,8.379943,1.0182289,-0.32781637,3
29.586294,0.18995148,39.230649694939956,-77.97176373509048,0,1,5529.9863,-0.41022527,3,1,false,false,-11.159529,4.181816,8.47806,1.0129685,-0.3095111,3
29.643717,0.19010653,39.23065284736412,-77.97176778907333,0,1,5553.095,-0.41167676,3,1,false,false,-12.909612,3.930832,11.071696,1.0076888,-0.33536035,3
29.710907,0.19026196,39.23065608995179,-77.97177184270271,0,1,5575.179,-0.41603023,3,1,false,false,-11.040396,4.6202893,9.783951,1.0019494,-0.34793454,3
29.776602,0.19041784,39.23065924292574,-77.97177578109985,0,1,5583.798,-0.42377114,3,1,false,false,-11.286053,4.2507033,9.925204,0.9961325,-0.35490093,3
29.844372,0.1905741,39.23066248551341,-77.97177983472923,0,1,5598.047,-0.42764214,3,1,false,false,-11.540606,4.4438925,8.95378,0.9901316,-0.36555716,3
29.907171,0.19073069,39.23066572810109,-77.97178377277291,0,1,5620.1274,-0.43054602,3,1,false,false,-11.879757,4.140569,10.369096,0.9837811,-0.39406022,3
29.9744,0.19088767,39.23066906085227,-77.97178771117005,0,1,5638.689,-0.43344885,3,1,false,false,-13.659521,4.878532,12.011052,0.9769772,-0.41972372,3
30.046389,0.19104506,39.230672393603456,-77.97179153327455,0,1,5621.5327,-0.43490034,3,1,false,false,-14.009205,4.486421,12.971821,0.96981686,-0.43023223,3
30.11839,0.19120286,39.23067572635463,-77.97179547131823,0,1,5596.0884,-0.43731883,3,1,false,false,-11.955313,4.9768224,10.33588,0.9625786,-0.42794907,3
30.19351,0.19136113,39.23067914926933,-77.9717992937762,0,1,5600.9263,-0.43296438,3,1,false,false,-11.775134,4.5436063,8.794851,0.9556614,-0.3936637,3
30.262371,0.19151995,39.23068248202051,-77.97180323181988,0,1,5611.011,-0.42425567,3,1,false,false,-10.233728,4.545112,7.883974,0.94946104,-0.34385973,3
30.331749,0.1916792,39.23068599509872,-77.97180705392438,0,1,5620.094,-0.41699827,3,1,false,false,-10.404787,4.5873675,9.381398,0.94420075,-0.29179597,3
30.40249,0.19183885,39.23068941801341,-77.97181087638236,0,1,5619.2544,-0.41312727,3,1,false,false,-11.194995,4.7499366,10.5997305,0.93966174,-0.2596017,3
30.471542,0.19199891,39.23069293109161,-77.9718145825477,0,1,5614.169,-0.4121603,3,1,false,false,-10.335591,4.214737,9.823218,0.9356487,-0.23389046,3
30.533781,0.19215934,39.230696444169816,-77.97181840500566,0,1,5636.4805,-0.4121603,3,1,false,false,-11.713479,3.8509073,10.548379,0.9316883,-0.25705537,3
30.589027,0.1923202,39.23069995669824,-77.97182211152446,0,1,5691.368,-0.4128861,3,1,false,false,-11.821292,3.3412223,11.401879,0.927118,-0.3015124,3
30.640078,0.19248165,39.230703559939954,-77.97182581768979,0,1,5754.924,-0.41385308,3,1,false,false,-10.380348,3.4723392,11.166781,0.921576,-0.3597997,3
30.7028,0.19264351,39.23070716318166,-77.9718295242086,0,1,5803.3423,-0.41361186,3,1,false,false,-10.722873,4.3840632,10.736761,0.9150859,-0.4082575,3
30.77205,0.19280572,39.230710765873596,-77.9718332307274,0,1,5795.1396,-0.4133695,3,1,false,false,-10.503899,4.4535336,10.201736,0.90805596,-0.42725545,3
30.849041,0.19296837,39.23071436911531,-77.97183693724621,0,1,5769.856,-0.40804806,3,1,false,false,-10.559019,5.315519,10.586093,0.90073246,-0.4366967,3
30.927668,0.19313148,39.230718061970755,-77.97184052782583,0,1,5748.8765,-0.40321013,3,1,false,false,-11.121227,4.930665,10.672257,0.89359444,-0.41250136,3
31.005451,0.19329509,39.230721755375974,-77.97184423399116,0,1,5729.6357,-0.39570966,3,1,false,false,-10.864845,4.728227,10.281663,0.88702244,-0.36580366,3
31.078196,0.19345962,39.23072544823142,-77.97184782492427,0,1,5719.664,-0.39087167,3,1,false,false,-11.104804,4.7080083,10.602259,0.8812361,-0.32540256,3
31.146965,0.19362453,39.23072923125037,-77.97185141550389,0,1,5726.251,-0.3891789,3,1,false,false,-11.441732,4.305102,11.232776,0.87612677,-0.29111868,3
31.21193,0.1937898,39.23073301481911,-77.97185500608353,0,1,5744.438,-0.38893682,3,1,false,false,-11.098782,4.225135,10.946709,0.8714197,-0.27707487,3
31.27314,0.19395545,39.23073679783806,-77.97185848072398,0,1,5769.9404,-0.39183962,3,1,false,false,-10.787882,3.8719358,10.968166,0.8668426,-0.2807709,3
31.335289,0.19412147,39.23074058085701,-77.97186195536445,0,1,5801.2417,-0.39643538,3,1,false,false,-10.639884,3.816928,10.599469,0.8620683,-0.2964055,3
31.3979,0.19428775,39.230744454039474,-77.97186554629754,0,1,5831.101,-0.4005485,3,1,false,false,-9.998237,4.088549,10.229128,0.85694444,-0.3166909,3
31.460241,0.19445412,39.23074832722194,-77.971869020938,0,1,5852.837,-0.40538654,3,1,false,false,-9.240827,4.041062,9.535728,0.8515006,-0.33495912,3
31.52679,0.19462083,39.23075220095418,-77.97187237999276,0,1,5872.5894,-0.40925744,3,1,false,false,-9.45605,4.195138,9.774452,0.8458342,-0.3441553,3
31.593674,0.1947879,39.23075616430015,-77.97187585463321,0,1,5884.571,-0.41336957,3,1,false,false,-8.793975,4.357608,9.091219,0.84004,-0.34709218,3
31.662886,0.19495536,39.23076003748261,-77.97187932927366,0,1,5890.719,-0.41675597,3,1,false,false,-9.597175,4.39118,9.579271,0.8342432,-0.34850085,3
31.73198,0.19512323,39.230764000828586,-77.97188268832842,0,1,5891.6167,-0.42304546,3,1,false,false,-10.157931,4.3519964,10.391568,0.8284622,-0.34649503,3
31.799782,0.19529122,39.23076805378829,-77.97188604738318,0,1,5896.0786,-0.42933485,3,1,false,false,-9.801376,4.327293,10.204909,0.8226502,-0.34796885,3
31.86407,0.19545943,39.230772017134264,-77.97188940643794,0,1,5910.878,-0.43635094,3,1,false,false,-10.522016,4.147904,10.530598,0.81677276,-0.359012,3
31.927975,0.19562799,39.23077607064374,-77.97189276513922,0,1,5931.0195,-0.44651115,3,1,false,false,-11.50642,3.9327092,10.398112,0.8107453,-0.3692585,3
31.991901,0.19579683,39.23078012415323,-77.97189612419398,0,1,5947.523,-0.45594668,3,1,false,false,-11.342787,4.189374,10.655434,0.80447227,-0.37975517,3
32.05558,0.19596608,39.230784177662706,-77.97189936730956,0,1,5956.9863,-0.4653813,3,1,false,false,-10.886376,4.2534513,11.138382,0.79795223,-0.39540902,3
32.120304,0.19613564,39.23078823117219,-77.97190261042515,0,1,5961.342,-0.47384796,3,1,false,false,-12.236124,4.0177307,11.0918865,0.79128873,-0.40660727,3
32.185658,0.19630522,39.230792374295405,-77.97190585354073,0,1,5968.561,-0.47989702,3,1,false,false,-12.346549,4.31012,10.672218,0.78447026,-0.40997776,3
32.24939,0.19647513,39.23079651796839,-77.97190909665632,0,1,5978.115,-0.48497617,3,1,false,false,-11.438646,4.3137383,10.092878,0.7776049,-0.40785083,3
32.31333,0.19664536,39.23080066164139,-77.9719122241862,0,1,5985.483,-0.48763782,3,1,false,false,-11.227611,4.1305394,10.285257,0.77086484,-0.39841574,3
32.377865,0.19681595,39.23080489492811,-77.97191535136261,0,1,5991.4536,-0.49053982,3,1,false,false,-12.002589,3.9816847,10.528848,0.764324,-0.3871481,3
32.44038,0.1969869,39.23080912821483,-77.97191847853902,0,1,6001.37,-0.4886049,3,1,false,false,-12.25419,4.213355,10.264151,0.7578983,-0.38383186,3
32.500004,0.19715801,39.230813362051336,-77.9719216060689,0,1,6016.4453,-0.48763785,3,1,false,false,-11.63006,3.9992025,9.796586,0.75152767,-0.38258535,3
32.559654,0.19732927,39.23081759533806,-77.97192461730614,0,1,6036.144,-0.48473495,3,1,false,false,-11.08502,3.7768977,9.526204,0.74515545,-0.3827333,3
32.618034,0.19750082,39.23082191933807,-77.97192774483602,0,1,6060.138,-0.4806227,3,1,false,false,-10.834757,3.8224497,9.423206,0.7387665,-0.3855949,3
32.676605,0.19767272,39.23082615262479,-77.97193075607326,0,1,6085.2646,-0.47578293,3,1,false,false,-10.324088,3.9213758,8.475666,0.7323206,-0.38709575,3
32.736946,0.19784494,39.2308304766248,-77.97193365172481,0,1,6102.598,-0.4682842,3,1,false,false,-10.625716,3.9591887,8.64161,0.72591823,-0.38339671,3
32.797306,0.19801745,39.23083489023854,-77.97193666331552,0,1,6111.046,-0.4605425,3,1,false,false,-11.052337,3.956276,9.584285,0.71953315,-0.3865499,3
32.857517,0.19819006,39.230839213688775,-77.97193955896705,0,1,6122.319,-0.45159227,3,1,false,false,-11.649621,3.8316746,10.3907995,0.7130557,-0.39401874,3
32.915363,0.19836299,39.23084362730252,-77.9719424546186,0,1,6141.4575,-0.44602764,3,1,false,false,-11.126333,3.929464,9.925017,0.706308,-0.41273966,3
32.973255,0.19853619,39.23084804091626,-77.97194535027013,0,1,6162.6914,-0.43731892,3,1,false,false,-11.601068,3.7096395,8.941092,0.6993717,-0.42195964,3
33.0337,0.19870971,39.23085245453,-77.97194824592167,0,1,6179.6484,-0.429578,3,1,false,false,-10.43424,4.0625453,8.381465,0.6922749,-0.42241305,3
33.09493,0.1988836,39.23085686869352,-77.97195102563404,0,1,6185.033,-0.41990125,3,1,false,false,-12.006435,4.381,10.5640545,0.6851684,-0.42798606,3
33.1566,0.19905767,39.23086137247077,-77.97195380569987,0,1,6180.3936,-0.41361177,3,1,false,false,-13.243062,4.4110093,11.619164,0.6780987,-0.42753088,3
33.22135,0.19923207,39.230865876248025,-77.97195658541224,0,1,6173.815,-0.4078059,3,1,false,false,-13.228627,3.8053336,10.619791,0.67117685,-0.40826765,3
33.28183,0.19940677,39.23087038002527,-77.9719593651246,0,1,6178.077,-0.40538654,3,1,false,false,-13.512982,4.024116,11.4491,0.66431606,-0.409162,3
33.336063,0.19958177,39.230874973416256,-77.97196202925127,0,1,6195.8306,-0.4024845,3,1,false,false,-15.591853,3.7165723,12.8333645,0.6572264,-0.44024447,3
33.392754,0.19975708,39.23087947719351,-77.97196469337794,0,1,6209.988,-0.40345147,3,1,false,false,-15.232068,3.9495437,12.36292,0.6497006,-0.45622706,3
33.45194,0.19993271,39.23088407113427,-77.97196724156542,0,1,6209.568,-0.4003072,3,1,false,false,-13.712785,4.2927923,11.360858,0.6420473,-0.45024225,3
33.511288,0.20010865,39.23088866507503,-77.97196990533863,0,1,6207.3477,-0.39933932,3,1,false,false,-12.244506,4.4985647,9.8566,0.6346886,-0.42466033,3
33.572567,0.2002849,39.230893349179304,-77.97197233758693,0,1,6215.827,-0.39570972,3,1,false,false,-12.597567,4.1137996,8.714137,0.62802964,-0.3749128,3
33.63867,0.20046149,39.23089803328357,-77.97197488577443,0,1,6214.9395,-0.39183974,3,1,false,false,-12.266734,4.1966324,8.387472,0.6223562,-0.3042351,3
33.70101,0.20063841,39.23090271683807,-77.97197731837622,0,1,6193.9697,-0.39087176,3,1,false,false,-10.488205,4.212464,8.223669,0.61785084,-0.24058416,3
33.760456,0.20081574,39.230907400942336,-77.97197975062454,0,1,6197.354,-0.3945004,3,1,false,false,-10.698608,3.6800797,9.343195,0.6141687,-0.21640846,3
33.81184,0.20099346,39.230912085046604,-77.97198218287286,0,1,6243.5186,-0.3993393,3,1,false,false,-9.427318,2.9816594,8.248401,0.61057705,-0.22132222,3
33.85466,0.20117143,39.2309167686011,-77.97198461547465,0,1,6319.11,-0.4049029,3,1,false,false,-9.983403,3.0781345,8.492936,0.606677,-0.24915227,3
33.898228,0.20134962,39.23092154286888,-77.9719869317838,0,1,6383.994,-0.4111924,3,1,false,false,-10.171342,3.0430596,8.532106,0.60217524,-0.29874212,3
33.945633,0.20152809,39.23092631658688,-77.97198924844642,0,1,6418.017,-0.41627246,3,1,false,false,-9.848825,3.387725,8.948501,0.59679925,-0.35134098,3
34.00505,0.20170683,39.23093109085466,-77.97199156475557,0,1,6438.9053,-0.42159402,3,1,false,false,-9.783365,3.9725647,8.833896,0.59057194,-0.39265865,3
34.067375,0.20188618,39.230935864572665,-77.97199388141819,0,1,6437.7,-0.4232877,3,1,false,false,-9.982507,4.205898,8.475373,0.5837336,-0.4237379,3
34.13432,0.20206591,39.23094072900395,-77.97199608214164,0,1,6423.0435,-0.42086828,3,1,false,false,-11.96391,4.4657006,9.796002,0.5764984,-0.44402656,3
34.204388,0.20224603,39.23094550272195,-77.97199828286509,0,1,6395.608,-0.41699833,3,1,false,false,-13.06823,4.5956044,11.002851,0.5689971,-0.45158818,3
34.27249,0.2024265,39.23095036715324,-77.97200048358853,0,1,6361.159,-0.40732244,3,1,false,false,-14.296427,4.555226,11.44863,0.56145424,-0.45056888,3
34.336285,0.20260732,39.230955231034756,-77.97200268431197,0,1,6340.407,-0.4007907,3,1,false,false,-15.314625,4.238606,12.938969,0.5540209,-0.4418361,3
34.39318,0.20278871,39.23096018507977,-77.97200476909626,0,1,6344.4414,-0.38990384,3,1,false,false,-16.155489,3.8669415,13.081211,0.5466247,-0.44384053,3
34.446915,0.20297052,39.23096504896129,-77.97200685388053,0,1,6359.2144,-0.37926096,3,1,false,false,-16.542315,3.7945712,13.008505,0.5392022,-0.44264358,3
34.50175,0.2031526,39.23097000355609,-77.97200882307911,0,1,6366.525,-0.3642627,3,1,false,false,-15.455417,3.996559,13.06545,0.5319215,-0.4253443,3
34.56009,0.20333499,39.230974957601106,-77.9720107919242,0,1,6365.144,-0.3475716,3,1,false,false,-14.171028,4.033007,10.627399,0.52511954,-0.38650766,3
34.61906,0.20351772,39.23097991164613,-77.9720126451836,0,1,6366.1597,-0.33281663,3,1,false,false,-13.698798,4.1270413,10.609792,0.519013,-0.34294233,3
34.677197,0.20370075,39.23098495585466,-77.97201461438218,0,1,6371.2026,-0.3141897,3,1,false,false,-12.772466,3.962725,10.888519,0.5136388,-0.30109254,3
34.73503,0.20388398,39.23098990989968,-77.97201646764158,0,1,6378.75,-0.30475506,3,1,false,false,-11.5307255,3.8746068,9.832384,0.50896394,-0.26042846,3
34.790844,0.20406751,39.23099495410821,-77.97201820496181,0,1,6393.288,-0.2931452,3,1,false,false,-10.647572,3.650193,9.739191,0.50487095,-0.23556471,3
34.844265,0.20425136,39.23099999831674,-77.97201994228203,0,1,6422.4233,-0.28879067,3,1,false,false,-10.044819,3.546204,8.743303,0.50100565,-0.23038909,3
34.89589,0.20443553,39.23100504252527,-77.97202179554144,0,1,6457.435,-0.28854844,3,1,false,false,-9.526425,3.3803084,8.8918495,0.49713016,-0.23634732,3
34.948532,0.20461988,39.231010086733804,-77.9720234169225,0,1,6486.13,-0.2914514,3,1,false,false,-9.741556,3.497779,10.065271,0.4930902,-0.2513926,3
35.002605,0.2048044,39.23101522110584,-77.9720251545962,0,1,6506.5073,-0.29774088,3,1,false,false,-9.233485,3.6511314,9.42266,0.48874447,-0.26968202,3
35.059105,0.20498918,39.23102026531437,-77.97202677597726,0,1,6524.285,-0.30572307,3,1,false,false,-9.507755,3.6779957,9.956933,0.48410013,-0.28865242,3
35.116665,0.20517427,39.23102539968641,-77.97202839771178,0,1,6538.897,-0.31346387,3,1,false,false,-9.579404,3.8466978,9.848661,0.47909343,-0.30912647,3
35.175896,0.20535971,39.23103053405845,-77.97203001909283,0,1,6547.4116,-0.31951103,3,1,false,false,-10.529631,3.9842207,10.241177,0.47378337,-0.32732132,3
35.239468,0.20554543,39.23103566843049,-77.97203164082737,0,1,6541.942,-0.3245912,3,1,false,false,-11.3213215,4.13867,11.689164,0.46824822,-0.3328722,3
35.302036,0.20573124,39.23104080280253,-77.97203314626924,0,1,6523.4297,-0.32870343,3,1,false,false,-11.414851,4.256567,10.955874,0.46262398,-0.3370776,3
35.36571,0.20591742,39.23104602733808,-77.9720346520646,0,1,6512.6626,-0.33015487,3,1,false,false,-12.046619,4.099865,11.85522,0.45708475,-0.32658565,3
35.42479,0.2061039,39.23105116171012,-77.97203615785996,0,1,6513.638,-0.33184862,3,1,false,false,-12.405937,3.944342,11.593775,0.45163712,-0.32357424,3
35.48177,0.20629072,39.231056385695894,-77.97203754771614,0,1,6520.762,-0.32797763,3,1,false,false,-12.617807,3.7670448,11.174769,0.4463234,-0.31421223,3
35.5399,0.20647779,39.23106161023144,-77.9720390535115,0,1,6529.097,-0.326285,3,1,false,false,-11.084162,3.8612754,10.041472,0.4412318,-0.29001942,3
35.595646,0.20666493,39.23106683476699,-77.97204032778198,0,1,6533.8223,-0.32217276,3,1,false,false,-9.708825,3.7014728,8.490587,0.43665475,-0.25960535,3
35.652794,0.20685239,39.231072058752765,-77.97204171763816,0,1,6548.5254,-0.31902757,3,1,false,false,-9.150314,3.5069766,8.343522,0.43261817,-0.2270019,3
35.70568,0.20704015,39.231077373451825,-77.97204299155517,0,1,6570.0107,-0.3166091,3,1,false,false,-9.5550995,3.4931035,9.374641,0.42892194,-0.22059602,3
35.757427,0.20722818,39.231082597987374,-77.97204426582566,0,1,6593.3965,-0.31999546,3,1,false,false,-9.720532,3.1417809,10.060032,0.42529985,-0.22126903,3
35.805553,0.20741647,39.23108791213665,-77.97204553974267,0,1,6623.7847,-0.3231398,3,1,false,false,-9.420125,3.1492057,9.330053,0.42136753,-0.25209916,3
35.85106,0.20760478,39.23109322683571,-77.97204681401314,0,1,6667.0684,-0.32773635,3,1,false,false,-8.953589,2.865601,9.245083,0.41691032,-0.2857552,3
35.900932,0.20779334,39.231098540984995,-77.97204797234446,0,1,6714.4194,-0.33378264,3,1,false,false,-8.703065,3.5136933,8.48538,0.4118414,-0.31788826,3
35.956097,0.20798218,39.231103855684054,-77.97204913032229,0,1,6726.8384,-0.33668554,3,1,false,false,-9.605564,3.6747522,9.974876,0.4064124,-0.33505267,3
36.020634,0.20817138,39.23110916983333,-77.9720502886536,0,1,6704.574,-0.33862054,3,1,false,false,-10.449129,4.367699,10.452564,0.40068614,-0.34660628,3
36.085083,0.20836087,39.23111448453239,-77.97205133104573,0,1,6669.759,-0.33934638,3,1,false,false,-10.294254,4.1574507,10.270573,0.39491153,-0.34391868,3
36.148018,0.20855054,39.23111988884518,-77.97205248937705,0,1,6659.0654,-0.3388628,3,1,false,false,-10.848969,4.029137,9.728311,0.38921407,-0.33703598,3
36.20401,0.20874053,39.23112520354424,-77.97205353176919,0,1,6668.9116,-0.3330569,3,1,false,false,-9.949189,3.721,8.809038,0.38374567,-0.31778094,3
36.260593,0.2089308,39.23113060785703,-77.97205445857563,0,1,6683.0073,-0.3267684,3,1,false,false,-11.064128,3.651682,9.597778,0.37867954,-0.2925363,3
36.31375,0.20912139,39.2311360127196,-77.97205550096776,0,1,6683.2134,-0.31733477,3,1,false,false,-11.89964,3.5426881,11.642796,0.3738965,-0.2864768,3
36.36691,0.20931222,39.23114141703239,-77.97205642742072,0,1,6689.8364,-0.3081425,3,1,false,false,-12.411957,3.5949678,12.825729,0.36903244,-0.29968274,3
36.416557,0.20950322,39.23114682189496,-77.97205735422716,0,1,6707.8057,-0.29895106,3,1,false,false,-12.356014,3.241639,12.193778,0.36382028,-0.32658353,3
36.46532,0.20969447,39.23115222620775,-77.97205816474096,0,1,6738.36,-0.28661358,3,1,false,false,-10.13041,3.4442887,10.107616,0.35816926,-0.34473917,3
36.519062,0.20988603,39.23115772068405,-77.97205897560822,0,1,6764.6875,-0.27379346,3,1,false,false,-9.62619,3.728062,8.616757,0.35251555,-0.3294966,3
36.577698,0.21007787,39.231163125546615,-77.97205978647548,0,1,6758.6846,-0.25637767,3,1,false,false,-9.567625,4.017563,8.982368,0.3473132,-0.29168123,3
36.639713,0.21027003,39.23116862002292,-77.97206059734275,0,1,6731.6226,-0.23896274,3,1,false,false,-10.015798,4.1017895,10.241747,0.34280583,-0.249207,3
36.698822,0.21046251,39.23117411449922,-77.97206129227084,0,1,6716.085,-0.2268684,3,1,false,false,-10.570562,3.7587771,11.489051,0.33894324,-0.21828459,3
36.74915,0.21065526,39.231179608975516,-77.97206198719893,0,1,6733.2627,-0.21743569,3,1,false,false,-10.202651,3.1662414,10.74127,0.33535817,-0.2166623,3
36.79557,0.21084829,39.2311851040016,-77.97206268212702,0,1,6780.413,-0.21235558,3,1,false,false,-10.168351,3.1022403,10.826597,0.33162636,-0.23197003,3
36.842453,0.21104154,39.231190598477895,-77.97206337705511,0,1,6818.025,-0.20897004,3,1,false,false,-9.691516,3.2651691,10.275452,0.3276301,-0.24636291,3
36.8962,0.21123514,39.23119609295419,-77.97206395604402,0,1,6827.519,-0.20800209,3,1,false,false,-8.808616,3.7483587,9.632942,0.3235043,-0.24438794,3
36.95534,0.21142906,39.2312015874305,-77.97206453538642,0,1,6814.1597,-0.20800205,3,1,false,false,-8.884882,3.8963628,9.896912,0.3195543,-0.22888577,3
37.01494,0.21162331,39.231207172070306,-77.97206511437534,0,1,6801.691,-0.20921127,3,1,false,false,-8.658249,3.8962724,9.353618,0.31586275,-0.21307744,3
37.072517,0.21181788,39.231212667096386,-77.97206569371772,0,1,6804.409,-0.21042053,3,1,false,false,-8.69197,3.6624231,10.024071,0.31248042,-0.19373973,3
37.12558,0.21201275,39.231218251736195,-77.97206615676748,0,1,6815.655,-0.212839,3,1,false,false,-8.758362,3.346341,10.285161,0.3093577,-0.18392238,3
37.176617,0.21220806,39.231223836376,-77.9720666201707,0,1,6837.2593,-0.215742,3,1,false,false,-8.783143,3.3637776,10.997074,0.30626893,-0.18763445,3
37.227585,0.21240368,39.23122942101581,-77.97206708357392,0,1,6858.5747,-0.21912846,3,1,false,false,-9.363667,3.3648255,11.908685,0.3030499,-0.20020258,3
37.279137,0.21259958,39.23123500565562,-77.97206743103796,0,1,6870.974,-0.21961106,3,1,false,false,-8.957409,3.4594364,10.523959,0.29955974,-0.21692307,3
37.333576,0.21279575,39.23124059029543,-77.9720678940877,0,1,6879.1123,-0.22009544,3,1,false,false,-8.652633,3.5967777,10.66733,0.2958824,-0.22209905,3
37.38889,0.21299225,39.231246174935244,-77.97206824190522,0,1,6880.448,-0.2171935,3,1,false,false,-8.747189,3.6469548,10.847842,0.29215696,-0.22357637,3
37.445965,0.21318905,39.23125175957505,-77.97206858936927,0,1,6878.794,-0.2135648,3,1,false,false,-8.677747,3.7791762,11.279446,0.28845742,-0.21697266,3
37.50323,0.21338616,39.23125743437837,-77.97206882089414,0,1,6871.6704,-0.20896998,3,1,false,false,-8.893294,3.6770442,11.7572975,0.28495058,-0.20297256,3
37.55808,0.21358359,39.23126301901818,-77.97206916835819,0,1,6868.971,-0.20195487,3,1,false,false,-8.314692,3.5790727,10.490337,0.2816466,-0.19258493,3
37.611355,0.21378131,39.2312686938215,-77.97206939988305,0,1,6882.9053,-0.19542423,3,1,false,false,-7.776406,3.4361024,10.222126,0.27854064,-0.17909287,3
37.662495,0.21397932,39.231274278461306,-77.9720696317614,0,1,6899.75,-0.18768422,3,1,false,false,-7.7149196,3.3169289,10.585756,0.27565262,-0.16887452,3
37.71375,0.21417752,39.231279953264625,-77.9720697473471,0,1,6913.702,-0.17946076,3,1,false,false,-7.209123,3.3701222,10.3158,0.27289248,-0.1621933,3
37.765404,0.21437602,39.231285628067944,-77.97206997922545,0,1,6925.2114,-0.17220433,3,1,false,false,-6.7412543,3.3152227,9.817312,0.27026588,-0.15359913,3
37.81544,0.21457478,39.23129130287126,-77.97207009481114,0,1,6939.7163,-0.16252944,3,1,false,false,-6.5000763,3.2201042,10.285397,0.2677403,-0.15144256,3
37.86531,0.21477386,39.23129697767458,-77.97207021075032,0,1,6963.5913,-0.15624098,3,1,false,false,-6.445502,3.2564805,11.189395,0.26518697,-0.1549866,3
37.91636,0.21497318,39.2313026524779,-77.97207032668949,0,1,6982.818,-0.14946802,3,1,false,false,-6.4065666,3.3397791,10.764574,0.26256666,-0.15791403,3
37.96839,0.21517274,39.23130832728122,-77.9720704422752,0,1,6988.4775,-0.14463103,3,1,false,false,-6.1763473,3.4153776,10.518124,0.25990427,-0.15929458,3
38.022316,0.21537256,39.23131409169827,-77.97207055821437,0,1,6992.7725,-0.14027755,3,1,false,false,-5.8934574,3.5719707,10.0720215,0.25724027,-0.15727988,3
38.076427,0.21557273,39.23131976650159,-77.97207055821437,0,1,6736.4473,-0.13592318,3,1,false,false,-5.9436913,3.2491238,10.1975565,0.25465098,-0.15054558,3
38.0791,0.2157731,39.23132553146842,-77.97207055821437,0,1,6604.2104,-0.13157064,0,1,false,false,-5.694468,-0.7955276,10.163726,0.25227398,-0.13176063,3
38.077328,0.21597336,39.23133120627174,-77.97207055821437,0,1,6143.0415,-0.124556355,4,1,false,false,-5.875703,3.045964,11.523819,0.2502307,-0.11699171,3
38.180767,0.21617389,39.23133697123857,-77.97207055821437,0,1,5358.0293,-0.11996069,4,1,false,false,-5.18786,7.0708847,10.633508,0.24822187,-0.12535444,3
38.256336,0.216375,39.23134264604189,-77.97207055821437,0,1,5459.0806,-0.11609164,4,1,false,false,-5.13438,2.596035,9.718612,0.24610184,-0.12552997,3
38.27237,0.21657632,39.23134841100872,-77.97207055821437,0,1,5722.3667,-0.11415572,4,1,false,false,-5.025869,1.192801,9.925659,0.24410328,-0.11464715,3
38.310566,0.2167778,39.231354175425764,-77.9720704422752,0,1,5702.154,-0.11705774,4,1,false,false,-4.949986,3.4635592,10.357216,0.24224618,-0.11047076,3
38.373867,0.2169795,39.23135994039259,-77.97207032668949,0,1,5594.1265,-0.12334622,4,1,false,false,-4.7644553,4.102283,9.997133,0.24038148,-0.113928616,3
38.430157,0.21718155,39.23136570535942,-77.97207032668949,0,1,5615.787,-0.13060264,4,1,false,false,-4.8013835,3.2005672,9.793347,0.23843595,-0.11872645,3
38.474773,0.21738389,39.23137147032625,-77.97207021075032,0,1,5675.87,-0.13979402,4,1,false,false,-4.925553,2.8595254,10.076383,0.2364374,-0.12109991,3
38.52277,0.2175865,39.2313772347433,-77.97206997922545,0,1,5676.1304,-0.15043598,4,1,false,false,-5.004957,3.3320255,10.416114,0.23438048,-0.12543406,3
38.57607,0.21778937,39.23138299971013,-77.97206986328628,0,1,5658.5874,-0.16107891,4,1,false,false,-5.2159815,3.44365,10.918324,0.23222494,-0.13290973,3
38.628082,0.2179925,39.23138876467696,-77.9720697473471,0,1,5667.735,-0.17026938,4,1,false,false,-5.6329737,3.2908578,10.843755,0.22991645,-0.1434349,3
38.677658,0.21819592,39.23139461925752,-77.97206951582223,0,1,5681.8374,-0.17849284,4,1,false,false,-5.514029,3.231295,10.560477,0.22743565,-0.15165128,3
38.72773,0.21839961,39.23140038422435,-77.97206928429736,0,1,5682.943,-0.18381333,4,1,false,false,-5.657611,3.294793,10.8304825,0.22484928,-0.15737787,3
38.77881,0.21860358,39.23140623935468,-77.97206905241902,0,1,5683.9214,-0.18792552,4,1,false,false,-5.740707,3.3390176,10.311788,0.22217196,-0.16205418,3
38.82934,0.2188078,39.23141200432151,-77.97206882089414,0,1,5688.53,-0.18865123,4,1,false,false,-5.8329473,3.2461572,10.85308,0.21945317,-0.16277967,3
38.877945,0.21901232,39.23141785890208,-77.97206858936927,0,1,5691.978,-0.18695852,4,1,false,false,-5.6636066,3.16287,10.196413,0.21674731,-0.16175333,3
38.926186,0.2192171,39.23142371403241,-77.97206835749093,0,1,5704.872,-0.18429774,4,1,false,false,-5.1891837,3.1580994,8.947553,0.21408853,-0.15672179,3
38.974323,0.21942215,39.231429568612974,-77.97206801002687,0,1,5718.631,-0.17921856,4,1,false,false,-4.8861446,3.1146512,8.043742,0.21155123,-0.14777188,3
39.02139,0.21962747,39.231435423743314,-77.97206766256284,0,1,5725.96,-0.17413935,4,1,false,false,-4.8255615,3.055063,8.519412,0.20918868,-0.13882308,3
39.067974,0.21983303,39.231441278873646,-77.97206743103796,0,1,5738.8594,-0.17172086,4,1,false,false,-5.4052887,2.9970622,10.2989025,0.20691375,-0.1394984,3
39.113075,0.22003888,39.23144713345421,-77.97206708357392,0,1,5757.3774,-0.17196214,4,1,false,false,-5.5312195,2.883132,9.838096,0.20452379,-0.15082948,3
39.156796,0.22024493,39.23145298858455,-77.9720666201707,0,1,5779.4946,-0.16905917,4,1,false,false,-5.351615,2.819412,8.951397,0.20190334,-0.16530775,3
39.201115,0.22045127,39.23145884316511,-77.97206627270666,0,1,5804.2847,-0.1656737,4,1,false,false,-4.6950703,3.0580769,7.812218,0.19903383,-0.17656867,3
39.253365,0.22065787,39.23146469829545,-77.9720659252426,0,1,5815.501,-0.16228719,4,1,false,false,-4.6695876,3.5725236,7.544674,0.19606979,-0.17604479,3
39.310764,0.22086477,39.231470643039515,-77.97206546183938,0,1,5787.22,-0.15624097,4,1,false,false,-4.955346,3.6716373,7.826275,0.19324526,-0.16295914,3
39.36393,0.221072,39.231476498169854,-77.97206499843617,0,1,5762.4116,-0.1535802,4,1,false,false,-4.782444,3.2728038,8.01805,0.19066879,-0.14999512,3
39.410854,0.22127949,39.23148244291392,-77.97206453538642,0,1,5786.108,-0.14995156,4,1,false,false,-5.152966,2.796675,9.284555,0.18827224,-0.14392032,3
39.452145,0.22148724,39.23148829804426,-77.9720640719832,0,1,5825.343,-0.14414752,4,1,false,false,-5.3662367,2.721501,9.837097,0.18584284,-0.15207894,3
39.496243,0.22169524,39.23149424278833,-77.97206360857999,0,1,5848.5225,-0.13931052,4,1,false,false,-5.6487956,2.963588,9.2482395,0.18319012,-0.16702081,3
39.54398,0.2219035,39.23150018808218,-77.97206302959107,0,1,5852.606,-0.13350561,4,1,false,false,-5.633009,3.1652331,9.365642,0.1803001,-0.17886227,3
39.596222,0.22211201,39.23150613282625,-77.97206256618784,0,1,5854.252,-0.12842539,4,1,false,false,-5.14062,3.4851372,8.861349,0.177293,-0.17820784,3
39.652,0.22232082,39.23151198795659,-77.97206198719893,0,1,5845.3125,-0.124556415,4,1,false,false,-4.9988227,3.5823033,8.301671,0.17444351,-0.16099252,3
39.70575,0.22253002,39.231517932700655,-77.97206140785653,0,1,5826.0874,-0.12165437,4,1,false,false,-5.240638,3.364436,8.195989,0.17194761,-0.13986872,3
39.75659,0.22273949,39.231523877994505,-77.97206082886761,0,1,5828.3657,-0.12165438,4,1,false,false,-5.3293304,3.1605084,8.797156,0.16979316,-0.12155417,3
39.80298,0.22294922,39.23152982273857,-77.9720602498787,0,1,5846.0205,-0.12286271,4,1,false,false,-5.3265357,2.8946865,9.088037,0.16789407,-0.11068319,3
39.846737,0.2231592,39.231535858195926,-77.97205967053631,0,1,5866.185,-0.12528212,4,1,false,false,-5.155501,2.8129022,8.209858,0.16608995,-0.110275134,3
39.89076,0.22336942,39.23154180294,-77.97205897560822,0,1,5890.301,-0.12794288,4,1,false,false,-5.0734663,2.8318965,8.822354,0.16421473,-0.11700215,3
39.936455,0.22357997,39.23154774768407,-77.9720583966193,0,1,5908.4517,-0.13108613,4,1,false,false,-5.4695854,2.9875896,10.082066,0.16220087,-0.1272208,3
39.985947,0.22379075,39.23155369297792,-77.97205770169121,0,1,5913.3667,-0.13157055,4,1,false,false,-6.011782,3.223171,11.275683,0.15994889,-0.14259745,3
40.037254,0.22400178,39.2315597278855,-77.97205700676311,0,1,5907.907,-0.13157059,4,1,false,false,-6.0762634,3.2830997,11.478054,0.15743878,-0.15601568,3
40.089127,0.2242131,39.23156567317934,-77.97205619589585,0,1,5906.157,-0.12939335,4,1,false,false,-6.200732,3.3541694,10.994184,0.15472127,-0.16539998,3
40.142673,0.22442462,39.23157170808692,-77.97205550096776,0,1,5905.4956,-0.12334618,4,1,false,false,-5.8745613,3.510711,10.880464,0.15194225,-0.15980907,3
40.19723,0.22463639,39.2315777429945,-77.97205469010049,0,1,5887.609,-0.11802568,4,1,false,false,-6.438727,3.488363,11.977286,0.14938726,-0.14243424,3
40.249603,0.22484845,39.231583688288346,-77.9720539951724,0,1,5869.191,-0.10980316,4,1,false,false,-6.3894467,3.3094482,12.161292,0.14714712,-0.12353543,3
40.298244,0.22506076,39.231589723195924,-77.97205318430514,0,1,5874.2173,-0.10278804,4,1,false,false,-6.0818706,3.046091,11.499312,0.14523582,-0.10443421,3
40.343166,0.22527328,39.23159575810351,-77.97205237343788,0,1,5892.149,-0.09263051,4,1,false,false,-5.7016463,2.8769853,10.975536,0.14360547,-0.09139164,3
40.387993,0.22548589,39.23160179301109,-77.9720514469849,0,1,5907.939,-0.084890574,4,1,false,false,-4.9657254,2.9543552,10.629552,0.1421675,-0.08132876,3
40.434376,0.22569877,39.23160782846844,-77.97205063611764,0,1,5916.576,-0.0783599,4,1,false,false,-4.1701655,2.9705954,9.409306,0.1409135,-0.06946733,3
40.480247,0.22591186,39.23161386337602,-77.97204970966469,0,1,5924.4395,-0.07352289,4,1,false,false,-3.6673522,2.9151516,9.014501,0.13986759,-0.058626045,3
40.52551,0.22612518,39.2316198982836,-77.97204878285825,0,1,5942.1533,-0.07158885,4,1,false,false,-3.2934074,2.8549652,8.882885,0.13898794,-0.050755564,3
40.5701,0.22633861,39.23162593374096,-77.97204797234446,0,1,5961.213,-0.070137374,4,1,false,false,-3.098688,2.833258,8.927315,0.13821036,-0.047128864,3
40.61389,0.22655222,39.231631968648536,-77.97204704553802,0,1,5977.808,-0.07134661,4,1,false,false,-2.8620942,2.770372,8.338478,0.13745016,-0.0479225,3
40.65852,0.22676605,39.231638003556114,-77.97204611908505,0,1,5999.312,-0.0727981,4,1,false,false,-2.4596977,2.8314102,8.276656,0.13665277,-0.04988585,3
40.70417,0.22698009,39.23164403846369,-77.97204507669292,0,1,6018.067,-0.074490845,4,1,false,false,-2.6134374,2.9389362,8.582486,0.13579665,-0.055266697,3
40.753536,0.22719431,39.23165016408456,-77.97204414988649,0,1,6024.5693,-0.07497437,4,1,false,false,-2.71973,3.1764293,9.703107,0.13484196,-0.060558125,3
40.804863,0.22740869,39.23165619899214,-77.97204322343352,0,1,6019.398,-0.07400641,4,1,false,false,-2.953333,3.2257538,10.859053,0.13376248,-0.06840746,3
40.856182,0.22762333,39.23166232406323,-77.97204229662708,0,1,6016.8506,-0.072072364,4,1,false,false,-2.8692646,3.262003,11.223876,0.13254236,-0.07409335,3
40.908176,0.22783823,39.23166835897081,-77.97204125423494,0,1,6017.8354,-0.06796112,4,1,false,false,-2.9017878,3.2693186,11.328518,0.13122566,-0.07649725,3
40.96058,0.22805335,39.231674484041896,-77.97204021184281,0,1,6011.2866,-0.062881894,4,1,false,false,-2.6717818,3.378274,11.488265,0.12989491,-0.07424926,3
41.014317,0.22826858,39.231680609112985,-77.97203928538984,0,1,5997.8516,-0.056593418,4,1,false,false,-2.755804,3.3693311,11.440729,0.12865718,-0.06658027,3
41.065464,0.22848405,39.23168673473385,-77.97203824264423,0,1,5987.164,-0.04982144,4,1,false,false,-2.7586498,3.1890645,11.536417,0.12758827,-0.057243798,3
41.113514,0.22869977,39.23169285980494,-77.97203720025209,0,1,5991.4385,-0.041840207,4,1,false,false,-2.4125855,2.9741163,11.819207,0.12669507,-0.04777508,3
41.158836,0.22891572,39.231698984876026,-77.97203615785996,0,1,6005.11,-0.034101203,4,1,false,false,-2.3083208,2.8693957,11.431586,0.1259621,-0.03978198,3
41.202873,0.22913176,39.231705109947114,-77.97203511546782,0,1,6018.618,-0.029747708,4,1,false,false,-1.8509333,2.7960684,11.180536,0.12534872,-0.033503596,3
41.247204,0.22934796,39.2317112350182,-77.97203407307568,0,1,6033.4634,-0.029021973,4,1,false,false,-1.5378525,2.8633723,9.519314,0.12484749,-0.02688639,3
41.292168,0.22956438,39.23171736008929,-77.97203291474437,0,1,6048.397,-0.031440478,4,1,false,false,-1.517687,2.8811393,10.488926,0.12445319,-0.022318231,3
41.337646,0.229781,39.23172348516039,-77.97203187235223,0,1,6058.298,-0.036760993,4,1,false,false,-1.5097646,2.9379141,11.177158,0.12409385,-0.021748416,3
41.383842,0.22999775,39.231729610231476,-77.9720308299601,0,1,6067.2144,-0.043533895,4,1,false,false,-1.369062,2.9778073,10.413596,0.12370044,-0.024029622,3
41.428356,0.23021466,39.23173582546607,-77.97202967162879,0,1,6077.224,-0.05054716,4,1,false,false,-1.5291917,2.8077445,9.562126,0.1232507,-0.028157819,3
41.473656,0.23043177,39.231741950537156,-77.97202862923665,0,1,6094.778,-0.05876968,4,1,false,false,-1.4212344,3.0216525,9.1546955,0.12271507,-0.03278581,3
41.52234,0.23064902,39.231748165771755,-77.97202747090535,0,1,6098.434,-0.06965387,4,1,false,false,-1.4406486,3.142433,10.233481,0.12211117,-0.03771871,3
41.571846,0.23086655,39.231754291392626,-77.97202631257403,0,1,6083.6553,-0.08198858,4,1,false,false,-1.6834991,3.1426768,10.860227,0.12143052,-0.044364836,3
41.61944,0.2310842,39.23176050662722,-77.97202527018189,0,1,6084.438,-0.09504808,4,1,false,false,-1.8471682,2.9385488,10.797428,0.120605364,-0.053758293,3
41.66323,0.23130205,39.23176663169831,-77.97202411185059,0,1,6104.759,-0.10883523,4,1,false,false,-1.9963101,2.817872,9.916319,0.119603425,-0.06417891,3
41.707638,0.23152006,39.231772846932905,-77.97202295387275,0,1,6120.98,-0.12262047,4,1,false,false,-2.0349262,2.9009778,10.043529,0.118431844,-0.0731479,3
41.75404,0.2317383,39.231779062167504,-77.97202179554144,0,1,6120.9233,-0.13664886,4,1,false,false,-2.6759977,3.0566928,11.528384,0.11710133,-0.08504768,3
41.801865,0.23195669,39.2317852774021,-77.97202063721012,0,1,6116.8774,-0.15116176,4,1,false,false,-3.0711102,3.049263,10.4564295,0.115535654,-0.100079075,3
41.84773,0.23217529,39.23179149208693,-77.97201947887882,0,1,6119.805,-0.16591585,4,1,false,false,-3.04826,2.8695986,9.619265,0.113745116,-0.11251723,3
41.891083,0.23239407,39.231797707321526,-77.97201820496181,0,1,6133.3657,-0.17559078,4,1,false,false,-3.1227226,2.7828898,9.270626,0.11176626,-0.124332346,3
41.93519,0.23261306,39.23180392255612,-77.9720170466305,0,1,6147.88,-0.18623275,4,1,false,false,-3.5466073,2.9000325,9.9138975,0.10962131,-0.13463151,3
41.979458,0.23283224,39.23181013779072,-77.97201577236001,0,1,6147.3643,-0.19494064,4,1,false,false,-3.8980632,2.792861,9.601295,0.10732014,-0.1461599,3
42.02221,0.23305158,39.231816353025316,-77.97201461438218,0,1,6154.416,-0.20292187,4,1,false,false,-3.9923754,2.7319229,9.230549,0.10480611,-0.15976597,3
42.063606,0.23327114,39.231822568259915,-77.9720133401117,0,1,6179.4766,-0.2077598,4,1,false,false,-3.908496,2.6483693,8.040066,0.10207495,-0.17101298,3
42.104866,0.23349087,39.231828873658024,-77.97201206619468,0,1,6198.375,-0.21090409,4,1,false,false,-4.166861,2.7319653,8.57771,0.099186584,-0.17996763,3
42.148327,0.2337108,39.23183508889262,-77.9720107919242,0,1,6204.8164,-0.21332252,4,1,false,false,-4.4896054,2.8344855,8.760283,0.096152894,-0.18842717,3
42.192577,0.23393096,39.23184130412722,-77.9720095180072,0,1,6209.5757,-0.215742,4,1,false,false,-4.6870394,2.8613203,8.6521225,0.092988245,-0.19534391,3
42.235107,0.23415132,39.231847609525325,-77.972008128151,0,1,6220.0303,-0.21646771,4,1,false,false,-4.8372684,2.7175372,7.7099805,0.08970719,-0.20250803,3
42.27773,0.23437189,39.231853824759924,-77.97200685388053,0,1,6236.6777,-0.21670993,4,1,false,false,-4.971543,2.7936947,8.025201,0.086320765,-0.20769244,3
42.321934,0.23459266,39.23186013015803,-77.97200546402435,0,1,6243.574,-0.21670996,4,1,false,false,-5.3632555,2.8856347,8.245207,0.08288432,-0.20954804,3
42.366802,0.2348138,39.23186634484285,-77.97200407416815,0,1,6240.415,-0.21695127,4,1,false,false,-5.5990705,2.8884187,8.572658,0.079425134,-0.21088856,3
42.41054,0.23503515,39.23187265024096,-77.97200268431197,0,1,6245.179,-0.21791917,4,1,false,false,-6.0829263,2.780577,8.910325,0.07592467,-0.2152939,3
42.452633,0.23525669,39.23187895563907,-77.97200129410233,0,1,6260.3945,-0.21719348,4,1,false,false,-6.6126747,2.7260685,9.59523,0.07229901,-0.22398725,3
42.49484,0.23547845,39.23188517087367,-77.97199978866044,0,1,6271.026,-0.21767698,4,1,false,false,-7.2785106,2.8304741,10.29322,0.06846858,-0.23683028,3
42.538868,0.23570049,39.23189147627177,-77.97199839845078,0,1,6270.9023,-0.21670996,4,1,false,false,-8.133621,2.944954,11.217728,0.06437461,-0.25216538,3
42.584053,0.23592277,39.23189778166988,-77.9719968930089,0,1,6265.5786,-0.21549974,4,1,false,false,-8.556631,3.0197,11.096187,0.060016584,-0.26446894,3
42.63017,0.23614527,39.23190408651821,-77.97199538721355,0,1,6259.855,-0.21380703,4,1,false,false,-8.978887,3.0864074,11.511523,0.055505425,-0.26774144,3
42.675938,0.23636799,39.23191030175281,-77.97199376547901,0,1,6249.5825,-0.21283908,4,1,false,false,-9.684809,3.0788743,12.365249,0.051020816,-0.26258603,3
42.720528,0.23659088,39.231916607150914,-77.97199214409797,0,1,6239.6597,-0.2101783,4,1,false,false,-10.398567,2.9632328,12.983816,0.046654694,-0.25392652,3
42.762463,0.23681398,39.231922912549024,-77.97199052236343,0,1,6238.0186,-0.20800208,4,1,false,false,-10.483575,2.825747,13.169083,0.042447433,-0.24415782,3
42.8024,0.23703724,39.23192921794713,-77.97198890098238,0,1,6246.1396,-0.2060671,4,1,false,false,-10.288926,2.7273855,12.476912,0.03838406,-0.23590124,3
42.84178,0.23726073,39.231935523345236,-77.97198716366215,0,1,6254.7256,-0.2075185,4,1,false,false,-10.1968975,2.7441168,12.248752,0.034482934,-0.2256914,3
42.8818,0.23748437,39.231941738579835,-77.97198542598845,0,1,6257.5254,-0.21235554,4,1,false,false,-9.773541,2.7912014,11.633111,0.03075945,-0.21475172,3
42.922096,0.23770817,39.23194804342817,-77.97198368866822,0,1,6259.2397,-0.21767695,4,1,false,false,-9.619886,2.7635546,11.754585,0.027241187,-0.2043935,3
42.961327,0.23793215,39.23195434882627,-77.97198183540883,0,1,6264.4097,-0.22735189,4,1,false,false,-9.746392,2.6825116,11.942,0.023870323,-0.20026264,3
42.999207,0.23815632,39.23196065422438,-77.97197998214942,0,1,6275.93,-0.23605978,4,1,false,false,-9.6478615,2.5897908,11.516935,0.020470494,-0.20645435,3
43.036163,0.23838067,39.23196695962249,-77.97197812889002,0,1,6290.3643,-0.2452512,4,1,false,false,-8.935999,2.564414,10.379644,0.016942415,-0.21452497,3
43.074013,0.23860517,39.2319732650206,-77.97197616004492,0,1,6303.9023,-0.25371686,4,1,false,false,-8.554737,2.631574,9.7462635,0.0132972635,-0.2210262,3
43.1132,0.23882984,39.2319794802552,-77.97197430678551,0,1,6311.981,-0.2607321,4,1,false,false,-8.13788,2.7259893,9.059626,0.0095820585,-0.22316499,3
43.15296,0.2390547,39.231985785103525,-77.97197233758693,0,1,6314.585,-0.26484424,4,1,false,false,-8.535638,2.690904,9.906174,0.005898663,-0.22265108,3
43.190876,0.23927976,39.231992090501635,-77.97197025280266,0,1,6321.409,-0.26532775,4,1,false,false,-8.605656,2.547996,9.491502,0.0021296474,-0.23301256,3
43.22733,0.23950498,39.23199839589974,-77.97196828395757,0,1,6340.1846,-0.26363492,4,1,false,false,-7.9446864,2.4901276,8.495206,-0.0018120771,-0.24167491,3
43.26281,0.23973031,39.232004701297846,-77.97196619881981,0,1,6360.743,-0.2600063,4,1,false,false,-7.6796923,2.4032452,8.451961,-0.0058680223,-0.24849118,3
43.30104,0.23995586,39.232011006695956,-77.97196411403554,0,1,6376.9316,-0.25178283,4,1,false,false,-7.9987555,2.7309995,8.477911,-0.010083431,-0.25732782,3
43.34155,0.24018161,39.23201722138077,-77.97196202925127,0,1,6375.499,-0.24428323,4,1,false,false,-8.03129,2.7126646,8.53785,-0.014349395,-0.25572702,3
43.380432,0.24040753,39.23202352677888,-77.97195982852783,0,1,6374.0186,-0.23485056,4,1,false,false,-8.196717,2.63389,9.348175,-0.018593961,-0.2569184,3
43.419376,0.2406336,39.23202983217699,-77.97195774374354,0,1,6392.8413,-0.22493336,4,1,false,false,-8.3444195,2.6974561,8.808411,-0.022908965,-0.2603502,3
43.4586,0.24085988,39.2320361375751,-77.9719555430201,0,1,6401.265,-0.21646772,4,1,false,false,-7.6776237,2.6689754,7.16414,-0.027136205,-0.24639924,3
43.49826,0.24108636,39.2320424429732,-77.97195322635748,0,1,6398.4243,-0.21066181,4,1,false,false,-7.3428764,2.7451763,7.399423,-0.031057283,-0.22719997,3
43.538948,0.24131303,39.23204874782154,-77.97195102563404,0,1,6403.1313,-0.20897,4,1,false,false,-8.097141,2.7668386,8.231693,-0.034646343,-0.21055108,3
43.57694,0.2415399,39.232055053219646,-77.97194870932489,0,1,6404.8027,-0.21090406,4,1,false,false,-8.377377,2.441761,7.758162,-0.03801133,-0.20346838,3
43.610405,0.24176693,39.23206135861775,-77.97194639266228,0,1,6419.0244,-0.21429053,4,1,false,false,-8.062851,2.2761629,8.031357,-0.041402478,-0.21331668,3
43.643314,0.24199414,39.23206757385235,-77.97194407635313,0,1,6453.5605,-0.22057895,4,1,false,false,-9.745378,2.341294,10.665651,-0.04515691,-0.24614954,3
43.67868,0.24222149,39.23207387925046,-77.9719417596905,0,1,6471.32,-0.2268684,4,1,false,false,-10.081516,2.5564754,10.000046,-0.04958511,-0.28405207,3
43.716908,0.24244906,39.23208018464857,-77.97193932744219,0,1,6466.503,-0.23122188,4,1,false,false,-9.448107,2.696731,9.102606,-0.05457851,-0.30932155,3
43.75988,0.24267682,39.23208648949689,-77.97193689484038,0,1,6467.4224,-0.23339911,4,1,false,false,-9.313232,3.3045766,8.829002,-0.059869833,-0.3158939,3
43.809998,0.24290483,39.232092794895,-77.97193446259207,0,1,6446.186,-0.23146413,4,1,false,false,-10.489388,3.3570595,9.669158,-0.0649351,-0.28400856,3
43.856205,0.24313307,39.2320990101296,-77.97193191440458,0,1,6397.7134,-0.2268684,4,1,false,false,-11.329316,3.087692,10.167714,-0.0693169,-0.24424285,3
43.895615,0.24336158,39.232105315527704,-77.97192936621708,0,1,6394.515,-0.22130477,4,1,false,false,-11.471778,2.5741313,10.5168085,-0.073152415,-0.22097069,3
43.92718,0.24359024,39.232111620925814,-77.97192681802959,0,1,6430.364,-0.21791923,4,1,false,false,-11.004094,2.1940715,10.163529,-0.076723166,-0.21257691,3
43.95851,0.24381906,39.23211783616041,-77.9719241542564,0,1,6455.543,-0.21549976,4,1,false,false,-10.726081,2.3693001,10.604268,-0.080274194,-0.21616405,3
43.99373,0.24404807,39.23212414155852,-77.97192149012973,0,1,6459.5693,-0.2118711,4,1,false,false,-10.99431,2.603782,10.651912,-0.08396804,-0.22733483,3
44.031384,0.2442773,39.23213044640685,-77.97191882600306,0,1,6458.7183,-0.20969573,4,1,false,false,-10.674176,2.6258442,10.469125,-0.08783086,-0.23399591,3
44.068764,0.2445067,39.23213666164145,-77.9719160462907,0,1,6463.651,-0.20872782,4,1,false,false,-10.653068,2.6137733,10.663467,-0.09178808,-0.23833424,3
44.106213,0.24473631,39.23214296703956,-77.97191326657834,0,1,6470.878,-0.20679283,4,1,false,false,-10.659768,2.6542645,11.254125,-0.09578851,-0.23863894,3
44.14456,0.24496613,39.232149182274156,-77.9719104865125,0,1,6470.6934,-0.20582488,4,1,false,false,-10.84739,2.69838,10.720742,-0.099770024,-0.23572831,3
44.182743,0.24519618,39.23215539750875,-77.97190770680014,0,1,6467.768,-0.20316409,4,1,false,false,-10.770074,2.6796212,10.990392,-0.10367741,-0.23052989,3
44.22047,0.24542643,39.23216170290686,-77.97190481114859,0,1,6471.2554,-0.20122917,4,1,false,false,-10.923669,2.6431358,11.911915,-0.10748969,-0.22453316,3
44.257607,0.24565688,39.23216791814146,-77.97190191549706,0,1,6475.54,-0.20001991,4,1,false,false,-10.769824,2.6086001,11.682446,-0.11121406,-0.21866086,3
44.294266,0.24588753,39.232174133376056,-77.97189890390635,0,1,6476.5854,-0.19735913,4,1,false,false,-11.021766,2.5789657,11.52081,-0.11483535,-0.21532553,3
44.330696,0.24611843,39.232180438774165,-77.97189589266911,0,1,6481.5366,-0.19566543,4,1,false,false,-10.58831,2.5675707,11.190933,-0.118439995,-0.21417703,3
44.367935,0.24634953,39.232186654008764,-77.97189288107839,0,1,6487.504,-0.19324699,4,1,false,false,-10.298106,2.6186497,11.131432,-0.12197982,-0.20775372,3
44.404728,0.2465808,39.23219286869358,-77.97188986948768,0,1,6488.526,-0.19155422,4,1,false,false,-10.350087,2.5554256,11.292756,-0.12541246,-0.20438732,3
44.44234,0.24681228,39.23219908392818,-77.97188674231127,0,1,6493.6616,-0.1869585,4,1,false,false,-8.623751,2.5820997,8.905982,-0.12874249,-0.19129598,3
44.479076,0.247044,39.23220529916278,-77.97188361513486,0,1,6503.287,-0.1828472,4,1,false,false,-7.8345747,2.493042,8.296441,-0.13176379,-0.17182663,3
44.515285,0.24727592,39.23221151439738,-77.97188048760498,0,1,6513.337,-0.17704134,4,1,false,false,-7.818389,2.439272,9.139251,-0.13447382,-0.15779163,3
44.5516,0.24750802,39.23221772963198,-77.97187736042856,0,1,6524.3213,-0.17075291,4,1,false,false,-8.20499,2.3499982,9.965684,-0.13704307,-0.15569872,3
44.582947,0.2477403,39.23222394486657,-77.97187411731298,0,1,6542.225,-0.16519016,4,1,false,false,-7.703285,2.13967,10.100095,-0.13974415,-0.17150022,3
44.6162,0.24797271,39.23223016010117,-77.97187087419739,0,1,6578.59,-0.16059445,4,1,false,false,-6.7933984,2.30332,7.9142685,-0.14275934,-0.18763651,3
44.654366,0.2482053,39.232236375335766,-77.97186763108182,0,1,6595.8687,-0.1545473,4,1,false,false,-5.330761,2.6554756,6.0375156,-0.14582732,-0.17473629,3
44.698235,0.24843813,39.232242500406855,-77.97186438796624,0,1,6580.458,-0.15043597,4,1,false,false,-4.943029,2.9822085,5.046485,-0.14842878,-0.13791722,3
44.742203,0.24867119,39.232248715641454,-77.97186102891148,0,1,6561.0474,-0.14898455,4,1,false,false,-6.2970905,2.7133155,7.5756083,-0.15039718,-0.10969042,3
44.776913,0.24890447,39.23225493087605,-77.97185778579589,0,1,6565.6465,-0.14995155,4,1,false,false,-8.25986,2.0021174,10.794284,-0.15220931,-0.124498315,3
44.801983,0.24913786,39.23226114611065,-77.97185442674113,0,1,6612.08,-0.14995155,4,1,false,false,-7.995793,1.5344757,10.298423,-0.15465954,-0.17448023,3
44.827797,0.24937141,39.23226736134525,-77.97185106803985,0,1,6676.6914,-0.14559904,4,1,false,false,-6.8943706,2.1111815,8.312484,-0.15800771,-0.22108243,3
44.87388,0.24960513,39.23227357657985,-77.97184759304592,0,1,6687.5225,-0.13906828,4,1,false,false,-6.408697,3.666978,8.030412,-0.16187647,-0.22976941,3
44.935825,0.24983916,39.23227970165094,-77.97184423399116,0,1,6597.5093,-0.12770066,4,1,false,false,-7.305567,3.9772024,8.300144,-0.16547,-0.1934107,3
44.991714,0.2500735,39.23228591688554,-77.97184075935071,0,1,6511.703,-0.11512366,4,1,false,false,-7.7441297,3.214537,8.871994,-0.16825865,-0.14438789,3
45.029728,0.25030804,39.23229213212013,-77.97183728471025,0,1,6533.4697,-0.09940156,4,1,false,false,-7.270845,2.0686774,9.813237,-0.17032787,-0.112127215,3
45.05596,0.2505428,39.23229834735473,-77.97183380971632,0,1,6602.9116,-0.084890604,4,1,false,false,-6.571105,1.7295877,9.868781,-0.17208828,-0.105841555,3
45.0852,0.25077763,39.23230447242582,-77.97183033507586,0,1,6636.3164,-0.06723535,4,1,false,false,-6.7117853,2.1413214,10.550484,-0.1738955,-0.11464443,3
45.122066,0.25101265,39.232310687660416,-77.97182674449624,0,1,6637.9575,-0.05006272,4,1,false,false,-6.348028,2.5646234,10.2501135,-0.1759063,-0.12421559,3
45.164604,0.2512479,39.232316902895015,-77.9718231539166,0,1,6636.9473,-0.034343414,4,1,false,false,-5.9262652,2.77283,10.193978,-0.1779754,-0.11946339,3
45.208057,0.25148335,39.2323230279661,-77.97181956333698,0,1,6631.322,-0.021041676,4,1,false,false,-5.218718,2.8665702,9.811899,-0.17986146,-0.101637855,3
45.252747,0.25171906,39.2323292432007,-77.97181597275734,0,1,6620.345,-0.0041121924,4,1,false,false,-5.023473,2.798178,9.430119,-0.18131691,-0.07046537,3
45.295578,0.25195497,39.2323354584353,-77.97181238182424,0,1,6610.7837,0.007980296,4,1,false,false,-5.019051,2.6728525,9.92589,-0.18223977,-0.04130636,3
45.335842,0.2521911,39.23234158350639,-77.9718086756589,0,1,6614.5005,0.017895574,4,1,false,false,-4.4938297,2.4745886,9.960222,-0.18270372,-0.016498804,3
45.37297,0.25242746,39.23234779874099,-77.97180508507928,0,1,6627.7944,0.023216084,4,1,false,false,-3.690937,2.2616918,9.2806225,-0.18279792,0.0022512854,3
45.408722,0.252664,39.23235401397559,-77.97180137856049,0,1,6647.3223,0.024667561,4,1,false,false,-3.1458411,2.2625835,9.129385,-0.1826348,0.013912972,3
45.445988,0.25290072,39.232360139046676,-77.97179767204167,0,1,6664.561,0.023941819,4,1,false,false,-2.6474748,2.3567133,8.674573,-0.18231054,0.02271239,3
45.484875,0.25313765,39.23236635428127,-77.97179396552288,0,1,6671.6094,0.018863538,4,1,false,false,-2.3760142,2.4049516,8.649991,-0.18186696,0.027580114,3
45.524143,0.25337476,39.23237256951587,-77.97179025935755,0,1,6677.7915,0.01136582,4,1,false,false,-2.1410413,2.440045,9.38164,-0.18138097,0.0280406,3
45.56365,0.25361213,39.232378784750466,-77.97178655283874,0,1,6688.6597,0.002417561,4,1,false,false,-1.9224172,2.4211812,9.398415,-0.18091911,0.02590454,3
45.603443,0.2538497,39.232384909821555,-77.97178284631994,0,1,6696.7363,-0.0036277473,4,1,false,false,-1.7209569,2.471192,9.308093,-0.18053152,0.020650178,3
45.64477,0.25408748,39.232391125056154,-77.97177913980114,0,1,6701.378,-0.009674927,4,1,false,false,-1.5324974,2.5639791,9.647084,-0.18025368,0.014279979,3
45.687862,0.2543255,39.23239734029075,-77.97177531769664,0,1,6700.0703,-0.016445974,4,1,false,false,-1.375989,2.6699557,10.030855,-0.18007642,0.008720176,3
45.730896,0.25456372,39.23240355552535,-77.97177161117783,0,1,6692.485,-0.019831501,4,1,false,false,-1.0823861,2.6185088,9.74991,-0.17997271,0.005473929,3
45.773064,0.2548022,39.23240977075995,-77.97176778907333,0,1,6690.7793,-0.023701467,4,1,false,false,-0.93017244,2.534211,8.461294,-0.17990766,0.0026999644,3
45.813503,0.25504088,39.23241598599455,-77.97176408255453,0,1,6697.49,-0.024427205,4,1,false,false,-0.8576349,2.435407,8.122407,-0.17987229,-0.00028948364,3
45.852936,0.2552798,39.23242220122914,-77.97176026009656,0,1,6703.9585,-0.02539423,4,1,false,false,-0.8580724,2.337629,8.024876,-0.17986144,-0.0033289073,3
45.89071,0.2555189,39.23242841646374,-77.97175643799206,0,1,6710.847,-0.02539423,4,1,false,false,-0.8335042,2.2156832,8.674293,-0.17992038,-0.009219164,3
45.92476,0.25575823,39.23243463169834,-77.97175261588755,0,1,6731.374,-0.025152942,4,1,false,false,-0.7517315,1.9929645,8.806178,-0.18007565,-0.014863942,3
45.958015,0.25599775,39.23244093709645,-77.97174890936874,0,1,6766.465,-0.023459237,4,1,false,false,-0.5767039,1.9305335,8.368821,-0.18032841,-0.018458337,3
45.99368,0.25623742,39.23244715233105,-77.97174508691077,0,1,6791.813,-0.021041678,4,1,false,false,-0.65130806,2.3333745,9.428366,-0.18066254,-0.022742316,3
46.036,0.2564773,39.23245336756565,-77.97174126480627,0,1,6791.4795,-0.018139664,4,1,false,false,-0.5626639,2.6681876,9.871126,-0.1810848,-0.026361458,3
46.082787,0.2567174,39.232459582800246,-77.97173744234829,0,1,6772.317,-0.014510987,4,1,false,false,-0.5717894,2.8484254,9.955756,-0.18156151,-0.02818479,3
46.128616,0.25695783,39.23246588819835,-77.9717336202438,0,1,6755.0464,-0.009674926,4,1,false,false,-0.57860667,2.720218,9.821788,-0.18205383,-0.028264703,3
46.173298,0.25719845,39.23247210288317,-77.9717297981393,0,1,6750.5728,-0.005321445,4,1,false,false,-0.5435111,2.6532183,10.334462,-0.18252426,-0.026483852,3
46.215424,0.2574393,39.23247840828128,-77.97172597568131,0,1,6745.7324,0.0009670259,4,1,false,false,-0.35569537,2.497489,10.593617,-0.18293554,-0.021951685,3
46.2557,0.25768036,39.23248462351587,-77.9717221535768,0,1,6745.2876,0.0048369966,4,1,false,false,-0.38469335,2.3933792,10.279207,-0.18326202,-0.017526006,3
46.293373,0.25792164,39.23249092891398,-77.97171833111884,0,1,6756.126,0.009915281,4,1,false,false,-0.4329279,2.2205563,10.347855,-0.18351379,-0.013313531,3
46.330338,0.25816312,39.23249723431209,-77.97171439307516,0,1,6771.8857,0.01451005,4,1,false,false,-0.3485895,2.2492943,10.329171,-0.18370649,-0.010337963,3
46.367783,0.25840482,39.23250344954669,-77.97171057097066,0,1,6782.2856,0.020072786,4,1,false,false,-0.19242698,2.2854297,10.23443,-0.18384516,-0.0064091645,3
46.40571,0.2586467,39.23250975494479,-77.97170674851267,0,1,6787.492,0.026118092,4,1,false,false,-0.01709199,2.2900307,10.667136,-0.18392207,-0.0021682433,3
46.44431,0.25888878,39.23251605979313,-77.97170281046901,0,1,6795.7417,0.031680826,4,1,false,false,0.06974417,2.365262,10.175845,-0.18391836,0.004128601,3
46.483242,0.25913107,39.23252236519124,-77.97169898836451,0,1,6800.9746,0.034825068,4,1,false,false,0.18782397,2.3621287,9.638035,-0.1838074,0.010368965,3
46.52301,0.25937358,39.23252867058934,-77.97169516590652,0,1,6802.764,0.036034312,4,1,false,false,0.326687,2.4702694,9.758798,-0.18358497,0.017202696,3
46.562576,0.25961632,39.23253497598745,-77.97169122786285,0,1,6802.0186,0.036517825,4,1,false,false,0.41003227,2.3693926,10.336749,-0.18325487,0.022403812,3
46.60108,0.25985926,39.23254128138556,-77.97168740575835,0,1,6805.079,0.036759112,4,1,false,false,0.26902193,2.30835,10.650576,-0.18285097,0.025594186,3
46.638184,0.26010242,39.232547586233885,-77.97168346771467,0,1,6815.601,0.034582835,4,1,false,false,0.49008638,2.225024,10.079855,-0.18240201,0.028588872,3
46.67485,0.26034576,39.232553891631994,-77.9716796452567,0,1,6827.849,0.029745836,4,1,false,false,0.6072433,2.2358747,9.420946,-0.18190709,0.031060081,3
46.712555,0.26058933,39.232560197030104,-77.97167570721302,0,1,6834.8867,0.025152002,4,1,false,false,0.56511253,2.3266711,9.445506,-0.1813732,0.03258759,3
46.751312,0.2608331,39.232566592591716,-77.97167188510852,0,1,6834.814,0.019347046,4,1,false,false,0.4460138,2.3567002,9.764878,-0.18083552,0.031031752,3
46.789677,0.26107708,39.23257289744005,-77.97166794671138,0,1,6836.3784,0.009673994,4,1,false,false,0.52590793,2.2921338,9.056074,-0.18033381,0.028100308,3
46.826233,0.26132122,39.23257920283815,-77.9716640086677,0,1,6846.7256,0.0038690357,4,1,false,false,0.48675522,2.1867926,8.514751,-0.17989285,0.02351096,3
46.86197,0.26156563,39.23258559839977,-77.9716601865632,0,1,6861.245,-0.00096796063,4,1,false,false,0.43438995,2.16142,8.647849,-0.17952646,0.01898599,3
46.8984,0.26181018,39.23259190379788,-77.97165624851952,0,1,6871.914,-0.0077399407,4,1,false,false,0.39980114,2.223132,9.540402,-0.1792418,0.013800888,3
46.93487,0.26205492,39.23259829880972,-77.97165242606154,0,1,6877.746,-0.01306045,4,1,false,false,0.43252343,2.1479747,9.072283,-0.17904535,0.009216385,3
46.971012,0.26229987,39.23260469437134,-77.97164848801786,0,1,6888.977,-0.016688198,4,1,false,false,0.33124366,2.2052596,8.215437,-0.17893092,0.004084453,3
47.00858,0.262545,39.23261099976944,-77.97164454997419,0,1,6900.973,-0.019831501,4,1,false,false,0.308968,2.342994,8.19154,-0.1788999,-0.00042369583,3
47.048874,0.26279032,39.232617394781286,-77.97164061193052,0,1,6897.845,-0.022493154,4,1,false,false,0.16815907,2.4590995,8.512613,-0.17894396,-0.005860805,3
47.088486,0.26303586,39.2326237903429,-77.97163678982602,0,1,6887.802,-0.023701467,4,1,false,false,0.21682239,2.31988,8.308705,-0.1790761,-0.011009218,3
47.125538,0.2632816,39.23263018590452,-77.97163285142886,0,1,6896.205,-0.025152944,4,1,false,false,0.08383614,2.1456847,8.858329,-0.17927805,-0.015178105,3
47.1609,0.26352754,39.232636580916356,-77.97162891338519,0,1,6916.652,-0.02515294,4,1,false,false,0.05939658,2.1044796,8.323294,-0.17954926,-0.018435912,3
47.196503,0.26377368,39.232642976477976,-77.97162497534151,0,1,6927.122,-0.026119966,4,1,false,false,-0.077547416,2.117771,7.747101,-0.17986909,-0.021448983,3
47.233124,0.26402,39.23264937203959,-77.97162115323701,0,1,6932.247,-0.023701463,4,1,false,false,-0.08250792,2.2275667,8.367452,-0.18023652,-0.023643265,3
47.272,0.26426646,39.23265576705143,-77.97161721519333,0,1,6938.4863,-0.021767415,4,1,false,false,-0.10504773,2.2951746,9.058782,-0.1806338,-0.025179598,3
47.31025,0.26451316,39.232662162613046,-77.97161327714966,0,1,6938.7915,-0.017171709,4,1,false,false,-0.12246686,2.2676234,9.551646,-0.18105933,-0.026244747,3
47.347828,0.26476005,39.232668558174666,-77.97160933875251,0,1,6943.9336,-0.016445972,4,1,false,false,-0.15788008,2.2307096,9.194462,-0.18147525,-0.024053963,3
47.38648,0.2650071,39.2326749531865,-77.97160540070884,0,1,6953.561,-0.015478948,4,1,false,false,-0.12017621,2.3278933,9.410727,-0.18186647,-0.021878095,3
47.42625,0.2652544,39.232681438911634,-77.97160146266516,0,1,6949.7246,-0.0140284095,4,1,false,false,-0.21200447,2.4191036,9.593479,-0.18222103,-0.019906174,3
47.467594,0.26550192,39.23268783392347,-77.97159752462149,0,1,6938.7485,-0.015236723,4,1,false,false,-0.38029528,2.3989782,8.36048,-0.18253969,-0.01852278,3
47.506348,0.26574963,39.232694319648594,-77.97159358657781,0,1,6936.2485,-0.018380027,4,1,false,false,-0.37090153,2.222301,7.8726377,-0.18282135,-0.016406095,3
47.54287,0.26599753,39.23270071466044,-77.97158964853413,0,1,6946.5913,-0.022250932,4,1,false,false,-0.418901,2.1017191,8.546758,-0.18307021,-0.01560877,3
47.57808,0.2662456,39.23270720038556,-77.97158559455129,0,1,6958.1094,-0.023459243,4,1,false,false,-0.49710777,2.0278268,8.871348,-0.18332037,-0.017019125,3
47.61044,0.26649386,39.23271359594718,-77.97158165650761,0,1,6972.398,-0.025636457,4,1,false,false,-0.67835075,1.8098651,7.692252,-0.18359606,-0.019206626,3
47.614826,0.26674223,39.23272008112253,-77.97157771846393,0,1,7085.9634,-0.02515294,0,1,false,false,-0.6582498,-0.6367502,7.776389,-0.18391831,-0.021535095,3
47.62118,0.26699054,39.23272647668414,-77.97157378042026,0,1,6384.7065,-0.022250924,5,1,false,false,-0.66946,3.2966049,10.417994,-0.184297,-0.02494556,3
47.709873,0.26723915,39.23273296185949,-77.97156972643742,0,1,5638.946,-0.018139673,5,1,false,false,-0.35899758,4.696311,9.374157,-0.18476082,-0.029563004,3
47.748615,0.26748812,39.23273944758462,-77.97156578839375,0,1,5938.629,-0.011851201,5,1,false,false,-0.47485447,0.95484364,8.229727,-0.18523094,-0.026004711,3
47.77613,0.2677372,39.23274584259646,-77.9715617344109,0,1,5892.1885,-0.0031442344,5,1,false,false,-0.62579674,2.4950316,8.355753,-0.18565777,-0.025168423,3
47.82914,0.26798654,39.23275232832159,-77.97155779636722,0,1,5758.6943,0.004352548,5,1,false,false,-0.33629954,3.0862248,8.891903,-0.18604678,-0.021164723,3
47.868896,0.26823607,39.232758813496936,-77.97155374238437,0,1,5825.8354,0.005320507,5,1,false,false,-0.2958914,1.779948,10.235185,-0.18633303,-0.014648874,3
47.89718,0.26848578,39.23276529922206,-77.9715498043407,0,1,5857.313,0.0133017395,5,1,false,false,-0.27186322,1.7480469,8.831279,-0.1865173,-0.009044507,3
47.93211,0.26873568,39.23277178439741,-77.97154575035785,0,1,5836.419,0.021282036,5,1,false,false,-0.21572779,2.1485674,9.54794,-0.18664241,-0.0060945903,3
47.969288,0.26898572,39.23277827012254,-77.97154181231417,0,1,5854.7744,0.025152003,5,1,false,false,-0.013674244,2.1577125,10.125789,-0.18669352,0.000129704,3
48.006798,0.269236,39.232784755297885,-77.97153775833132,0,1,5861.417,0.026118092,5,1,false,false,0.24162547,2.1721728,9.1276455,-0.18662834,0.008431112,3
48.04381,0.26948643,39.23279124102301,-77.97153370434847,0,1,5847.73,0.025392355,5,1,false,false,-0.01969701,2.1841927,8.308096,-0.18642737,0.014282124,3
48.08126,0.26973706,39.23279772619836,-77.9715296507191,0,1,5858.0435,0.027569564,5,1,false,false,0.014044851,2.125401,9.743225,-0.18616997,0.016186126,3
48.11785,0.26998788,39.23280430153722,-77.97152571232195,0,1,5862.2993,0.022732573,5,1,false,false,0.088645935,2.086131,10.039485,-0.18587619,0.017878102,3
48.15232,0.2702389,39.232810787262345,-77.97152165869258,0,1,5861.5586,0.01958927,5,1,false,false,0.34952903,1.927873,8.807995,-0.18555835,0.020039814,3
48.186543,0.27049008,39.23281727243769,-77.97151760470973,0,1,5881.831,0.017654283,5,1,false,false,0.26374725,2.0257201,9.760624,-0.18522379,0.01982697,3
48.22378,0.27074143,39.232823848326326,-77.97151355072688,0,1,5887.9766,0.016928548,5,1,false,false,0.32183295,2.2098427,10.545283,-0.18489248,0.019983388,3
48.26227,0.270993,39.23283033350168,-77.97150949674403,0,1,5874.1753,0.012817293,5,1,false,false,0.62896866,2.2153673,10.690206,-0.18455586,0.02140751,3
48.298996,0.27124476,39.23283690884054,-77.97150555870036,0,1,5878.553,0.0072545577,5,1,false,false,0.3888263,2.1453362,10.2800865,-0.18418778,0.02255535,3
48.335873,0.27149668,39.23284339456566,-77.97150150471751,0,1,5886.056,0.0038690353,5,1,false,false,0.4011802,2.1510205,8.723997,-0.18382642,0.021238506,3
48.373844,0.2717488,39.23284996990452,-77.97149745108813,0,1,5879.1475,-0.0031442344,5,1,false,false,0.43437147,2.2154908,8.417612,-0.18349355,0.01828348,3
48.409527,0.27200112,39.232856455629644,-77.97149339710528,0,1,5876.814,-0.0087069655,5,1,false,false,0.27905166,1.9645522,8.454883,-0.18317848,0.016168034,3
48.442604,0.27225363,39.2328630309685,-77.97148934312243,0,1,5891.03,-0.015236726,5,1,false,false,0.07049298,1.7621086,9.441326,-0.18294095,0.008961855,3
48.472065,0.27250624,39.23286960630736,-77.9714852891396,0,1,5911.779,-0.02321795,5,1,false,false,0.17353609,1.6540167,10.2110195,-0.1828233,0.0035774037,3
48.501225,0.27275908,39.232876182196,-77.97148123515674,0,1,5940.4346,-0.029021977,5,1,false,false,0.16972503,1.7493893,10.066648,-0.18280414,-0.0014270913,3
48.537247,0.273012,39.23288275753486,-77.97147718152736,0,1,5954.5005,-0.026362186,5,1,false,false,-0.005989343,2.2467918,12.30204,-0.18291838,-0.010390331,3
48.58196,0.2732653,39.23288933287372,-77.97147312754451,0,1,5930.5195,-0.023943687,5,1,false,false,0.10917713,2.766055,11.315703,-0.1831817,-0.016103996,3
48.626667,0.27351883,39.23289590876235,-77.97146907356166,0,1,5896.9785,-0.023701465,5,1,false,false,0.42205095,2.5228407,11.132161,-0.18352261,-0.01967278,3
48.666115,0.2737726,39.23290248410121,-77.97146490363964,0,1,5890.3228,-0.021041676,5,1,false,false,0.48731205,2.2203825,10.020018,-0.18386652,-0.018118886,3
48.701096,0.27402654,39.23290905944007,-77.97146085001027,0,1,5894.6724,-0.013543965,5,1,false,false,-0.034862548,1.9456509,10.021729,-0.18418466,-0.02061005,3
48.733757,0.2742807,39.2329156353287,-77.97145679602743,0,1,5895.3496,-0.007497716,5,1,false,false,0.06235686,1.8299322,9.847055,-0.18451063,-0.020001138,3
48.76424,0.274535,39.23292221066756,-77.97145274204458,0,1,5911.765,-0.008706965,5,1,false,false,0.065074295,1.6569364,10.07902,-0.18479759,-0.017040815,3
48.790024,0.27478948,39.23292878600642,-77.97144868806173,0,1,5941.4316,-0.0074977195,5,1,false,false,-0.02707839,1.5414009,9.260306,-0.18504004,-0.014428173,3
48.820312,0.27504405,39.23293545150879,-77.97144451849317,0,1,5970.2363,-0.0062884693,5,1,false,false,-0.20178163,1.8053275,8.602999,-0.18526146,-0.013920828,3
48.853714,0.2752988,39.23294202739743,-77.97144046451032,0,1,5973.05,-0.009674926,5,1,false,false,-0.17637147,2.0140495,7.9066806,-0.18546475,-0.011403867,3
48.89059,0.27555373,39.232948602736286,-77.97143641052749,0,1,5973.5303,-0.015478948,5,1,false,false,-0.32095924,2.1668706,8.732568,-0.18564445,-0.011446581,3
48.927635,0.27580887,39.23295526823865,-77.97143224095893,0,1,5972.7344,-0.014510989,5,1,false,false,-0.3622973,2.1213064,8.341684,-0.18582885,-0.011855922,3
48.96355,0.27606413,39.23296184412729,-77.97142818697608,0,1,5973.4883,-0.01765522,5,1,false,false,-0.1827859,2.011536,8.342624,-0.18603349,-0.013004551,3
48.998703,0.27631962,39.23296850962966,-77.97142401705406,0,1,5982.3994,-0.020799452,5,1,false,false,-0.2596502,2.0138087,8.0719385,-0.18622637,-0.011370495,3
49.034813,0.2765753,39.232975084968515,-77.9714199634247,0,1,5984.3613,-0.018864468,5,1,false,false,-0.44919705,2.0194917,9.74814,-0.18642113,-0.0131438365,3
49.07121,0.27683115,39.23298175047088,-77.97141579350267,0,1,5981.6333,-0.022250928,5,1,false,false,-0.39322966,2.0997882,10.895034,-0.18663849,-0.013389478,3
49.106102,0.27708715,39.232988415973246,-77.97141173951982,0,1,5986.147,-0.02611997,5,1,false,false,-0.37191364,1.9409554,10.535399,-0.18686582,-0.012949551,3
49.141975,0.27734336,39.23299499186189,-77.97140756995127,0,1,5994.065,-0.029989935,5,1,false,false,-0.5896254,2.159376,9.539875,-0.18711229,-0.014682712,3
49.180435,0.27759975,39.233001657364255,-77.97140351596842,0,1,5985.8525,-0.033858977,5,1,false,false,-0.4521371,2.2071333,9.304195,-0.187406,-0.017657029,3
49.218155,0.27785635,39.23300832286662,-77.97139934639988,0,1,5972.3423,-0.04111446,5,1,false,false,-0.65391684,2.1139317,10.080494,-0.18770388,-0.019517956,3
49.252712,0.2781131,39.233014988368986,-77.97139517647786,0,1,5975.6104,-0.045467958,5,1,false,false,-0.818685,1.8423522,9.919155,-0.1880417,-0.022604125,3
49.28307,0.27837005,39.233021653871354,-77.9713910069093,0,1,5990.9297,-0.044984438,5,1,false,false,-0.98502773,1.6737297,11.313962,-0.18847679,-0.030637197,3
49.31342,0.27862713,39.23302831937372,-77.97138683698728,0,1,6010.181,-0.049095705,5,1,false,false,-0.91475356,1.7950621,11.598159,-0.18905477,-0.03772495,3
49.346615,0.27888438,39.23303498542587,-77.97138278300443,0,1,6018.5146,-0.05320788,5,1,false,false,-0.98503095,1.9471374,11.320873,-0.18973994,-0.041810032,3
49.382683,0.27914178,39.233041650928236,-77.97137861343589,0,1,6014.468,-0.051756416,5,1,false,false,-1.3775134,2.194215,12.407317,-0.1905574,-0.050069727,3
49.4204,0.27939942,39.233048316430605,-77.97137432792816,0,1,6003.405,-0.04909569,5,1,false,false,-1.7088453,2.1820705,12.263687,-0.19150019,-0.057131823,3
49.45614,0.2796572,39.23305498193297,-77.97137015800615,0,1,5994.02,-0.042808153,5,1,false,false,-1.5317382,2.0253105,12.949267,-0.1925482,-0.06189737,3
49.489624,0.2799152,39.23306164743534,-77.9713659884376,0,1,5997.5645,-0.03603525,5,1,false,false,-1.4091105,1.940631,13.132012,-0.19361642,-0.059525218,3
49.52107,0.28017336,39.233068312937704,-77.97136181851558,0,1,5999.7686,-0.025152944,5,1,false,false,-1.3519439,1.8378253,11.165483,-0.19462435,-0.05616462,3
49.55211,0.2804317,39.233074978989855,-77.97135753300786,0,1,6002.505,-0.015962463,5,1,false,false,-1.2450628,1.8397378,11.811598,-0.19553638,-0.051026806,3
49.583237,0.28069013,39.233081644492216,-77.9713533634393,0,1,6010.2407,-0.0077399425,5,1,false,false,-1.1927176,1.7801133,11.534312,-0.19629906,-0.041696317,3
49.612614,0.28094876,39.233088309994585,-77.97134919351728,0,1,6017.1997,0.00048351288,5,1,false,false,-1.1817266,1.696845,10.50653,-0.19690552,-0.032642424,3
49.640823,0.28120753,39.233094975496954,-77.97134490800957,0,1,6032.3403,0.009915282,5,1,false,false,-0.77534705,1.6312017,9.501458,-0.19738434,-0.025354357,3
49.66807,0.28146642,39.23310173116283,-77.97134062250184,0,1,6051.924,0.015477076,5,1,false,false,-0.59857196,1.58541,8.751461,-0.19774166,-0.019711273,3
49.696392,0.28172547,39.2331083966652,-77.97133645257982,0,1,6065.4375,0.019347047,5,1,false,false,-0.78662014,1.6997184,8.906304,-0.19800235,-0.015850477,3
49.725693,0.28198463,39.23311506216757,-77.9713321670721,0,1,6078.6245,0.022249065,5,1,false,false,-0.60273314,1.7196296,10.754868,-0.19821471,-0.011758065,3
49.755554,0.28224397,39.233121728219714,-77.97132788156438,0,1,6095.6484,0.023216086,5,1,false,false,-0.3130288,1.7660835,9.3800955,-0.1983849,-0.007464888,3
49.787567,0.28250346,39.23312848388559,-77.97132371199584,0,1,6106.2236,0.022490345,5,1,false,false,-0.56444645,1.9844022,9.817161,-0.19849837,-0.0045496356,3
49.82417,0.2827631,39.233135149387955,-77.97131942613464,0,1,6101.16,0.021282036,5,1,false,false,-0.40375328,2.413233,10.397438,-0.19858316,-0.0007104304,3
49.86491,0.28302297,39.233141905053834,-77.97131514062691,0,1,6077.83,0.016928552,5,1,false,false,-0.24703076,2.2807007,11.342367,-0.19860113,0.0033052487,3
49.90123,0.28328303,39.2331485705562,-77.9713108551192,0,1,6062.711,0.012817293,5,1,false,false,-0.47420582,2.0750852,11.548051,-0.19855317,0.005586036,3
49.93425,0.28354326,39.23315532622208,-77.97130656961147,0,1,6074.888,0.006771045,5,1,false,false,-0.37166125,1.894772,11.860765,-0.19849524,0.0049425093,3
49.96583,0.28380364,39.233161991724444,-77.97130228410376,0,1,6077.1064,-9.3504786e-07,5,1,false,false,-0.17237198,1.9122005,11.589007,-0.19842342,0.006493103,3
49.998287,0.28406417,39.23316874739032,-77.97129799859603,0,1,6072.6875,-0.002418498,5,1,false,false,-0.3925881,1.9444507,11.092447,-0.19836684,0.0027631538,3
50.0301,0.2843249,39.2331755030562,-77.97129371273483,0,1,6076.811,-0.0043534827,5,1,false,false,-0.28911486,1.8608534,11.095235,-0.19836245,-0.0008236722,3
50.06032,0.28458577,39.23318216855857,-77.97128942722712,0,1,6083.624,-0.009674927,5,1,false,false,-0.02483499,1.8166797,11.276323,-0.19840325,-0.0028373934,3
50.089703,0.2848468,39.23318892422444,-77.97128502578022,0,1,6091.6445,-0.009674927,5,1,false,false,-0.3401273,1.740227,11.323969,-0.1984726,-0.0054606595,3
50.118572,0.28510797,39.23319567989032,-77.9712807402725,0,1,6102.861,-0.007014204,5,1,false,false,-0.2495656,1.7405403,11.256014,-0.1986238,-0.010904114,3
50.148422,0.2853693,39.23320234539269,-77.97127645476478,0,1,6111.231,-0.0050792205,5,1,false,false,-0.17427462,1.8705444,10.338543,-0.19886185,-0.0147296665,3
50.179802,0.28563076,39.23320910105857,-77.97127216925706,0,1,6110.9033,0.0038690357,5,1,false,false,-0.09996641,1.8997043,9.465156,-0.19916669,-0.019196682,3
50.21118,0.2858924,39.23321585672445,-77.97126776781018,0,1,6108.6753,0.01475134,5,1,false,false,0.023505151,1.8799839,9.475069,-0.19950572,-0.0211689,3
50.24193,0.28615418,39.23322261239032,-77.97126348230245,0,1,6111.7812,0.02708606,5,1,false,false,0.321398,1.7869956,10.59815,-0.19983165,-0.018603195,3
50.269806,0.2864161,39.2332293680562,-77.97125919679473,0,1,6121.781,0.03966206,5,1,false,false,0.7870382,1.6606418,9.585755,-0.20005809,-0.008797833,3
50.29663,0.2866782,39.23323612372208,-77.97125479534783,0,1,6137.745,0.053688604,5,1,false,false,0.7079204,1.498394,7.7070637,-0.20010103,0.002528281,3
50.324543,0.28694043,39.23324287938795,-77.97125050984012,0,1,6152.9316,0.06287814,5,1,false,false,0.463622,1.8139018,8.145924,-0.19996728,0.011062108,3
50.35667,0.28720278,39.23324963505383,-77.97124610839322,0,1,6155.3184,0.0696492,5,1,false,false,0.5246669,1.8855431,9.720733,-0.19970371,0.017764876,3
50.38643,0.28746536,39.23325639071971,-77.9712418228855,0,1,6154.31,0.074486196,5,1,false,false,0.91770256,1.6717159,9.629383,-0.19931236,0.027979463,3
50.41439,0.28772807,39.23326314638559,-77.9712374214386,0,1,6180.0312,0.0773882,5,1,false,false,1.0067945,1.72077,8.839786,-0.19877097,0.036743175,3
50.44593,0.28799093,39.23326999221497,-77.97123313593089,0,1,6191.0083,0.07932319,5,1,false,false,1.122713,2.0665367,8.2820015,-0.19809522,0.04480931,3
50.482544,0.28825396,39.23327674788085,-77.97122885042316,0,1,6167.389,0.08077417,5,1,false,false,1.3158077,2.204577,8.284729,-0.19729125,0.05145651,3
50.518276,0.28851718,39.23328350354673,-77.97122444897627,0,1,6154.5664,0.081741214,5,1,false,false,1.6484387,2.0131266,8.389949,-0.19635394,0.0596279,3
50.548176,0.28878057,39.23329034937611,-77.97122016346854,0,1,6167.194,0.08343445,5,1,false,false,1.5794692,1.6179595,8.684936,-0.19528733,0.06488346,3
50.574787,0.28904408,39.23329710504199,-77.97121576202166,0,1,6185.2188,0.088996224,5,1,false,false,1.6825225,1.5839517,7.7886925,-0.19414441,0.069115825,3
50.60464,0.28930774,39.233303950871374,-77.97121147651393,0,1,6197.22,0.09383275,5,1,false,false,1.8260754,1.859477,6.79462,-0.19292292,0.0753578,3
50.636215,0.28957155,39.23331070653725,-77.97120707506704,0,1,6198.1533,0.09891153,5,1,false,false,2.0490127,1.9140408,5.8423157,-0.19159707,0.080369025,3
50.669296,0.28983554,39.23331755236664,-77.97120278955931,0,1,6195.887,0.10326452,5,1,false,false,2.4430177,1.8342606,6.5841513,-0.19013534,0.08931196,3
50.69943,0.29009968,39.233324398196025,-77.97119850369812,0,1,6199.911,0.10544128,5,1,false,false,2.9377518,1.5597454,7.8615055,-0.1884898,0.10309065,3
50.723167,0.29036394,39.23333124347564,-77.9711941026047,0,1,6223.748,0.106891364,5,1,false,false,3.1087575,1.3945385,9.005259,-0.18659642,0.12133109,3
50.751175,0.29062834,39.23333808930502,-77.9711898167435,0,1,6256.0176,0.10544126,5,1,false,false,3.5814443,1.8133671,9.967418,-0.18440376,0.14234407,3
50.79051,0.29089293,39.23334493513441,-77.97118553123579,0,1,6239.9316,0.10108778,5,1,false,false,4.9062743,2.6031957,11.004633,-0.18191952,0.16123244,3
50.835285,0.29115772,39.233351780963794,-77.97118124572806,0,1,6189.1377,0.09286526,5,1,false,false,4.130351,2.7036562,9.169728,-0.17925562,0.15854385,3
50.873463,0.29142272,39.23335862679318,-77.97117696022035,0,1,6160.1865,0.0856107,5,1,false,false,4.278634,1.9037054,9.611565,-0.17687707,0.1278594,3
50.900906,0.29168788,39.233365472622566,-77.97117267471262,0,1,6160.5938,0.07835521,5,1,false,false,5.072222,1.4519917,11.33365,-0.17497046,0.0981396,3
50.92341,0.29195318,39.23337240806569,-77.9711683892049,0,1,6166.813,0.07327695,5,1,false,false,4.624082,1.1506678,7.8264112,-0.1734567,0.080666706,3
50.9424,0.2922186,39.23337925389507,-77.97116410369718,0,1,6204.7314,0.07061717,5,1,false,false,4.5119615,1.038375,9.777004,-0.17202379,0.088936076,3
50.96525,0.29248407,39.23338618988797,-77.97115981783598,0,1,6249.762,0.068197705,5,1,false,false,4.543728,1.4496925,10.658714,-0.17035401,0.1064479,3
50.9923,0.2927497,39.233393035717356,-77.97115564826744,0,1,6246.7383,0.065537944,5,1,false,false,5.1076508,1.6030223,9.872627,-0.16844046,0.12768622,3
51.030586,0.29301548,39.23339997116047,-77.97115136275971,0,1,6241.7026,0.061184436,5,1,false,false,4.9494,2.5211477,9.602204,-0.16627623,0.13413839,3
51.069542,0.29328147,39.23340690715337,-77.97114719283769,0,1,6210.58,0.054171182,5,1,false,false,5.5045114,2.1799133,9.589483,-0.1641573,0.12385842,3
51.103992,0.29354763,39.233413843146266,-77.97114290732998,0,1,6182.03,0.04836808,5,1,false,false,5.468585,1.7397633,11.4548025,-0.16228978,0.10004498,3
51.131454,0.29381394,39.233420778589384,-77.97113873776142,0,1,6186.0356,0.038210586,5,1,false,false,6.0142617,1.6065055,12.152313,-0.16080804,0.080531165,3
51.154537,0.2940804,39.233427714582284,-77.9711345678394,0,1,6209.3833,0.025876805,5,1,false,false,5.9586015,1.2678467,14.492113,-0.15952097,0.07838422,3
51.17494,0.29434696,39.23343474073869,-77.97113039827086,0,1,6227.0645,0.014510052,5,1,false,false,5.1373973,1.1616951,14.091058,-0.15824856,0.080518804,3
51.19184,0.2946136,39.233441676181805,-77.97112622834884,0,1,6223.0254,-9.3504786e-07,5,1,false,false,4.494418,1.2022976,13.553488,-0.15716599,0.05722276,3
51.219387,0.29488036,39.23344870233821,-77.9711220587803,0,1,6208.077,-0.0135439625,5,1,false,false,4.5260053,1.8020186,11.539035,-0.156473,0.03363642,3
51.245045,0.29514724,39.23345563778133,-77.97111800479745,0,1,6199.5137,-0.026119968,5,1,false,false,3.7666252,1.3600771,10.649954,-0.15618666,0.0041207206,3
51.26111,0.29541424,39.233462663937736,-77.97111383487542,0,1,6225.605,-0.029989935,5,1,false,false,2.5964823,1.0786545,8.896504,-0.15628462,-0.013590902,3
51.281036,0.2956813,39.23346959993063,-77.97110966530687,0,1,6258.6562,-0.029989935,5,1,false,false,1.5031816,1.2875749,8.586018,-0.15669604,-0.03853517,3
51.304146,0.2959485,39.23347662553726,-77.97110561132402,0,1,6252.971,-0.029989935,5,1,false,false,1.5217698,1.5522592,7.30342,-0.15744285,-0.053655297,3
51.32654,0.2962158,39.23348365169367,-77.97110144175548,0,1,6267.9116,-0.02781273,5,1,false,false,0.97126913,1.1438442,7.263503,-0.15839684,-0.066383235,3
51.34472,0.2964832,39.233490677300296,-77.97109738777263,0,1,6314.188,-0.015720233,5,1,false,false,0.7697634,0.98692405,7.785307,-0.15951748,-0.0726368,3
51.366932,0.2967507,39.2334977034567,-77.97109321785061,0,1,6350.147,-0.005804954,5,1,false,false,1.0571629,1.5757178,7.772273,-0.16067272,-0.06983749,3
51.397778,0.29701835,39.23350472906333,-77.97108916422123,0,1,6342.3765,0.007738073,5,1,false,false,0.8951271,1.878313,9.351159,-0.16178621,-0.065351,3
51.433033,0.29728615,39.23351175521973,-77.9710849942992,0,1,6330.64,0.019104825,5,1,false,false,0.985661,2.17026,10.29901,-0.1627995,-0.055217754,3
51.470356,0.29755417,39.23351878082636,-77.97108082473066,0,1,6323.316,0.025152002,5,1,false,false,0.888228,2.1998975,10.377531,-0.16365126,-0.044922695,3
51.506466,0.29782233,39.23352580698276,-77.97107677074781,0,1,6300.3286,0.033615813,5,1,false,false,0.29807827,2.2985537,11.566705,-0.16438249,-0.0393926,3
51.545322,0.29809073,39.23353283258939,-77.97107260082579,0,1,6286.188,0.038694106,5,1,false,false,0.5756858,2.159959,12.008614,-0.16500156,-0.029783864,3
51.578148,0.2983593,39.2335398587458,-77.97106854719642,0,1,6272.3706,0.0386941,5,1,false,false,0.3348822,1.8799808,10.184244,-0.16543472,-0.019641297,3
51.608456,0.29862803,39.23354688435243,-77.9710643772744,0,1,6271.8257,0.04256408,5,1,false,false,-0.31253642,1.8200638,11.125985,-0.16570316,-0.013536292,3
51.64055,0.29889694,39.23355400067234,-77.97106020770585,0,1,6267.989,0.040870365,5,1,false,false,0.96671295,1.9720992,15.111098,-0.16587287,-0.002565148,3
51.668213,0.299166,39.23356102627897,-77.971056153723,0,1,6265.455,0.037484843,5,1,false,false,0.07823518,1.4892845,9.782644,-0.16580006,0.008274965,3
51.692253,0.29943517,39.23356805243537,-77.97105198380098,0,1,6288.3643,0.04691755,5,1,false,false,-0.00018693507,1.7098595,5.323966,-0.1656424,0.011358265,3
51.72542,0.29970452,39.23357516820551,-77.97104781423243,0,1,6295.171,0.048609376,5,1,false,false,-0.60726225,2.028404,5.442296,-0.16545314,0.0052868263,3
51.751602,0.29997402,39.233582194361915,-77.97104364431041,0,1,6259.7065,0.051511396,5,1,false,false,0.70618916,0.94082284,4.7276783,-0.16539004,0.0019297237,3
51.7558,0.3002436,39.233589310132054,-77.97103959068103,0,1,6330.0483,0.05610709,5,1,false,false,1.4189187,0.07401009,8.097437,-0.1651865,0.019547936,3
51.755825,0.30051318,39.23359633573868,-77.97103542075901,0,1,6454.8984,0.073519155,5,1,false,false,1.1751716,-0.32645732,10.958372,-0.16469334,0.037481584,3
51.775158,0.30078283,39.233603452058595,-77.97103125119047,0,1,6495.931,0.08028973,5,1,false,false,1.1588137,2.2606165,14.784408,-0.16383345,0.06786349,3
51.83393,0.30105266,39.23361047766522,-77.97102708126845,0,1,6433.246,0.07932316,5,1,false,false,1.831075,4.212025,14.8445835,-0.16261901,0.08233398,3
51.903397,0.30132285,39.23361759398514,-77.9710230272856,0,1,6278.604,0.0778717,5,1,false,false,2.191078,3.889838,12.074669,-0.16118672,0.0928147,3
51.94967,0.30159336,39.233624709755276,-77.97101885771704,0,1,6208.1973,0.0773882,5,1,false,false,1.9731766,2.0732057,10.59557,-0.15975498,0.0804879,3
51.969143,0.30186403,39.233631825525414,-77.97101468779502,0,1,6250.91,0.07593672,5,1,false,false,1.6561433,0.9042563,10.518509,-0.15858868,0.058856122,3
51.983913,0.30213478,39.23363894184533,-77.97101063416565,0,1,6280.7603,0.073519155,5,1,false,false,1.8240074,0.9475177,10.431284,-0.15777199,0.038332365,3
51.99993,0.30240548,39.233646057615466,-77.97100646424363,0,1,6296.263,0.0725512,5,1,false,false,1.6990279,1.0161848,7.4693036,-0.15708838,0.040830463,3
52.015774,0.30267626,39.23365317393538,-77.97100229467509,0,1,6347.721,0.07642118,5,1,false,false,1.6517099,0.8737461,8.219923,-0.15634543,0.044879165,3
52.029984,0.3029471,39.23366028970552,-77.97099824069224,0,1,6388.564,0.08319223,5,1,false,false,3.0288196,0.8872262,13.364986,-0.15540408,0.06963228,3
52.047638,0.30321798,39.23366740547566,-77.97099407077022,0,1,6420.9033,0.0870617,5,1,false,false,2.6778312,0.82235795,10.696446,-0.15398861,0.09855286,3
52.06897,0.30348888,39.23367452179557,-77.97099001678737,0,1,6464.0537,0.09359053,5,1,false,false,3.2502732,2.4526536,8.189437,-0.15214157,0.12764335,3
52.128963,0.30376002,39.23368163756571,-77.97098584721881,0,1,6416.958,0.09891151,5,1,false,false,3.6917102,3.7424526,11.973016,-0.14992955,0.13625078,3
52.18158,0.30403143,39.23368884349936,-77.97098179323596,0,1,6254.873,0.102780074,5,1,false,false,4.9310803,2.8661778,12.85083,-0.14776233,0.12742369,3
52.212498,0.30430302,39.23369595981927,-77.97097773925312,0,1,6263.484,0.10447332,5,1,false,false,4.3728476,1.3157432,10.867651,-0.14579694,0.109215625,3
52.228676,0.3045747,39.233703165752914,-77.97097368562375,0,1,6341.242,0.10519904,5,1,false,false,3.9129014,1.1125065,11.139711,-0.14417137,0.08567518,3
52.25172,0.30484647,39.23371037168656,-77.9709696316409,0,1,6322.862,0.10399027,5,1,false,false,4.99504,1.6773012,12.39172,-0.14287724,0.07216532,3
52.276432,0.30511835,39.2337174874567,-77.97096557765805,0,1,6305.48,0.10350582,5,1,false,false,5.2288885,1.3830365,12.008633,-0.14163011,0.07865341,3
52.294636,0.3053903,39.23372469339035,-77.9709615236752,0,1,6353.0557,0.10229704,5,1,false,false,3.6443589,1.1680322,8.066793,-0.1402268,0.08802003,3
52.315704,0.30566236,39.233731899873774,-77.97095746969235,0,1,6383.974,0.1027801,5,1,false,false,3.114397,1.5012523,6.3745513,-0.13874473,0.08776244,3
52.34334,0.30593455,39.233739105807416,-77.97095341606298,0,1,6365.4067,0.106891334,5,1,false,false,4.547811,1.802292,10.943793,-0.13725464,0.09252302,3
52.368393,0.30620685,39.233746311741065,-77.97094947766583,0,1,6357.6064,0.1114866,5,1,false,false,4.8249745,1.2077382,9.81248,-0.13551046,0.11706892,3
52.386063,0.30647922,39.233753517674714,-77.97094542403646,0,1,6402.3096,0.11511387,5,1,false,false,3.9315412,1.2136289,8.335786,-0.1333886,0.13750166,3
52.415375,0.30675173,39.233760813771866,-77.97094148599278,0,1,6429.5312,0.118741594,5,1,false,false,4.282858,2.4583852,8.785495,-0.13101065,0.14599277,3
52.45644,0.30702442,39.233768019705515,-77.97093743200993,0,1,6357.621,0.11995039,5,1,false,false,5.5567074,2.372771,10.034915,-0.1286885,0.13174127,3
52.488514,0.3072973,39.23377531635245,-77.97093349396626,0,1,6316.414,0.120676115,5,1,false,false,5.6428947,1.7505279,10.270611,-0.12658583,0.12083755,3
52.509598,0.3075703,39.2337825222861,-77.97092955592258,0,1,6366.742,0.119225144,5,1,false,false,5.7034054,1.2068148,9.737128,-0.12461383,0.11630673,3
52.529667,0.30784342,39.23378981838325,-77.97092561752542,0,1,6384.7476,0.117048375,5,1,false,false,5.5734806,1.4366186,9.570034,-0.12267969,0.11530658,3
52.55444,0.3081166,39.23379711448041,-77.97092167948175,0,1,6370.093,0.115113884,5,1,false,false,5.395764,1.6484294,9.629789,-0.120758556,0.114735544,3
52.579155,0.30838996,39.23380432041406,-77.97091774143809,0,1,6380.34,0.11148658,5,1,false,false,5.5099106,1.5005419,9.815352,-0.118846014,0.11478488,3
52.602024,0.30866346,39.23381161651121,-77.97091391933358,0,1,6394.859,0.10640782,5,1,false,false,5.3867636,1.4877249,8.824176,-0.11690186,0.11771415,3
52.625668,0.30893704,39.23381891260837,-77.9709099812899,0,1,6399.8867,0.1027801,5,1,false,false,5.4528384,1.5635154,10.062174,-0.1149051,0.12149297,3
52.650707,0.30921078,39.23382629886903,-77.97090615883192,0,1,6404.9854,0.09987807,5,1,false,false,5.5417476,1.6448463,9.904402,-0.11286565,0.12244318,3
52.67593,0.30948466,39.23383359496619,-77.97090233672742,0,1,6405.6353,0.09770271,5,1,false,false,5.5008516,1.5677778,8.952329,-0.11084158,0.12041372,3
52.702545,0.30975863,39.233840891063345,-77.97089851426945,0,1,6405.2925,0.098428,5,1,false,false,5.695085,1.7114017,8.894206,-0.10888525,0.11457307,3
52.728138,0.31003276,39.233848277324014,-77.97089469216495,0,1,6401.53,0.098428,5,1,false,false,6.1076474,1.6082852,10.179452,-0.10700741,0.1118767,3
52.75223,0.31030703,39.23385557342117,-77.97089086970698,0,1,6404.1846,0.10084602,5,1,false,false,6.69704,1.5233687,12.146822,-0.10509861,0.11953208,3
52.774788,0.31058142,39.23386295968184,-77.97088704760247,0,1,6413.4717,0.1013291,5,1,false,false,6.6744957,1.498079,11.688852,-0.102967426,0.13679339,3
52.799255,0.31085595,39.23387025577899,-77.97088322549797,0,1,6421.782,0.10108778,5,1,false,false,6.618254,1.684427,10.785269,-0.10056902,0.15027396,3
52.82673,0.3111306,39.23387764203966,-77.97087951897916,0,1,6412.9087,0.09939505,5,1,false,false,6.418613,1.849662,11.262198,-0.09807623,0.14690153,3
52.8544,0.31140542,39.23388502830032,-77.97087581246036,0,1,6396.5923,0.09746053,5,1,false,false,6.916058,1.7799528,12.576038,-0.09573973,0.13393398,3
52.87898,0.31168035,39.233892414560984,-77.97087210594155,0,1,6397.8584,0.09334927,5,1,false,false,7.294962,1.5348653,12.417464,-0.093624,0.121713415,3
52.89998,0.31195536,39.23389989043538,-77.97086839942276,0,1,6408.656,0.09044724,5,1,false,false,6.8696337,1.4236703,11.927629,-0.091654606,0.11525724,3
52.92128,0.31223056,39.23390727669605,-77.97086469325743,0,1,6417.172,0.08972197,5,1,false,false,7.0673637,1.5103548,13.328986,-0.08977376,0.11252429,3
52.94409,0.3125058,39.233914662956714,-77.9708611026778,0,1,6416.1577,0.08923846,5,1,false,false,7.4112306,1.6008109,12.882771,-0.087926656,0.11157825,3
52.96716,0.3127812,39.233922139380894,-77.97085739615899,0,1,6414.6377,0.09068945,5,1,false,false,7.1717725,1.5620569,12.279631,-0.08607958,0.11042992,3
52.99016,0.3130567,39.23392952564156,-77.97085380557937,0,1,6418.3213,0.09455851,5,1,false,false,6.9416037,1.6340569,12.181123,-0.08428974,0.105204105,3
53.0131,0.31333232,39.233937001515955,-77.97085021499973,0,1,6418.3423,0.09963677,5,1,false,false,6.1994386,1.5961063,10.625429,-0.082619086,0.0935415,3
53.03526,0.31360805,39.23394447794013,-77.9708466244201,0,1,6417.4297,0.10785883,5,1,false,false,6.3166265,1.4828137,10.422569,-0.08119304,0.080702044,3
53.055912,0.31388384,39.23395195436431,-77.97084303384048,0,1,6424.672,0.11632313,5,1,false,false,6.94139,1.3944147,12.807582,-0.07984387,0.085388,3
53.074867,0.31415975,39.2339594302387,-77.97083955884655,0,1,6435.4683,0.12527043,5,1,false,false,6.8751707,1.2428705,12.518641,-0.07828465,0.1028188,3
53.093327,0.31443578,39.23396690666288,-77.97083596826691,0,1,6449.773,0.13445951,5,1,false,false,6.5661454,1.4865565,10.818121,-0.076353714,0.12928885,3
53.11805,0.31471193,39.23397438308705,-77.97083249362646,0,1,6457.773,0.13929607,5,1,false,false,5.4358034,1.790813,8.997776,-0.074125715,0.13259502,3
53.144264,0.31498823,39.233981859511225,-77.97082901863253,0,1,6435.7217,0.14510007,5,1,false,false,4.620251,1.7512486,7.013179,-0.072055615,0.11294012,3
53.167694,0.31526467,39.23398933538562,-77.97082554399208,0,1,6430.1,0.14848554,5,1,false,false,4.5776587,1.4020507,6.0544505,-0.07039621,0.08799099,3
53.18272,0.3155415,39.233996901973306,-77.97082206899815,0,1,6454.545,0.15090404,5,1,false,false,4.327445,0.806813,5.740472,-0.069009766,0.08229308,3
53.191402,0.3158184,39.234004378397486,-77.97081859435768,0,1,6498.6636,0.15501484,5,1,false,false,3.9605227,0.5824701,5.314732,-0.06754509,0.096783765,3
53.201496,0.31609532,39.234011944435395,-77.97081511971723,0,1,6547.7153,0.15840036,5,1,false,false,3.619115,0.8420897,4.2932677,-0.06576187,0.1178139,3
53.21543,0.31637228,39.23401942085957,-77.9708116447233,0,1,6578.804,0.15961008,5,1,false,false,3.2235942,1.0386487,3.4297023,-0.06364769,0.13565399,3
53.233604,0.31664926,39.234026986897476,-77.97080828602202,0,1,6598.2695,0.15888439,5,1,false,false,3.142874,1.2150733,2.9046788,-0.06130119,0.14649674,3
53.253754,0.31692636,39.23403455348516,-77.97080481102809,0,1,6614.006,0.15670812,5,1,false,false,3.764016,1.2708566,4.215741,-0.058778226,0.1581827,3
53.27513,0.31720352,39.23404202990933,-77.97080145197333,0,1,6624.8193,0.15332164,5,1,false,false,4.3658504,1.2301135,4.9398565,-0.055932738,0.1838519,3
53.29752,0.31748074,39.23404959594724,-77.97079809327205,0,1,6637.81,0.14775981,5,1,false,false,5.024063,1.6885232,6.41664,-0.052645843,0.21026708,3
53.33222,0.31775808,39.234057162534924,-77.97079461827812,0,1,6630.207,0.14195679,5,1,false,false,6.279441,2.7943358,8.027909,-0.048946846,0.23126271,3
53.378674,0.31803566,39.23406472857283,-77.97079125957683,0,1,6553.428,0.13373427,5,1,false,false,8.309882,2.7217872,9.865215,-0.04503007,0.23690048,3
53.41886,0.3183134,39.234072295160516,-77.97078801646124,0,1,6489.474,0.12696318,5,1,false,false,7.5952134,2.373564,7.944496,-0.041174956,0.21846604,3
53.446762,0.3185913,39.234079951361934,-77.9707846574065,0,1,6489.539,0.1204339,5,1,false,false,10.681943,1.521973,13.220557,-0.037760787,0.19800597,3
53.485035,0.31914744,39.23409517415104,-77.97077805523615,0.013175266,1,6483.2666,0.11342063,5,1,false,false,10.709052,1.1505562,12.268943,-0.031038301,0.20602292,3
53.505066,0.3194256,39.23410283090223,-77.97077492805974,0.025541523,1,6501.0845,0.11414635,5,1,false,false,11.735421,1.7011242,14.822416,-0.027538674,0.20937474,3
53.521473,0.31970388,39.23411039694013,-77.97077168494415,0.041374955,1,6475.436,0.11245408,5,1,false,false,12.621346,1.0903178,15.036491,-0.024250826,0.18731351,3
53.532307,0.31998226,39.234118053691326,-77.97076855741427,0.05836411,0.9993681,6457.9595,0.11366286,5,1,false,false,12.134795,0.84143645,12.980294,-0.021204708,0.17782615,3
53.536037,0.32026058,39.234125709892744,-77.97076543023786,0.075353265,0.9706527,6472.5176,0.11124436,5,1,false,false,11.486268,0.40374357,14.302133,-0.018494464,0.14779282,3
53.53466,0.32053894,39.23413345625767,-77.97076230306145,0.091071144,0.91320646,6463.1606,0.11269535,5,1,false,false,11.291554,0.22500564,13.340158,-0.016256178,0.12109679,3
53.52982,0.32081726,39.23414111300887,-77.97075929147074,0.102975085,0.8470824,6442.176,0.11245406,5,1,false,false,9.861328,-0.2028082,10.671662,-0.014495401,0.090579465,3
53.516506,0.3210956,39.23414876921028,-77.97075627988002,0.10933157,0.77209544,6441.7163,0.11535516,5,1,false,false,8.763501,-0.7679454,11.462811,-0.013150823,0.07436607,3
53.494625,0.32137373,39.23415651557521,-77.97075326864278,0.11083402,0.7141868,6446.297,0.11970816,5,1,false,false,9.11625,-1.319786,11.824104,-0.011912867,0.07803501,3
53.467075,0.32165182,39.2341641723264,-77.97075037299125,0.111643024,0.6579733,6437.5176,0.12962344,5,1,false,false,8.141704,-1.4749492,10.87008,-0.010452606,0.09931169,3
53.439877,0.32192972,39.23417182852782,-77.97074747733971,0.11037175,0.6130582,6438.765,0.14219809,5,1,false,false,7.3723254,-1.4281961,9.533437,-0.008576709,0.12386336,3
53.412663,0.32220745,39.23417957489274,-77.970744465749,0.11094961,0.57318354,6433.0176,0.15743336,5,1,false,false,7.2248416,-1.5027772,9.434134,-0.006413203,0.13368523,3
53.383568,0.32248506,39.234187231643936,-77.97074168603663,0.10979388,0.54220223,6413.6147,0.1733935,5,1,false,false,6.9877677,-1.6142719,8.20208,-0.0041320333,0.13908605,3
53.351418,0.32276258,39.234194978008865,-77.9707387903851,0.10782915,0.51271623,6404.0215,0.19056284,5,1,false,false,6.7416916,-1.880788,7.430058,-0.00182812,0.13859235,3
53.315365,0.3230399,39.23420263421028,-77.97073589473356,0.10413082,0.46592057,6396.219,0.21232611,5,1,false,false,6.7636814,-2.0772095,7.662867,0.00049600034,0.14362572,3
53.275135,0.32331696,39.23421038112498,-77.97073311466772,0.10020134,0.40412775,6380.796,0.23529759,5,1,false,false,7.443987,-2.3530092,8.214923,0.0029847946,0.1606011,3
53.229244,0.32359385,39.2342180373264,-77.97073033495535,0.09627192,0.34082437,6368.3306,0.2565768,5,1,false,false,8.947762,-2.7971718,10.444834,0.0059237704,0.1995003,3
53.1784,0.32387048,39.234225694077594,-77.97072755524299,0.092920296,0.24660134,6349.0615,0.2805159,5,1,false,false,10.020556,-2.9211671,11.334474,0.009709865,0.2559357,3
53.122684,0.32414684,39.234233440442516,-77.97072489111632,0.09072441,0.16637385,6325.421,0.2984087,5,1,false,false,11.300615,-3.2750306,12.23041,0.014477217,0.3103278,3
53.06005,0.3244229,39.234241096643935,-77.97072222698966,0.08760393,0.04980117,6277.0957,0.32113796,5,1,false,false,12.988427,-3.5961583,11.894219,0.02004239,0.34954798,3
52.993298,0.3246986,39.234248843008864,-77.97071956321646,0.08263435,-5.5879354e-09,6182.1787,0.34193182,5,1,false,false,14.190284,-3.6482337,12.431302,0.026005922,0.35875443,3
52.926178,0.32497397,39.23425649976006,-77.9707168990898,0.07385082,0,6082.9224,0.35208732,5,1,false,false,14.833932,-3.6045182,12.054948,0.031992927,0.35628188,3
52.835567,0.32524893,39.23426415596147,-77.97071446684149,0.06610747,0,6285.135,0.3624838,5,1,false,false,14.664005,-5.964347,11.810228,0.037788894,0.3380166,3
52.74006,0.32552338,39.2342719023264,-77.97071191865399,0.051545333,0,6360.926,0.3682874,5,1,false,false,15.266225,-4.3623996,12.606512,0.043345634,0.3353837,3
52.676315,0.32579744,39.23427955907759,-77.97070948640567,0.04299298,0,6250.405,0.3709467,5,1,false,false,15.096634,-3.032451,11.253144,0.049098555,0.35700178,3
52.618458,0.3260712,39.23428721527901,-77.97070705380388,0.033516012,0,6203.8086,0.37263954,5,1,false,false,14.224108,-3.2448814,9.756344,0.055268414,0.3810816,3
52.54992,0.32634464,39.23429496164393,-77.97070473749473,0.023923505,0,6263.8066,0.3728807,5,1,false,false,14.815637,-3.7821977,11.054195,0.061721414,0.39451978,3
52.484745,0.32661775,39.23430261839513,-77.97070242083211,0.0135219805,0,6251.4814,0.37384832,5,1,false,false,14.4749975,-3.0631387,10.230575,0.068396874,0.4033939,3
52.428104,0.32689062,39.234310274596545,-77.97070022010867,0.0031204582,0,6217.819,0.37505704,5,1,false,false,15.209059,-2.7666125,9.728767,0.07522303,0.41684142,3
52.370205,0.3271632,39.23431793134774,-77.97069801938521,0,0,6227.661,0.3757823,5,1,false,false,15.674729,-2.9433193,10.408263,0.08230182,0.42960852,3
52.31147,0.3274355,39.23432567771266,-77.97069581866177,0,0,6230.8105,0.37771726,5,1,false,false,15.566404,-2.705009,10.13021,0.08947874,0.43094778,3
52.25542,0.32770744,39.23433333391408,-77.9706937338775,0,0,6215.209,0.3803766,5,1,false,false,16.093079,-2.6246967,9.814555,0.09657694,0.41894907,3
52.198784,0.3279791,39.234340990665274,-77.97069176467892,0,0,6208.499,0.38400385,5,1,false,false,16.353994,-2.6658368,9.179202,0.10345473,0.4056787,3
52.141403,0.3282505,39.23434864686669,-77.97068979583382,0,0,6207.3237,0.38642094,5,1,false,false,16.15521,-2.6349356,9.427341,0.11006611,0.3884898,3
52.08506,0.32852134,39.234356303617886,-77.97068782663524,0,0,6197.5254,0.39004773,5,1,false,false,16.21731,-2.5847843,9.3225975,0.1164612,0.38077092,3
52.028694,0.32879153,39.23436404998281,-77.97068597337584,0,0,6187.9316,0.39246625,5,1,false,false,16.727327,-2.5665622,9.723577,0.122782156,0.3805022,3
51.971954,0.32906142,39.23437170618423,-77.97068412046991,0,0,6181.6133,0.39464158,5,1,false,false,16.607546,-2.5668461,9.481345,0.12925096,0.3962123,3
51.914303,0.32933107,39.23437936293542,-77.97068238279621,0,0,6173.7217,0.39826852,5,1,false,false,17.471472,-2.594569,10.202885,0.13599661,0.41431826,3
51.85553,0.32960004,39.23438701913684,-77.97068064547598,0,0,6165.5835,0.40237868,5,1,false,false,18.376675,-2.609322,10.45473,0.1431079,0.43942592,3
51.794968,0.32986867,39.23439476550176,-77.97067902374145,0,0,6159.2476,0.40963235,5,1,false,false,18.832235,-2.6080418,10.431983,0.15061553,0.45979324,3
51.732162,0.33013707,39.234402422252955,-77.97067740271387,0,0,6152.3545,0.41882002,5,1,false,false,20.86739,-2.7051194,12.208741,0.1583927,0.4739142,3
51.666603,0.33040506,39.234410078454374,-77.97067589691852,0,0,6145.6396,0.4328434,5,1,false,false,21.750536,-2.7422085,12.222146,0.16641866,0.48516732,3
51.599564,0.33067262,39.23441773465579,-77.97067439112317,0,0,6137.8013,0.4509765,5,1,false,false,22.584507,-2.7367678,12.927942,0.1745516,0.48976573,3
51.530735,0.33093986,39.23442539140699,-77.97067300126697,0,0,6129.43,0.47104403,5,1,false,false,23.851894,-2.8007882,13.908514,0.18282285,0.50137675,3
51.459427,0.33120674,39.2344330476084,-77.97067172664302,0,0,6121.235,0.49401185,5,1,false,false,24.641508,-2.8065434,13.232277,0.19129162,0.5143335,3
51.388744,0.33147332,39.23444070435959,-77.97067056866518,0,0,6112.294,0.51649666,5,1,false,false,23.665892,-2.7689314,12.037168,0.1999424,0.5193141,3
51.317886,0.33173957,39.23444836056101,-77.97066941068735,0,0,6101.38,0.5413986,5,1,false,false,23.225433,-2.8207934,11.159631,0.2085421,0.5081793,3
51.246784,0.3320055,39.23445601676243,-77.97066825200257,0,0,6092.465,0.5583218,5,1,false,false,22.611887,-2.8185031,11.121281,0.21674758,0.47519177,3
51.17682,0.33227116,39.23446367351362,-77.97066732590308,0,0,6084.729,0.57282686,5,1,false,false,21.912642,-2.7351718,10.162799,0.22444324,0.45134497,3
51.108784,0.33253664,39.234471329715035,-77.97066639909664,0,0,6073.5264,0.58104646,5,1,false,false,21.127024,-2.6883478,10.018892,0.23181878,0.4373374,3
51.04311,0.33280185,39.23447898646623,-77.97066547229021,0,0,6061.946,0.583464,5,1,false,false,18.868738,-2.5599358,8.497575,0.2391439,0.43889976,3
50.978725,0.33306682,39.23448655250414,-77.97066477736212,0,0,6052.6343,0.5844314,5,1,false,false,18.247782,-2.6197457,8.452413,0.24636103,0.42897746,3
50.915173,0.3333318,39.23449420925533,-77.97066396649484,0,0,6042.7896,0.5810466,5,1,false,false,17.968412,-2.5631504,8.713269,0.25353587,0.43402123,3
50.848553,0.33359656,39.23450186545675,-77.97066327156675,0,0,6031.678,0.5776619,5,1,false,false,20.301392,-2.6486664,9.758045,0.26096168,0.46231097,3
50.781555,0.33386108,39.23450943204443,-77.97066269257783,0,0,6023.502,0.5721015,5,1,false,false,20.389658,-2.6406214,10.358749,0.26908696,0.5138878,3
50.711903,0.33412543,39.23451708824585,-77.97066211358892,0,0,6015.1123,0.5665411,5,1,false,false,21.066305,-2.7095327,10.154247,0.2780552,0.55818576,3
50.6397,0.33438978,39.23452465428376,-77.97066164983222,0,0,6006.182,0.5609807,5,1,false,false,21.819305,-2.7635233,10.422134,0.28753182,0.568052,3
50.56506,0.33465382,39.23453222087144,-77.97066130272165,0,0,5998.7925,0.5549372,5,1,false,false,21.90025,-2.7960172,10.2921915,0.296807,0.5392506,3
50.49135,0.33491758,39.23453978745913,-77.97066095490413,0,0,5991.458,0.5513109,5,1,false,false,21.459003,-2.6844997,10.286063,0.30541235,0.49373996,3
50.419304,0.33518136,39.234547443660546,-77.97066072373273,0,0,5980.982,0.5474418,5,1,false,false,21.309711,-2.6082463,9.847365,0.3133154,0.4591898,3
50.347466,0.3354449,39.23455492008472,-77.97066049185439,0,0,5969.7573,0.5452661,5,1,false,false,21.52786,-2.574353,9.958572,0.32082155,0.44949743,3
50.278255,0.3357082,39.234562486397515,-77.97066037591522,0,0,5960.0986,0.5433324,5,1,false,false,20.091444,-2.5317662,9.456144,0.32829458,0.4502833,3
50.20872,0.33597133,39.23457005271031,-77.97066025997604,0,0,5949.075,0.54163986,5,1,false,false,20.437508,-2.5615387,9.464741,0.33584508,0.45997313,3
50.13824,0.33623445,39.234577619023106,-77.97066025997604,0,0,5939.681,0.54139835,5,1,false,false,20.373077,-2.5668554,9.226374,0.3436861,0.48089275,3
50.06619,0.33649734,39.23458509517239,-77.97066037591522,0,0,5932.2583,0.5397058,5,1,false,false,21.461353,-2.6378562,10.789748,0.35179403,0.4948984,3
49.98865,0.33675987,39.23459266148519,-77.97066049185439,0,0,5926.2393,0.5389804,5,1,false,false,24.639732,-2.710145,13.092985,0.36039382,0.54105896,3
49.907284,0.33702233,39.23460013790936,-77.97066072373273,0,0,5918.9365,0.53777164,5,1,false,false,25.896105,-2.8207564,13.294977,0.36992764,0.5943848,3
49.82431,0.33728445,39.234607614058646,-77.97066095490413,0,0,5911.3525,0.5368046,5,1,false,false,24.926573,-2.7789524,12.3371105,0.38009158,0.61228687,3
49.741863,0.33754623,39.234615090482826,-77.97066141866082,0,0,5903.339,0.5372885,5,1,false,false,24.24066,-2.8158417,11.534404,0.3902273,0.5889735,3
49.658646,0.3378077,39.2346224764686,-77.97066188171057,0,0,5894.2354,0.5372886,5,1,false,false,23.66995,-2.8239536,11.041105,0.39945465,0.50659937,3
49.579094,0.3380691,39.234629952892774,-77.97066234476031,0,0,5887.089,0.5404311,5,1,false,false,21.974146,-2.5481358,10.568157,0.40706593,0.41464776,3
49.504448,0.3383302,39.234637339153444,-77.97066292445618,0,0,5875.2314,0.54357415,5,1,false,false,21.221996,-2.5019019,9.918751,0.4133682,0.34954995,3
49.434593,0.33859098,39.23464481530273,-77.97066361938427,0,0,5860.7534,0.55131084,5,1,false,false,18.634607,-2.3451648,8.649453,0.41885975,0.32398587,3
49.36823,0.33885148,39.23465220156339,-77.97066431431236,0,0,5849.0103,0.56243175,5,1,false,false,19.900784,-2.3779402,8.105678,0.42433235,0.3511141,3
49.300236,0.33911145,39.23465958782406,-77.97066512517964,0,0,5837.8447,0.57379425,5,1,false,false,20.374197,-2.2872047,10.087794,0.43085665,0.43744993,3
49.22989,0.33937114,39.234666883921214,-77.97066605127912,0,0,5825.5684,0.59168386,5,1,false,false,20.64964,-2.504201,9.501715,0.4388485,0.51454175,3
49.15755,0.33963045,39.23467426990699,-77.97066686214639,0,0,5818.919,0.6073979,5,1,false,false,21.17106,-2.5674326,11.120286,0.44783592,0.5563589,3
49.07893,0.339889,39.23468156600415,-77.970667904892,0,0,5812.0635,0.6293974,5,1,false,false,22.703825,-2.7470033,10.721523,0.4572951,0.566263,3
48.996967,0.3401469,39.23468895226481,-77.97066894693066,0,0,5804.5645,0.6511543,5,1,false,false,24.95421,-2.7552052,13.637933,0.4666816,0.5602812,3
48.910435,0.34040436,39.23469624836197,-77.97067010561544,0,0,5795.2056,0.66928506,5,1,false,false,26.500528,-2.8028579,13.507073,0.4760819,0.56608945,3
48.82202,0.34066132,39.23470345457051,-77.97067126359327,0,0,5786.3613,0.69200885,5,1,false,false,26.750042,-2.8459764,13.240233,0.48559287,0.57031524,3
48.73243,0.34091732,39.23471075066766,-77.97067265344945,0,0,5778.3145,0.7074802,5,1,false,false,26.978432,-2.851285,14.451604,0.4951449,0.5723765,3
48.640495,0.34117284,39.23471795660131,-77.97067392736648,0,0,5768.4297,0.725852,5,1,false,false,27.765776,-2.935705,13.922611,0.5046965,0.570316,3
48.54876,0.3414278,39.234725162809845,-77.97067543316183,0,0,5759.5093,0.74349767,5,1,false,false,28.573557,-2.9304059,15.834725,0.5142288,0.57516325,3
48.455696,0.34168214,39.234732368743494,-77.97067693895718,0,0,5748.6606,0.75727713,5,1,false,false,27.070957,-2.8397784,13.59646,0.5239624,0.58738005,3
48.36307,0.34193572,39.23473948478852,-77.97067867663088,0,0,5737.11,0.77250516,5,1,false,false,28.393583,-3.036856,14.088802,0.53392446,0.60116404,3
48.27096,0.34218875,39.23474660055865,-77.97068029836541,0,0,5728.959,0.78531694,5,1,false,false,26.693073,-2.8617656,14.418948,0.54390806,0.58853537,3
48.178818,0.34244132,39.23475371660368,-77.97068215127133,0,0,5718.258,0.7986118,5,1,false,false,26.196226,-2.8620815,12.704423,0.5535346,0.5600218,3
48.08963,0.34269318,39.2347608326487,-77.97068400453074,0,0,5706.4995,0.8123896,5,1,false,false,25.84986,-2.8179803,12.634371,0.5626676,0.5319429,3
48.00124,0.34294444,39.234767858530226,-77.97068597337584,0,0,5694.817,0.82665133,5,1,false,false,25.322197,-2.7425232,12.643389,0.57120174,0.49356613,3
47.91211,0.34319523,39.23477488441174,-77.97068805851359,0,0,5683.851,0.83849514,5,1,false,false,25.332458,-2.842088,13.670771,0.5793203,0.47654748,3
47.82286,0.34344554,39.23478191029326,-77.97069014329786,0,0,5674.6343,0.8558989,5,1,false,false,26.202408,-2.88828,13.375334,0.58723253,0.47708276,3
47.736,0.3436952,39.23478884601126,-77.97069234402132,0,0,5665.4756,0.87209386,5,1,false,false,23.58854,-2.7249699,12.387257,0.5952006,0.47162357,3
47.650085,0.34394434,39.23479578200416,-77.97069454474476,0,0,5653.596,0.8894968,5,1,false,false,23.673838,-2.8233633,12.3618965,0.60308576,0.46583304,3
47.56343,0.344193,39.23480271772217,-77.97069686105391,0,0,5644.159,0.90351564,5,1,false,false,24.174152,-2.8482409,12.121199,0.6107602,0.45152855,3
47.47804,0.34444126,39.23480956355155,-77.9706992936557,0,0,5635.8013,0.91922665,5,1,false,false,23.350468,-2.753097,11.39557,0.6179528,0.41165414,3
47.39451,0.344689,39.23481640910605,-77.97070172590402,0,0,5625.5327,0.9279273,5,1,false,false,23.056177,-2.7404292,11.811906,0.6246437,0.39030778,3
47.309982,0.34493628,39.234823254935435,-77.9707042740915,0,0,5614.4727,0.9332453,5,1,false,false,23.32916,-2.787101,12.446896,0.6311374,0.3889814,3
47.22843,0.34518313,39.234830100764825,-77.970706822279,0,0.11977868,5629.835,0.9291357,5,1,false,false,22.171883,-2.711619,11.457355,0.63759804,0.38542342,3
47.14968,0.3454296,39.234836856430704,-77.97070948640567,0,0.32388484,5703.1416,0.92019296,5,1,false,false,22.15284,-2.2580678,11.650147,0.6442504,0.40876067,3
47.07826,0.3456757,39.234843612096576,-77.97071226611803,0,0.57108724,5926.246,0.8974723,5,1,false,false,22.404293,-2.1811867,11.179654,0.6510817,0.4118073,3
47.02712,0.34592143,39.234850277598945,-77.9707150458304,0,0.75153375,5890.3315,0.8706434,5,1,false,false,20.446842,0.52208185,10.825623,0.6578003,0.39337358,3
47.032246,0.3461671,39.234857033264824,-77.97071794148194,0,0.90146124,5622.345,0.8375288,5,1,false,false,20.614656,2.6527188,10.96171,0.66440094,0.39525583,3
47.029953,0.346413,39.23486369876719,-77.97072083713347,0,0.9999999,5782.6265,0.7998198,5,1,false,false,17.783346,0.9945091,9.073694,0.67073613,0.35127178,3
47.018173,0.34665883,39.23487036454445,-77.97072373278502,0,1,5826.9785,0.7688795,5,1,false,false,16.994864,1.3189507,9.222782,0.6761228,0.29832265,3
47.021935,0.3469047,39.23487703004682,-77.97072674437572,0,1,5745.3467,0.729236,5,1,false,false,17.406918,2.1800153,9.065886,0.68093365,0.28093502,3
47.025124,0.34715056,39.23488360566056,-77.97072987155214,0,1,5778.063,0.6949099,5,1,false,false,17.00734,1.4098194,9.160084,0.6854987,0.2741288,3
47.02023,0.34739688,39.23489027116293,-77.97073299908202,0,1,5817.2153,0.66372514,5,1,false,false,17.255764,1.3985884,8.851488,0.6903075,0.3063274,3
47.025925,0.3476432,39.23489684677668,-77.97073612625843,0,1,5801.6074,0.6431763,5,1,false,false,16.670044,1.9851823,8.788982,0.6955123,0.3156668,3
47.03582,0.34788954,39.234903422115536,-77.97073936937402,0,1,5786.828,0.6354406,5,1,false,false,14.869581,2.101208,7.8579273,0.70074975,0.3071257,3
47.048912,0.34813592,39.23490999772928,-77.97074272842877,0,1,5791.3594,0.6284301,5,1,false,false,15.223859,2.1495993,7.768248,0.7055688,0.26792285,3
47.058743,0.34838307,39.23491657334303,-77.97074597154436,0,1,5774.4404,0.63229835,5,1,false,false,14.164074,1.7762804,7.0667048,0.709664,0.23293948,3
47.069084,0.34863013,39.23492314868189,-77.97074933024564,0,1,5784.809,0.638584,5,1,false,false,12.755106,1.7675741,6.3839445,0.7132939,0.20663312,3
47.077213,0.34887725,39.23492972429563,-77.97075280523957,0,1,5812.337,0.65308833,5,1,false,false,11.631495,1.5401934,5.5590277,0.71651345,0.18699901,3
47.083763,0.3491243,39.234936209745875,-77.97075627988002,0,1,5827.9473,0.66928506,5,1,false,false,14.83507,1.4586731,8.369667,0.7196696,0.20840685,3
47.080143,0.34937108,39.23494278508473,-77.97075975487395,0,1,5841.533,0.69490993,5,1,false,false,19.460709,1.1058109,12.197166,0.7238937,0.31606868,3
47.07147,0.34961772,39.23494927053497,-77.97076322951442,0,1,5867.4575,0.7219838,5,1,false,false,19.93008,1.0078182,11.399689,0.73045254,0.4681807,3
47.069454,0.34986433,39.234955755985204,-77.97076693603321,0,1,5884.486,0.7437394,5,1,false,false,23.174965,2.069526,13.425787,0.7394734,0.5987028,3
47.083115,0.3501108,39.23496224143545,-77.97077052661284,0,1,5833.4937,0.7611442,5,1,false,false,20.576971,2.961108,11.800762,0.749772,0.59926265,3
47.102795,0.35035712,39.23496863699706,-77.97077434871734,0,1,5751.385,0.7720221,5,1,false,false,22.003458,2.8341386,12.292925,0.75905347,0.50362974,3
47.110863,0.35060346,39.234975122447295,-77.97077805523615,0,1,5722.1772,0.77879,5,1,false,false,22.28121,2.0843575,13.1031,0.7665923,0.40165856,3
47.110664,0.3508498,39.23498151773403,-77.97078199327983,0,1,5734.6396,0.78144896,5,1,false,false,20.896486,1.3811457,11.833783,0.7723995,0.303723,3
47.10081,0.35109589,39.23498782285724,-77.9707859313235,0,1,5748.338,0.7812075,5,1,false,false,21.930693,1.0996519,13.512703,0.777435,0.3130762,3
47.09185,0.3513418,39.23499421841886,-77.97078986936718,0,1,5773.0146,0.7807237,5,1,false,false,21.842909,1.100248,12.867048,0.7829704,0.35783747,3
47.08527,0.35158762,39.235000523542084,-77.97079392335003,0,1,5790.0996,0.77927387,5,1,false,false,19.814379,1.1710722,10.622581,0.7894043,0.40893635,3
47.085884,0.3518334,39.235006828940186,-77.97079809327205,0,1,5799.571,0.77709854,5,1,false,false,18.613087,1.8071897,9.933233,0.79653,0.43387076,3
47.09438,0.352079,39.235013134338296,-77.97080226284059,0,1,5784.4946,0.7741976,5,1,false,false,18.160528,2.0791416,9.571612,0.80372334,0.42195398,3
47.10343,0.35232455,39.23501934929801,-77.97080643276261,0,1,5757.6714,0.7698463,5,1,false,false,17.698391,1.9202788,9.307036,0.81055444,0.3970247,3
47.10868,0.35257015,39.235025564532606,-77.97081071827033,0,1,5764.924,0.7654952,5,1,false,false,17.178005,1.6544057,9.206749,0.81702816,0.37970498,3
47.110683,0.3528157,39.235031779767205,-77.97081511971723,0,1,5779.771,0.760903,5,1,false,false,17.33094,1.5543141,9.912124,0.8233242,0.37757668,3
47.11309,0.35306105,39.2350379950018,-77.97081940522494,0,1,5782.2524,0.75751793,5,1,false,false,18.460766,1.5968115,11.406418,0.8297219,0.3913154,3
47.1144,0.35330638,39.235044210236396,-77.97082392225754,0,1,5784.3535,0.7541343,5,1,false,false,19.624413,1.5623101,12.160509,0.8364835,0.4186331,3
47.114563,0.35355172,39.235050335307484,-77.97082832370444,0,1,5790.3276,0.74857414,5,1,false,false,19.998468,1.5479994,11.586801,0.8437295,0.44569346,3
47.113533,0.353797,39.23505646065347,-77.9708329566762,0,1,5792.197,0.7418058,5,1,false,false,21.565456,1.4613967,12.906903,0.85138476,0.47375906,3
47.11215,0.3540421,39.235062495561046,-77.97083747406226,0,1,5788.8994,0.7316533,5,1,false,false,22.016981,1.6075876,12.062829,0.8595945,0.50639176,3
47.11115,0.35428718,39.235068620632134,-77.97084222297322,0,1,5780.8057,0.7217422,5,1,false,false,22.010569,1.5780885,13.252941,0.8681402,0.5174382,3
47.110138,0.35453227,39.2350746558146,-77.97084685594498,0,1,5781.353,0.7057876,5,1,false,false,19.989101,1.7041553,11.740169,0.8767252,0.50261647,3
47.116783,0.35477734,39.235080690997066,-77.9708517207951,0,1,5781.658,0.69176716,5,1,false,false,18.631104,1.9797889,10.324464,0.88459957,0.4365959,3
47.12554,0.35502237,39.23508663574114,-77.97085646935255,0,1,5758.325,0.66952693,5,1,false,false,18.207045,2.0540078,9.7545395,0.8912828,0.37250212,3
47.132557,0.3552674,39.235092580760096,-77.97086133420267,0,1,5749.573,0.65139556,5,1,false,false,18.3087,1.8238032,10.074423,0.89704365,0.32808092,3
47.13265,0.3555125,39.23509852577905,-77.97086631463849,0,1,5763.7305,0.6407598,5,1,false,false,17.715944,1.3743935,9.895518,0.9023756,0.32229066,3
47.13019,0.35575756,39.235104470798014,-77.97087129507429,0,1,5790.4106,0.6293973,5,1,false,false,17.309101,1.3882551,9.604278,0.9078908,0.34362987,3
47.130264,0.3560026,39.23511041581697,-77.97087627586357,0,1,5806.6304,0.62383723,5,1,false,false,17.826591,1.599312,10.044626,0.91382855,0.37241217,3
47.13504,0.35624763,39.23511627067242,-77.97088137223857,0,1,5805.7925,0.6158594,5,1,false,false,17.206167,1.8692904,9.6941595,0.920228,0.39338982,3
47.141773,0.3564927,39.23512212552787,-77.97088646861354,0,1,5800.431,0.60643053,5,1,false,false,17.726023,1.8741808,10.097243,0.9269096,0.4074358,3
47.14687,0.35673788,39.235127890494695,-77.97089168057424,0,1,5797.207,0.5914426,5,1,false,false,18.254864,1.8888638,10.993119,0.9338622,0.42431334,3
47.152702,0.3569831,39.23513374535015,-77.97089689288839,0,1,5793.069,0.5754862,5,1,false,false,17.957193,1.8591949,10.325861,0.9409926,0.4264754,3
47.158077,0.3572283,39.235139510316976,-77.97090210484907,0,1,5788.195,0.55396974,5,1,false,false,18.010038,1.9002824,10.482229,0.94807035,0.4192721,3
47.1634,0.35747352,39.23514518484541,-77.97090743310241,0,1,5785.4575,0.5293103,5,1,false,false,19.354826,2.0379896,12.236737,0.95503014,0.41283944,3
47.166138,0.35771897,39.23515094981224,-77.97091276100227,0,1,5771.996,0.50392497,5,1,false,false,20.359495,1.8136592,13.186851,0.96193916,0.41614148,3
47.16672,0.3579644,39.235156624615556,-77.9709182048413,0,1,5772.7637,0.47878075,5,1,false,false,19.121103,1.6931705,11.513467,0.96895033,0.42127,3
47.168266,0.35820982,39.235162299418874,-77.97092364868033,0,1,5790.3047,0.4514605,5,1,false,false,18.46561,1.7912524,11.274726,0.9759125,0.4100387,3
47.175106,0.3584553,39.23516788405868,-77.97092920810506,0,1,5784.2456,0.4265572,5,1,false,false,18.618052,2.1881332,11.242904,0.98251736,0.37664124,3
47.18478,0.3587011,39.235173558862,-77.97093476788326,0,1,5761.1304,0.39899376,5,1,false,false,17.0512,2.0481448,9.852797,0.98839563,0.32803866,3
47.1923,0.35894692,39.2351790533383,-77.97094032766147,0,1,5768.96,0.37070447,5,1,false,false,15.442434,1.8040237,8.5488405,0.99350846,0.28575376,3
47.197765,0.35919276,39.23518463797811,-77.97094600302538,0,1,5791.095,0.3416905,5,1,false,false,15.595131,1.7082784,8.982659,0.9980855,0.2647629,3
47.204693,0.35943872,39.2351901327293,-77.97095167838927,0,1,5792.934,0.3134003,5,1,false,false,14.179551,1.6407173,8.344352,1.0023952,0.25581658,3
47.212593,0.35968503,39.23519571736911,-77.97095735410664,0,1,5805.8643,0.29188022,5,1,false,false,13.054939,1.606848,7.5235243,1.0066433,0.25803927,3
47.223675,0.35993135,39.23520112195679,-77.97096314540973,0,1,5831.1953,0.26624888,5,1,false,false,12.961962,1.910104,7.4841623,1.0109239,0.2558868,3
47.239136,0.36017773,39.23520661643309,-77.97096893671281,0,1,5828.665,0.25149894,5,1,false,false,12.219831,2.0771441,6.790193,1.0150365,0.23877046,3
47.258255,0.36042407,39.235212111184275,-77.97097484360158,0,1,5822.9434,0.23336351,5,1,false,false,10.433952,2.3018992,5.860331,1.0188469,0.21360812,3
47.27806,0.36067033,39.23521751549707,-77.97098063490466,0,1,5826.8125,0.22490019,5,1,false,false,10.322255,2.1446333,5.635239,1.0221221,0.18223527,3
47.294548,0.36091673,39.23522292008475,-77.9709865421469,0,1,5830.1157,0.2186131,5,1,false,false,9.689421,1.9377081,5.354042,1.024993,0.16758686,3
47.308907,0.36116317,39.23522832467243,-77.97099244938916,0,1,5844.1196,0.21861313,5,1,false,false,10.322955,1.6240845,5.9138966,1.0276707,0.16577055,3
47.32155,0.3614097,39.23523372926011,-77.97099835627793,0,1,5869.434,0.21595238,5,1,false,false,9.126051,1.5069445,5.4505234,1.0304741,0.17402956,3
47.335747,0.3616562,39.235239133847784,-77.97100437945936,0,1,5892.174,0.21377705,5,1,false,false,8.435391,1.6476587,4.7154264,1.0335132,0.18995868,3
47.352013,0.3619028,39.235244448271956,-77.97101028634813,0,1,5904.7256,0.20918183,5,1,false,false,9.355751,1.9589435,5.516466,1.0366963,0.19812703,3
47.37317,0.3621495,39.23524985285964,-77.97101630952956,0,1,5913.7236,0.20410353,5,1,false,false,8.9619,1.9870057,5.1196523,1.039933,0.19339378,3
47.39706,0.3623963,39.2352551672838,-77.9710223323575,0,1,5907.688,0.19733348,5,1,false,false,9.772504,2.232259,6.529849,1.0432343,0.20197439,3
47.418774,0.36264312,39.235260481707975,-77.97102847112463,0,1,5899.997,0.1929804,5,1,false,false,9.725524,2.2592838,5.6534057,1.0467494,0.21932943,3
47.44184,0.3628901,39.23526579613215,-77.97103449430605,0,1,5902.026,0.19056286,5,1,false,false,10.724874,2.008063,6.4649906,1.0503819,0.2237219,3
47.463657,0.3631372,39.23527111055632,-77.97104063307317,0,1,5897.8486,0.19056286,5,1,false,false,11.264238,2.0854378,6.773895,1.0540676,0.2194541,3
47.48489,0.3633843,39.23527642498048,-77.97104677184029,0,1,5896.106,0.19152944,5,1,false,false,10.97979,1.8972281,6.8222694,1.057676,0.21320173,3
47.50232,0.3636315,39.23528164951603,-77.97105302619312,0,1,5905.127,0.19564018,5,1,false,false,11.268912,1.9014617,7.7145233,1.0612655,0.21889961,3
47.521618,0.3638788,39.235286873776694,-77.97105916496024,0,1,5920.516,0.19950975,5,1,false,false,12.247416,2.0319576,8.691306,1.0650167,0.2317117,3
47.542618,0.36412612,39.235292098037355,-77.97106541966653,0,1,5912.4595,0.20386223,5,1,false,false,12.200014,2.3245957,8.464143,1.0690075,0.24565987,3
47.568684,0.3643736,39.235297322572904,-77.97107167437282,0,1,5900.395,0.20773081,5,1,false,false,11.919079,2.575135,7.8050795,1.0731206,0.2434882,3
47.595657,0.3646211,39.235302546833566,-77.97107804466482,0,1,5884.9043,0.20579678,5,1,false,false,12.349503,2.5000982,8.123454,1.0769906,0.22192907,3
47.6255,0.3648688,39.235307681205605,-77.97108441531029,0,1,5864.214,0.20241174,5,1,false,false,11.934782,2.5797074,7.763298,1.080441,0.19080712,3
47.65396,0.36511663,39.235312905741154,-77.97109078560229,0,1,5840.167,0.19056289,5,1,false,false,12.153674,2.344289,7.4033046,1.083333,0.1572236,3
47.675556,0.36536458,39.235318039838305,-77.97109715589428,0,1,5841.4863,0.18137379,5,1,false,false,11.53077,2.072433,8.063516,1.0858618,0.14395739,3
47.69343,0.36561257,39.23532308404684,-77.97110352653975,0,1,5856.3203,0.16444619,5,1,false,false,12.551563,1.9396079,9.189076,1.0883064,0.1509583,3
47.711166,0.36586067,39.23532821841888,-77.97111001277092,0,1,5858.5654,0.14872736,5,1,false,false,12.365575,1.7467896,9.649228,1.090919,0.16781245,3
47.732243,0.3661089,39.23533335279092,-77.97111649900208,0,1,5869.701,0.12502913,5,1,false,false,11.958413,1.8969743,8.749401,1.09382,0.179992,3
47.75647,0.36635715,39.235338396999445,-77.97112310117242,0,1,5873.8438,0.09552601,5,1,false,false,11.273198,2.3489888,8.603144,1.0968785,0.18081029,3
47.783672,0.36660555,39.23534344120798,-77.9711295874036,0,1,5858.45,0.060943156,5,1,false,false,10.347259,2.301682,8.6930065,1.0997915,0.16518387,3
47.812874,0.3668541,39.23534848541651,-77.97113618957394,0,1,5847.281,0.029020108,5,1,false,false,10.554401,2.2364402,7.659624,1.1023209,0.13902833,3
47.83901,0.36710277,39.23535343973642,-77.9711427913908,0,1,5846.999,-0.0065297578,5,1,false,false,10.8036,2.0533757,9.910027,1.1044445,0.11717768,3
47.863087,0.36735162,39.23535848394495,-77.97114939356115,0,1,5851.522,-0.040388733,5,1,false,false,10.008989,1.9836434,9.636287,1.1062948,0.10432501,3
47.88907,0.36760056,39.23536343798997,-77.97115611167065,0,1,5858.7153,-0.06820239,5,1,false,false,9.051959,2.0690105,9.293014,1.1079192,0.08825058,3
47.91932,0.36784962,39.23536839203499,-77.9711628294267,0,1,5856.5503,-0.091904804,5,1,false,false,8.765184,2.4402363,9.846192,1.109102,0.053178795,3
47.951206,0.36809888,39.235373346354905,-77.97116943159703,0,1,5836.9277,-0.10714153,5,1,false,false,8.65433,2.4131374,12.341401,1.1096231,0.010046993,3
47.981403,0.36834833,39.23537830039992,-77.97117626529226,0,1,5830.7773,-0.117542185,5,1,false,false,8.298606,2.228072,13.598711,1.1094817,-0.025927767,3
48.008236,0.3685979,39.235383254719835,-77.9711829830483,0,1,5841.8853,-0.11923493,5,1,false,false,6.875036,1.9208462,11.026153,1.1088303,-0.049094528,3
48.038692,0.36884764,39.23538811860134,-77.97118970115781,0,1,5848.5493,-0.11367222,5,1,false,false,5.703116,2.1924772,10.346582,1.1077386,-0.079373136,3
48.070164,0.36909753,39.235393072921255,-77.97119653485302,0,1,5834.599,-0.10423951,5,1,false,false,5.624482,2.1777346,11.3315325,1.1061468,-0.10755089,3
48.103794,0.36934766,39.23539793680276,-77.97120336854823,0,1,5824.11,-0.089001834,5,1,false,false,4.6346846,1.8569773,11.784752,1.1041766,-0.12940843,3
48.129955,0.36959785,39.235402891122675,-77.97121020224346,0,1,5833.878,-0.07158886,5,1,false,false,3.3751059,1.8281024,9.496731,1.10196,-0.1336675,3
48.156025,0.36984828,39.23540775527908,-77.97121703593866,0,1,5859.8755,-0.04982143,5,1,false,false,2.9768448,1.9185784,10.263472,1.0997307,-0.12990034,3
48.18569,0.37009886,39.235412709324095,-77.97122386963387,0,1,5862.013,-0.025878672,5,1,false,false,2.2235863,2.0608804,11.938544,1.0976607,-0.11922778,3
48.216015,0.37034962,39.2354175734805,-77.97123070368256,0,1,5856.726,-0.0038699685,5,1,false,false,2.0447881,1.8304813,10.992687,1.0958276,-0.09911916,3
48.246082,0.3706005,39.23542243736201,-77.97123753737777,0,1,5876.3306,0.017413,5,1,false,false,1.3531982,2.2714746,9.547563,1.0943159,-0.082796894,3
48.2765,0.37085164,39.23542739168192,-77.97124437107298,0,1,5877.909,0.041596107,5,1,false,false,1.0928957,2.0365741,9.517142,1.0930634,-0.06698162,3
48.313286,0.371103,39.23543225583832,-77.97125132070738,0,1,5863.587,0.06505442,5,1,false,false,1.083923,2.427524,10.404579,1.0921448,-0.04304716,3
48.339153,0.3713545,39.235437209883344,-77.97125815440259,0,1,5854.6523,0.08681947,5,1,false,false,2.2026768,1.7962177,12.204665,1.091602,-0.01901343,3
48.367023,0.3716061,39.23544207403974,-77.9712649880978,0,1,5888.251,0.10350583,5,1,false,false,0.9755107,1.5693074,8.664621,1.0915686,0.008927128,3
48.397755,0.37185815,39.23544693792125,-77.97127193773218,0,1,5891.4175,0.12575443,5,1,false,false,0.69359726,2.1072903,6.2814507,1.091825,0.02238027,3
48.434204,0.37211037,39.235451892241166,-77.9712788870131,0,1,5867.3574,0.13953829,5,1,false,false,0.86640984,2.5474174,4.071735,1.0923138,0.03601931,3
48.465897,0.3723628,39.23545675639756,-77.97128572070832,0,1,5855.839,0.14510009,5,1,false,false,1.3435993,1.7163657,4.04544,1.0930002,0.04739661,3
48.48169,0.37261537,39.235461710442586,-77.9712926703427,0,1,5880.7935,0.14534226,5,1,false,false,1.398524,0.569666,6.2876244,1.0939462,0.064055786,3
48.476437,0.3728681,39.23546657459899,-77.97129961997709,0,1,5984.1875,0.14074704,5,1,false,false,1.753147,-0.3218106,7.725136,1.0951632,0.08319951,3
48.4791,0.3731208,39.235471438480495,-77.9713064536723,0,1,6107.884,0.13059095,5,1,false,false,1.9640305,0.673131,5.7682123,1.0967238,0.10640251,3
48.49523,0.37337357,39.23547639280041,-77.9713134033067,0,1,6138.7686,0.1155974,5,1,false,false,1.4118978,1.8357227,7.4727154,1.0987115,0.12827899,3
48.54244,0.37362656,39.235481256681915,-77.97132035294108,0,1,6117.7676,0.09383277,5,1,false,false,1.4339129,3.7472856,4.741642,1.1010076,0.14160495,3
48.61395,0.37387985,39.23548621100183,-77.97132730257546,0,1,6005.4897,0.067956425,5,1,false,false,2.0186424,3.7785013,6.47463,1.1032752,0.12945572,3
48.667877,0.37413344,39.23549107515823,-77.97133425185638,0,1,5901.077,0.050785657,5,1,false,false,1.7997638,3.338652,6.506736,1.1053318,0.11410734,3
48.704735,0.37438735,39.23549593903974,-77.97134120149076,0,1,5922.655,0.033857092,5,1,false,false,2.259639,1.2864169,7.3535366,1.1070687,0.09453154,3
48.728073,0.37464142,39.23550089335965,-77.97134815112516,0,1,5955.8516,0.02007278,5,1,false,false,2.961494,2.0563183,9.341506,1.1085825,0.08914251,3
48.75171,0.37489566,39.235505757241164,-77.97135521634523,0,1,5963.5933,0.010156568,5,1,false,false,2.5177999,1.6271639,8.271199,1.1099434,0.07499784,3
48.781116,0.37515,39.23551071156107,-77.97136216597963,0,1,5980.157,-0.001210185,5,1,false,false,1.8455988,1.638799,8.266825,1.1112089,0.07110945,3
48.817783,0.37540454,39.23551557571747,-77.97136923155318,0,1,5988.722,-0.0067719817,5,1,false,false,2.4262056,2.397679,9.893868,1.1122926,0.058901705,3
48.852673,0.3756593,39.23552052976249,-77.97137618118757,0,1,5962.205,-0.008949191,5,1,false,false,2.385769,2.4033046,8.150151,1.1131456,0.045452338,3
48.883556,0.37591422,39.23552539391889,-77.97138324640765,0,1,5965.8516,-0.007981231,5,1,false,false,2.584496,1.927171,11.305609,1.1137253,0.02835291,3
48.919407,0.37616938,39.235530257800406,-77.97139019604204,0,1,5982.419,-0.00507922,5,1,false,false,3.6875944,2.3523724,13.9699335,1.1141766,0.028241096,3
48.95654,0.3764247,39.23553521212031,-77.97139726126213,0,1,5947.562,0.0016927621,5,1,false,false,3.377221,2.2452576,12.189099,1.1145185,0.017723255,3
48.99007,0.37668028,39.235540076001826,-77.97140432683568,0,1,5937.224,0.00991528,5,1,false,false,2.579568,2.2497103,10.420616,1.1146907,0.005848064,3
49.02594,0.37693602,39.23554494015823,-77.97141139205577,0,1,5948.6055,0.02031501,5,1,false,false,2.653368,2.12289,10.144743,1.1145744,-0.017154977,3
49.053894,0.37719196,39.23554980431463,-77.97141845762933,0,1,5922.8135,0.028537532,5,1,false,false,2.0983539,1.8989849,7.397006,1.114121,-0.034847792,3
49.07946,0.37744805,39.23555475835965,-77.97142552284942,0,1,5934.034,0.03893632,5,1,false,false,2.380076,1.4242399,9.747515,1.1134857,-0.03940978,3
49.09781,0.37770426,39.23555962251605,-77.97143270400868,0,1,5967.153,0.04377239,5,1,false,false,1.7843815,1.0346916,8.373812,1.1129478,-0.027915968,3
49.11619,0.3779606,39.235564486672445,-77.97143976958223,0,1,6000.852,0.041354816,5,1,false,false,1.1637948,1.0534248,4.6480203,1.1126217,-0.014296793,3
49.13459,0.37821698,39.23556935055396,-77.97144683480232,0,1,6041.0293,0.031197317,5,1,false,false,0.571901,1.5097785,5.1792755,1.1124974,-0.005265808,3
49.161297,0.37847355,39.23557430487387,-77.97145401631505,0,1,6056.1387,0.0082225185,5,1,false,false,0.5012584,1.6147323,11.406948,1.1124486,-0.003533403,3
49.18348,0.3787303,39.23557916903027,-77.97146108153514,0,1,6044.8037,-0.015478949,5,1,false,false,0.31922987,0.9322399,11.515111,1.1124614,0.0038019442,3
49.209927,0.3789871,39.23558403291178,-77.9714682626944,0,1,6109.6206,-0.04885441,5,1,false,false,-0.21492103,2.382999,8.235562,1.1124431,-0.00414471,3
49.26301,0.37924412,39.235588987231694,-77.97147532826796,0,1,6089.0596,-0.07884435,5,1,false,false,-0.73248434,3.8450892,6.818852,1.1121927,-0.022654768,3
49.324482,0.37950152,39.2355938511132,-77.97148250942722,0,1,5936.816,-0.101821,5,1,false,false,-0.4463386,3.2610006,6.8148093,1.1116773,-0.03726491,3
49.36192,0.37975916,39.23559880543311,-77.97148957464731,0,1,5905.2915,-0.121654384,5,1,false,false,-1.2849944,1.5217215,11.8216505,1.1109617,-0.05322172,3
49.378185,0.38001692,39.235603669589516,-77.97149675580657,0,1,5991.788,-0.13931055,5,1,false,false,-2.1339445,0.72717464,12.832199,1.1099633,-0.07126124,3
49.389935,0.3802748,39.23560862363453,-77.97150382138013,0,1,6036.9575,-0.14874226,5,1,false,false,-2.290442,0.97323906,9.400244,1.1085219,-0.09970598,3
49.420166,0.38053277,39.235613487790935,-77.97151100253939,0,1,6060.2007,-0.15140305,5,1,false,false,-2.8814125,2.4488547,9.963767,1.1066217,-0.12758574,3
49.461098,0.38079092,39.23561844183595,-77.97151818369865,0,1,6021.7847,-0.1501938,5,1,false,false,-3.8445475,2.319916,11.722272,1.1043925,-0.14247583,3
49.500595,0.3810493,39.23562339588098,-77.9715252492722,0,1,5983.4204,-0.14874235,5,1,false,false,-3.8973515,2.0884006,11.367183,1.1019605,-0.1490965,3
49.529305,0.3813079,39.235628350200884,-77.97153243043147,0,1,6004.8643,-0.14487329,5,1,false,false,-3.775917,1.9709706,10.897529,1.0994164,-0.15278013,3
49.556232,0.3815666,39.23563330424591,-77.97153949565156,0,1,6023.315,-0.13519737,5,1,false,false,-3.6094208,1.9051063,10.497362,1.0968481,-0.15309747,3
49.585827,0.38182545,39.23563825856582,-77.97154667716428,0,1,6009.567,-0.1262492,5,1,false,false,-3.481461,1.7702336,9.10463,1.094369,-0.14558096,3
49.616695,0.38208452,39.23564330277435,-77.97155374238437,0,1,6013.6235,-0.114881456,5,1,false,false,-3.5126693,1.5503348,7.128773,1.0920427,-0.1345641,3
49.643867,0.38234368,39.23564825681937,-77.97156080760446,0,1,6029.205,-0.10738375,5,1,false,false,-3.397522,1.496866,6.759189,1.089941,-0.120498024,3
49.66913,0.38260296,39.2356533010279,-77.97156798911719,0,1,6042.881,-0.10303025,5,1,false,false,-3.4209244,1.5410428,6.813074,1.088046,-0.10984173,3
49.690136,0.3828624,39.23565825534781,-77.97157505433728,0,1,6064.7334,-0.10085306,5,1,false,false,-3.5032675,1.1907343,8.028853,1.0862178,-0.113002196,3
49.71013,0.3831219,39.23566329955634,-77.97158211991083,0,1,6105.2354,-0.103513755,5,1,false,false,-3.9067314,1.2728518,8.433378,1.0841981,-0.13141881,3
49.737507,0.38338152,39.23566834376487,-77.9715893010701,0,1,6130.7227,-0.109560944,5,1,false,false,-4.077615,1.9294214,7.277373,1.0819103,-0.14320007,3
49.772507,0.3836413,39.2356733879734,-77.97159636629019,0,1,6114.154,-0.11609164,5,1,false,false,-4.9269843,2.436098,9.023519,1.0794585,-0.15189782,3
49.81444,0.3839013,39.235678432181935,-77.97160343186374,0,1,6084.6465,-0.12673268,5,1,false,false,-5.56988,2.4878547,9.130404,1.0769653,-0.14502953,3
49.84922,0.3841614,39.23568347639046,-77.97161049708383,0,1,6062.432,-0.13568185,5,1,false,false,-6.3948903,2.0993593,12.150001,1.0744977,-0.15059063,3
49.88192,0.38442174,39.2356886107625,-77.97161756265739,0,1,6069.939,-0.1424538,5,1,false,false,-7.0006986,2.162164,11.474684,1.0718988,-0.15760863,3
49.91022,0.3846822,39.23569365497103,-77.97162462787747,0,1,6062.6953,-0.14487328,5,1,false,false,-7.249322,1.6833404,11.973297,1.0692006,-0.16515097,3
49.94084,0.38494277,39.235698789343076,-77.97163169345103,0,1,6055.9404,-0.14511457,5,1,false,false,-8.4751835,1.8828952,12.56545,1.0664377,-0.16771783,3
49.969784,0.38520342,39.23570392344023,-77.97163864273195,0,1,6053.2144,-0.14076106,5,1,false,false,-7.9711013,1.7256839,11.500301,1.0636297,-0.1650995,3
49.996666,0.38546428,39.235709057812265,-77.9716457083055,0,1,6055.1143,-0.13447165,5,1,false,false,-7.084955,1.7760341,10.049004,1.0609573,-0.15295489,3
50.023663,0.3857252,39.235714282347814,-77.97165265793988,0,1,6067.0205,-0.12576567,5,1,false,false,-5.9368463,1.7329042,9.058875,1.0585446,-0.13282682,3
50.050297,0.3859863,39.235719416444965,-77.97165972315997,0,1,6069.7573,-0.115123704,5,1,false,false,-6.2421255,1.655917,9.895752,1.056507,-0.11454345,3
50.07379,0.38624746,39.235724640980514,-77.97166667279436,0,1,6079.5615,-0.1088352,5,1,false,false,-5.604281,1.461993,8.428665,1.0546417,-0.11186722,3
50.094524,0.38650876,39.235729865241176,-77.97167362242875,0,1,6112.864,-0.103513755,5,1,false,false,-5.740975,1.1382064,8.494467,1.0527605,-0.12006015,3
50.11875,0.38677016,39.235735089776725,-77.97168057206314,0,1,6139.4307,-0.10157878,5,1,false,false,-5.6861625,1.7079331,8.673039,1.0506548,-0.13175769,3
50.149734,0.38703167,39.235740314037386,-77.97168752134405,0,1,6133.5024,-0.103030264,5,1,false,false,-6.02418,1.9867244,9.19251,1.0483894,-0.13865022,3
50.18192,0.3872933,39.235745538572935,-77.97169447097843,0,1,6120.2217,-0.10423949,5,1,false,false,-5.888305,2.194121,9.707685,1.0460583,-0.13858812,3
50.215034,0.38755515,39.23575085299711,-77.97170142061282,0,1,6119.503,-0.108593,5,1,false,false,-6.1960564,2.073913,10.130825,1.0437533,-0.13503662,3
50.246895,0.38781717,39.23575607725776,-77.97170837024721,0,1,6106.8154,-0.1110115,5,1,false,false,-6.454439,2.0491421,10.44358,1.0415692,-0.12622541,3
50.276924,0.3880793,39.23576139168193,-77.97171520394242,0,1,6099.829,-0.11246297,5,1,false,false,-6.5331798,1.8639653,9.679602,1.039533,-0.11780425,3
50.304527,0.38834155,39.235766706106105,-77.9717221535768,0,1,6106.761,-0.113429986,5,1,false,false,-6.772831,1.6776316,10.576698,1.0376428,-0.11163889,3
50.33097,0.38860396,39.23577202053028,-77.97172910321119,0,1,6111.888,-0.11197851,5,1,false,false,-6.4591775,1.6741729,9.954218,1.0358027,-0.11044852,3
50.357567,0.38886645,39.235777335229336,-77.97173593690641,0,1,6118.4775,-0.11101149,5,1,false,false,-6.6506743,1.6763161,10.121545,1.0339582,-0.112529725,3
50.38409,0.38912916,39.235782739542124,-77.97174277060162,0,1,6126.5796,-0.10714151,5,1,false,false,-6.377681,1.7551094,9.747316,1.0320717,-0.115173884,3
50.41212,0.38939193,39.235788144129806,-77.97174960429683,0,1,6130.0957,-0.103513785,5,1,false,false,-6.0338745,1.8110995,9.595267,1.0301775,-0.112225235,3
50.439564,0.38965484,39.23579345855397,-77.97175655393123,0,1,6130.4707,-0.09867676,5,1,false,false,-5.552131,1.7866155,9.052063,1.0283004,-0.11100785,3
50.467415,0.3899179,39.23579886314165,-77.97176338762644,0,1,6137.0186,-0.093114056,5,1,false,false,-4.9396777,1.718803,8.420775,1.0264926,-0.10519844,3
50.49419,0.3901811,39.235804267729335,-77.97177010538248,0,1,6143.581,-0.08875961,5,1,false,false,-4.9089746,1.5969424,8.529737,1.0247751,-0.10061532,3
50.52187,0.39044443,39.23580967231701,-77.97177693907769,0,1,6150.1626,-0.08368135,5,1,false,false,-4.571516,1.6201978,8.072532,1.0231392,-0.09545019,3
50.548664,0.39070788,39.23581516679331,-77.97178377277291,0,1,6158.434,-0.08029487,5,1,false,false,-4.216806,1.6424273,7.5529137,1.0216085,-0.08925764,3
50.574535,0.39097148,39.23582057138099,-77.97179060682159,0,1,6172.5913,-0.07618364,5,1,false,false,-4.6969824,1.6070728,8.688727,1.0201341,-0.090140745,3
50.60138,0.39123514,39.23582606585729,-77.97179744051681,0,1,6183.0337,-0.0754579,5,1,false,false,-4.232828,1.6826686,8.140665,1.0186284,-0.09205195,3
50.627777,0.391499,39.23583147044497,-77.97180415827285,0,1,6192.993,-0.07497437,5,1,false,false,-4.3555565,1.6564733,8.220618,1.0171028,-0.09393879,3
50.657776,0.391763,39.23583696519616,-77.97181099196806,0,1,6204.3296,-0.075457886,5,1,false,false,-5.458924,2.0077097,10.532411,1.0154845,-0.10281821,3
50.691147,0.39202714,39.23584245967246,-77.97181771007757,0,1,6189.1284,-0.077393815,5,1,false,false,-5.8797035,2.1327887,12.33745,1.0136963,-0.11168701,3
50.72367,0.39229143,39.23584795442365,-77.97182454377278,0,1,6175.932,-0.07787732,5,1,false,false,-6.34854,2.115702,12.309698,1.0117278,-0.12244751,3
50.757996,0.39255592,39.23585344889995,-77.97183126152883,0,1,6174.791,-0.07956916,5,1,false,false,-6.5208526,2.2324893,12.606414,1.009641,-0.123315066,3
50.791668,0.39282057,39.23585903353976,-77.97183797963834,0,1,6148.4985,-0.07981135,5,1,false,false,-6.7266593,2.1228373,12.420188,1.0076859,-0.107938625,3
50.821827,0.3930854,39.235864528290946,-77.97184469739439,0,1,6133.5293,-0.078844346,5,1,false,false,-6.6783485,1.8032262,12.846608,1.0060214,-0.09025417,3
50.847374,0.39335036,39.235870112930755,-77.97185141550389,0,1,6145.017,-0.07932786,5,1,false,false,-6.4059176,1.6262581,12.777439,1.0046328,-0.076371185,3
50.870647,0.39361545,39.23587569757057,-77.97185813325994,0,1,6155.4175,-0.078359894,5,1,false,false,-5.5361934,1.53146,10.977136,1.0034219,-0.06884135,3
50.895245,0.3938807,39.23588128221038,-77.97186485101598,0,1,6163.5015,-0.07739381,5,1,false,false,-4.672916,1.5457081,9.985901,1.0022924,-0.06658401,3
50.92059,0.39414603,39.23588686685019,-77.9718715691255,0,1,6174.148,-0.07618364,5,1,false,false,-4.2372384,1.5542454,9.071584,1.0011864,-0.06554008,3
50.945023,0.39441153,39.23589245176488,-77.97187828688153,0,1,6183.955,-0.07715159,5,1,false,false,-3.640812,1.353061,7.0155134,1.0001287,-0.06254862,3
50.968765,0.39467713,39.235898126293314,-77.97188488905188,0,1,6200.699,-0.077393785,5,1,false,false,-3.424456,1.4008676,7.0389843,0.9990904,-0.06409402,3
50.991676,0.39494285,39.23590371120801,-77.97189160716138,0,1,6220.516,-0.07956916,5,1,false,false,-3.17873,1.4201854,6.096316,0.99800575,-0.067883715,3
51.01238,0.3952087,39.23590938573644,-77.97189832491743,0,1,6241.284,-0.08174634,5,1,false,false,-2.951083,1.061537,5.655672,0.9968374,-0.07443799,3
51.036697,0.39547464,39.235914970651145,-77.97190492708776,0,1,6270.7925,-0.08392261,5,1,false,false,-2.712912,1.5193055,5.0570974,0.99552083,-0.08193669,3
51.062843,0.39574075,39.23592064517957,-77.97191164484381,0,1,6279.214,-0.0875513,5,1,false,false,-2.598618,1.4407269,4.84968,0.99411136,-0.086925246,3
51.062843,0.39574075,39.23592064517957,-77.97191164484381,0,1,6279.214,-0.0875513,5,1,false,false,-2.598618,1.4407269,4.84968,0.99411136,-0.086925246,3
51.091038,0.39600697,39.23592631998289,-77.97191824701414,0,1,6284.1855,-0.08924405,5,1,false,false,-3.0518408,1.6384797,5.436171,0.99259883,-0.094085366,3
51.12181,0.3962734,39.235931994786206,-77.97192484918449,0,1,6291.2046,-0.09190478,5,1,false,false,-3.225394,1.7405108,5.954004,0.99097484,-0.10091208,3
51.152645,0.39653996,39.23593766958953,-77.97193156694053,0,1,6288.852,-0.09480681,5,1,false,false,-3.9041524,1.8310575,6.9750323,0.9892285,-0.10905693,3
51.186172,0.39680666,39.23594334439285,-77.97193816911087,0,1,6286.7563,-0.09553252,5,1,false,false,-4.5901723,2.1055064,7.956539,0.9873365,-0.11792039,3
51.221123,0.39707357,39.23594901919617,-77.97194488686691,0,1,6273.6006,-0.09649957,5,1,false,false,-4.887994,2.1869533,9.4546,0.98529154,-0.12634483,3
51.25601,0.3973407,39.23595469399949,-77.97195148903725,0,1,6257.295,-0.095773846,5,1,false,false,-5.4912753,2.17712,9.883402,0.98312813,-0.13228892,3
51.290398,0.39760795,39.23596045869142,-77.9719580912076,0,1,6248.423,-0.09432329,5,1,false,false,-6.002769,2.1260805,11.307439,0.98089653,-0.13535416,3
51.323433,0.39787543,39.23596613349474,-77.97196469337794,0,1,6235.8853,-0.090936825,5,1,false,false,-6.374688,1.9875873,11.521993,0.9786649,-0.13156612,3
51.35381,0.39814302,39.23597189818668,-77.9719712951948,0,1,6227.9497,-0.08706779,5,1,false,false,-6.6198173,1.8427252,12.469474,0.97652197,-0.12547301,3
51.382935,0.3984108,39.23597766315351,-77.97197789736515,0,1,6229.998,-0.08198859,5,1,false,false,-6.710446,1.7686149,12.835642,0.9744915,-0.11745291,3
51.41029,0.39867866,39.235983427845454,-77.97198449953548,0,1,6229.672,-0.075216584,5,1,false,false,-6.9215097,1.6702888,12.9869995,0.9725918,-0.11050865,3
51.437393,0.39894673,39.23598928297579,-77.97199098576665,0,1,6231.4727,-0.069653876,5,1,false,false,-6.667967,1.70771,12.520485,0.9708001,-0.103917114,3
51.46449,0.39921492,39.23599504766773,-77.971997587937,0,1,6233.5513,-0.06312411,5,1,false,false,-6.1148725,1.7002172,11.64262,0.9691703,-0.09111723,3
51.49161,0.39948326,39.23600090252318,-77.97200407416815,0,1,6234.4683,-0.057561383,5,1,false,false,-5.9248075,1.6919199,11.699756,0.967752,-0.07850037,3
51.51833,0.39975175,39.23600666749001,-77.9720106763385,0,1,6234.6094,-0.05320788,5,1,false,false,-5.582787,1.6453881,12.592986,0.96654546,-0.06625046,3
51.54338,0.40002036,39.236012522345455,-77.97201716256967,0,1,6241.5576,-0.050304938,5,1,false,false,-5.3095217,1.4991862,11.65503,0.96549094,-0.060568336,3
51.568523,0.40028912,39.23601837720091,-77.97202364880084,0,1,6254.278,-0.048370894,5,1,false,false,-4.5241456,1.5494139,11.025948,0.96450394,-0.05634043,3
51.594948,0.40055802,39.23602423205635,-77.972030135032,0,1,6258.282,-0.04788738,5,1,false,false,-4.462369,1.6604863,10.929195,0.96360874,-0.050899733,3
51.622616,0.40082705,39.236030177075314,-77.97203673720234,0,1,6257.2314,-0.050304946,5,1,false,false,-4.1153984,1.6447004,10.844509,0.96279734,-0.045330983,3
51.64912,0.40109622,39.236036032205654,-77.97204322343352,0,1,6257.9106,-0.05248216,5,1,false,false,-4.176398,1.5479963,10.977831,0.962066,-0.04333325,3
51.674313,0.40136552,39.2360418870611,-77.97204970966469,0,1,6269.601,-0.056351196,5,1,false,false,-3.8533306,1.511396,10.56934,0.9613131,-0.04622939,3
51.70032,0.401635,39.23604783208006,-77.97205607995667,0,1,6277.434,-0.06118913,5,1,false,false,-3.6471817,1.5157603,9.648422,0.9605043,-0.049942445,3
51.726795,0.40190452,39.23605377682413,-77.97206256618784,0,1,6276.8936,-0.06457465,5,1,false,false,-3.6050055,1.5759425,10.005138,0.9596608,-0.051550537,3
51.75429,0.40217423,39.23605963195447,-77.97206905241902,0,1,6281.186,-0.06868589,5,1,false,false,-3.5002706,1.580925,10.183202,0.9587826,-0.053513877,3
51.780514,0.40244412,39.236065576973424,-77.97207553865019,0,1,6282.167,-0.07158886,5,1,false,false,-3.3742342,1.4198415,9.901957,0.957877,-0.0544086,3
51.805027,0.4027141,39.23607152171749,-77.97208190929565,0,1,6292.114,-0.07183015,5,1,false,false,-3.389949,1.4819585,9.577511,0.9569138,-0.060706418,3
51.83065,0.40298423,39.236077466736454,-77.97208839552682,0,1,6305.814,-0.07231459,5,1,false,false,-3.2406864,1.5134175,10.215051,0.95586103,-0.06492004,3
51.857502,0.40325448,39.23608341175541,-77.97209488175798,0,1,6303.089,-0.07013739,5,1,false,false,-3.2081308,1.5456326,8.444775,0.9547502,-0.067506276,3
51.884872,0.40352488,39.23608944693788,-77.97210125204998,0,1,6305.517,-0.066751845,5,1,false,false,-3.0242383,1.5923104,8.965527,0.9536252,-0.06685993,3
51.91199,0.4037954,39.23609539195684,-77.97210773828115,0,1,6311.5283,-0.0638489,5,1,false,false,-3.1332343,1.5534619,10.333034,0.95251995,-0.065199345,3
51.938095,0.40406606,39.2361013369758,-77.97211410892662,0,1,6311.0103,-0.05925321,5,1,false,false,-3.3248594,1.47342,10.26794,0.9514199,-0.066374175,3
51.963303,0.40433687,39.23610737188338,-77.97212059515779,0,1,6323.4834,-0.054416195,5,1,false,false,-2.949489,1.5320505,8.801894,0.9503012,-0.067130074,3
51.990223,0.4046078,39.23611331690233,-77.97212696544977,0,1,6333.0225,-0.04740294,5,1,false,false,-3.1138923,1.6598053,8.791152,0.9491949,-0.06529757,3
52.01964,0.40487888,39.236119352084806,-77.97213345168095,0,1,6321.6294,-0.03990616,5,1,false,false,-2.9017525,1.7437751,9.461737,0.94815135,-0.059860628,3
52.04742,0.40515015,39.236125386992384,-77.97213982232641,0,1,6318.1465,-0.029989935,5,1,false,false,-2.8063157,1.5615771,8.221293,0.9472039,-0.05299957,3
52.07239,0.4054215,39.23613142217485,-77.97214619261841,0,1,6333.385,-0.022250935,5,1,false,false,-2.5005236,1.4393252,8.663809,0.94637847,-0.04610605,3
52.097347,0.405693,39.23613745708243,-77.97215267884958,0,1,6342.134,-0.011125462,5,1,false,false,-2.337074,1.4865988,9.372354,0.94565934,-0.040790644,3
52.123394,0.40596467,39.236143492264894,-77.97215904949505,0,1,6343.315,-0.0012101824,5,1,false,false,-2.3143442,1.4191344,8.768401,0.9450276,-0.035307627,3
52.14916,0.4062364,39.23614952717248,-77.97216541978705,0,1,6354.1934,0.008463807,5,1,false,false,-1.7598517,1.515636,7.914653,0.9445067,-0.027656682,3
52.176826,0.40650833,39.236155562354945,-77.97217179007903,0,1,6360.7446,0.021282036,5,1,false,false,-1.8821068,1.5970272,8.114195,0.94412047,-0.018588176,3
52.205643,0.40678036,39.23616159726252,-77.97217827666368,0,1,6353.485,0.032890078,5,1,false,false,-1.4321761,1.6256382,8.895618,0.9439025,-0.007866059,3
52.23214,0.40705255,39.23616763244499,-77.97218464695567,0,1,6356.002,0.045949597,5,1,false,false,-1.0361778,1.4032825,10.849634,0.9438817,0.0056134583,3
52.2575,0.40732488,39.23617375751608,-77.97219101724767,0,1,6373.1504,0.051511377,5,1,false,false,-0.9517925,1.4895515,12.44347,0.944072,0.016045101,3
52.285088,0.40759736,39.23617979269855,-77.97219738789313,0,1,6376.6577,0.05804114,5,1,false,false,-0.5951977,1.712875,14.136391,0.9444531,0.02838633,3
52.318504,0.40787,39.23618582760613,-77.97220375818513,0,1,6360.305,0.06191019,5,1,false,false,-0.72152984,2.0204241,12.387365,0.9450353,0.041440796,3
52.3525,0.40814278,39.236191952952105,-77.9722102444163,0,1,6333.5605,0.061910182,5,1,false,false,-0.39507523,1.9641571,9.057898,0.94581413,0.052753054,3
52.381626,0.4084158,39.23619798785968,-77.97221661506177,0,1,6322.0044,0.060459644,5,1,false,false,-0.115474574,1.606401,8.6155,0.9467653,0.060722716,3
52.405277,0.4086889,39.23620411293077,-77.97222298535377,0,1,6328.982,0.055864863,5,1,false,false,0.29820997,1.2778797,8.7468,0.94779694,0.06361885,3
52.420815,0.40896213,39.23621023827675,-77.97222947158492,0,1,6349.021,0.049335122,5,1,false,false,0.1774461,0.68448526,8.799388,0.94888055,0.06533869,3
52.432083,0.4092354,39.23621627318433,-77.97223584187692,0,1,6405.214,0.043289796,5,1,false,false,0.4939036,0.7595073,10.592507,0.9499708,0.06627699,3
52.448814,0.40950876,39.23622239825542,-77.97224221252239,0,1,6453.859,0.034825064,5,1,false,false,0.7416415,1.1958954,10.508707,0.9511208,0.070628226,3
52.47402,0.40978223,39.23622843343789,-77.97224869875356,0,1,6455.472,0.030955086,5,1,false,false,0.7973177,1.788824,9.354474,0.95230794,0.07232552,3
52.51239,0.41005588,39.236234558508976,-77.97225506904556,0,1,6436.275,0.025392357,5,1,false,false,1.2749171,2.4977698,8.847818,0.95350546,0.070007026,3
52.55251,0.41032973,39.236240683580064,-77.97226155527673,0,1,6389.936,0.020315005,5,1,false,false,1.5301439,2.266544,10.396472,0.95462036,0.06307233,3
52.58662,0.41060376,39.23624671876253,-77.97226804186137,0,1,6363.483,0.016445039,5,1,false,false,1.7441416,1.8119849,11.424197,0.95559484,0.053131945,3
52.612137,0.41087797,39.23625284383362,-77.97227441215335,0,1,6375.8374,0.0157193,5,1,false,false,1.7431663,1.4179379,13.093162,0.9563943,0.043087713,3
52.63559,0.4111523,39.236258969179595,-77.97228089838453,0,1,6389.175,0.0125760045,5,1,false,false,2.2396815,1.4657912,15.09583,0.9570822,0.039918512,3
52.660744,0.41142672,39.23626500408718,-77.9722873846157,0,1,6388.7236,0.009915279,5,1,false,false,2.2010217,1.6094574,13.810437,0.95774764,0.03856119,3
52.68802,0.41170132,39.23627112915827,-77.97229387084687,0,1,6383.696,0.009915281,5,1,false,false,1.6192622,1.7486278,11.864228,0.95831746,0.02886619,3
52.715595,0.41197604,39.236277254504245,-77.97230035707803,0,1,6374.67,0.0087060295,5,1,false,false,2.0078368,1.6355913,11.897982,0.9586927,0.016561145,3
52.715595,0.41197604,39.236277254504245,-77.97230035707803,0,1,6374.67,0.0087060295,5,1,false,false,2.0078368,1.6355913,11.897982,0.9586927,0.016561145,3
52.740204,0.41225088,39.23628337957533,-77.9723068433092,0,1,6367.007,0.0082225185,5,1,false,false,1.7907206,1.4080776,11.303549,0.95890135,0.009065991,3
52.760853,0.41252586,39.23628941448291,-77.97231332954037,0,1,6380.3057,0.014510053,5,1,false,false,1.32681,1.2014939,9.39023,0.95898867,0.0030625963,3
52.779858,0.4128009,39.23629553982889,-77.97231981577154,0,1,6404.131,0.020556299,5,1,false,false,1.4369924,1.1958566,8.880111,0.9590067,0.0017929683,3
52.800297,0.41307607,39.236301664899976,-77.97232630235618,0,1,6418.5254,0.024667554,5,1,false,false,1.2057743,1.2840409,9.2216625,0.9590548,0.0050316947,3
52.821274,0.41335133,39.236307699807554,-77.97233278858735,0,1,6428.9526,0.031923056,5,1,false,false,1.0457826,1.2149718,7.921572,0.9591815,0.010208781,3
52.842213,0.4136267,39.23631382515353,-77.97233939040422,0,1,6449.433,0.03603432,5,1,false,false,0.9790159,1.2826036,7.799728,0.95938444,0.015405432,3
52.86532,0.41390216,39.23631995022462,-77.97234587663539,0,1,6465.493,0.040629074,5,1,false,false,1.0313132,1.5033098,8.234227,0.95967865,0.020485746,3
52.89122,0.4141778,39.236325985132204,-77.97235247880572,0,1,6463.193,0.0459496,5,1,false,false,1.242496,1.5759114,8.273424,0.96006346,0.026879244,3
52.918407,0.41445354,39.23633211047818,-77.97235896503689,0,1,6461.5786,0.049335122,5,1,false,false,0.9656189,1.6619333,8.515911,0.9605537,0.031441666,3
52.94634,0.41472945,39.23633823554927,-77.97236556720723,0,1,6462.4673,0.051995844,5,1,false,false,1.4245468,1.6496197,7.8229365,0.961118,0.036256813,3
52.974503,0.41500545,39.23634436062036,-77.97237205343839,0,1,6455.0986,0.054171175,5,1,false,false,1.2176207,1.6924666,8.369291,0.9617446,0.03825311,3
53.002254,0.41528165,39.23635039580282,-77.97237865560874,0,1,6448.3594,0.056107104,5,1,false,false,1.624596,1.5827955,8.314052,0.9624069,0.04132847,3
53.027298,0.41555798,39.23635652087391,-77.97238514183991,0,1,6451.3125,0.057798922,5,1,false,false,1.4576116,1.3946359,8.244289,0.9631089,0.043416083,3
53.050888,0.4158344,39.236362645945,-77.97239174401025,0,1,6462.273,0.059492625,5,1,false,false,1.5947587,1.341499,7.8645873,0.96384823,0.045862474,3
53.074905,0.41611096,39.23636877101609,-77.97239834618058,0,1,6470.2354,0.060459644,5,1,false,false,1.9699572,1.393199,10.103609,0.9646427,0.0515857,3
53.099407,0.41638765,39.236374806198555,-77.97240494799746,0,1,6473.543,0.060943156,5,1,false,false,1.8715142,1.4388024,9.024919,0.96555626,0.057594825,3
53.124672,0.41666448,39.23638093126964,-77.97241155016779,0,1,6479.896,0.05997613,5,1,false,false,1.9801066,1.4709721,8.76237,0.96656024,0.062580235,3
53.153267,0.41694143,39.23638705634073,-77.97241815233814,0,1,6479.595,0.058283366,5,1,false,false,1.897974,1.7098508,9.606081,0.9676067,0.061726138,3
53.18212,0.4172185,39.236393181686715,-77.97242475450848,0,1,6461.2793,0.05634838,5,1,false,false,2.2632897,1.6127678,9.111378,0.96862495,0.060083672,3
53.208015,0.4174958,39.23639921659429,-77.97243135632534,0,1,6461.9946,0.054171167,5,1,false,false,2.0593724,1.4624379,10.297169,0.96959955,0.056925632,3
53.231907,0.41777313,39.23640534194027,-77.97243795849569,0,1,6476.6753,0.05247935,5,1,false,false,2.626881,1.4405996,12.243525,0.97057176,0.059110332,3
53.256504,0.41805065,39.23641146701136,-77.9724446766052,0,1,6477.198,0.051511385,5,1,false,false,2.6108503,1.5377773,12.496781,0.97161955,0.064046554,3
53.28278,0.4183283,39.23641759208245,-77.97245127842207,0,1,6474.763,0.053688604,5,1,false,false,2.9829826,1.7024937,11.107757,0.97272664,0.06601806,3
53.311455,0.41860607,39.23642362726491,-77.97245799653159,0,1,6469.53,0.05223712,5,1,false,false,2.8182652,1.7746909,11.875834,0.97385746,0.06451685,3
53.338753,0.41888398,39.236429752336,-77.97246459834845,0,1,6453.8765,0.053446375,5,1,false,false,3.0620532,1.6114262,12.564661,0.9748898,0.057169195,3
53.36319,0.41916206,39.23643587740709,-77.97247131645797,0,1,6454.045,0.054171175,5,1,false,false,3.004548,1.4449147,12.267588,0.9758397,0.0537307,3
53.38471,0.4194402,39.23644191258956,-77.972478034214,0,1,6466.699,0.055381365,5,1,false,false,2.9067585,1.3099858,13.12966,0.9767405,0.053646345,3
53.406967,0.4197185,39.23644803766065,-77.97248475232352,0,1,6473.7627,0.055139136,5,1,false,false,3.139258,1.5071503,11.517178,0.97766596,0.0566933,3
53.430202,0.41999695,39.23645407256823,-77.97249147007956,0,1,6473.275,0.053205084,5,1,false,false,2.620943,1.4872316,9.304635,0.9786324,0.05829328,3
53.45418,0.42027548,39.236460197914205,-77.97249818818908,0,1,6478.039,0.051027868,5,1,false,false,2.3567488,1.5298101,8.607595,0.979557,0.05362193,3
53.477154,0.4205541,39.23646623282178,-77.97250490594512,0,1,6480.7324,0.04812586,5,1,false,false,1.8742199,1.3432851,7.8305993,0.9803742,0.046295468,3
53.497387,0.42083287,39.23647235789287,-77.97251173964032,0,1,6489.2104,0.047157902,5,1,false,false,1.7426528,1.1546324,6.9709854,0.98104864,0.0409456,3
53.513897,0.42111176,39.23647839307534,-77.97251845774984,0,1,6518.687,0.04619182,5,1,false,false,1.8709433,0.9893061,7.2380476,0.9816934,0.043151427,3
53.530945,0.4213907,39.236484518146426,-77.97252517550588,0,1,6548.381,0.048368093,5,1,false,false,1.7872971,1.1495872,6.296694,0.98243684,0.049473953,3
53.552124,0.42166972,39.2364905533289,-77.9725320092011,0,1,6562.236,0.051270105,5,1,false,false,1.6462852,1.3179951,5.1620593,0.9832918,0.055156324,3
53.57772,0.4219489,39.23649658823648,-77.9725387273106,0,1,6567.8574,0.053688604,5,1,false,false,1.7148684,1.6248637,5.87765,0.9842046,0.056652837,3
53.60508,0.42222822,39.23650271358245,-77.97254556100583,0,1,6559.049,0.057798926,5,1,false,false,2.496601,1.4833683,9.588393,0.9851737,0.0642548,3
53.6291,0.42250767,39.23650874849003,-77.97255227876187,0,1,6560.5034,0.06263593,5,1,false,false,2.6434073,1.3381808,10.318662,0.9863561,0.07780415,3
53.65538,0.42278722,39.23651487356112,-77.97255911245708,0,1,6580.1826,0.06578014,5,1,false,false,2.8422298,1.8977925,8.884232,0.9878245,0.0944151,3
53.693417,0.42306694,39.23652090874359,-77.97256594615229,0,1,6551.2095,0.066989385,5,1,false,false,3.2703347,2.4455037,9.58033,0.9894546,0.0954824,3
53.72983,0.42334688,39.23652694365117,-77.97257278020098,0,1,6483.3457,0.0667481,5,1,false,false,3.6398358,1.9289689,10.256075,0.99098235,0.08638684,3
53.755085,0.423627,39.23653306899715,-77.97257961389619,0,1,6482.88,0.06674811,5,1,false,false,3.2262716,1.2485386,9.804778,0.9923246,0.07338544,3
53.7712,0.42390716,39.236539103904725,-77.97258644759141,0,1,6518.6855,0.06674811,5,1,false,false,3.3932614,0.8917111,9.95593,0.9934468,0.06434732,3
53.787716,0.42418745,39.23654513908719,-77.9725933972258,0,1,6528.6714,0.06650591,5,1,false,false,3.2907414,1.0554508,8.174644,0.99446,0.059290644,3
53.807068,0.4244678,39.23655117399477,-77.972600230921,0,1,6536.318,0.07158416,5,1,false,false,3.3654106,1.1472714,6.8664865,0.9953732,0.05350104,3
53.825947,0.4247483,39.23655729934075,-77.97260706461621,0,1,6553.8066,0.079323195,5,1,false,false,2.8095412,1.1131642,8.416758,0.9962521,0.054859944,3
53.84627,0.42502886,39.23656333424833,-77.97261401425061,0,1,6580.1855,0.093349256,5,1,false,false,2.4264543,1.1397616,8.437693,0.99719316,0.06085492,3
53.86184,0.4253095,39.236569369430796,-77.97262084794582,0,1,6606.528,0.10930983,5,1,false,false,5.146374,0.93885344,11.373541,0.9983459,0.09059027,3
53.87855,0.42559028,39.236575404338375,-77.9726277975802,0,1,6644.0596,0.124786906,5,1,false,false,2.9690614,1.3920889,5.7262235,1.0000238,0.107573904,3
53.908615,0.42587113,39.23658143952085,-77.97263474686112,0,1,6640.5757,0.14098926,5,1,false,false,2.403359,1.7113833,7.2591696,1.002043,0.12506618,3
53.945293,0.42615214,39.236587474428426,-77.9726416964955,0,1,6595.6465,0.15380612,5,1,false,false,6.3847647,2.8806047,14.526838,1.0045197,0.16345389,3
53.966446,0.4264333,39.23659350961089,-77.9726486461299,0,1,6528.438,0.16444615,5,1,false,false,3.3909569,1.3574399,7.7909684,1.0072995,0.1621406,3
53.986927,0.42671463,39.23659945462985,-77.97265571134997,0,1,6563.9375,0.17363524,5,1,false,false,6.2556705,0.020772412,11.207031,1.0102168,0.18539548,3
54.0221,0.4269961,39.23660548953743,-77.97266266098437,0,1,6556.671,0.17290998,5,1,false,false,6.370879,0.7102168,9.189047,1.0130339,0.14785898,3
54.03417,0.42727765,39.2366115247199,-77.97266972655792,0,1,6513.241,0.16710594,5,1,false,false,5.1191163,0.5084621,8.513965,1.0154749,0.14687452,3
54.063255,0.42755935,39.23661746973885,-77.97267667619231,0,1,6582.4624,0.16202764,5,1,false,false,6.545406,0.5558038,8.565978,1.0177631,0.12702516,3
54.073685,0.4278411,39.236623414757815,-77.9726837414124,0,1,6567.7476,0.14606754,5,1,false,false,5.0618424,0.88397443,7.180154,1.0199012,0.13259508,3
54.0968,0.428123,39.236629449665394,-77.97269080663249,0,1,6591.0176,0.13034874,5,1,false,false,4.261333,1.1293855,6.046798,1.0220354,0.12465048,3
54.114025,0.42840493,39.23663539468435,-77.97269798814521,0,1,6609.1426,0.11704838,5,1,false,false,3.1298697,0.986743,4.299694,1.0240593,0.1194631,3
54.133118,0.42868695,39.23664133970331,-77.9727050533653,0,1,6627.327,0.09673476,5,1,false,false,3.886834,1.0907723,5.0727525,1.0258843,0.10941726,3
54.147545,0.42896912,39.23664728472227,-77.97271211893886,0,1,6648.9175,0.086336434,5,1,false,false,3.8067439,0.734633,5.603299,1.027683,0.11601652,3
54.162148,0.4292513,39.23665322974123,-77.97271930009812,0,1,6687.3726,0.0822252,5,1,false,false,3.5896711,0.5858105,5.40052,1.0296636,0.1287814,3
54.177048,0.42953354,39.23665926464881,-77.97272636531821,0,1,6724.7773,0.07013361,5,1,false,false,3.7733576,1.4566084,4.7867546,1.0319277,0.14419818,3
54.210297,0.42981595,39.23666520966776,-77.97273354647747,0,1,6719.8867,0.0665059,5,1,false,false,4.9377966,2.190615,7.0154943,1.0343353,0.14648464,3
54.24976,0.43009853,39.236671064523215,-77.97274061205103,0,1,6649.1562,0.06191019,5,1,false,false,6.041601,1.9869679,8.885665,1.0367157,0.14210092,3
54.28322,0.43038127,39.23667700954217,-77.97274779321029,0,1,6627.378,0.056348376,5,1,false,false,5.496218,1.8773798,7.688338,1.0391004,0.14119217,3
54.313526,0.43066418,39.23668295456113,-77.97275509030872,0,1,6637.8267,0.048368096,5,1,false,false,5.47332,1.5884335,7.258934,1.0413251,0.12414997,3
54.341194,0.4309472,39.23668889958009,-77.97276227146797,0,1,6613.122,0.03990335,5,1,false,false,5.6935143,1.7723373,8.341484,1.0432339,0.10736098,3
54.368225,0.4312304,39.23669475443554,-77.97276945262723,0,1,6600.6553,0.032890085,5,1,false,false,4.955128,1.243372,6.498224,1.0447758,0.08414782,3
54.38809,0.43151367,39.236700699454495,-77.97277674972567,0,1,6624.914,0.021282036,5,1,false,false,4.22125,0.941516,4.5534806,1.045921,0.06207805,3
54.408615,0.43179706,39.23670664447346,-77.97278393088493,0,1,6653.1235,0.006771048,5,1,false,false,4.7903686,1.0380467,7.3947864,1.0468326,0.054493047,3
54.42743,0.43208054,39.2367124993289,-77.97279122798336,0,1,6650.574,-0.0043534827,5,1,false,false,4.191553,0.7738259,6.951024,1.04771,0.05682247,3
54.441105,0.43236408,39.236718354184354,-77.9727985250818,0,1,6691.164,-0.012576936,5,1,false,false,3.5284996,0.9602394,5.607447,1.0487393,0.06742736,3
54.47001,0.43264773,39.23672429920331,-77.97280582218022,0,1,6726.4326,-0.029021975,5,1,false,false,3.7050056,1.7430085,5.9690948,1.0498222,0.061039284,3
54.504696,0.43293154,39.23673015433365,-77.97281311927865,0,1,6664.184,-0.04304946,5,1,false,false,3.2891963,1.938561,6.165799,1.0507125,0.045399807,3
54.538754,0.4332155,39.2367360091891,-77.97282041602362,0,1,6645.6396,-0.05345012,5,1,false,false,2.6551113,1.5877063,5.60596,1.0512882,0.023197362,3
54.565823,0.43349963,39.236741864044546,-77.97282782906122,0,1,6669.9873,-0.065783896,5,1,false,false,3.1928837,1.1851032,6.718084,1.0514774,0.00419059,3
54.59071,0.43378386,39.2367477189,-77.97283512615965,0,1,6671.6353,-0.07956915,5,1,false,false,2.459364,1.2905298,7.397838,1.051433,-0.009776322,3
54.61578,0.43406823,39.236753663918954,-77.97284242325809,0,1,6675.4624,-0.08755131,5,1,false,false,1.8512319,1.3462504,4.8848095,1.0511004,-0.027911011,3
54.645473,0.43435273,39.236759518774406,-77.97284983594221,0,1,6688.152,-0.098919004,5,1,false,false,1.7668082,1.4182017,5.5767303,1.0504503,-0.048795205,3
54.674553,0.43463737,39.23676537362986,-77.97285724897982,0,1,6672.4683,-0.10641577,5,1,false,false,1.66907,1.3636698,6.331129,1.0494477,-0.06877027,3
54.695988,0.43492213,39.23677122876019,-77.97286454572479,0,1,6680.0728,-0.10859298,5,1,false,false,0.67330366,0.8051256,6.304061,1.0481794,-0.082622916,3
54.71703,0.43520695,39.23677708361564,-77.97287195876238,0,1,6729.4155,-0.1088352,5,1,false,false,0.7674172,1.0239383,6.073821,1.046702,-0.091809474,3
54.742176,0.43549195,39.236782938471094,-77.97287937179999,0,1,6735.206,-0.11028669,5,1,false,false,0.42536384,1.4195552,9.242721,1.0451162,-0.09849251,3
54.77739,0.43577704,39.23678879332654,-77.97288666854496,0,1,6709.898,-0.10641577,5,1,false,false,0.19520019,1.7412276,11.73758,1.0434033,-0.106122404,3
54.812866,0.43606237,39.2367947383455,-77.97289408158255,0,1,6692.949,-0.10109527,5,1,false,false,-0.40078062,1.7597033,9.78984,1.0415381,-0.118682586,3
54.852333,0.43634787,39.23680059320095,-77.9729014942667,0,1,6677.2456,-0.09480679,5,1,false,false,-0.7550632,1.8516498,9.650635,1.0395627,-0.11989516,3
54.888176,0.43663365,39.236806448331286,-77.9729089073043,0,1,6635.165,-0.087551296,5,1,false,false,-1.0458769,1.6002322,8.792938,1.0375805,-0.11765154,3
54.915585,0.43691954,39.236812393075354,-77.97291631998843,0,1,6625.284,-0.07497439,5,1,false,false,-1.7372369,0.9852538,9.744251,1.0357131,-0.10655811,3
54.93622,0.43720558,39.236818248205694,-77.97292373302604,0,1,6659.894,-0.0628819,5,1,false,false,-2.0377078,0.81555957,9.802036,1.0339531,-0.10214208,3
54.955017,0.43749171,39.23682419294976,-77.97293114571016,0,1,6681.256,-0.049095705,5,1,false,false,-1.3149258,0.60671586,9.271871,1.0322896,-0.09496667,3
54.979404,0.437778,39.2368300480801,-77.97293855874777,0,1,6700.632,-0.03531044,5,1,false,false,-1.5085568,1.1124234,7.1744347,1.0307423,-0.08678046,3
55.003323,0.43806437,39.23683599309906,-77.9729458558462,0,1,6708.0474,-0.02781273,5,1,false,false,-1.8111004,1.1452882,10.11678,1.0294014,-0.074286275,3
55.029224,0.43835092,39.23684184795451,-77.97295326853033,0,1,6716.01,-0.022008706,5,1,false,false,-2.4259315,1.246295,12.706141,1.028177,-0.07349601,3
55.056023,0.43863758,39.23684779297347,-77.97296068156794,0,1,6725.476,-0.019831501,5,1,false,false,-2.4587953,1.3495826,10.753115,1.0269783,-0.07099598,3
55.090252,0.4389244,39.236853737992426,-77.97296809425207,0,1,6717.7476,-0.024427205,5,1,false,false,-2.6815023,2.0374534,11.012597,1.0258671,-0.060033444,3
55.129974,0.4392115,39.236859682736494,-77.97297550728968,0,1,6668.8228,-0.031923987,5,1,false,false,-3.2160406,1.8568925,12.480407,1.0250632,-0.035230163,3
55.161312,0.43949872,39.2368656278929,-77.9729829199738,0,1,6637.424,-0.043533906,5,1,false,false,-3.1223104,1.27756,10.039745,1.0246842,-0.011005452,3
55.183388,0.4397861,39.23687157277441,-77.97299021707224,0,1,6667.163,-0.054900654,5,1,false,false,-2.941577,0.7730231,8.294094,1.0246345,0.001969662,3
55.201717,0.44007358,39.236877517793374,-77.97299763010984,0,1,6686.6924,-0.07207237,5,1,false,false,-2.618461,0.7499026,7.7374306,1.0247093,0.0015831735,3
55.22068,0.44036105,39.23688355283839,-77.97300504279397,0,1,6696.9795,-0.086342074,5,1,false,false,-2.4031658,0.7082231,7.1581964,1.0246881,-0.010749253,3
55.237698,0.4406486,39.236889497857355,-77.97301245583158,0,1,6734.489,-0.09940156,5,1,false,false,-1.9485104,0.4407063,4.3701477,1.0244275,-0.02529684,3
55.253235,0.44093618,39.23689553290238,-77.97301975293001,0,1,6778.008,-0.10738374,5,1,false,false,-1.7574517,0.4919589,4.1415296,1.0239285,-0.03871039,3
55.275875,0.44122383,39.236901477921336,-77.97302716561414,0,1,6785.731,-0.10883522,5,1,false,false,-2.0298812,0.7727766,5.640983,1.0231984,-0.05497719,3
55.279827,0.4415115,39.23690751296636,-77.97303446271258,0,1,6795.8525,-0.10085305,5,1,false,false,-1.3316635,-0.7552603,5.609475,1.0221716,-0.068292186,3
55.302513,0.44179925,39.23691345798532,-77.97304187575018,0,1,6901.948,-0.086099826,5,1,false,false,-2.1927462,1.4420081,8.485813,1.0209225,-0.08226783,3
55.337852,0.44208714,39.23691949303034,-77.97304928843431,0,1,6855.612,-0.0682024,5,1,false,false,-2.079868,1.9870853,10.923342,1.019512,-0.084228605,3
55.38442,0.4423752,39.2369254380493,-77.97305658553275,0,1,6777.009,-0.04885441,5,1,false,false,-2.6265345,2.6275606,12.802473,1.0180874,-0.08272213,3
55.42615,0.44266352,39.23693147309432,-77.97306399821689,0,1,6763.0527,-0.026844762,5,1,false,false,-2.6655302,1.861876,12.149496,1.0168107,-0.0668933,3
55.460213,0.4429521,39.23693750813935,-77.97307129531531,0,1,6735.368,-0.0009679571,5,1,false,false,-2.4301608,1.6516081,13.020124,1.0158743,-0.04253563,3
55.491104,0.4432408,39.236943543184374,-77.97307870835292,0,1,6713.6694,0.022006836,5,1,false,false,-1.8739444,1.3118428,13.592613,1.0153987,-0.012452215,3
55.51526,0.44352964,39.23694957822939,-77.97308600545135,0,1,6721.983,0.04183833,5,1,false,false,-1.1646467,0.9986791,12.723723,1.0154462,0.017720526,3
55.538094,0.44381863,39.23695570343793,-77.97309341813548,0,1,6742.42,0.05707413,5,1,false,false,-0.8041038,1.0820762,12.638872,1.015935,0.040408406,3
55.56343,0.44410774,39.236961738482954,-77.97310071523391,0,1,6743.005,0.06892345,5,1,false,false,0.09227416,1.1961972,11.694601,1.0167755,0.06083471,3
55.59025,0.44439697,39.23696777352797,-77.97310812827152,0,1,6737.5894,0.07424491,5,1,false,false,0.115875855,1.2300115,11.01215,1.0179455,0.07817749,3
55.61563,0.44468632,39.236973808573,-77.97311554095565,0,1,6742.862,0.07496971,5,1,false,false,0.49363655,1.0912359,9.748368,1.0193604,0.090263784,3
55.6402,0.44497582,39.236979933644086,-77.97312283805408,0,1,6748.684,0.06795643,5,1,false,false,0.89806414,1.1003811,8.713321,1.0209337,0.09685189,3
55.663277,0.44526538,39.23698596868911,-77.97313025073821,0,1,6755.1494,0.05852466,5,1,false,false,1.1556706,0.9706694,8.14069,1.0225949,0.10020659,3
55.68556,0.44555512,39.23699200387158,-77.97313766377582,0,1,6773.2573,0.04594959,5,1,false,false,1.2661762,0.9367569,7.8039618,1.0242746,0.09890001,3
55.70663,0.44584486,39.236998128942666,-77.97314496087425,0,1,6793.2163,0.02805401,5,1,false,false,1.3643,0.91269505,7.754456,1.0259349,0.097689584,3
55.729683,0.44613475,39.23700416398769,-77.97315237355838,0,1,6809.4546,0.012333779,5,1,false,false,1.5028538,1.0926208,7.9893546,1.0275439,0.09385563,3
55.75769,0.44642472,39.23701019903272,-77.97315978659599,0,1,6811.485,-0.0050792205,5,1,false,false,1.3640524,1.3266475,6.704193,1.0290462,0.08456501,3
55.78826,0.44671482,39.237016324241246,-77.97316719928013,0,1,6801.8496,-0.026604416,5,1,false,false,1.4998447,1.4917481,7.1061645,1.0303544,0.07055159,3
55.81993,0.4470051,39.23702235928627,-77.97317461231772,0,1,6790.582,-0.048128672,5,1,false,false,1.6723542,1.4029737,8.377785,1.0313894,0.05178177,3
55.84767,0.4472955,39.2370283943313,-77.97318202500186,0,1,6783.4976,-0.06747759,5,1,false,false,1.1313633,1.0990591,10.1143675,1.0320641,0.027531223,3
55.872677,0.44758597,39.237034519539826,-77.97318943803947,0,1,6798.7104,-0.08972759,5,1,false,false,1.1294817,1.1272826,9.846412,1.0323495,0.00789489,3
55.900917,0.4478766,39.23704055458485,-77.9731968507236,0,1,6804.8115,-0.112462975,5,1,false,false,0.9259855,1.3438811,10.868373,1.0322376,-0.018350728,3
55.932213,0.44816735,39.23704667965594,-77.9732042637612,0,1,6781.4067,-0.12697488,5,1,false,false,0.21931481,1.5231006,13.453433,1.0316541,-0.049371254,3
55.96203,0.4484583,39.237052714700965,-77.9732117923845,0,1,6765.891,-0.1414859,5,1,false,false,0.13474461,1.2709932,12.932783,1.0305314,-0.07954915,3
55.98793,0.44874936,39.237058839909494,-77.97321920542211,0,1,6769.9565,-0.15358022,5,1,false,false,-1.0041199,1.1186681,12.497911,1.0288919,-0.112408966,3
56.01209,0.44904056,39.23706487495452,-77.97322661810624,0,1,6769.5747,-0.1567245,5,1,false,false,-1.7709398,1.0233601,13.40662,1.0267648,-0.13879958,3
56.035835,0.44933188,39.23707100002561,-77.97323403114385,0,1,6765.1606,-0.1576915,5,1,false,false,-2.3547847,1.0728892,14.127063,1.0242301,-0.15962389,3
56.057755,0.44962332,39.237077125234144,-77.97324155976716,0,1,6770.767,-0.15454723,5,1,false,false,-3.1207976,0.92335224,11.745329,1.021414,-0.17362925,3
56.078815,0.44991487,39.23708316027916,-77.97324897245129,0,1,6780.5776,-0.14995156,5,1,false,false,-3.908254,0.8775276,13.5981455,1.0184631,-0.17789426,3
56.100666,0.45020658,39.23708928535025,-77.9732563854889,0,1,6783.4263,-0.14632475,5,1,false,false,-3.9168448,0.97451323,14.845736,1.0154235,-0.18033466,3
56.12103,0.45049837,39.23709541055879,-77.97326379817302,0,1,6788.5444,-0.14124462,5,1,false,false,-4.3225565,0.90261275,10.263704,1.0123659,-0.18200953,3
56.14317,0.45079023,39.237101625793386,-77.97327121121063,0,1,6803.013,-0.13858482,5,1,false,false,-4.691159,1.07725,10.079221,1.0093586,-0.17589188,3
56.16601,0.45108223,39.237107750864475,-77.97327862389476,0,1,6799.9478,-0.13810039,5,1,false,false,-5.140742,1.2120461,9.463473,1.006526,-0.16605693,3
56.18515,0.45137435,39.237113876073,-77.97328603693236,0,1,6801.9805,-0.13447168,5,1,false,false,-4.8220453,0.93344915,8.292677,1.0038631,-0.15698224,3
56.20459,0.45166653,39.23712009117016,-77.97329344961649,0,1,6829.1777,-0.13229631,5,1,false,false,-5.1533737,0.8473759,8.5067215,1.0012877,-0.15542082,3
56.22365,0.4519588,39.23712621637869,-77.97330074671493,0,1,6839.002,-0.1313284,5,1,false,false,-5.3395877,0.76977766,10.035317,0.99867827,-0.15975374,3
56.243923,0.4522512,39.23713243161329,-77.97330815975253,0,1,6849.2236,-0.12915114,5,1,false,false,-5.709273,0.8998717,8.711153,0.9958752,-0.17635465,3
56.267048,0.45254368,39.23713864684789,-77.97331545685097,0,1,6863.3413,-0.1262492,5,1,false,false,-5.923874,1.3288531,8.324397,0.99285424,-0.18412653,3
56.294827,0.45283625,39.23714486194504,-77.9733228695351,0,1,6848.0938,-0.12673266,5,1,false,false,-6.2784677,1.5204535,9.789996,0.98978156,-0.181002,3
56.322384,0.453129,39.23715107717964,-77.97333016663353,0,1,6821.302,-0.12576564,5,1,false,false,-7.6759543,1.291787,11.022772,0.98683196,-0.17514335,3
56.34523,0.45342186,39.23715738257775,-77.97333746373197,0,1,6825.458,-0.12431418,5,1,false,false,-7.530776,1.0741446,9.945832,0.98392665,-0.17182444,3
56.36558,0.45371485,39.2371635976749,-77.9733447608304,0,1,6837.731,-0.123830654,5,1,false,false,-7.954687,1.0901403,10.794874,0.9810897,-0.1687291,3
56.38866,0.45400792,39.23716990307301,-77.97335205792882,0,1,6829.801,-0.120444186,5,1,false,false,-7.211644,1.1828617,8.5867605,0.9784093,-0.14949809,3
56.410866,0.45430118,39.23717620833367,-77.97335935467379,0,1,6822.165,-0.117299974,5,1,false,false,-6.9646244,1.0533158,7.8859315,0.9761148,-0.12768877,3
56.43084,0.4545946,39.237182513594334,-77.97336665177222,0,1,6836.097,-0.11367223,5,1,false,false,-6.631785,0.85837615,7.4051814,0.97415257,-0.10989541,3
56.446247,0.4548881,39.237188818854996,-77.97337383293147,0,1,6852.129,-0.11343001,5,1,false,false,-6.47726,0.62175894,8.088743,0.9724026,-0.107252814,3
56.462112,0.45518157,39.237195124115665,-77.9733811300299,0,1,6879.487,-0.11609163,5,1,false,false,-6.3640027,0.72041404,7.6339846,0.9705196,-0.12102893,3
56.47877,0.4554748,39.23720151953984,-77.97338831118917,0,1,6901.022,-0.1204442,5,1,false,false,-6.501309,0.8674364,7.5854864,0.9683757,-0.13839053,3
56.502663,0.4557681,39.2372078248005,-77.9733954927019,0,1,6907.5747,-0.13205412,5,1,false,false,-6.593576,1.3455551,7.313457,0.9659372,-0.15121934,3
56.529198,0.45606154,39.23721422022467,-77.97340267386116,0,1,6889.5474,-0.14850104,5,1,false,false,-6.529751,1.2989266,6.8324594,0.9634136,-0.15061834,3
56.556293,0.45635477,39.2372206155114,-77.97340985502042,0,1,6881.184,-0.16446444,5,1,false,false,-7.5423317,1.3837783,8.058753,0.9609131,-0.15057796,3
56.580475,0.4566481,39.23722701093557,-77.97341703617968,0,1,6876.767,-0.18671629,5,1,false,false,-7.8105764,1.1135013,7.8945446,0.95839804,-0.15230311,3
56.601303,0.45694157,39.2372334062223,-77.97342421733894,0,1,6877.8506,-0.21477406,5,1,false,false,-8.384446,0.96026474,7.510874,0.9557889,-0.16471061,3
56.623135,0.45723486,39.23723989167254,-77.9734312829125,0,1,6889.829,-0.23678558,5,1,false,false,-8.080988,1.0798064,7.4528975,0.9529529,-0.1724575,3
56.642937,0.4575282,39.23724628709671,-77.97343846407176,0,1,6885.8623,-0.26460293,5,1,false,false,-10.135289,0.9833878,9.575051,0.94988203,-0.20049424,3
56.663414,0.45782167,39.237252772546945,-77.97344552929185,0,1,6885.8833,-0.29338735,5,1,false,false,-10.508928,0.9714006,9.450328,0.94630015,-0.22868943,3
56.68168,0.45811504,39.23725925799719,-77.9734525948654,0,1,6892.652,-0.32289848,5,1,false,false,-11.101569,0.9614375,9.991912,0.9422108,-0.2630063,3
56.703094,0.45840847,39.23726574344742,-77.97345954449979,0,1,6890.243,-0.34539437,5,1,false,false,-12.609096,1.0788056,10.709653,0.93758595,-0.28891683,3
56.72156,0.45870197,39.23727231892372,-77.97346660971988,0,1,6875.9595,-0.3691005,5,1,false,false,-13.813215,0.9768634,12.124502,0.93253636,-0.31657985,3
56.73738,0.45899546,39.237278804373965,-77.97347355935426,0,1,6879.7417,-0.38240504,5,1,false,false,-15.405742,0.8152114,13.029222,0.9269674,-0.34937766,3
56.750336,0.45928895,39.23728537985026,-77.97348050898864,0,1,6883.766,-0.40006498,5,1,false,false,-16.625902,0.8009911,13.773572,0.9208442,-0.38214788,3
56.76244,0.45958254,39.23729204549008,-77.97348745826956,0,1,6878.5063,-0.40925732,5,1,false,false,-17.489864,0.81340384,14.186037,0.914189,-0.40961918,3
56.773315,0.45987612,39.23729871099245,-77.97349429231825,0,1,6873.839,-0.41409537,5,1,false,false,-18.728283,0.79146725,13.67014,0.9071928,-0.42506856,3
56.78247,0.46016964,39.23730537663226,-77.97350112601346,0,1,6874.373,-0.41699818,5,1,false,false,-18.160988,0.72086966,12.322065,0.9000682,-0.42522025,3
56.79111,0.46046323,39.23731204227207,-77.97350784376951,0,1,6875.9346,-0.4167561,5,1,false,false,-17.51243,0.71151125,11.961921,0.8930765,-0.41216865,3
56.799004,0.46075687,39.237318797937945,-77.97351456187901,0,1,6879.453,-0.41603023,5,1,false,false,-17.060696,0.70773935,11.4786,0.8863346,-0.39822102,3
56.805576,0.46105045,39.237325553603824,-77.97352127963507,0,1,6886.853,-0.4121604,5,1,false,false,-17.0265,0.625686,11.141302,0.87974375,-0.39524415,3
56.81206,0.46134403,39.2373323092697,-77.9735278818054,0,1,6898.9883,-0.40732232,5,1,false,false,-15.995776,0.6467035,10.073414,0.8731018,-0.39943784,3
56.819115,0.46163768,39.237339154961646,-77.97353448397574,0,1,6907.6284,-0.40490302,5,1,false,false,-17.289053,0.63133585,9.864766,0.8664305,-0.40301207,3
56.825497,0.4619313,39.23734591062752,-77.9735410857926,0,1,6909.785,-0.40200007,5,1,false,false,-17.291685,0.7141439,10.258325,0.8595758,-0.417273,3
56.833107,0.4622249,39.23735284648297,-77.97354757202378,0,1,6913.7646,-0.4015165,5,1,false,false,-15.963499,0.724596,8.593546,0.8526226,-0.4136154,3
56.84203,0.4625186,39.23735969217491,-77.97355405825495,0,1,6918.017,-0.40587097,5,1,false,false,-16.180689,0.9283992,8.54235,0.84587616,-0.39617077,3
56.848476,0.46281224,39.237366628030365,-77.97356042890041,0,1,6911.056,-0.40901518,5,1,false,false,-18.135696,0.8224441,10.987649,0.8392989,-0.39842796,3
56.85152,0.46310595,39.23737356374837,-77.97356679919241,0,1,6915.179,-0.41603035,5,1,false,false,-17.464445,0.6840098,10.486728,0.8325427,-0.4206205,3
56.852066,0.46339965,39.23738049960382,-77.97357316983788,0,1,6935.979,-0.42425555,5,1,false,false,-19.190842,0.6816871,10.5669155,0.8251564,-0.46065804,3
56.854576,0.4636933,39.23738752548534,-77.9735794241907,0,1,6934.366,-0.43006152,5,1,false,false,-19.263197,0.72196853,10.4033375,0.8172306,-0.4801154,3
56.857304,0.463987,39.23739455136686,-77.973585678897,0,1,6920.689,-0.4305459,5,1,false,false,-21.88472,0.690411,12.724948,0.8091662,-0.48172426,3
56.85675,0.46428066,39.23740157724838,-77.97359181766411,0,1,6915.6606,-0.42570707,5,1,false,false,-24.591856,0.7449215,13.10905,0.8010778,-0.49390393,3
56.851467,0.46457434,39.2374086932934,-77.97359795643123,0,1,6912.233,-0.41893324,5,1,false,false,-22.816792,0.68296784,13.747427,0.7926375,-0.5179641,3
56.84712,0.46486795,39.23741580920098,-77.97360397961266,0,1,6918.64,-0.40732232,5,1,false,false,-21.251366,0.92847663,11.274337,0.7839029,-0.5142592,3
56.843853,0.46516156,39.23742292524601,-77.97360988650144,0,1,6919.4204,-0.39667758,5,1,false,false,-22.058958,0.84123176,11.283989,0.77563244,-0.47062963,3
56.841885,0.46545517,39.2374301313171,-77.97361579374369,0,1,6906.325,-0.38409877,5,1,false,false,-21.402441,0.77512336,10.940707,0.7681741,-0.4213306,3
56.837074,0.4657487,39.237437337250746,-77.97362170098593,0,1,6909.1704,-0.37418073,5,1,false,false,-19.079624,0.25206953,9.653509,0.7615234,-0.38505828,3
56.833565,0.46604225,39.237444543321836,-77.97362749228901,0,1,6938.6006,-0.3678913,5,1,false,false,-18.595123,0.7308682,8.615251,0.7552906,-0.36349803,3
56.832577,0.4663358,39.23745174939293,-77.9736332835921,0,1,6941.088,-0.36232772,5,1,false,false,-17.951342,0.7855191,8.431447,0.7494148,-0.3443102,3
56.83278,0.46662933,39.237459045490084,-77.97363895895599,0,1,6936.03,-0.35821548,5,1,false,false,-17.349966,0.7288689,7.9691806,0.7437544,-0.33413562,3
56.83234,0.46692282,39.23746634158724,-77.9736446343199,0,1,6953.497,-0.35410237,5,1,false,false,-17.978106,0.70702016,9.243041,0.7382285,-0.33134395,3
56.83204,0.4672164,39.237473727847906,-77.9736501940981,0,1,6958.5664,-0.35168388,5,1,false,false,-19.213905,0.83447546,9.316078,0.73261034,-0.34581977,3
56.827835,0.46751022,39.237481023945065,-77.97365575369956,0,1,6951.808,-0.34926447,5,1,false,false,-22.637245,0.560382,11.376149,0.72655773,-0.39426285,3
56.824753,0.46780416,39.23748841006829,-77.97366131330104,0,1,6956.6406,-0.3480551,5,1,false,false,-20.42633,0.902532,12.053047,0.7196263,-0.42493966,3
56.822468,0.4680981,39.23749579632895,-77.97366675714007,0,1,6957.831,-0.34829745,5,1,false,false,-21.018751,0.9201023,10.416372,0.7125117,-0.42294505,3
56.831245,0.4683922,39.23750327261568,-77.97367208521666,0,1,6942.0874,-0.3492644,5,1,false,false,-19.818378,2.0094364,8.784481,0.7058244,-0.36120924,3
56.83982,0.4686864,39.23751074890241,-77.97367741311652,0,1,6892.8164,-0.35023233,5,1,false,false,-18.36342,1.3399539,9.351968,0.7006292,-0.2679473,3
56.840965,0.4689807,39.23751822518914,-77.97368274119312,0,1,6890.146,-0.34926444,5,1,false,false,-18.80806,0.5540632,10.190377,0.69669867,-0.20613968,3
56.83297,0.4692749,39.237525701475874,-77.97368795333054,0,1,6934.1313,-0.34999007,5,1,false,false,-15.696121,0.11385673,7.0434093,0.6935111,-0.18301752,3
56.83038,0.46956885,39.23753317762516,-77.97369304970552,0,1,6974.7183,-0.34660375,5,1,false,false,-12.006246,0.5979558,4.3468556,0.690523,-0.17527477,3
56.839584,0.46986288,39.2375407440754,-77.97369826184294,0,1,6979.5806,-0.34297502,5,1,false,false,-11.092395,1.0132256,3.5389907,0.68781894,-0.14962386,3
56.852158,0.47015697,39.2375483103882,-77.97370335821793,0,1,6969.3706,-0.34612015,5,1,false,false,-9.674747,0.8971848,3.065218,0.68556285,-0.12375689,3
56.858273,0.4704509,39.237555876700995,-77.97370845459291,0,1,6987.765,-0.3565218,5,1,false,false,-13.332511,0.29042503,6.09183,0.6835708,-0.13780613,3
56.8534,0.47074488,39.23756344301379,-77.97371343502873,0,1,7021.012,-0.3691006,5,1,false,false,-17.737053,0.35978997,10.304803,0.6803767,-0.25788164,3
56.85485,0.47103888,39.23757100946403,-77.97371841564127,0,1,7036.893,-0.37974447,5,1,false,false,-15.904543,0.85486376,8.225517,0.6751433,-0.35770708,3
56.870644,0.4713328,39.23757857577682,-77.97372339607709,0,1,7019.2217,-0.38675964,5,1,false,false,-17.995802,2.0168955,8.675986,0.6687294,-0.3974412,3
56.893986,0.4716268,39.23758623211568,-77.97372826075046,0,1,6938.626,-0.38530812,5,1,false,false,-19.735441,1.8402529,11.272418,0.66244584,-0.34803936,3
56.90129,0.47192094,39.23759388859199,-77.97373312542383,0,1,6892.519,-0.37950215,5,1,false,false,-22.267,0.9188125,13.300582,0.6568099,-0.33862033,3
56.89399,0.47221506,39.237601545068294,-77.97373787433477,0,1,6935.2017,-0.37272924,5,1,false,false,-25.907995,0.41421825,15.869559,0.6508462,-0.38297388,3
56.884216,0.4725091,39.237609291570664,-77.97374262324571,0,1,6938.065,-0.36281118,5,1,false,false,-25.753836,0.65559715,15.767077,0.64393365,-0.4442395,3
56.883053,0.47280315,39.23761703807303,-77.97374725621748,0,1,6911.745,-0.353861,5,1,false,false,-24.201038,1.2839956,13.286879,0.6362102,-0.46260318,3
56.888123,0.47309726,39.23762478443796,-77.97375177342681,0,1,6896.909,-0.3432173,5,1,false,false,-23.454235,1.2244523,12.444437,0.62900627,-0.38805827,3
56.89004,0.47339138,39.23763262110384,-77.97375629063615,0,1,6872.0845,-0.33378264,5,1,false,false,-23.727343,1.0666597,13.708074,0.62339383,-0.28740102,3
56.8868,0.47368556,39.23764036760621,-77.97376069208303,0,1,6867.266,-0.33088067,5,1,false,false,-23.623428,0.6082012,13.965027,0.6191615,-0.23265058,3
56.879326,0.4739798,39.23764820413464,-77.97376509352993,0,1,6893.8403,-0.33088064,5,1,false,false,-22.749466,0.33877885,13.988494,0.6152548,-0.24457698,3
56.87287,0.474274,39.23765613082659,-77.97376926327522,0,1,6913.603,-0.33765358,5,1,false,false,-22.848396,0.46716556,13.180006,0.61080116,-0.29166573,3
56.87198,0.4745683,39.237663967355026,-77.97377354878293,0,1,6913.185,-0.34853867,5,1,false,false,-21.42626,0.7973162,12.381861,0.605533,-0.3350739,3
56.874454,0.47486266,39.23767189404697,-77.97377771852823,0,1,6908.5366,-0.36208543,5,1,false,false,-21.946299,0.87474364,13.899256,0.599687,-0.3625966,3
56.87618,0.47515714,39.23767982060147,-77.97378177251107,0,1,6904.0884,-0.3785352,5,1,false,false,-22.42341,0.8026475,13.499311,0.5934348,-0.38397145,3
56.876682,0.4754517,39.237687747293414,-77.97378571055475,0,1,6901.605,-0.3957097,5,1,false,false,-22.303074,0.7393116,14.211024,0.586855,-0.40163454,3
56.876205,0.47574636,39.23769567398536,-77.97378964859843,0,1,6902.001,-0.41699818,5,1,false,false,-23.616692,0.8135271,15.465942,0.57997286,-0.42003697,3
56.874954,0.47604117,39.23770369070337,-77.97379358664209,0,1,6895.629,-0.43344894,5,1,false,false,-23.60449,0.75769114,13.669477,0.5728814,-0.4248362,3
56.874405,0.47633603,39.23771170742138,-77.97379740892333,0,1,6890.897,-0.44626898,5,1,false,false,-22.098263,0.8477936,13.000247,0.56586456,-0.41193378,3
56.874493,0.476631,39.23771972413939,-77.97380111544214,0,1,6891.458,-0.45763943,5,1,false,false,-20.952545,0.71120614,11.806242,0.5593147,-0.37102243,3
56.87274,0.47692612,39.2377277408574,-77.9738048217842,0,1,6892.6284,-0.46538123,5,1,false,false,-20.65922,0.59792495,11.2312355,0.5533652,-0.34553805,3
56.8706,0.47722137,39.23773584760148,-77.97380841236384,0,1,6905.4336,-0.47336444,5,1,false,false,-19.341375,0.37202573,11.088392,0.5477081,-0.340755,3
56.868896,0.47751674,39.237743864319484,-77.97381188718103,0,1,6923.13,-0.47650868,5,1,false,false,-17.675276,0.57415396,9.323646,0.54183966,-0.35888597,3
56.872528,0.47781232,39.237751971201,-77.97381536199822,0,1,6928.713,-0.47844556,5,1,false,false,-15.96875,0.80096906,8.257053,0.5358966,-0.35066465,3
56.877823,0.47810808,39.237760077945076,-77.97381883681541,0,1,6929.3335,-0.4777188,5,1,false,false,-15.346938,0.99616605,7.9945054,0.53013325,-0.33795887,3
56.884098,0.47840393,39.2377681848266,-77.9738223116326,0,1,6930.5996,-0.47360665,5,1,false,false,-14.841794,0.8235855,7.4341717,0.5246906,-0.31689653,3
56.887875,0.47870007,39.23777638159674,-77.97382555474819,0,1,6936.1436,-0.46828422,5,1,false,false,-15.474672,0.63731384,8.439197,0.5194529,-0.31753635,3
56.886482,0.4789964,39.237784488478255,-77.9738289136262,0,1,6953.6875,-0.46392888,5,1,false,false,-16.919798,0.49991783,9.652145,0.51381725,-0.36366197,3
56.88842,0.47929284,39.23779259522233,-77.97383215674179,0,1,6970.7734,-0.46344537,5,1,false,false,-15.919681,0.7443617,7.9772964,0.50753784,-0.38631713,3
56.890793,0.47958943,39.23780079212992,-77.97383539985738,0,1,6962.9414,-0.46199393,5,1,false,false,-19.593645,1.0471199,11.7575865,0.5007199,-0.43000117,3
56.895027,0.4798863,39.2378089890375,-77.97383852721053,0,1,6937.083,-0.45884964,5,1,false,false,-21.347452,1.0896548,13.168323,0.4932917,-0.45768166,3
56.89246,0.4801832,39.23781718580764,-77.9738415386245,0,1,6929.1133,-0.45715594,5,1,false,false,-19.587381,0.963618,11.855479,0.48535466,-0.4840937,3
56.891727,0.4804803,39.23782538271522,-77.9738445502152,0,1,6934.4707,-0.45014077,5,1,false,false,-23.587305,0.9431802,13.735125,0.477413,-0.47453225,3
56.888454,0.48077762,39.23783357962281,-77.97384756162919,0,1,6907.383,-0.43901253,5,1,false,false,-23.54829,0.93531394,14.629697,0.46950588,-0.4691992,3
56.88315,0.48107502,39.23784186655646,-77.97385034151829,0,1,6897.442,-0.42328766,5,1,false,false,-22.685848,0.46291032,12.151904,0.4618694,-0.4500233,3
56.87859,0.4813725,39.23785015349011,-77.97385312123065,0,1,6914.224,-0.40708014,5,1,false,false,-21.008322,1.0135022,11.03195,0.45451853,-0.41390914,3
56.875854,0.48166993,39.237858350397694,-77.97385590111976,0,1,6901.983,-0.38990384,5,1,false,false,-20.982756,0.6501125,10.06003,0.4482352,-0.3440756,3
56.85834,0.4819674,39.237866637331344,-77.97385856506969,0,1,6888.0938,-0.37248695,5,1,false,false,-24.295805,0.17146528,17.230032,0.44235086,-0.37230024,3
56.840942,0.48226488,39.23787492426499,-77.97386111325717,0,1,6922.466,-0.35845676,5,1,false,false,-23.833246,-0.6554059,14.090035,0.43600857,-0.4108223,3
56.818237,0.4825621,39.237883301362146,-77.97386366144467,0,1,6971.093,-0.34757164,5,1,false,false,-20.721985,0.13559109,13.156456,0.4286676,-0.45162988,3
56.808605,0.4828593,39.237891588295795,-77.97386609386973,0,1,6994.548,-0.34515226,5,1,false,false,-19.611132,0.20114405,9.487495,0.421378,-0.42028558,3
56.797245,0.48315656,39.237899875229445,-77.9738684103556,0,1,6989.857,-0.34321725,5,1,false,false,-19.980864,0.78539145,12.332135,0.414352,-0.4200858,3
56.791443,0.4834537,39.237908252189165,-77.9738707268415,0,1,7006.6787,-0.34442654,5,1,false,false,-16.116014,0.55950165,8.505473,0.40771824,-0.36274543,3
56.79567,0.4837508,39.237916539122814,-77.97387304332737,0,1,7016.556,-0.3499901,5,1,false,false,-13.881165,1.7146204,6.104592,0.40269536,-0.2225197,3
56.812565,0.48404807,39.23792491621997,-77.97387524405082,0,1,6973.2437,-0.35627955,5,1,false,false,-10.589378,1.6514045,3.9475389,0.40039745,-0.04952839,3
56.831017,0.48434544,39.23793329317969,-77.97387744477427,0,1,6938.944,-0.36571413,5,1,false,false,-11.144077,1.5252169,4.1392875,0.4006293,0.06486633,3
56.845722,0.48464286,39.23794167027684,-77.97387964549772,0,1,6948.0317,-0.38022792,5,1,false,false,-14.455636,1.3575275,8.541689,0.40222228,0.10213832,3
56.854717,0.4849404,39.23795004723656,-77.97388173028199,0,1,6943.588,-0.40828937,5,1,false,false,-18.885557,1.2722782,10.778482,0.4038309,0.06313432,3
56.854156,0.48523796,39.23795842433372,-77.97388369930383,0,1,6925.6416,-0.4397383,5,1,false,false,-26.151144,0.8223438,18.96297,0.40344343,-0.12574492,3
56.860046,0.48553547,39.23796680129343,-77.9738856685024,0,1,6915.023,-0.4661071,5,1,false,false,-25.881239,1.0406959,19.29008,0.39978102,-0.29439712,3
56.863117,0.48583305,39.23797517839059,-77.97388763752424,0,1,6884.774,-0.48134843,5,1,false,false,-24.843422,0.88490474,16.841913,0.3940612,-0.37031695,3
56.866993,0.48613068,39.237983645513815,-77.97388937484448,0,1,6872.8286,-0.48739555,5,1,false,false,-23.707214,0.910617,14.618374,0.3878442,-0.3622939,3
56.866653,0.48642826,39.23799202247353,-77.97389111234143,0,1,6869.247,-0.48521838,5,1,false,false,-21.68695,0.61297774,12.876311,0.38195032,-0.341474,3
56.86468,0.4867259,39.23800048959675,-77.97389273389922,0,1,6869.4604,-0.47239637,5,1,false,false,-22.669504,0.4455128,14.646137,0.376352,-0.33889967,3
56.861233,0.48702356,39.23800895671997,-77.97389435545702,0,1,6882.082,-0.45763946,5,1,false,false,-21.87089,0.3319994,14.238197,0.37047645,-0.36863318,3
56.858273,0.48732117,39.238017423843196,-77.97389586107563,0,1,6896.148,-0.43538395,5,1,false,false,-18.919123,0.49897602,12.554396,0.36397812,-0.40313148,3
56.861946,0.48761883,39.2380258908977,-77.97389725110855,0,1,6903.5894,-0.41336957,5,1,false,false,-16.913073,0.78557134,10.996776,0.35716426,-0.4009056,3
56.8686,0.4879166,39.238034358020926,-77.97389864096473,0,1,6895.1226,-0.3947427,5,1,false,false,-16.6732,0.94180095,10.104993,0.35074162,-0.3692154,3
56.87354,0.48821437,39.238042825075425,-77.97390003082091,0,1,6896.0317,-0.3727292,5,1,false,false,-15.795255,0.78821343,9.665498,0.34483185,-0.34404528,3
56.876488,0.48851228,39.23805129219865,-77.97390130491466,0,1,6913.843,-0.35966602,5,1,false,false,-14.942998,0.69111407,9.651954,0.33925796,-0.33385193,3
56.879837,0.48881024,39.23805975932187,-77.97390257900841,0,1,6927.8955,-0.35313535,5,1,false,false,-15.057996,0.6383986,8.998514,0.33363035,-0.34589773,3
56.885166,0.4891083,39.23806822637638,-77.97390373733973,0,1,6931.599,-0.3521674,5,1,false,false,-16.119055,0.7296449,9.754705,0.3277407,-0.3647439,3
56.888195,0.4894064,39.2380766934996,-77.9739048954943,0,1,6939.269,-0.35410228,5,1,false,false,-15.90359,0.8339822,10.0843,0.3213196,-0.4020094,3
56.892406,0.4897046,39.238085250648886,-77.97390593806317,0,1,6946.1245,-0.35507026,5,1,false,false,-17.002775,0.93537855,10.814308,0.31434613,-0.43340498,3
56.90036,0.4900029,39.23809371777211,-77.97390698045531,0,1,6933.4985,-0.35652173,5,1,false,false,-17.70961,1.2549201,11.713472,0.30708557,-0.42704967,3
56.905403,0.49030134,39.23810227499012,-77.97390802284744,0,1,6913.487,-0.3536189,5,1,false,false,-18.164509,1.076226,11.825532,0.29995582,-0.4207488,3
56.90727,0.4905998,39.238110742044626,-77.97390894947715,0,1,6911.1313,-0.3480552,5,1,false,false,-20.610828,0.78810257,12.4552965,0.2930532,-0.414522,3
56.90498,0.49089837,39.238119299262635,-77.97390976016767,0,1,6919.503,-0.33789492,5,1,false,false,-19.878675,0.77294844,13.279667,0.2860998,-0.41290003,3
56.902008,0.491197,39.238127766317135,-77.97391057103493,0,1,6925.22,-0.32676852,5,1,false,false,-18.489769,0.79146063,12.2226,0.27918214,-0.41079116,3
56.902214,0.4914957,39.238136323535144,-77.97391126596303,0,1,6925.411,-0.31926972,5,1,false,false,-19.265747,0.95449173,11.922059,0.2725384,-0.38589275,3
56.90177,0.49179447,39.23814488068444,-77.97391196089112,0,1,6921.075,-0.3059653,5,1,false,false,-20.819141,0.9666687,13.320517,0.2661401,-0.38088983,3
56.899303,0.49209335,39.23815334780766,-77.97391254005677,0,1,6921.0547,-0.2941131,5,1,false,false,-20.789757,0.8271986,13.726435,0.25975376,-0.39031866,3
56.897713,0.4923923,39.23816190495695,-77.97391300346,0,1,6927.308,-0.2793581,5,1,false,false,-19.653915,0.976113,11.991784,0.2531731,-0.38864008,3
56.89943,0.49269134,39.23817046217496,-77.97391346668648,0,1,6917.521,-0.25952274,5,1,false,false,-19.377045,1.1271867,10.806594,0.246958,-0.3519269,3
56.90254,0.4929906,39.23817892922946,-77.97391381415052,0,1,6900.677,-0.2319476,5,1,false,false,-19.182558,1.1489183,11.359385,0.24151435,-0.29650885,3
56.904236,0.49328995,39.23818748644747,-77.97391416161457,0,1,6898.84,-0.19590767,5,1,false,false,-17.55779,0.90707827,10.19911,0.23703331,-0.24360712,3
56.903835,0.49358937,39.23819604359676,-77.97391450907861,0,1,6911.171,-0.15188746,5,1,false,false,-16.355722,0.8318396,9.966901,0.23327182,-0.21123004,3
56.904587,0.49388903,39.23820460074605,-77.97391474078022,0,0.9757235,6923.7437,-0.10448176,5,1,false,false,-15.564212,0.78111154,10.411152,0.22993435,-0.19316988,3
56.906464,0.49418885,39.23821315796406,-77.97391485654266,0.017335875,0.901199,6926.645,-0.05756136,5,1,false,false,-15.4972725,0.8513871,11.085344,0.22674927,-0.19274005,3
56.909008,0.49448872,39.23822171511335,-77.97391497248184,0.058248546,0.78843373,6920.128,-0.00483793,5,1,false,false,-13.869404,0.68113357,9.903849,0.22353238,-0.1906025,3
56.905823,0.49478844,39.23823018223657,-77.97391508824427,0.10043249,0.67472804,6892.2344,0.03579302,5,1,false,false,-13.122622,0.14961353,10.530351,0.2204726,-0.17133905,3
56.889603,0.49508813,39.238238739385864,-77.97391508824427,0.15532945,0.4970405,6829.9634,0.0773882,5,1,false,false,-12.789058,-0.9496703,10.352031,0.21793607,-0.12663206,3
56.84714,0.49538773,39.23824729660387,-77.97391508824427,0.20386991,0.33206937,6763.8525,0.103505805,5,1,false,false,-11.988708,-2.8206916,11.0449505,0.21629162,-0.06905008,3
56.772373,0.49568644,39.23825585375316,-77.97391508824427,0.2593447,0.18365243,6727.6646,0.1139051,5,1,false,false,-11.153458,-4.8741536,11.159436,0.21564658,-0.008611326,3
56.667355,0.49598455,39.23826432087639,-77.97391497248184,0.3118146,0.0671722,6675.857,0.112454094,5,1,false,false,-10.57485,-6.4923024,10.9944515,0.21590956,0.036623836,3
56.545147,0.4962821,39.238272878025676,-77.97391485654266,0.3758418,-5.5879354e-09,6574.5273,0.10181353,5,1,false,false,-8.957748,-7.4145546,9.847383,0.21686743,0.07663082,3
56.402622,0.49657893,39.2382813451489,-77.97391474078022,0.42657807,0,6465.6226,0.08657773,5,1,false,false,-8.616533,-8.95322,11.48888,0.21840897,0.1038909,3
56.233482,0.49687487,39.23828981227212,-77.97391450907861,0.46124977,0,6543.9775,0.072309904,5,1,false,false,-7.0599318,-10.959245,9.033506,0.2202907,0.12172491,3
56.041386,0.4971699,39.238298189231834,-77.97391427755375,0.49187654,0,6634.473,0.055381373,5,1,false,false,-5.781902,-11.384884,8.891535,0.22241502,0.12825608,3
55.851456,0.4974639,39.23830656626027,-77.97391416161457,0.51371974,0,6516.148,0.042564068,5,1,false,false,-5.1126504,-11.463132,9.44842,0.22451477,0.121377505,3
55.659447,0.49775684,39.238314943288714,-77.97391392991295,0.53267366,0,6418.8677,0.031923052,5,1,false,false,-4.1343603,-11.532257,9.221505,0.22646455,0.1115409,3
55.461807,0.4980488,39.23832332031715,-77.97391369838809,0.5516275,0,6442.443,0.023458313,5,1,false,false,-3.1811855,-12.209533,8.487239,0.22825569,0.1024213,3
55.25006,0.49833968,39.238331607319516,-77.97391335092404,0.57531977,0,6392.1973,0.014510056,5,1,false,false,-3.2290866,-13.209267,10.74005,0.22985111,0.08616296,3
55.025463,0.49862924,39.238339894253166,-77.97391311922243,0.5955452,0,6325.0596,0.00725456,5,1,false,false,-2.7447553,-13.6521435,10.500354,0.23109643,0.06489831,3
54.796608,0.49891767,39.23834809109203,-77.97391288752083,0.6168103,0,6329.7046,-0.0012101848,5,1,false,false,-2.2917042,-13.976131,10.05951,0.23203684,0.049408235,3
54.555573,0.49920487,39.238356287999615,-77.9739126558192,0.63692015,0,6304.9976,-0.007497718,5,1,false,false,-1.8979441,-14.918392,10.368633,0.23272564,0.035186414,3
54.308342,0.4994906,39.23836448483848,-77.97391230835517,0.65911007,0,6292.329,-0.010883241,5,1,false,false,-1.4804668,-14.811666,9.469738,0.23320727,0.02589186,3
54.06304,0.49977502,39.23837259165127,-77.97391207683029,0.6797973,0,6292.514,-0.010157502,5,1,false,false,-1.6509148,-14.908256,9.538167,0.23357973,0.016035533,3
53.813797,0.5000582,39.23838069846407,-77.97391172936625,0.69932926,0,6243.374,-0.004837931,5,1,false,false,-0.8593097,-15.101747,10.449201,0.23378722,0.009562592,3
53.563343,0.50033987,39.23838880527687,-77.97391149766464,0.72556406,0,6181.4336,0.0014505382,5,1,false,false,-0.8513825,-14.904902,9.615664,0.23395889,0.008160073,3
53.320915,0.50062025,39.238396821994876,-77.97391115020059,0.7379303,0,6108.232,0.010640082,5,1,false,false,-0.33862984,-14.744719,9.073167,0.2340256,0.0010118833,3
53.066048,0.5008993,39.2384047486181,-77.97391091849899,0.7487941,0,6020.918,0.019347047,5,1,false,false,-0.033557698,-16.042173,10.586991,0.2340394,0.0027814268,3
52.789997,0.5011769,39.23841276533611,-77.97391068679737,0.7538793,0,5983.878,0.024184044,5,1,false,false,-0.019006953,-16.877562,10.077589,0.23416395,0.012178391,3
52.518124,0.50145286,39.238420601933264,-77.97391033933333,0.75376385,0,5973.172,0.025634583,5,1,false,false,-0.10551052,-16.4142,8.624856,0.23434718,0.009635157,3
52.239197,0.50172746,39.23842852855649,-77.97391010780845,0.7536483,0,5925.8267,0.020072788,5,1,false,false,0.1806069,-17.300285,10.131877,0.23456337,0.017594188,3
51.953907,0.5020006,39.23843627505886,-77.97390976016767,0.74902546,0,5922.481,0.012576002,5,1,false,false,-0.32128906,-16.853897,8.460905,0.23485258,0.01449577,3
51.68407,0.50227195,39.238444111656015,-77.9739095286428,0.7408196,0,5930.8394,0.0009670239,5,1,false,false,-0.20853293,-15.928678,8.311766,0.23500249,0.002587154,3
51.418793,0.5025419,39.238451858158385,-77.97390918117875,0.73353875,0,5858.5283,-0.0128182275,5,1,false,false,0.042358443,-16.071651,8.737911,0.23502424,0.0016965705,3
51.159546,0.50281054,39.23845951456597,-77.97390894947715,0.7284535,0,5803.9575,-0.02878069,5,1,false,false,-0.32450372,-15.288315,8.143557,0.23514432,0.009548326,3
50.908543,0.50307775,39.23846717097355,-77.9739086020131,0.72648865,0,5755.3105,-0.037971165,5,1,false,false,-0.92829174,-15.401871,9.005218,0.23525462,-0.001588501,3
50.649227,0.5033434,39.23847482738114,-77.97390837031149,0.72868454,0,5664.448,-0.04474222,5,1,false,false,-0.41985184,-15.78733,8.728056,0.23511961,-0.011361355,3
50.389885,0.5036078,39.23848239376265,-77.97390802284744,0.7357345,0,5619.365,-0.052239925,5,1,false,false,-0.44372553,-15.852031,9.148085,0.23496278,-0.0075943186,3
50.119465,0.5038707,39.238489870049385,-77.97390779114583,0.7428999,0,5609.795,-0.04837089,5,1,false,false,-0.53531754,-16.803848,8.407262,0.2348203,-0.010133505,3
49.83912,0.50413203,39.23849743636218,-77.97390755962097,0.7497189,0,5601.9453,-0.043775197,5,1,false,false,-0.5803695,-16.938795,8.6514015,0.23459238,-0.017270567,3
49.557877,0.5043919,39.238504912648914,-77.97390721215692,0.7546884,0,5617.8335,-0.03603525,5,1,false,false,-0.46592247,-17.184895,10.19604,0.23424107,-0.024901958,3
49.267937,0.50465024,39.23851229884085,-77.97390698045531,0.75827116,0,5594.959,-0.026362196,5,1,false,false,-0.26157054,-17.427622,10.709532,0.23377135,-0.029048467,3
48.992275,0.5049071,39.2385196850328,-77.97390663299126,0.7618539,0,5566.374,-0.018864475,5,1,false,false,-0.33942538,-16.310297,9.632293,0.2333147,-0.02579017,3
48.71699,0.50516224,39.23852698112996,-77.97390640128965,0.76196945,0,5523.594,-0.008223455,5,1,false,false,-0.41535515,-17.096771,11.49855,0.23287028,-0.02867663,3
48.43225,0.50541604,39.238534277295834,-77.9739060538256,0.762894,0,5496.613,-0.003869972,5,1,false,false,-0.26330033,-17.101414,10.166372,0.23239712,-0.027187245,3
48.15379,0.50566834,39.2385414832982,-77.973905822124,0.7604672,0,5508.126,-0.00072667183,5,1,false,false,-0.0923031,-16.67401,10.442909,0.23198608,-0.021561807,3
47.872734,0.50591904,39.238548689369296,-77.97390559059913,0.7595425,0,5477.994,0.005078285,5,1,false,false,-0.18129988,-17.2321,11.272942,0.23168048,-0.014010912,3
47.59393,0.50616825,39.23855589537166,-77.97390524295834,0.7581556,0,5440.9795,0.007980295,5,1,false,false,-0.5194973,-16.426905,10.217861,0.23150589,-0.010078203,3
47.328453,0.506416,39.23856301134796,-77.97390501143347,0.7580401,0,5443.015,0.01160804,5,1,false,false,-0.352613,-15.912415,9.914804,0.2313101,-0.012758918,3
47.05855,0.5066624,39.23857012732427,-77.97390466396942,0.75804,0.77,5686.269,0.00967399,0,1,false,false,0.24391475,-16.535828,11.124694,0.23119844,0.0016686113,3
46.794907,0.5069073,39.23857715320579,-77.97390443226782,0.7573466,0.15888888,6043.6987,0.007738074,0,1,false,false,-0.84899664,-15.515163,9.926499,0.23129511,0.0048071444,3
46.54618,0.50715077,39.238584179087304,-77.97390420056621,0.7574621,0,5953.574,0.008463809,4,1,false,false,-0.41868952,-14.835726,8.861059,0.23126031,-0.007654469,3
46.2811,0.50739294,39.23859111494276,-77.97390385310216,0.75734663,0,6270.2827,0.0058040204,4,0.7777779,false,false,0.35252118,-17.131838,7.126711,0.23111278,-0.002424441,3
46.000443,0.5076337,39.23859805076385,-77.97390362140055,0.75699973,0,6332.776,0.0070123337,4,0.5555557,false,false,-0.14415044,-16.19847,8.629199,0.23123522,0.016828962,3
45.73786,0.507873,39.23860489649015,-77.9739032739365,0.7546885,0,6229.111,0.01015657,4,0.7777777,false,false,-0.29062808,-15.658641,8.028694,0.23146693,0.013339483,3
45.490845,0.508111,39.23861174221645,-77.97390304241164,0.75676876,0,6128.557,0.013543026,4,0.9999999,false,false,-0.0026407838,-14.369757,6.9790864,0.23172708,0.020610476,3
45.253353,0.50834775,39.238618587977115,-77.97390281071003,0.7563063,0,5959.972,0.017412998,4,1,false,false,0.11584829,-14.525986,7.617055,0.23210739,0.028597437,3
45.00344,0.50858325,39.238625343642994,-77.97390257900841,0.754804,0,5825.2593,0.022974793,4,1,false,false,0.3029697,-15.44271,7.276097,0.23265596,0.037667505,3
44.75402,0.5088174,39.23863209930887,-77.97390223154437,0.754804,0,5733.473,0.025152002,4,1,false,false,-0.129749,-14.849454,6.2877655,0.23325694,0.03461508,3
44.50457,0.5090502,39.23863876487996,-77.97390199984275,0.75561297,0,5643.274,0.028054021,4,1,false,false,-0.040647745,-15.382545,7.3926663,0.23379579,0.032237176,3
44.232006,0.50928164,39.23864543048541,-77.97390176831789,0.7572309,0,5762.919,0.025634585,4,1,false,false,0.48225692,-17.118929,7.6423874,0.234329,0.037434977,3
43.957256,0.50951165,39.23865200599607,-77.97390153661628,0.7543417,0,5811.357,0.024667557,4,1,false,false,0.15112652,-16.121374,7.470979,0.23497745,0.04132768,3
43.69678,0.50974005,39.23865858150674,-77.97390118915223,0.7521459,0,5717.6216,0.021282028,4,1,false,false,0.09830323,-16.060934,8.6871195,0.23557767,0.03303138,3
43.419594,0.509967,39.2386651570174,-77.97390095745062,0.7515679,0,5628.4165,0.009915279,4,1,false,false,0.56167996,-16.793308,8.195596,0.2361631,0.04047525,3
43.151455,0.51019263,39.238671642467644,-77.97390072574902,0.750759,0,5551.3105,0.0014505369,4,1,false,false,0.17925096,-15.82319,8.043558,0.23683196,0.039490238,3
42.88896,0.5104168,39.23867812791788,-77.97390049422414,0.7486786,0,5634.969,-0.009916216,4,1,false,false,0.20400253,-16.231771,8.459501,0.23745218,0.037716392,3
42.61387,0.5106394,39.23868452327333,-77.97390026252253,0.7467138,0,5627.9,-0.02515294,4,1,false,false,0.2213968,-16.962511,9.073627,0.23805657,0.03588577,3
42.342144,0.51086056,39.23869091862878,-77.97390003082091,0.7438246,0,5554.669,-0.030715674,4,1,false,false,0.09144509,-16.12542,8.781316,0.23859666,0.03034595,3
42.072273,0.51108027,39.2386972239238,-77.97389979929605,0.74266875,0,5570.298,-0.03676099,4,1,false,false,0.51812714,-16.936214,10.553224,0.23906353,0.029796334,3
41.78928,0.5112986,39.238703529218824,-77.97389956759444,0.741513,0,5559.743,-0.03869691,4,1,false,false,0.6472752,-17.04878,9.847787,0.23962148,0.03607561,3
41.52506,0.5115154,39.23870974441906,-77.97389933589282,0.7393173,0,5528.918,-0.03579395,4,1,false,false,0.018039703,-15.631417,8.1560545,0.24023408,0.032396495,3
41.2684,0.51173073,39.2387159596193,-77.97389910419122,0.73631245,0,5532.4785,-0.02950643,4,1,false,false,0.3022462,-15.737545,9.267501,0.2406371,0.01802709,3
40.99539,0.51194465,39.2387221748539,-77.97389887266635,0.735041,0,5514.8447,-0.023701465,4,1,false,false,0.95805526,-17.007801,9.863681,0.24088658,0.014502394,3
40.72315,0.5121572,39.23872829999371,-77.97389864096473,0.7319205,0,5522.601,-0.021767415,4,1,false,false,0.6703402,-16.210722,9.701592,0.24110952,0.012757698,3
40.471577,0.5123683,39.238734335038735,-77.9738985252023,0.7240617,0,5523.4014,-0.011851201,4,1,false,false,0.47470307,-14.7372675,9.308444,0.24126583,0.008629499,3
40.22685,0.51257807,39.238740370118116,-77.9738982935007,0.7158559,0,5439.941,-0.010641017,4,1,false,false,0.51615775,-15.006916,8.987883,0.24133804,0.0003667186,3
39.98295,0.5127865,39.23874640516314,-77.97389806179909,0.7056858,0,5355.8843,-0.01039973,4,1,false,false,0.72840166,-14.617071,8.5702095,0.24132335,-0.00067761913,3
39.741062,0.5129937,39.23875244024253,-77.97389783009747,0.69216377,0,5343.4463,-0.012334713,4,1,false,false,0.67395043,-15.108347,9.708895,0.2413102,0.0005572478,3
39.48961,0.5131996,39.23875838522712,-77.97389771433504,0.67783284,0,5368.015,-0.018380022,4,1,false,false,0.45655444,-15.401458,9.675263,0.24133494,0.002671958,3
39.242348,0.51340413,39.238764240116936,-77.97389748263343,0.6637329,0,5328.8057,-0.019590214,4,1,false,false,-0.03788066,-14.598538,9.456295,0.24135621,-0.0014414206,3
39.01323,0.5136073,39.238770095041104,-77.97389725110855,0.6562205,0,5296.771,-0.024184978,4,1,false,false,-0.15544161,-13.762774,8.856841,0.24123107,-0.014048595,3
38.78353,0.5138093,39.23877594993092,-77.97389713516938,0.6506731,0,5270.3057,-0.027570508,4,1,false,false,0.25425082,-14.436658,10.096249,0.24093734,-0.019384399,3
38.544052,0.51401013,39.23878180485509,-77.97389690364452,0.6444322,0,5253.13,-0.031923987,4,1,false,false,0.13588688,-14.62296,10.407415,0.24065621,-0.015141568,3
38.309113,0.5142097,39.23878756968447,-77.97389678770534,0.63911575,0,5261.27,-0.0309579,4,1,false,false,-0.28450215,-14.173097,10.149894,0.24041383,-0.016313383,3
38.082764,0.51440793,39.23879324445343,-77.97389655600372,0.63010114,0,5245.0967,-0.026119962,4,1,false,false,-0.4210484,-13.628158,10.231102,0.2400698,-0.026634984,3
37.863255,0.51460505,39.23879891922239,-77.97389644024129,0.61819726,0,5199.6274,-0.02200871,4,1,false,false,-0.0010044277,-13.434417,10.700235,0.2395648,-0.033238333,3
37.641796,0.51480097,39.238804593956985,-77.97389620853968,0.6059464,0,5177.2666,-0.018864475,4,1,false,false,-0.08854598,-13.506877,10.675537,0.2390623,-0.028625231,3
37.422153,0.51499575,39.23881026872594,-77.97389609277725,0.5910378,0,5181.3,-0.014753215,4,1,false,false,-0.5008086,-13.373499,10.84125,0.23861226,-0.028237581,3
37.2087,0.5151894,39.23881585340011,-77.97389586107563,0.57104385,0,5169.897,-0.0048379293,4,1,false,false,-0.61643994,-12.745079,10.469552,0.23812586,-0.031691946,3
37.007004,0.5153818,39.238821438108644,-77.9738957453132,0.5585618,0,5139.7876,-0.0024184976,4,1,false,false,-0.4983307,-12.083603,10.629739,0.23760642,-0.031498816,3
36.806995,0.51557326,39.23882693268803,-77.9738955136116,0.55497915,0,5112.76,0.0024175632,4,1,false,false,-0.35153466,-12.20969,10.813706,0.23712616,-0.025030708,3
36.61623,0.51576364,39.23883242730177,-77.97389539784915,0.5504719,0.77,5366.1367,0.007254558,0,1,false,false,-0.56226456,-11.226873,9.868788,0.23676324,-0.020349862,3
36.436565,0.51595306,39.23883792191552,-77.97389516614754,0.54989386,0.77,5804.2773,0.009189543,0,1,false,false,-0.65010166,-10.924118,9.430894,0.23643981,-0.018217305,3
36.258526,0.51614153,39.238843416529264,-77.97389505038511,0.5473512,0,5824.809,0.011365816,3,1,false,false,-0.6056547,-10.82978,9.087577,0.23615815,-0.016337635,3
36.06831,0.51632893,39.23884882104822,-77.9738948186835,0.5468892,0,5928.181,0.013543028,3,1,false,false,-0.494409,-13.095904,8.170069,0.23588072,-0.01699335,3
35.830402,0.51651525,39.238854225601536,-77.97389470292106,0.54330635,0,6216.071,0.017412998,3,1,false,false,-0.38430583,-14.733303,9.059911,0.23557499,-0.017530264,3
35.612408,0.5167003,39.238859630120494,-77.97389447121945,0.5403015,0,6215.379,0.021764614,3,1,false,false,-0.46065277,-12.162238,9.380057,0.23525871,-0.018895783,3
35.419212,0.5168843,39.23886494457903,-77.97389435545702,0.53729665,0,6115.173,0.02636032,3,1,false,false,-0.30188745,-11.671814,9.599152,0.23497334,-0.013146116,3
35.233494,0.5170673,39.238870259037554,-77.97389412375541,0.53429174,0,6016.5396,0.032647856,3,1,false,false,-0.6856797,-11.067011,9.351685,0.23479901,-0.009431298,3
35.058308,0.5172492,39.23887548343566,-77.97389400799297,0.5308245,0,5920.029,0.037727065,3,1,false,false,-0.43444356,-10.627211,8.459525,0.23462015,-0.011093131,3
34.880436,0.51743025,39.2388807077994,-77.97389377629136,0.53198034,0,5908.641,0.043289796,3,1,false,false,-0.017390206,-11.213053,7.6957355,0.23447101,-0.0046997154,3
34.68984,0.5176103,39.23888593218033,-77.97389366035219,0.53117126,0,5961.1333,0.050303064,3,1,false,false,-0.15651825,-11.90354,7.7264113,0.23447816,0.0056669614,3
34.493694,0.51778936,39.23889115656125,-77.97389342882731,0.53047776,0,5939.6245,0.059976127,3,1,false,false,-0.19391572,-11.91577,8.739675,0.23462702,0.012520014,3
34.303623,0.5179674,39.238896290864574,-77.97389331288814,0.5307088,0,5885.72,0.072793424,3,1,false,false,0.07805799,-11.567002,9.130881,0.23487863,0.019338302,3
34.117935,0.518146,39.23890142518507,-77.97389308136327,0.53244233,0,5856.246,0.085126266,3,1,false,false,0.33424383,-11.388144,9.21643,0.23525415,0.027443085,3
33.93423,0.5183236,39.23890655948839,-77.9738929654241,0.5397234,0,5827.711,0.10253881,3,1,false,false,0.8277947,-11.350652,9.171889,0.23577613,0.038255084,3
33.749134,0.5185003,39.2389116037141,-77.97389273389922,0.55220544,0,5779.872,0.1199504,3,1,false,false,1.1874546,-11.496431,9.44036,0.23655005,0.05574173,3
33.557804,0.51867604,39.23891664793981,-77.97389261796005,0.5623756,0,5733.3447,0.14050576,3,1,false,false,1.652773,-11.939397,10.079589,0.2376455,0.076446965,3
33.356205,0.51885074,39.23892169216552,-77.97389250219761,0.56965667,0,5704.688,0.15961006,3,1,false,false,1.7057015,-12.333005,10.346692,0.2391468,0.100115605,3
33.15542,0.5190231,39.2389266463308,-77.97389227049601,0.5799429,0,5688.6943,0.18790214,3,1,false,false,2.0019066,-12.268512,9.858802,0.24091488,0.110191934,3
32.959045,0.5191938,39.238931600478914,-77.97389215473358,0.588842,0,5672.908,0.2157111,3,1,false,false,2.4328496,-11.9849,9.062446,0.24280104,0.11547089,3
32.764294,0.51936364,39.2389365546442,-77.9738920387944,0.59450495,0,5640.706,0.2352976,3,1,false,false,3.2096324,-12.125188,8.68257,0.24485935,0.13433781,3
32.563515,0.5195324,39.2389415087923,-77.97389192303196,0.59681624,0,5607.358,0.2524665,3,1,false,false,3.179645,-12.411272,9.172027,0.2473091,0.1588346,3
32.357094,0.51970005,39.23894637287998,-77.97389180726952,0.59623843,0,5585.9746,0.26987618,3,1,false,false,3.1373763,-12.567598,9.284143,0.25011295,0.17697054,3
32.15332,0.5198664,39.23895114687287,-77.97389180726952,0.59415823,0,5563.317,0.28704378,3,1,false,false,3.3557029,-12.442831,10.04757,0.25307193,0.17885134,3
31.955217,0.52003,39.23895601096055,-77.97389169133035,0.58410347,0,5510.6016,0.302519,3,1,false,false,4.8307323,-12.020961,10.567339,0.2561352,0.19519693,3
31.765732,0.5201926,39.23896078495344,-77.97389157556792,0.5742797,0,5431.3867,0.31267452,3,1,false,false,5.5840197,-11.561431,10.010723,0.25966626,0.23164617,3
31.578566,0.5203543,39.23896555896351,-77.97389157556792,0.5624913,0,5359.65,0.32790756,3,1,false,false,5.7812166,-11.498356,9.145908,0.2638992,0.2756092,3
31.392366,0.520515,39.238970242895974,-77.97389157556792,0.5531301,0,5324.469,0.3404807,3,1,false,false,5.3399267,-11.239685,8.611765,0.26880786,0.30869326,3
31.215769,0.52067477,39.23897492681126,-77.97389157556792,0.5416884,0,5307.1577,0.35837394,3,1,false,false,4.8476315,-10.491739,7.8844566,0.27406812,0.31669787,3
31.024284,0.52083313,39.238979610743726,-77.97389157556792,0.53244257,0,5289.454,0.3738482,3,1,false,false,7.5971103,-12.848117,10.86333,0.27943656,0.33636174,3
30.810896,0.5209894,39.238984294676186,-77.97389157556792,0.5234277,0,5284.693,0.3953669,3,1,false,false,8.794514,-12.866817,12.000728,0.28536445,0.37278593,3
30.602083,0.5211447,39.23898888853105,-77.97389157556792,0.5144131,0,5284.675,0.41108286,3,1,false,false,10.373217,-12.40112,12.921675,0.2918888,0.4079255,3
30.404,0.5212989,39.23899348238591,-77.97389169133035,0.5029716,0,5270.495,0.4340521,3,1,false,false,11.810457,-11.826593,13.023673,0.29902214,0.44631046,3
30.220894,0.5214522,39.238997986163156,-77.97389180726952,0.4878315,0,5232.09,0.45847183,3,1,false,false,11.756855,-10.368763,11.431328,0.3067903,0.4787066,3
30.05697,0.52160454,39.23900248994041,-77.9738920387944,0.47742993,0,5170.4766,0.47491217,3,1,false,false,12.368708,-10.479964,11.594159,0.31497934,0.5003785,3
29.873112,0.52175575,39.23900699371766,-77.97389227049601,0.46448582,0,5125.8237,0.4903855,3,1,false,false,13.603675,-10.965877,12.205811,0.3235644,0.5201988,3
29.69284,0.52190524,39.23901149749491,-77.97389250219761,0.45535564,0,5150.098,0.50247383,3,1,false,false,12.691436,-10.578839,10.846635,0.33222148,0.5078202,3
29.520649,0.5220538,39.23901591119456,-77.97389273389922,0.447959,0,5171.7617,0.50972724,3,1,false,false,12.82679,-10.085887,10.813765,0.34041834,0.47414613,3
29.355074,0.5222015,39.2390203248942,-77.97389308136327,0.43559277,0,5144.496,0.5138373,3,1,false,false,13.239251,-9.626104,11.426497,0.34812528,0.452972,3
29.202623,0.52234834,39.23902473859385,-77.97389342882731,0.42311084,0,5087.162,0.51698047,3,1,false,false,12.559772,-8.543177,10.282054,0.35564083,0.45053595,3
29.059809,0.5224945,39.239029062224475,-77.9738938920538,0.40172994,0,5030.243,0.5135952,3,1,false,false,12.766596,-8.556561,10.220509,0.36310905,0.4473923,3
28.9138,0.52264,39.23903338584651,-77.97389435545702,0.38763016,0,5001.9907,0.50827646,3,1,false,false,12.378518,-8.689837,9.60523,0.37056047,0.44804937,3
28.779564,0.5227839,39.23903770947714,-77.9738948186835,0.37052548,0.77,5258.7725,0.50029814,0,1,false,false,11.245198,-7.638056,9.280374,0.37808844,0.46039942,3
28.653214,0.5229269,39.239042033099174,-77.97389528190998,0.35885262,0.4644444,5685.204,0.49328655,0,1,false,false,10.952836,-7.3868446,9.181678,0.3859254,0.4811292,3
28.529766,0.5230693,39.2390462666522,-77.97389586107563,0.34394383,0,5639.4604,0.48627532,2,1,false,false,11.367589,-7.370871,9.357667,0.3940778,0.49677628,3
28.38571,0.5232111,39.23905050019663,-77.97389644024129,0.3306529,0,5796.575,0.479022,2,1,false,false,9.908748,-9.656937,7.5283113,0.40237287,0.49744925,3
28.210495,0.523352,39.239054733749654,-77.97389701940695,0.3226785,0,6020.242,0.47467098,2,1,false,false,9.5136595,-10.81558,8.088772,0.4106132,0.49749115,3
28.025051,0.5234921,39.239058967302675,-77.97389771433504,0.30592033,0,6049.682,0.4695935,2,1,false,false,11.578195,-10.825025,10.827277,0.41912097,0.5327032,3
27.856718,0.523631,39.23906311077809,-77.97389840926313,0.29205176,0,5958.603,0.46451628,2,1,false,false,14.292054,-9.113978,12.683967,0.4285085,0.5951472,3
27.71401,0.52376825,39.239067254253506,-77.97389910419122,0.2742536,0,5891.082,0.4616146,2,1,false,false,15.583717,-7.7493973,12.175716,0.4389011,0.64070237,3
27.587757,0.5239048,39.239071307651315,-77.97389979929605,0.2563398,0,5888.9404,0.4630652,2,1,false,false,14.273839,-6.809183,10.1941595,0.4495532,0.6209107,3
27.469744,0.5240407,39.23907545112673,-77.97390060998657,0.23646133,0,5908.561,0.464274,2,1,false,false,13.708928,-6.801088,8.926788,0.45958537,0.58240837,3
27.355774,0.524176,39.23907950452453,-77.97390153661628,0.22178365,0,5905.7095,0.4654833,2,1,false,false,12.409395,-6.299482,8.198426,0.469149,0.564992,3
27.24528,0.52431077,39.23908355792234,-77.9739023473068,0.20028715,0,5882.014,0.46862608,2,1,false,false,12.7120495,-6.2520704,8.517994,0.4784819,0.5518314,3
27.14232,0.524445,39.239087521251136,-77.9739032739365,0.1845693,0,5876.6455,0.4749121,2,1,false,false,12.539444,-5.3930917,8.472696,0.48736048,0.5061755,3
27.030872,0.5245783,39.239091574648945,-77.97390420056621,0.17243415,0,5899.228,0.4831328,2,1,false,false,16.013403,-6.975691,11.827838,0.49532515,0.46410742,3
26.912529,0.52471,39.23909553796914,-77.97390524295834,0.16503753,0,5918.3164,0.4971556,2,1,false,false,17.259693,-6.192303,12.304462,0.50306803,0.47525597,3
26.812845,0.52484107,39.239099501293644,-77.97390628552722,0.16191705,0,5901.6187,0.514079,2,1,false,false,16.45346,-5.2678666,11.03846,0.5112987,0.513832,3
26.723995,0.52497166,39.239103374544825,-77.97390732791935,0.1593745,0,5854.837,0.5397056,2,1,false,false,16.484835,-4.7634206,10.884208,0.52015704,0.54991776,3
26.639677,0.5251017,39.23910733786932,-77.97390848625066,0.1563696,0,5812.2524,0.56968427,2,1,false,false,15.37845,-4.445114,10.260604,0.52969295,0.59062165,3
26.559265,0.5252314,39.23911121111621,-77.97390976016767,0.156254,0,5789.745,0.59893656,2,1,false,false,14.972779,-4.5441256,9.609607,0.53985995,0.6236551,3
26.47301,0.5253607,39.23911508436311,-77.97391091849899,0.15590729,0,5780.6064,0.636649,2,1,false,false,15.583558,-5.2759,9.588557,0.5505022,0.64639693,3
26.377104,0.52548957,39.23911886753668,-77.97391219259273,0.1559073,0,5780.1987,0.6654166,2,1,false,false,16.303123,-5.293046,10.478353,0.5613316,0.645954,3
26.280666,0.5256176,39.23912274078787,-77.97391358244892,0.15602282,0,5783.403,0.6987772,2,1,false,false,17.190987,-5.3054504,11.339831,0.5720848,0.64386684,3
26.184187,0.525745,39.23912652395715,-77.97391497248184,0.1549827,0,5773.315,0.72730154,2,1,false,false,18.433903,-5.2684054,12.157213,0.58295226,0.6577277,3
26.087654,0.5258719,39.239130217057415,-77.97391636233802,0.154636,0,5749.1626,0.7514754,2,1,false,false,19.516968,-5.278183,11.809549,0.59406376,0.67059803,3
25.997715,0.52599823,39.2391340002267,-77.97391786813337,0.15544498,0,5721.177,0.76936346,2,1,false,false,18.298439,-4.709593,10.616302,0.60526085,0.66646934,3
25.908455,0.5261242,39.23913769332697,-77.97391937375198,0.15486717,0,5693.3535,0.78821754,2,1,false,false,17.315308,-4.8986397,9.870023,0.6163408,0.6625468,3
25.823917,0.5262497,39.239141386422936,-77.97392099530978,0.15463603,0,5665.271,0.8027205,2,1,false,false,15.706026,-4.727448,8.903339,0.62725466,0.6462125,3
25.73417,0.5263748,39.2391449894456,-77.97392261686757,0.15232457,0,5639.004,0.81432384,2,1,false,false,15.763015,-5.1223598,9.450689,0.6379081,0.63507366,3
25.640387,0.5264991,39.23914868254157,-77.97392423842537,0.14978197,0,5615.8994,0.8218166,2,1,false,false,15.616031,-5.22419,9.486187,0.64840734,0.6269715,3
25.54454,0.52662265,39.23915228556423,-77.97392597592233,0.14677706,0,5595.569,0.8314854,2,1,false,false,16.24365,-5.6344385,10.313819,0.6587583,0.62489533,3
25.45106,0.5267457,39.23915579851036,-77.97392771324256,0.14215419,0,5573.213,0.8384949,2,1,false,false,15.520921,-4.945108,9.160169,0.66915995,0.6287943,3
25.36145,0.5268682,39.23915940153194,-77.97392945073952,0.13903369,0,5544.693,0.84598905,2,1,false,false,15.389951,-4.916725,9.557459,0.67975485,0.649431,3
25.282383,0.5269903,39.23916291447807,-77.97393130382218,0.13510428,0,5506.9033,0.85130614,2,1,false,false,14.734693,-4.3341026,8.511932,0.6907076,0.6711226,3
25.206078,0.52711195,39.2391664274242,-77.97393315708159,0.13140593,0,5466.43,0.8537237,2,1,false,false,13.483547,-4.036063,8.18021,0.70207876,0.6912397,3
25.128887,0.52723324,39.239169850294864,-77.97393512610343,0.12816992,0,5432.628,0.8551739,2,1,false,false,14.872313,-4.650256,8.963073,0.71362585,0.6984546,3
25.044453,0.52735424,39.239173363240994,-77.97393709512527,0.124471575,0,5416.946,0.854932,2,1,false,false,15.589131,-4.887534,9.597129,0.72538394,0.71598774,3
24.95198,0.5274744,39.23917678611166,-77.97393906432384,0.11880854,0,5412.989,0.85589904,2,1,false,false,17.059992,-5.065775,10.640146,0.73749226,0.7384093,3
24.860626,0.52759403,39.23918011890687,-77.97394103334568,0.11453233,0,5412.746,0.8546899,2,1,false,false,18.442604,-5.034041,11.370356,0.750088,0.77625877,3
24.772923,0.5277131,39.23918354177754,-77.97394311812995,0.10597999,0,5405.74,0.8522733,2,1,false,false,18.947664,-4.6751776,11.44481,0.76330584,0.8071889,3
24.675325,0.5278318,39.23918678449729,-77.97394520309096,0.09777434,0,5396.4746,0.8486472,2,1,false,false,22.604675,-5.509977,14.499886,0.7772644,0.87236446,3
24.582182,0.52795,39.23919011729142,-77.97394740363767,0.090146534,0,5386.2217,0.8452638,2,1,false,false,18.760729,-3.8831236,11.586768,0.7926703,0.94509214,3
24.510397,0.52806777,39.23919336001225,-77.97394960436112,0.07789587,0,5372.3335,0.8404296,2,1,false,false,18.767838,-3.6018748,11.378163,0.8083697,0.9238641,3
24.435684,0.5281853,39.23919660273093,-77.973951920847,0.068418905,0,5356.807,0.8368035,2,1,false,false,20.710667,-3.7920804,11.46951,0.823543,0.88541836,3
24.361393,0.5283025,39.239199755374145,-77.97395423750962,0.059982114,0,5350.473,0.8355944,2,1,false,false,20.887096,-3.6585245,11.806566,0.83804303,0.84649885,3
24.285416,0.5284192,39.23920290801951,-77.97395666975794,0.054087926,0,5354.1587,0.8368035,2,1,false,false,21.581291,-3.6109762,12.114823,0.8519367,0.81478804,3
24.201109,0.5285355,39.239205970587264,-77.973959102183,0.04923389,0,5358.4272,0.8413955,2,1,false,false,23.174965,-4.580398,13.341392,0.8655918,0.82081854,3
24.108744,0.5286513,39.23920903315502,-77.97396153443131,0.043108545,0,5356.568,0.8517893,2,1,false,false,24.9749,-4.453004,14.985292,0.87936306,0.8151448,3
24.032501,0.5287667,39.23921209572493,-77.9739640826188,0.039063502,0,5351.0845,0.8624247,2,1,false,false,21.43646,-3.2337868,13.407766,0.8928629,0.8094121,3
23.976921,0.52888185,39.23921506821723,-77.97396674674548,0.037792202,0,5326.117,0.87668574,2,1,false,false,20.167017,-2.47752,12.129201,0.90663457,0.8307427,3
23.9227,0.5289967,39.239218040709524,-77.9739694106954,0.036752045,0,5277.0215,0.8928803,2,1,false,false,20.227436,-2.7642584,10.540268,0.92060953,0.824454,3
23.859053,0.5291114,39.239220923128514,-77.97397207464533,0.03721433,0,5247.863,0.90351576,2,1,false,false,18.66878,-3.2684693,10.056104,0.93404555,0.7708466,3
23.789667,0.5292258,39.239223805543205,-77.97397485453443,0.03709878,0,5256.4404,0.9114922,2,1,false,false,18.797152,-3.6932716,11.018183,0.9462386,0.69082737,3
23.722305,0.5293401,39.239226687962194,-77.9739776342468,0.037445493,0,5272.556,0.91463363,2,1,false,false,17.95542,-3.3453736,11.066015,0.9572044,0.63260925,3
23.660753,0.529454,39.23922948030357,-77.97398041413591,0.035827465,0,5266.675,0.91535896,2,1,false,false,17.550179,-2.9321039,10.703541,0.9675538,0.61279887,3
23.607742,0.5295676,39.23923218257164,-77.97398330978744,0.035018474,0,5236.323,0.91221756,2,1,false,false,17.263546,-2.6739342,10.012156,0.97768843,0.60997075,3
23.556507,0.52968097,39.239234974913025,-77.97398620543898,0.030857867,0,5202.5894,0.90786624,2,1,false,false,17.338545,-2.7754867,10.821898,0.9878813,0.6197086,3
23.504906,0.52979416,39.239237677176796,-77.97398910109052,0.027506258,0,5182.8525,0.90013194,2,1,false,false,17.302557,-2.825054,11.328119,0.998422,0.64923984,3
23.450624,0.52990717,39.23924028937155,-77.97399211250449,0.021843206,0,5177.693,0.89191306,2,1,false,false,16.768883,-2.9574938,10.491415,1.0095146,0.6756329,3
23.396229,0.53001994,39.239242901562015,-77.97399500815602,0.014677704,0,5181.1978,0.8849037,2,1,false,false,16.415041,-3.014978,10.800191,1.0209656,0.69223243,3
23.345222,0.53013265,39.23924551374818,-77.97399813550918,0.0082056485,0,5183.966,0.87910336,2,1,false,false,14.827723,-2.604843,9.99319,1.0325904,0.6946137,3
23.301867,0.53024536,39.239248125938644,-77.97400114692316,-1.1641532e-09,0,5179.3193,0.8764441,2,1,false,false,13.774951,-2.3402784,8.356419,1.0439014,0.66175437,3
23.263325,0.5303581,39.23925064806009,-77.9740042742763,0,0,5169.5176,0.8752357,2,1,false,false,12.614139,-1.9331001,7.5617175,1.0546453,0.63072735,3
23.228252,0.5304706,39.239253170172944,-77.97400740162945,0,0,5155.439,0.8752358,2,1,false,false,12.473898,-1.9864111,7.471914,1.0650169,0.6162331,3
23.188095,0.53058296,39.239255602208196,-77.97401052898259,0,0,5141.441,0.8795867,2,1,false,false,15.146675,-2.3571506,9.276344,1.0750886,0.5997253,3
23.14472,0.5306952,39.23925803425203,-77.974013656159,0,0,5137.515,0.88635427,2,1,false,false,16.472498,-2.2930746,11.52087,1.0851489,0.61649024,3
23.101154,0.53080726,39.239260466287284,-77.97401689927459,0,0,5136.37,0.8974722,2,1,false,false,16.541746,-2.4562845,11.273003,1.0955479,0.6325149,3
23.05811,0.53091925,39.239262808253514,-77.97402014256691,0,0,5132.7207,0.9105253,2,1,false,false,16.970648,-2.2935865,12.072164,1.1061703,0.6495051,3
23.017675,0.53103113,39.23926524029736,-77.9740233856825,0,0.025833102,5123.307,0.92285156,2,1,false,false,17.062601,-2.1582658,10.64775,1.1173441,0.6972791,3
22.98115,0.5311431,39.23926749218598,-77.97402674456052,0,0.10891211,5132.3057,0.9346958,2,1,false,false,15.9942465,-2.0129714,9.554813,1.1294525,0.75091684,3
22.947111,0.5312553,39.239269744074605,-77.9740299876761,0,0.18671969,5175.538,0.9453298,2,1,false,false,15.366534,-1.6837707,9.514074,1.1423566,0.78419983,3
22.920769,0.5313673,39.23927199596323,-77.97403334673086,0,0.29159346,5264.6997,0.96055716,2,1,false,false,16.329248,-1.3065517,11.097152,1.1554995,0.78182054,3
22.895363,0.53147924,39.23927424785185,-77.97403682137131,0,0.3626037,5417.936,0.9738505,2,1,false,false,16.880083,-1.215538,11.708615,1.1684166,0.7586451,3
22.872002,0.5315911,39.23927640966288,-77.97404018042607,0,0.42524433,5594.97,0.9951199,2,1,false,false,16.57821,-1.0273561,11.338406,1.1808889,0.7410777,3
22.879812,0.531703,39.239278571473896,-77.97404365524326,0,0.47177777,5549.682,1.0166297,2,1,false,false,18.240253,2.4457428,11.877779,1.1932933,0.7418143,3
22.94024,0.5318152,39.2392806432159,-77.97404712988372,0,0.5108665,5410.415,1.0391065,2,1,false,false,18.919846,4.279743,11.780935,1.2057499,0.7499014,3
23.00342,0.53192776,39.23928271494931,-77.97405072064008,0,0.545393,5323.8613,1.061825,2,1,false,false,18.579058,3.802595,11.713255,1.2184626,0.76890236,3
23.054317,0.5320408,39.239284786691314,-77.97405431121972,0,0.58873594,5339.7876,1.0818843,2,1,false,false,17.8236,2.9021108,11.133637,1.2314204,0.77390915,3
23.094372,0.53215325,39.23928676834712,-77.97405790179934,0,0.6429143,5416.9717,1.0992849,2,1,false,false,17.083345,2.655038,10.922524,1.2442611,0.75780195,3
23.139572,0.53226596,39.23928875001151,-77.97406160814141,0,0.7117206,5494.7686,1.1149937,2,1,false,false,16.783329,3.12989,10.961201,1.2566988,0.72814184,3
23.196768,0.53237903,39.2392906415983,-77.97406531466021,0,0.77263486,5534.4106,1.1278023,2,1,false,false,16.520277,4.154835,10.893344,1.2686976,0.71017087,3
23.26934,0.53249246,39.23929253318509,-77.97406902100228,0,0.83271694,5543.0347,1.1357782,2,1,false,false,17.439367,4.704144,11.335968,1.2805444,0.71013445,3
23.3469,0.5326064,39.239294424771884,-77.97407284328352,0,0.88849854,5541.5806,1.1398864,2,1,false,false,17.031734,5.0673933,10.843038,1.2925354,0.72603244,3
23.430954,0.5327209,39.23929631635867,-77.97407666556475,0,0.9177996,5550.9194,1.1401271,2,1,false,false,16.914835,5.167026,11.137635,1.3047489,0.7329212,3
23.512663,0.532836,39.239298117867854,-77.97408060360843,0,0.9424151,5562.491,1.1362613,2,1,false,false,16.942406,5.1135583,11.461326,1.3170093,0.7354899,3
23.593073,0.5329518,39.23929991937703,-77.97408454182884,0,0.9461912,5579.1455,1.1299776,2,1,false,false,17.316856,5.006474,11.73685,1.3293524,0.74442494,3
23.670847,0.5330677,39.2393016308172,-77.97408847987252,0,0.9424305,5602.846,1.1171689,2,1,false,false,17.761124,4.789869,11.935079,1.3419281,0.7626953,3
23.745699,0.5331839,39.239303342248775,-77.97409253385537,0,0.93725157,5632.5015,1.1048436,2,1,false,false,17.881891,4.723516,12.160113,1.3548847,0.7875692,3
23.822468,0.5333005,39.239305053688945,-77.97409658766148,0,0.9340607,5661.298,1.092518,2,1,false,false,17.380886,4.8584657,11.241133,1.3682133,0.8018711,3
23.9008,0.5334177,39.23930667504291,-77.97410064164433,0,0.93316674,5679.0244,1.0758426,2,1,false,false,16.711914,4.9962683,10.735382,1.3816106,0.79918194,3
23.980377,0.53353536,39.23930829640547,-77.97410481138961,0,0.93546355,5694.5396,1.0606161,2,1,false,false,15.782885,5.169421,10.238439,1.394933,0.7926573,3
24.062737,0.53365356,39.23930991776803,-77.9741089811349,0,0.93954796,5714.5176,1.0422485,2,1,false,false,15.014737,5.2184916,9.410713,1.4079708,0.76624745,3
24.145315,0.53377247,39.23931144904439,-77.97411315088019,0,0.94534343,5733.4136,1.0238802,2,1,false,false,15.059685,5.3329616,9.466754,1.4205049,0.7348234,3
24.228071,0.533892,39.239312980329345,-77.97411732062547,0,0.9512008,5744.72,1.004062,2,1,false,false,16.40668,5.298642,11.301344,1.4325172,0.70894414,3
24.310154,0.5340117,39.23931442154528,-77.97412160613318,0,0.954792,5746.283,0.98472613,2,1,false,false,17.339735,5.3798857,12.400938,1.4442431,0.70019865,3
24.390884,0.5341319,39.23931595283023,-77.97412589164091,0,0.95742774,5747.8286,0.97022504,2,1,false,false,16.968294,5.15696,11.56627,1.4559032,0.70051223,3
24.469347,0.5342525,39.23931730395997,-77.9741302930878,0,0.9570272,5767.4604,0.95427334,2,1,false,false,16.919807,4.963156,11.641197,1.4676028,0.7037553,3
24.540106,0.5343736,39.239318745167324,-77.9741346945347,0,0.95596343,5806.2393,0.9388045,2,1,false,false,18.568499,4.4236493,11.794918,1.479559,0.7344467,3
24.60631,0.5344952,39.23932009629706,-77.97413909580486,0,0.95305026,5855.143,0.92333543,2,1,false,false,17.48763,4.4202785,11.076161,1.4921606,0.77370787,3
24.67531,0.53461725,39.23932135736637,-77.97414349725175,0,0.95090777,5901.933,0.910767,2,1,false,false,16.109156,4.6827545,10.250197,1.505361,0.80119175,3
24.752954,0.5347399,39.239322618418505,-77.97414801446108,0,0.9451432,5930.4624,0.90134025,2,1,false,false,15.24233,5.2635803,10.0120125,1.5187244,0.7906723,3
24.83625,0.53486323,39.23932387947064,-77.97415253167041,0,0.93231905,5926.0845,0.8957807,2,1,false,false,15.2962265,5.554788,10.159518,1.5316905,0.7588428,3
24.919813,0.5349869,39.23932505046235,-77.97415704887973,0,0.9034957,5906.177,0.8936054,2,1,false,false,15.46242,5.4845495,9.975449,1.5441024,0.7310747,3
25.00147,0.5351111,39.23932622143687,-77.9741616818515,0,0.86870754,5901.6377,0.89288026,2,1,false,false,16.347628,5.2961664,11.23871,1.5561181,0.70733166,3
25.078833,0.5352358,39.2393273924114,-77.974166315,0,0.80578923,5905.2188,0.89360553,2,1,false,false,17.846075,5.1155477,12.213041,1.567655,0.6775664,3
25.150812,0.53536105,39.2393284733255,-77.97417094797177,0,0.73864794,5889.466,0.89481395,2,1,false,false,18.542074,4.8208227,11.993553,1.5788252,0.6633145,3
25.219217,0.53548676,39.239329554239596,-77.97417558112028,0,0.6829281,5863.785,0.8972314,2,1,false,false,16.970139,4.5063877,10.532294,1.5897342,0.64398086,3
25.28145,0.535613,39.23933054505891,-77.97418032985448,0,0.6158173,5847.4844,0.9013405,2,1,false,false,15.777042,3.9866967,9.76629,1.6002982,0.6220038,3
25.330564,0.5357398,39.2393315358954,-77.97418496300298,0,0.57273644,5848.8257,0.90617406,2,1,false,false,16.21889,3.0737658,10.465937,1.610583,0.6163983,3
25.368467,0.53586715,39.23933243665429,-77.97418971191392,0,0.55083394,5871.2466,0.9136667,2,1,false,false,16.16603,2.569862,10.304721,1.6209635,0.63050103,3
25.401257,0.5359949,39.23933333741317,-77.9741945765873,0,0.5477511,5902.9116,0.9233355,2,1,false,false,16.575462,2.3659258,11.248362,1.6315879,0.6420803,3
25.432951,0.5361228,39.239334148077276,-77.9741993253215,0,0.55764675,5927.0483,0.93493694,2,1,false,false,17.46296,2.4960766,11.90423,1.6424026,0.64961576,3
25.466784,0.5362511,39.239334958758555,-77.97420407423245,0,0.5717039,5936.476,0.94581354,2,1,false,false,17.563711,2.5631967,10.883128,1.6532285,0.65020335,3
25.503222,0.5363797,39.23933576943983,-77.97420893890582,0,0.5945158,5948.2227,0.9617653,2,1,false,false,16.825048,2.720752,10.2459545,1.6641685,0.66199815,3
25.542437,0.53650874,39.239336490043506,-77.97421380357919,0,0.6167421,5976.406,0.9769918,2,1,false,false,15.69757,2.9454951,9.49213,1.6753235,0.672016,3
25.58546,0.53663826,39.23933721064718,-77.9742186684293,0,0.6306607,6004.239,0.99125224,2,1,false,false,16.546814,3.0841815,10.746408,1.6865261,0.67143565,3
25.631376,0.5367684,39.23933784119043,-77.97422353310269,0,0.63493,6011.4453,1.0040619,2,1,false,false,17.047106,3.3380055,11.299447,1.6977471,0.67490584,3
25.68164,0.53689945,39.23933847171649,-77.97422839777606,0,0.6346527,6003.743,1.0146964,2,1,false,false,17.381826,3.5694191,11.473278,1.7090526,0.67869157,3
25.731579,0.5370309,39.239339012164955,-77.97423326244943,0,0.6333735,5993.158,1.0253309,2,1,false,false,17.470232,3.4177415,11.4549885,1.7203718,0.6786998,3
25.77769,0.53716266,39.23933955261341,-77.97423824288525,0,0.6315545,5996.617,1.0337895,2,1,false,false,17.98499,3.1651556,10.783285,1.7317935,0.69132954,3
25.81889,0.53729486,39.239340003001445,-77.97424310755862,0,0.63056827,6017.543,1.0407984,2,1,false,false,17.229141,2.8546126,10.003201,1.7434287,0.7038677,3
25.857721,0.5374275,39.2393404533723,-77.97424808817117,0,0.62987435,6048.3984,1.0475657,2,1,false,false,16.508144,2.8663995,9.996098,1.7552992,0.71652615,3
25.897259,0.5375605,39.23934081368272,-77.97425306860698,0,0.627732,6073.966,1.0526409,2,1,false,false,17.32557,2.8537495,10.561153,1.7672822,0.7215705,3
25.939003,0.53769433,39.23934117397597,-77.97425804921953,0,0.6241869,6082.5044,1.0574746,2,1,false,false,17.270155,3.154498,10.729984,1.7793872,0.7267515,3
25.98488,0.53782964,39.23934144420879,-77.97426302965535,0,0.61806786,6076.6914,1.062066,2,1,false,false,15.684083,3.3883204,9.231803,1.7914182,0.71152943,3
26.034445,0.53796524,39.239341714424434,-77.97426812603032,0,0.6152164,6070.996,1.0652083,2,1,false,false,15.380404,3.4604292,9.212306,1.8029726,0.67491925,3
26.07771,0.5381013,39.23934198465725,-77.97427310664288,0,0.6105614,6070.8047,1.0685917,2,1,false,false,17.090162,2.977591,10.701223,1.8140202,0.6616663,3
26.113836,0.5382378,39.23934216481246,-77.97427808707869,0,0.6047814,6083.181,1.070525,2,1,false,false,18.42977,2.6322186,11.755357,1.8252211,0.6891763,3
26.144852,0.53837466,39.23934225489007,-77.97428318345368,0,0.59986424,6104.9214,1.0748757,2,1,false,false,19.840057,2.4386134,12.418178,1.8371166,0.7390288,3
26.17463,0.53851193,39.239342344967675,-77.97428816406622,0,0.59770644,6124.067,1.0770506,2,1,false,false,19.633024,2.3839867,11.607695,1.8497982,0.7763427,3
26.203691,0.5386497,39.23934243502811,-77.97429326026447,0,0.597352,6134.424,1.0787427,2,1,false,false,18.360811,2.382918,10.253399,1.8629622,0.79985064,3
26.234251,0.5387877,39.23934243502811,-77.97429835663947,0,0.59818417,6152.4033,1.0789838,2,1,false,false,17.027346,2.4676514,9.45754,1.8764696,0.8157846,3
26.267284,0.538926,39.239342344967675,-77.97430345301444,0,0.5994789,6179.658,1.0765672,2,1,false,false,16.424294,2.76401,9.183005,1.890118,0.813893,3
26.303818,0.5390647,39.23934225489007,-77.974308433627,0,0.6009588,6192.59,1.0734253,2,1,false,false,16.426762,2.9820552,9.7881365,1.9034547,0.7809479,3
26.344671,0.53920376,39.23934216481246,-77.97431352982524,0,0.6029625,6180.07,1.0666584,2,1,false,false,17.26231,3.3033993,10.403336,1.9161211,0.7380396,3
26.387497,0.53934336,39.239341894579645,-77.97431862620023,0,0.60726297,6156.9346,1.0591663,2,1,false,false,18.183712,3.2903605,10.968421,1.9280763,0.7014451,3
26.423492,0.53948337,39.239341714424434,-77.97432372257522,0,0.6099601,6145.705,1.0526407,2,1,false,false,19.634459,2.8692567,12.028012,1.9397434,0.704424,3
26.454893,0.5396234,39.23934144420879,-77.9743288189502,0,0.6160023,6156.8467,1.043457,2,1,false,false,19.721703,2.6771677,12.447262,1.9516237,0.7234319,3
26.482002,0.5397631,39.23934108389837,-77.97433391532519,0,0.6210581,6186.9985,1.0354812,2,1,false,false,19.176178,2.34072,10.621101,1.963945,0.752429,3
26.509806,0.5399031,39.23934072360512,-77.97433901170017,0,0.624002,6223.7036,1.0202546,2,1,false,false,17.477482,2.5506752,9.779091,1.9766566,0.7666496,3
26.542887,0.54004335,39.23934027321708,-77.97434410789842,0,0.6247419,6249.283,1.007929,2,1,false,false,16.467234,2.843897,9.225438,1.9893633,0.7524977,3
26.577415,0.540184,39.23933982284623,-77.97434920427341,0,0.62406373,6256.741,0.99149394,2,1,false,false,16.10786,2.9362316,9.049522,2.0017736,0.7379264,3
26.620375,0.54032516,39.23933928239777,-77.97435430064839,0,0.62409437,6260.792,0.9716749,2,1,false,false,15.9823675,3.3271906,8.849663,2.0138588,0.7089645,3
26.66316,0.5404667,39.23933874193213,-77.97435939702338,0,0.6237554,6253.323,0.95064723,2,1,false,false,15.899079,3.4667394,9.823293,2.0253837,0.675111,3
26.698538,0.5406079,39.23933811140606,-77.97436449339835,0,0.6243719,6246.101,0.92696136,2,1,false,false,19.080881,2.8123841,11.849039,2.0365427,0.67844075,3
26.729963,0.5407492,39.239337480879996,-77.97436958977335,0,0.6232314,6252.454,0.89747214,2,1,false,false,17.946016,2.7647154,11.302043,2.0481,0.70929617,3
26.760778,0.5408907,39.239336850353936,-77.9743746859716,0,0.62366295,6280.4062,0.8684679,2,1,false,false,17.131105,2.6455507,10.431532,2.0601532,0.7355635,3
26.78968,0.54103255,39.23933603967265,-77.97437966658414,0,0.62337,6319.3477,0.8307601,2,1,false,false,17.086473,2.6028066,9.788714,2.0726256,0.75556946,3
26.823801,0.5411747,39.23933531906898,-77.97438476295913,0,0.6237863,6343.7617,0.78749216,2,1,false,false,16.336288,3.0980315,9.380514,2.085245,0.74800754,3
26.864042,0.5413173,39.2393345083877,-77.97438985933411,0,0.6236782,6337.8936,0.7476075,2,1,false,false,16.718136,3.5590045,9.921418,2.0974808,0.7161524,3
26.908598,0.54146016,39.239333607628815,-77.97439495553236,0,0.6241099,6307.706,0.7113474,2,1,false,false,18.976719,3.667087,12.934413,2.1091049,0.67951906,3
26.950022,0.5416028,39.23933270686993,-77.97440005190735,0,0.62406373,6271.4165,0.67025214,2,1,false,false,19.231726,3.4325356,12.727539,2.1202843,0.6659857,3
26.986246,0.54174566,39.239331716050614,-77.9744050325199,0,0.6243565,6273.005,0.6472864,2,1,false,false,17.655472,2.9223955,10.433781,2.1313403,0.6557689,3
27.01371,0.54188883,39.239330725214124,-77.97441012889487,0,0.62421775,6322.4263,0.6252879,2,1,false,false,18.310509,2.4250374,10.821507,2.1421914,0.6462685,3
27.039175,0.54203224,39.23932964430002,-77.97441510933069,0,0.62486506,6379.302,0.6115074,2,1,false,false,18.037193,2.6942444,11.369509,2.152964,0.64517194,3
27.071566,0.54217595,39.239328563403106,-77.97442020570568,0,0.62484974,6403.207,0.59821105,2,1,false,false,17.081137,3.1298063,10.504372,2.1638234,0.653217,3
27.118309,0.54232013,39.2393273924114,-77.97442518614149,0,0.62531215,6390.2026,0.58829916,2,1,false,false,15.757339,3.8919106,9.976778,2.1746333,0.6304268,3
27.173098,0.54246455,39.23932622143687,-77.97443016675403,0,0.62657595,6350.735,0.58104646,2,1,false,false,14.679687,4.0859885,9.269043,2.1846714,0.56832904,3
27.224072,0.5426092,39.239324960384735,-77.97443514718985,0,0.628842,6322.2935,0.57331026,2,1,false,false,12.855292,3.6961505,7.8207874,2.193713,0.51859385,3
27.276882,0.5427543,39.23932369931543,-77.97444024356484,0,0.63140035,6338.2817,0.5679916,2,1,false,false,12.491399,3.811879,7.3437414,2.2018542,0.4584109,3
27.326694,0.5428998,39.239322438263294,-77.97444522417739,0,0.63452935,6357.2026,0.56364,2,1,false,false,11.961849,3.5678093,7.892045,2.208848,0.38657734,3
27.376074,0.5430457,39.239321087133554,-77.9744502046132,0,0.6382441,6357.647,0.56339866,2,1,false,false,12.407789,3.5836523,8.315802,2.214703,0.33395576,3
27.425705,0.5431921,39.239319736003814,-77.97445518522575,0,0.64357704,6360.2524,0.56944263,2,1,false,false,13.00247,3.3751945,8.974562,2.2199588,0.31642243,3
27.463533,0.54333895,39.23931829479647,-77.97446016566155,0,0.64800096,6382.8564,0.5822557,2,1,false,false,15.3933115,2.6502328,10.244907,2.2254775,0.36695296,3
27.496033,0.54348636,39.23931694364955,-77.97446514627411,0,0.6547364,6430.412,0.5965183,2,1,false,false,12.590794,2.3866873,8.544498,2.232027,0.42632017,3
27.523987,0.54363394,39.2393154123646,-77.97447012670992,0,0.6619192,6499.4917,0.60812306,2,1,false,false,11.620073,1.8041658,7.918122,2.2396398,0.4929486,3
27.555817,0.5437818,39.23931397116584,-77.97447510732248,0,0.68334407,6591.0684,0.614892,2,1,false,false,12.528215,2.861248,8.835017,2.2482998,0.5395028,3
27.603611,0.54393005,39.239312439880884,-77.97447997199585,0,0.713308,6647.131,0.6119908,2,1,false,false,13.637507,3.747743,10.204792,2.2574885,0.55712026,3
27.669008,0.5440787,39.23931081851833,-77.97448495243165,0,0.74388844,6613.612,0.6008704,2,1,false,false,15.5353985,4.853967,11.325635,2.266811,0.55535185,3
27.743164,0.54422796,39.23930919715577,-77.97448993304421,0,0.78995955,6536.844,0.5713762,2,1,false,false,15.862098,5.032751,11.217784,2.275981,0.54567754,3
27.815718,0.5443786,39.239307575801796,-77.97449479771758,0,0.83473605,6506.993,0.5322113,2,1,false,false,16.049976,4.8295207,12.580202,2.285224,0.5644623,3
27.882322,0.54452974,39.23930586436163,-77.9744997781534,0,0.8784642,6542.084,0.4828907,2,1,false,false,15.930171,4.4121304,12.013403,2.2948909,0.58549476,3
27.947681,0.54468125,39.23930415293006,-77.97450464282677,0,0.9089366,6587.0513,0.44203094,2,1,false,false,14.681627,4.5771675,11.03356,2.3046834,0.57381743,3
28.020365,0.5448333,39.239302351420875,-77.97450950750014,0,0.94310844,6600.536,0.3840039,2,1,false,false,12.40882,5.112007,9.239122,2.3138933,0.5180327,3
28.09921,0.54498595,39.23930054991169,-77.97451437235026,0,0.96387064,6591.027,0.34023952,2,1,false,false,12.173547,5.301692,8.672602,2.3219182,0.4415891,3
28.179226,0.54513913,39.23929874839392,-77.97451935278607,0,0.9809642,6587.726,0.29647404,2,1,false,false,11.969801,5.2702427,8.997616,2.3287063,0.37509292,3
28.261765,0.54529274,39.23929685680713,-77.97452421745945,0,0.9961467,6598.839,0.2737447,2,1,false,false,11.801448,5.4390764,9.43346,2.3343883,0.31006134,3
28.345413,0.54544675,39.23929496522034,-77.97452908213282,0,1,6598.3403,0.26890877,2,1,false,false,10.984215,5.289149,9.14065,2.3389943,0.25059843,3
28.426802,0.5456013,39.23929298356453,-77.9745339468062,0,1,6588.9487,0.2768885,2,1,false,false,9.782435,4.9712944,9.063236,2.34272,0.21079563,3
28.498802,0.54575634,39.23929100190014,-77.97453881165632,0,1,6611.8677,0.30155236,2,1,false,false,9.200959,4.3676085,8.91549,2.3461225,0.21354496,3
28.564793,0.54591185,39.239289020235745,-77.97454367632969,0,1,6685.862,0.32887498,2,1,false,false,9.820266,4.0050397,9.425829,2.3498752,0.2466954,3
28.627739,0.5460679,39.23928703857994,-77.97454854100306,0,1,6765.2285,0.3636926,2,1,false,false,10.058045,3.9448218,9.483514,2.354293,0.287109,3
28.694529,0.54622364,39.239284966837936,-77.97455340567645,0,1,6809.3022,0.40117005,2,1,false,false,10.332657,4.392274,10.389668,2.3594162,0.32841834,3
28.767033,0.54637945,39.23928289510452,-77.97455827034982,0,1,6822.4546,0.42873308,2,1,false,false,10.721143,4.6641684,9.794643,2.3653078,0.376843,3
28.845814,0.54653573,39.23928082336252,-77.97456313502319,0,1,6831.417,0.4471083,2,1,false,false,10.2835,5.044465,9.074847,2.3719661,0.4134142,3
28.928259,0.54669243,39.2392786615515,-77.97456799969657,0,1,6835.038,0.4662089,2,1,false,false,10.345072,5.1813745,8.753936,2.3790264,0.42593053,3
29.014723,0.54684967,39.239276499740484,-77.97457286436995,0,1,6823.85,0.47201073,2,1,false,false,10.732179,5.494326,9.2409315,2.3861096,0.4174584,3
29.10197,0.5470075,39.23927424785185,-77.97457772904332,0,1,6797.872,0.48119777,2,1,false,false,10.982904,5.479681,9.669461,2.3929172,0.3968779,3
29.189835,0.5471652,39.239272086032244,-77.97458259389343,0,1,6775.558,0.48506686,2,1,false,false,11.621997,5.4945188,10.47844,2.3993304,0.37264034,3
29.272816,0.5473232,39.23926983414362,-77.97458734262763,0,1,6766.1797,0.48917675,2,1,false,false,12.511661,5.0001965,10.7998905,2.4053469,0.35382104,3
29.347673,0.5474816,39.23926749218598,-77.97459220730101,0,1,6776.935,0.4930454,2,1,false,false,12.648536,4.5743084,11.074578,2.411207,0.3553005,3
29.416786,0.5476404,39.239265150219744,-77.97459707215113,0,1,6812.851,0.49715555,2,1,false,false,12.824753,4.220973,10.949425,2.4172566,0.37421885,3
29.482477,0.5477996,39.239262808253514,-77.97460182088533,0,1,6858.422,0.50102335,2,1,false,false,12.681425,4.1035767,10.813072,2.4237065,0.39972973,3
29.54804,0.5479592,39.23926037621827,-77.97460656979626,0,1,6896.5957,0.5039247,2,1,false,false,12.41643,4.1684656,10.879012,2.4305975,0.4257126,3
29.616158,0.5481186,39.23925803425203,-77.97461143446964,0,1,6923.1187,0.5041666,2,1,false,false,12.319884,4.3330994,10.813837,2.4379232,0.45013088,3
29.687294,0.5482782,39.23925551213918,-77.97461618338058,0,1,6940.012,0.5046501,2,1,false,false,12.177305,4.554432,10.49952,2.445618,0.4681871,3
29.761957,0.5484382,39.23925308009534,-77.97462093229153,0,1,6947.8643,0.5015073,2,1,false,false,12.214897,4.786753,10.413322,2.453496,0.47175485,3
29.838253,0.5485986,39.23925055798248,-77.97462568120247,0,1,6946.9814,0.4986062,2,1,false,false,11.7304125,4.8448205,9.751319,2.461273,0.455915,3
29.91485,0.5487594,39.23924794579202,-77.97463042993667,0,1,6945.7153,0.49377105,2,1,false,false,11.5733795,4.7916203,9.349855,2.468675,0.43020445,3
29.990839,0.5489207,39.23924533360156,-77.9746351788476,0,1,6951.3047,0.48796803,2,1,false,false,11.623091,4.725246,9.599432,2.4756033,0.4017167,3
30.064163,0.54908186,39.239242721411095,-77.97463981181937,0,1,6962.6025,0.4814402,2,1,false,false,11.954759,4.61758,10.517461,2.482116,0.38225195,3
30.135126,0.54924333,39.23924010921634,-77.97464456073031,0,1,6977.0864,0.47491214,2,1,false,false,11.768338,4.4151354,10.430734,2.4883847,0.37240496,3
30.202793,0.54940516,39.23923740695257,-77.97464930964125,0,1,6727.7344,0.47031882,2,1,false,false,11.540886,3.9774103,10.086859,2.4945545,0.37036157,3
30.229397,0.5495673,39.2392347046845,-77.97465394261302,0,1,6511.978,0.46427402,0,1,false,false,11.783734,-0.117977485,9.949766,2.5007095,0.36662284,3
30.21287,0.5497294,39.23923200242072,-77.97465857576152,0,1,6385.57,0.4570213,3,1,false,false,12.554424,-0.8439132,11.349233,2.5068507,0.37543947,3
30.254267,0.5498915,39.239229210079344,-77.97466320873329,0,1,5795.987,0.44855893,3,1,false,false,14.085965,5.3010464,13.952873,2.5134947,0.43154064,3
30.357319,0.5500537,39.23922641773796,-77.9746678418818,0,1,5576.734,0.43985477,3,1,false,false,13.514673,6.5074096,12.526669,2.521354,0.50398946,3
30.443703,0.55021644,39.239223625392285,-77.97467247485356,0,1,5619.068,0.43187678,3,1,false,false,11.956453,4.5135536,10.789512,2.5300462,0.52157193,3
30.505268,0.5503795,39.239220742977594,-77.97467710782533,0,1,5697.5747,0.42172158,3,1,false,false,10.831914,3.897506,9.162122,2.5384157,0.47277522,3
30.572231,0.550543,39.239217860558604,-77.97468162503465,0,1,5706.113,0.4101155,3,1,false,false,10.938829,4.6642027,8.684966,2.5457768,0.4089292,3
30.650484,0.5507068,39.23921497814391,-77.97468625818316,0,1,5668.094,0.39971903,3,1,false,false,10.893075,5.1824865,9.2796335,2.5520623,0.3444938,3
30.729399,0.5508711,39.23921200564732,-77.97469077539249,0,1,5635.7554,0.3936751,3,1,false,false,11.473688,4.846321,10.313649,2.557305,0.2886804,3
30.800293,0.5510357,39.23920903315502,-77.97469529260182,0,1,5637.661,0.39174104,3,1,false,false,12.342832,4.287174,11.725597,2.5618029,0.2587543,3
30.860302,0.55120057,39.239206060662724,-77.97469980981114,0,1,5672.109,0.39440036,3,1,false,false,12.854755,3.6873045,12.525834,2.5661376,0.2707515,3
30.915483,0.55136573,39.23920299809497,-77.97470432702048,0,1,5725.772,0.39657652,3,1,false,false,13.157639,3.4423213,13.166989,2.571002,0.31764156,3
30.970236,0.55153126,39.23919993552721,-77.97470884422981,0,1,5777.66,0.39440042,3,1,false,false,12.501425,3.6423478,12.269762,2.5768466,0.38167945,3
31.031654,0.5516971,39.23919678288184,-77.9747132456767,0,1,5813.1567,0.38787204,3,1,false,false,10.505993,4.0724745,10.431813,2.583613,0.42229337,3
31.101637,0.55186343,39.239193720314084,-77.97471776288603,0,1,5823.919,0.37771732,3,1,false,false,8.82633,4.6393213,8.654802,2.5907187,0.42086583,3
31.178488,0.55203027,39.23919056766872,-77.97472216415619,0,1,5810.6216,0.36296728,3,1,false,false,8.485432,4.927989,7.5335245,2.597457,0.3818797,3
31.258932,0.55219746,39.239187415025505,-77.97472668136552,0,1,5785.109,0.34942755,3,1,false,false,8.326677,5.0597887,7.4783907,2.6033363,0.3197628,3
31.339186,0.55236506,39.239184172305755,-77.97473108281241,0,1,5761.9478,0.34362456,3,1,false,false,8.055517,4.899562,7.8174753,2.6080518,0.24567224,3
31.412262,0.55253303,39.23918101966254,-77.97473548425931,0,1,5754.2954,0.33999777,3,1,false,false,8.600263,4.3680987,8.867092,2.6116116,0.190372,3
31.474873,0.5527014,39.23917777694279,-77.97473988552946,0,1,5779.98,0.3431409,3,1,false,false,9.936649,3.5758607,10.555592,2.6146228,0.18474779,3
31.526518,0.55287004,39.23917444414758,-77.97474428697636,0,1,5840.556,0.35063633,3,1,false,false,10.878534,3.1559398,11.741433,2.6180506,0.23466444,3
31.57701,0.55303884,39.23917120142799,-77.97474868842325,0,1,5913.7314,0.3586158,3,1,false,false,10.730895,3.2763436,10.852813,2.6225393,0.3045027,3
31.630995,0.55320793,39.23916786863289,-77.97475308987015,0,1,5964.155,0.3685292,3,1,false,false,9.347654,3.4836783,9.495886,2.6280868,0.35812056,3
31.693148,0.5533773,39.23916453583794,-77.97475737537786,0,1,5992.8887,0.3748157,3,1,false,false,8.86155,4.144907,9.070934,2.6344273,0.39691427,3
31.765408,0.55354697,39.2391612030422,-77.97476177682476,0,1,5999.435,0.38037652,3,1,false,false,8.670871,4.779663,8.660896,2.641182,0.40693954,3
31.846996,0.5537166,39.239157780172604,-77.97476606233248,0,1,5969.8257,0.38497052,3,1,false,false,9.33601,5.259769,9.084126,2.647865,0.38824394,3
31.930937,0.55388635,39.23915435730194,-77.9747703478402,0,1,5914.318,0.3885972,3,1,false,false,10.513071,5.1743402,10.349725,2.6540558,0.35255486,3
32.007286,0.5540564,39.2391509344302,-77.97477474928709,0,1,5878.754,0.39198184,3,1,false,false,11.104297,4.604454,10.765617,2.6596727,0.32438317,3
32.0749,0.5542269,39.2391475115606,-77.97477903479482,0,1,5895.868,0.39585084,3,1,false,false,11.4538355,4.0879245,10.637838,2.6649399,0.30949602,3
32.134617,0.55439764,39.2391439986134,-77.97478332030254,0,1,5934.8257,0.39826846,3,1,false,false,11.21733,3.7601347,10.363771,2.6700425,0.30523962,3
32.193947,0.5545687,39.23914048566835,-77.97478749004783,0,1,5966.02,0.39826846,3,1,false,false,10.720692,3.816282,9.873491,2.6751382,0.30814627,3
32.255547,0.5547395,39.23913688264569,-77.97479177573229,0,1,5986.563,0.39512563,3,1,false,false,10.217846,3.9938917,9.414477,2.680343,0.31704414,3
32.319828,0.5549105,39.23913336970063,-77.97479594547757,0,1,6002.8135,0.3898061,3,1,false,false,9.812746,4.0560803,9.386624,2.685662,0.32133144,3
32.384052,0.5550819,39.239129766677976,-77.97480011522285,0,1,6017.41,0.38206893,3,1,false,false,9.80373,4.0269794,9.568549,2.6910474,0.32613814,3
32.448055,0.5552536,39.239126163655314,-77.97480440073058,0,1,6034.202,0.3726395,3,1,false,false,10.189629,4.0126348,10.526487,2.6965523,0.33537433,3
32.51122,0.5554256,39.239122470559344,-77.97480857047586,0,1,6050.6104,0.36248392,3,1,false,false,10.840386,4.0241776,11.199562,2.7022648,0.35140195,3
32.574833,0.5555976,39.23911886753668,-77.9748126244587,0,1,6065.4067,0.35281268,3,1,false,false,10.831669,4.0675898,10.476784,2.7082877,0.3685858,3
32.639297,0.55576956,39.23911517444071,-77.97481679420399,0,1,6076.269,0.33540386,3,1,false,false,10.068349,4.13821,9.569772,2.7145033,0.37306044,3
32.7059,0.55594194,39.23911139126713,-77.97482096377254,0,1,6085.078,0.32186317,3,1,false,false,9.093781,4.2904177,8.547183,2.7206583,0.36016798,3
32.775494,0.5561146,39.23910769817116,-77.97482501775539,0,1,6087.6,0.29913378,3,1,false,false,8.660993,4.411814,8.452531,2.7263992,0.32571602,3
32.84635,0.55628765,39.23910391499758,-77.97482907173823,0,1,6080.733,0.27906486,3,1,false,false,9.388955,4.5421453,9.797938,2.7315235,0.28946707,3
32.915016,0.55646104,39.239100131824,-77.97483324148352,0,1,6070.1777,0.25996232,3,1,false,false,10.438212,4.20028,11.099536,2.7360666,0.26253435,3
32.97888,0.55663407,39.23909634865043,-77.97483729528963,0,1,6076.829,0.2367486,3,1,false,false,10.718863,3.9895108,12.32719,2.7403986,0.26270524,3
33.038254,0.5568075,39.23909247539924,-77.97484123333331,0,1,6108.609,0.21063283,3,1,false,false,10.437825,3.6665406,12.542652,2.7449,0.27933657,3
33.09586,0.5569812,39.23908860215664,-77.97484528731616,0,1,6151.1885,0.18596761,3,1,false,false,9.475279,3.7302125,11.331687,2.7497573,0.29876944,3
33.157692,0.5571553,39.23908472890546,-77.974849341299,0,1,6182.04,0.15864217,3,1,false,false,8.932696,4.054928,10.782526,2.7548063,0.30179417,3
33.226177,0.55732965,39.23908085565427,-77.97485327934268,0,1,6184.0386,0.1199504,3,1,false,false,8.462021,4.500509,11.416547,2.7597995,0.28841162,3
33.301544,0.557504,39.239076892334076,-77.97485721738636,0,1,6161.3555,0.09093077,3,1,false,false,7.989041,4.8604894,10.954395,2.7643552,0.2501533,3
33.379032,0.5576785,39.23907292901387,-77.97486115543003,0,1,6131.4736,0.06771515,3,1,false,false,8.020423,4.809453,11.618377,2.7681007,0.19461426,3
33.45237,0.55785346,39.23906896568508,-77.97486509365044,0.020225186,1,6114.185,0.037968367,3,1,false,false,7.3272004,4.506603,10.593643,2.770881,0.13803594,3
33.517548,0.5580288,39.239065002364875,-77.97486903169411,0.06610746,0.97974646,6122.071,0.0077380743,3,1,false,false,6.318927,3.848017,9.845076,2.7727377,0.08661275,3
33.569637,0.5582045,39.23906103903609,-77.97487296973779,0.11950198,0.9250903,6139.945,-0.016930424,3,1,false,false,5.5045714,2.9459653,9.845675,2.7738252,0.044970524,3
33.606037,0.5583801,39.23905698563828,-77.97487690778146,0.19635764,0.8209872,6133.249,-0.048854407,3,1,false,false,4.2604094,1.9085563,9.210051,2.774257,0.011132443,3
33.620148,0.55855554,39.23905293224047,-77.97488084600188,0.28708214,0.69718564,6101.0537,-0.08174635,3,1,false,false,3.2559543,0.31582874,9.534771,2.7742376,-0.009914172,3
33.601547,0.558731,39.23904887884266,-77.97488466810638,0.39606702,0.5381949,6041.717,-0.1185092,3,1,false,false,1.8942838,-1.9950184,9.610384,2.7739224,-0.026514836,3
33.54073,0.55890626,39.23904491551387,-77.97488860632679,0.48702246,0.36345136,5954.288,-0.15382245,3,1,false,false,1.0500841,-4.7533655,10.037136,2.7732732,-0.04858792,3
33.427425,0.5590811,39.23904086211606,-77.97489242860803,0.5654961,0.18340582,5847.721,-0.19131294,3,1,false,false,0.4035226,-7.8100057,10.569298,2.772349,-0.060869563,3
33.27749,0.5592552,39.239036808718254,-77.9748963666517,0.6176194,0.0453929,5742.713,-0.22444992,3,1,false,false,-0.44542837,-9.962275,9.805256,2.7711687,-0.08004685,3
33.089947,0.559428,39.23903284539805,-77.97490018893295,0.65021074,0,5656.323,-0.24863769,3,1,false,false,-1.3210106,-11.993943,10.328486,2.769682,-0.10100295,3
32.881775,0.5595997,39.23902888206926,-77.97490401121418,0.66616,0,5568.1416,-0.27355218,3,1,false,false,-2.2195537,-13.02412,10.182502,2.7677703,-0.13260262,3
32.65659,0.55977035,39.23902491874906,-77.97490783331868,0.67147636,0,5480.814,-0.29290286,3,1,false,false,-2.6629198,-13.915911,11.627999,2.7652252,-0.17402014,3
32.417564,0.5599397,39.23902104549787,-77.97491153983749,0.6684714,0,5396.3994,-0.31177026,3,1,false,false,-3.1318173,-14.218572,12.707207,2.7621036,-0.20068978,3
32.172287,0.5601079,39.23901717224669,-77.97491536211872,0.65806973,0,5454.975,-0.32918793,3,1,false,false,-4.1892047,-15.527609,12.367433,2.7585194,-0.23138787,3
31.905857,0.56027454,39.23901338907311,-77.97491906846079,0.6353021,0,5558.336,-0.34249145,3,1,false,false,-4.865337,-15.998716,13.139489,2.7544885,-0.2530424,3
31.661287,0.56043965,39.23900951582193,-77.9749227749796,0.6153081,0,5533.1943,-0.35192516,3,1,false,false,-6.071563,-13.3775,11.5443945,2.7500565,-0.28254282,3
31.452936,0.5606036,39.23900582272595,-77.97492648132166,0.589651,0,5447.6177,-0.35797334,3,1,false,false,-6.0822506,-12.137232,10.484024,2.7451794,-0.30361384,3
31.252142,0.56076646,39.239002039552375,-77.97493018784047,0.5696566,0,5386.596,-0.3586989,3,1,false,false,-5.8126926,-11.925594,9.572301,2.74,-0.31599268,3
31.053345,0.5609284,39.238998346456405,-77.97493389418253,0.5354475,0,5379.3745,-0.35458678,3,1,false,false,-5.420425,-11.790105,9.462157,2.7347736,-0.30922815,3
30.859623,0.5610892,39.238994743438035,-77.97493760070134,0.49950433,0,5374.689,-0.34781295,3,1,false,false,-5.8683195,-11.370192,9.946699,2.7296944,-0.30035204,3
30.6794,0.56124836,39.238991050342065,-77.97494119128096,0.4664506,0,5347.899,-0.3398307,3,1,false,false,-6.550337,-10.211312,9.951658,2.7247655,-0.29131857,3
30.505802,0.5614063,39.2389874473237,-77.97494489779977,0.41814134,0,5308.235,-0.33088058,3,1,false,false,-7.3054204,-10.296672,10.870734,2.7197957,-0.3089612,3
30.336494,0.56156343,39.23898393436576,-77.97494860414183,0.37318355,0,5258.977,-0.32507563,3,1,false,false,-7.762864,-9.740212,9.884506,2.714338,-0.3488716,3
30.184765,0.5617197,39.238980421425005,-77.97495219472147,0.33238646,0.77,5507.8755,-0.3260427,0,1,false,false,-7.081388,-8.40883,9.306858,2.7082283,-0.38028982,3
30.050406,0.5618753,39.23897690848425,-77.97495590124026,0.3003729,0.77,5940.5454,-0.33184862,0,1,false,false,-7.9537225,-7.6323376,9.195031,2.7017524,-0.39668855,3
29.929045,0.5620302,39.23897339554349,-77.97495949181989,0.26731917,0,6040.937,-0.34539446,2,1,false,false,-8.378976,-6.64698,8.502596,2.695075,-0.40246093,3
29.805645,0.5621836,39.238969972663156,-77.9749631983387,0.24200878,0,6070.114,-0.3637792,2,1,false,false,-9.00184,-8.575461,8.979399,2.688377,-0.39993754,3
29.631662,0.56233597,39.238966549800004,-77.97496690468077,0.23091385,0,6321.339,-0.38385653,2,1,false,false,-9.4000225,-10.771227,9.911737,2.6817858,-0.3921801,3
29.455566,0.56248736,39.23896312691967,-77.97497061119957,0.22525081,0,6490.066,-0.40199995,2,1,false,false,-10.641599,-9.578227,11.063744,2.6752112,-0.40105927,3
29.31306,0.562638,39.238959794134125,-77.97497431754164,0.22143687,0,6489.3916,-0.42860913,2,1,false,false,-12.294165,-7.1862383,11.958695,2.6683116,-0.42892507,3
29.204208,0.56278795,39.2389564613314,-77.97497790812126,0.2214369,0,6413.5254,-0.44820496,2,1,false,false,-13.075284,-5.599124,11.065102,2.6608822,-0.4607565,3
29.10824,0.56293744,39.23895312854586,-77.9749817304025,0.22028121,0,6352.0776,-0.468042,2,1,false,false,-12.266103,-5.334792,9.984217,2.6530607,-0.47404328,3
29.006607,0.56308603,39.23894988582074,-77.9749854369213,0.22097462,0,6324.3467,-0.48473483,2,1,false,false,-12.510704,-5.9058056,9.638605,2.645135,-0.47535893,3
28.895174,0.5632338,39.238946643095616,-77.97498914326337,0.22039679,0,6317.822,-0.4997331,2,1,false,false,-12.790308,-6.429707,10.170389,2.637243,-0.47128716,3
28.780144,0.56338096,39.23894349044811,-77.9749929655446,0.22132131,0,6313.7734,-0.5125552,2,1,false,false,-12.8705225,-6.3585896,10.133164,2.6294243,-0.46645185,3
28.667242,0.5635276,39.23894033781777,-77.97499667206341,0.2225926,0,6297.932,-0.5239266,2,1,false,false,-13.272673,-6.2830567,10.03194,2.6216786,-0.4640674,3
28.55778,0.5636736,39.238937185170265,-77.97500049416792,0.22421062,0,6270.6724,-0.53311974,2,1,false,false,-12.838569,-5.9511337,9.614659,2.613934,-0.46726227,3
28.452349,0.56381917,39.238934122600355,-77.97500431644914,0.22432624,0,6236.0503,-0.5427965,2,1,false,false,-12.67753,-5.8671246,9.36632,2.6060762,-0.477394,3
28.344463,0.5639642,39.23893106003045,-77.97500813873039,0.22397949,0,6198.6997,-0.55029714,2,1,false,false,-12.839875,-6.0971346,9.567791,2.5979996,-0.49416828,3
28.230574,0.5641083,39.238928087538156,-77.97501196101163,0.2239795,0,6165.912,-0.5539249,2,1,false,false,-13.306187,-6.6133,10.413893,2.5895805,-0.5180803,3
28.110083,0.56425184,39.23892511504585,-77.97501578329287,0.22363278,0,6140.0156,-0.5573131,2,1,false,false,-13.891721,-6.730396,10.930341,2.5807433,-0.5424383,3
27.991196,0.56439483,39.238922142553555,-77.97501972133654,0.2206279,0,6117.079,-0.5592483,2,1,false,false,-14.058407,-6.4991946,10.490957,2.5714962,-0.5669928,3
27.877293,0.5645373,39.238919260138864,-77.97502354361778,0.21045749,0,6087.4688,-0.5592482,2,1,false,false,-13.915617,-6.190601,9.946477,2.5618596,-0.58702636,3
27.767624,0.56467915,39.23891637772417,-77.97502748166146,0.20028712,0,6053.1685,-0.55803907,2,1,false,false,-13.942893,-5.9307294,9.798949,2.5519474,-0.6008298,3
27.658672,0.5648205,39.2389134952923,-77.97503141988187,0.18688074,0,6022.196,-0.5553764,2,1,false,false,-14.3696165,-6.0723352,10.17953,2.5418184,-0.6142644,3
27.544506,0.5649613,39.238910702955216,-77.97503535792555,0.17231858,0,5999.669,-0.5544093,2,1,false,false,-14.998993,-6.1343822,10.7598715,2.531417,-0.629711,3
27.440853,0.5651015,39.23890800069574,-77.97503929596922,0.16029908,0,5989.7305,-0.55489284,2,1,false,false,-14.334551,-5.376499,9.810774,2.52103,-0.60869807,3
27.341652,0.5652413,39.23890520834147,-77.9750432340129,0.13972715,0,5986.2314,-0.55658734,2,1,false,false,-14.409205,-5.092187,9.3504715,2.5111728,-0.5729396,3
27.248455,0.5653805,39.2389025961596,-77.9750471722333,0.12262244,0,5977.9375,-0.5592482,2,1,false,false,-14.772008,-4.9735727,9.71778,2.501894,-0.54600096,3
27.148525,0.56551933,39.23889989390012,-77.97505122603943,0.10366854,0,5959.224,-0.5628767,2,1,false,false,-16.45412,-5.2490797,11.549982,2.4927483,-0.5578771,3
27.05436,0.5656577,39.238897281701064,-77.97505528002226,0.08402122,0,5939.7637,-0.567957,2,1,false,false,-17.472002,-4.712368,12.837445,2.4832432,-0.58415097,3
26.968231,0.5657957,39.23889475957962,-77.97505933382838,0.068534486,0,5929.2197,-0.5730382,2,1,false,false,-17.854588,-4.147509,12.607582,2.4732575,-0.6104253,3
26.894176,0.56593335,39.238892237475355,-77.97506338781123,0.05131419,0,5923.4087,-0.57957053,2,1,false,false,-16.537045,-3.4607003,11.0010195,2.4629154,-0.62619776,3
26.828197,0.5660706,39.238889715353906,-77.97506744179408,0.036405332,0,5904.3584,-0.58634454,2,1,false,false,-16.293623,-3.1336803,10.237561,2.4523566,-0.63671684,3
26.766249,0.56620765,39.23888728331007,-77.97507149560019,0.020225188,0,5877.185,-0.5933605,2,1,false,false,-15.724616,-2.8743958,9.969156,2.4416726,-0.64010113,3
26.706663,0.5663444,39.23888485128341,-77.97507566534547,0.007627785,0,5861.772,-0.6025538,2,1,false,false,-15.986838,-2.9044528,10.175711,2.430996,-0.6339265,3
26.643692,0.5664809,39.23888250931718,-77.97507983509075,0,0,5866.516,-0.6141675,2,1,false,false,-16.303474,-2.9683166,10.6521225,2.4206095,-0.6018921,3
26.58151,0.56661713,39.23888016733377,-77.97508400483603,0,0,5885.1104,-0.6262647,2,1,false,false,-17.391668,-2.8547697,11.798324,2.4109786,-0.5534071,3
26.520933,0.56675327,39.23887791544514,-77.97508817458133,0,0,5896.7075,-0.6400556,2,1,false,false,-17.993753,-2.6850443,11.951746,2.4020462,-0.5198055,3
26.466175,0.56688905,39.23887566355651,-77.97509246008904,0,0,5890.783,-0.65457207,2,1,false,false,-17.67368,-2.35583,11.290449,2.39352,-0.5047511,3
26.41683,0.56702465,39.23887341166789,-77.97509662983433,0,0,5870.271,-0.6681209,2,1,false,false,-16.711412,-2.187907,10.332486,2.3851585,-0.49644423,3
26.370304,0.56716,39.23887124987405,-77.9751009155188,0,0,5848.5845,-0.68118703,2,1,false,false,-15.527025,-2.1319005,9.899647,2.3770003,-0.48133826,3
26.323368,0.56729525,39.23886917814064,-77.97510520102651,0,0,5834.0854,-0.6983652,2,1,false,false,-15.566024,-2.2391021,10.205194,2.3690348,-0.4773332,3
26.27501,0.5674303,39.23886710640723,-77.97510948653424,0,0,5826.704,-0.7063502,2,1,false,false,-15.766094,-2.3979695,11.281651,2.3610237,-0.48611495,3
26.22513,0.5675654,39.238865034673815,-77.97511388798112,0,0,5821.6094,-0.72135115,2,1,false,false,-15.902601,-2.4411473,10.705663,2.3527575,-0.50569963,3
26.176424,0.56770027,39.23886296290604,-77.97511817348885,0,0,5815.415,-0.731997,2,1,false,false,-14.616156,-2.369446,9.608813,2.3442142,-0.51646084,3
26.130014,0.5678353,39.238860981267415,-77.97512257493574,0,0,5806.526,-0.7397395,2,1,false,false,-13.846816,-2.2520576,9.548589,2.33557,-0.5218133,3
26.085306,0.56797016,39.23885908965485,-77.97512686044347,0,0,5794.063,-0.7472412,2,1,false,false,-13.71068,-2.1947274,9.398077,2.3267264,-0.5405642,3
26.040115,0.56810486,39.23885719807666,-77.97513126189035,0,0,5780.1294,-0.7549837,2,1,false,false,-13.909672,-2.2610211,9.646517,2.3175533,-0.5588819,3
25.993855,0.56823945,39.23885530649846,-77.97513566324888,0,0,5769.0757,-0.7624843,2,1,false,false,-14.010846,-2.358818,10.19097,2.3081062,-0.5717663,3
25.945127,0.568374,39.23885341492026,-77.9751400646074,0,0,5762.302,-0.7682922,2,1,false,false,-15.164451,-2.440203,10.963511,2.2985392,-0.575807,3
25.896109,0.5685084,39.23885161340248,-77.9751445819051,0,0,5756.7573,-0.77143633,2,1,false,false,-16.104008,-2.3859475,11.483792,2.2888238,-0.5939756,3
25.849129,0.5686427,39.2388499019795,-77.97514898326364,0,0,5749.048,-0.7755512,2,1,false,false,-13.641481,-2.3325133,10.16745,2.2787628,-0.6059855,3
25.800493,0.56877583,39.23884810046172,-77.97515350047296,0,0,5738.792,-0.7791798,2,1,false,false,-16.284988,-2.4117947,10.586448,2.2685385,-0.6228449,3
25.753988,0.56890875,39.238846479099166,-77.97515790183148,0,0,5725.0454,-0.7847447,2,1,false,false,-12.33549,-2.2346454,8.231689,2.258087,-0.6141931,3
25.71034,0.5690415,39.238844767676184,-77.97516241904081,0,0,5713.332,-0.79248726,2,1,false,false,-11.119533,-2.0892785,6.8528457,2.2481577,-0.57481825,3
25.668398,0.5691742,39.23884314631362,-77.97516693625015,0,0,5701.8604,-0.8041028,2,1,false,false,-9.655902,-2.0535355,5.7099624,2.2391114,-0.51275784,3
25.628069,0.56930673,39.23884152495106,-77.97517145354784,0,0,5688.5557,-0.81716883,2,1,false,false,-9.969178,-1.9451704,6.349846,2.2311413,-0.45764288,3
25.586746,0.5694393,39.23883999364893,-77.97517597075718,0,0,5672.2373,-0.84668934,2,1,false,false,-13.579282,-2.005475,9.196256,2.2238152,-0.4501768,3
25.54063,0.56957173,39.23883837228637,-77.9751803721157,0,0,5653.8623,-0.8783888,2,1,false,false,-17.06178,-2.4705985,12.562394,2.2160048,-0.50368345,3
25.486935,0.5697033,39.23883693107902,-77.97518500517583,0,0,5641.9097,-0.91710645,2,1,false,false,-20.155724,-2.5984101,13.5144205,2.207188,-0.57196766,3
25.438383,0.5698345,39.238835489871676,-77.97518952238516,0,0,5642.7476,-0.95340526,2,1,false,false,-16.565704,-2.3711429,11.898464,2.1968496,-0.6691093,3
25.396471,0.5699655,39.23883404866433,-77.9751940395945,0,0,5624.156,-0.97857344,2,1,false,false,-14.74111,-1.9742044,8.66622,2.1850183,-0.7509831,3
25.35504,0.5700964,39.23883269755177,-77.97519867265463,0,0,5580.6987,-1.0018045,2,1,false,false,-14.178367,-2.2060487,8.112823,2.1718202,-0.8225583,3
25.307705,0.5702271,39.23883134640485,-77.97520318986396,0,0,5551.8174,-1.0180192,2,1,false,false,-14.641319,-2.5125356,8.838931,2.1577468,-0.85153306,3
25.251072,0.5703577,39.23882999525793,-77.97520782292409,0,0,5561.3135,-1.0308453,2,1,false,false,-16.035093,-2.9534574,9.424753,2.1435125,-0.84220296,3
25.189457,0.5704881,39.2388287342058,-77.97521234013342,0,0,5586.0894,-1.0376207,2,1,false,false,-16.038197,-3.0202596,9.40351,2.129808,-0.79371774,3
25.128288,0.57061815,39.238827563248456,-77.97521697319357,0,0,5594.8584,-1.0414932,2,1,false,false,-18.146004,-2.8317888,10.437338,2.1170423,-0.74206316,3
25.070215,0.57074785,39.23882639225675,-77.97522160616533,0,0,5579.712,-1.0422202,2,1,false,false,-19.963097,-2.5499816,11.935856,2.1048439,-0.72874135,3
25.012823,0.57087725,39.238825221265046,-77.97522623922546,0,0,5554.6177,-1.040284,2,1,false,false,-21.646847,-2.5888436,12.773221,2.092547,-0.7511184,3
24.955101,0.5710064,39.23882423042855,-77.9752308722856,0,0.006042123,5534.583,-1.0378639,2,1,false,false,-21.061443,-2.638308,11.971177,2.079774,-0.7769635,3
24.898066,0.5711353,39.23882314953163,-77.97523550534574,0,0.10892755,5549.6846,-1.0335078,2,1,false,false,-19.162802,-2.6260521,10.336713,2.066827,-0.769072,3
24.846462,0.571264,39.23882224878992,-77.97524013840587,0,0.24865133,5627.717,-1.0252793,2,1,false,false,-18.498499,-2.0884454,10.055707,2.0541513,-0.7560482,3
24.807503,0.5713927,39.23882134801386,-77.97524477137763,0,0.38219422,5754.7446,-1.015841,2,1,false,false,-18.362886,-1.4439007,10.278312,2.041463,-0.771078,3
24.773033,0.5715215,39.238820447272154,-77.97524940443778,0,0.5211474,5978.862,-1.0044671,2,1,false,false,-16.939112,-1.3435063,9.397954,2.0284803,-0.7818966,3
24.750368,0.5716503,39.23881963659087,-77.9752540374979,0,0.6154474,6133.472,-0.99575526,2,1,false,false,-16.919256,0.49634522,10.282343,2.0155034,-0.77231187,3
24.789404,0.5717792,39.23881882590959,-77.97525867055803,0,0.70148593,6036.4307,-0.9865593,2,1,false,false,-17.502554,4.5871406,10.833288,2.002657,-0.77410483,3
24.866339,0.5719084,39.238818105288736,-77.97526341938061,0,0.7560806,5920.081,-0.9807506,2,1,false,false,-16.950823,5.5687494,10.156291,1.989573,-0.7939232,3
24.94015,0.57203823,39.238817384702244,-77.97526816829155,0,0.7921331,5895.493,-0.97736305,2,1,false,false,-16.504303,4.752643,9.808062,1.9762641,-0.79918146,3
25.001745,0.57216847,39.23881675417618,-77.97527291711413,0,0.80222875,5941.689,-0.9759108,2,1,false,false,-17.088135,4.268212,10.25389,1.9629028,-0.80046403,3
25.057302,0.57229924,39.23881612365011,-77.97527766602506,0,0.793659,5984.005,-0.976395,2,1,false,false,-16.416273,4.1888924,10.394924,1.9496616,-0.78385437,3
25.115566,0.5724307,39.238815493124044,-77.97528241484763,0,0.7675946,5993.171,-0.97663724,2,1,false,false,-15.594877,4.4395576,9.091849,1.9367473,-0.76426065,3
25.179386,0.5725631,39.23881495265841,-77.97528727960938,0,0.7360275,5986.5513,-0.97663736,2,1,false,false,-14.576514,4.6823,8.280998,1.9242285,-0.7350965,3
25.243786,0.572696,39.23881450228755,-77.97529202843195,0,0.70019114,5977.7266,-0.97639525,2,1,false,false,-13.836145,4.566927,7.7228746,1.91233,-0.6926701,3
25.303465,0.5728292,39.2388140519167,-77.97529689310532,0,0.66666675,5969.744,-0.97615373,2,1,false,false,-14.849079,4.264899,8.950238,1.9011483,-0.6561855,3
25.358423,0.5729629,39.23881360151149,-77.97530175786707,0,0.6443943,5966.1597,-0.9800248,2,1,false,false,-15.096138,4.1456094,9.042145,1.8904688,-0.6287804,3
25.41055,0.57309693,39.23881315114063,-77.97530662254044,0,0.6345139,5963.26,-0.98704284,2,1,false,false,-16.053654,3.802556,10.004489,1.880326,-0.59572655,3
25.454996,0.5732314,39.238812880924996,-77.97531148721382,0,0.62894964,5959.507,-0.999627,2,1,false,false,-17.32036,3.3974507,10.607765,1.8705595,-0.58850884,3
25.488857,0.5733667,39.238812520614566,-77.975316467738,0,0.62397116,5972.729,-1.0165672,2,1,false,false,-16.720032,2.6219578,9.3945265,1.8605523,-0.6253484,3
25.517174,0.573503,39.23881225039893,-77.97532133241138,0,0.61993283,6024.1255,-1.0284244,2,1,false,false,-15.7107935,2.3508937,8.715221,1.8496867,-0.681172,3
25.544613,0.5736395,39.23881207024372,-77.97532631293556,0,0.6112703,6088.886,-1.0410088,2,1,false,false,-16.316439,2.5836012,9.749185,1.8378541,-0.73457015,3
25.575325,0.5737762,39.2388118900885,-77.97533117760894,0,0.59986424,6112.1865,-1.047302,2,1,false,false,-18.603294,2.8869483,11.22477,1.8252931,-0.7678384,3
25.605898,0.5739131,39.23881170993329,-77.97533615813312,0,0.5868707,6076.582,-1.0538354,2,1,false,false,-21.243704,2.9077716,13.105942,1.8121489,-0.80766875,3
25.639927,0.5740503,39.23881161987286,-77.97534102289485,0,0.57517195,6026.3438,-1.0586753,2,1,false,false,-21.893848,3.2844956,13.304472,1.7982837,-0.8443739,3
25.67403,0.57418793,39.23881161987286,-77.97534600341903,0,0.56882143,5999.0156,-1.0632746,2,1,false,false,-21.966415,3.1178572,12.731,1.7840303,-0.8507016,3
25.703386,0.5743261,39.23881161987286,-77.97535098394322,0,0.5682357,5994.294,-1.0681145,2,1,false,false,-21.639452,2.740784,11.852121,1.7699388,-0.8260297,3
25.730404,0.5744646,39.23881170993329,-77.97535596437903,0,0.5690218,5999.6743,-1.0722289,2,1,false,false,-19.501144,2.6974592,10.447952,1.7564619,-0.78036535,3
25.760328,0.57460326,39.2388118900885,-77.97536094490322,0,0.57027036,6007.7734,-1.077795,2,1,false,false,-18.73157,2.8109632,10.295565,1.7439289,-0.7194256,3
25.79194,0.5747421,39.23881207024372,-77.9753659254274,0,0.5696692,6010.6265,-1.081667,2,1,false,false,-18.97907,2.9538255,11.141026,1.7323741,-0.6669234,3
25.824821,0.5748812,39.23881225039893,-77.97537090595158,0,0.57073283,6005.7354,-1.0838459,2,1,false,false,-19.479134,2.9551787,10.935998,1.7215898,-0.6296259,3
25.8582,0.5750206,39.23881261067499,-77.97537588647576,0,0.5707789,5998.73,-1.0860242,2,1,false,false,-19.095713,2.888726,10.728986,1.7113489,-0.60252506,3
25.888296,0.5751604,39.238812880924996,-77.97538086699994,0,0.5704707,5999.316,-1.0877174,2,1,false,false,-19.413143,2.3020585,10.42548,1.7014498,-0.596738,3
25.907476,0.5752994,39.238813331295844,-77.97538573176168,0,0.5715651,6018.982,-1.0923164,2,1,false,false,-19.91812,1.7377402,11.611845,1.691144,-0.64842653,3
25.925217,0.5754379,39.238813691606275,-77.9753907121975,0,0.5732606,6060.285,-1.0944946,2,1,false,false,-19.276947,1.9462817,11.439854,1.679683,-0.7209667,3
25.948177,0.57557654,39.238814232037555,-77.97539569272168,0,0.57622,6095.8994,-1.0983664,2,1,false,false,-18.399792,2.2785563,11.051566,1.6672307,-0.75830775,3
25.979172,0.57571536,39.2388147725032,-77.97540067324586,0,0.5792563,6099.515,-1.0993344,2,1,false,false,-19.132263,2.6942174,11.205533,1.6546128,-0.7483286,3
26.015411,0.5758544,39.23881531296883,-77.97540565377004,0,0.580089,6079.1,-1.0983667,2,1,false,false,-17.49214,3.0650249,9.711129,1.6422787,-0.72607416,3
26.057207,0.57599384,39.2388159434949,-77.97541063429422,0,0.58004266,6067.6567,-1.0944949,2,1,false,false,-15.51302,3.1767764,8.495803,1.6304349,-0.69157356,3
26.098412,0.57613367,39.23881666408139,-77.97541561481839,0,0.58013487,6073.159,-1.0891696,2,1,false,false,-14.312882,3.0823822,8.076871,1.6192894,-0.64548534,3
26.138695,0.5762727,39.23881729460746,-77.97542047958014,0,0.58096755,6084.558,-1.0836034,2,1,false,false,-14.026737,2.9792871,8.319528,1.6089894,-0.59626156,3
26.178398,0.57641184,39.238818105288736,-77.97542546001596,0,0.5816919,6091.9214,-1.0819086,2,1,false,false,-14.399488,2.961087,9.007541,1.5994587,-0.5594794,3
26.21694,0.5765512,39.23881882590959,-77.97543044054014,0,0.5836494,6097.36,-1.0816674,2,1,false,false,-15.1213455,2.9711492,9.808507,1.5903516,-0.5470866,3
26.25614,0.57669073,39.23881963659087,-77.97543542106432,0,0.58594596,6103.248,-1.0857813,2,1,false,false,-15.054892,2.730628,9.426534,1.5813948,-0.5409078,3
26.289984,0.5768305,39.23882053733258,-77.9754404015885,0,0.58791894,6117.001,-1.0915898,2,1,false,false,-14.483492,2.5339692,8.626601,1.57235,-0.55858725,3
26.322704,0.5769706,39.238821438108644,-77.97544526635023,0,0.59152555,6151.604,-1.0964308,2,1,false,false,-13.580774,2.394091,7.722534,1.5628874,-0.5859027,3
26.352434,0.5771108,39.23882233885035,-77.97545024687442,0,0.5950708,6196.372,-1.095945,2,1,false,false,-13.105644,2.1759565,8.094181,1.5529852,-0.61251086,3
26.379963,0.5772508,39.238823329686845,-77.97545522731023,0,0.6009587,6237.6875,-1.0940096,2,1,false,false,-17.474077,1.977032,11.019746,1.5424671,-0.6652291,3
26.401855,0.5773908,39.238824320523335,-77.97546009207197,0,0.60535145,6253.2075,-1.0896528,2,1,false,false,-20.503313,2.1467466,13.450078,1.5306296,-0.7580946,3
26.427805,0.57753086,39.23882540142026,-77.97546495674536,0,0.60934377,6248.572,-1.0867505,2,1,false,false,-20.297928,2.1933968,12.072437,1.5172029,-0.8448034,3
26.449026,0.57767105,39.23882657241196,-77.97546993726954,0,0.61127025,6258.699,-1.0821518,2,1,false,false,-19.414696,2.0357587,11.17466,1.502465,-0.9055561,3
26.469774,0.5778114,39.238827743369306,-77.97547480194291,0,0.6122878,6308.6973,-1.0744069,2,1,false,false,-18.541082,1.9458627,10.229646,1.4870926,-0.9231486,3
26.491224,0.57795197,39.238828914361015,-77.97547966661628,0,0.6128427,6364.8667,-1.0690826,2,1,false,false,-17.70329,2.3389437,10.238525,1.47165,-0.9140353,3
26.536541,0.5780929,39.23883017541315,-77.97548453137803,0,0.6142452,6375.656,-1.0623064,2,1,false,false,-15.932913,4.137809,9.199203,1.4568292,-0.83913255,3
26.596516,0.578234,39.23883143646528,-77.9754893960514,0,0.6145381,6295.9214,-1.0574665,2,1,false,false,-16.044737,4.668781,9.426364,1.443849,-0.7147478,3
26.656994,0.57837534,39.238832787612196,-77.97549414487398,0,0.6145996,6188.6865,-1.0533521,2,1,false,false,-19.832056,4.297666,11.798548,1.4327278,-0.64073765,3
26.703836,0.578517,39.23883422881955,-77.97549900963571,0,0.6147692,6141.785,-1.0506908,2,1,false,false,-21.099012,3.442877,12.383482,1.4221368,-0.63950574,3
26.734539,0.5786588,39.238835670026894,-77.9755038743091,0,0.61461514,6170.394,-1.0574661,2,1,false,false,-19.696533,2.4583423,11.099242,1.4114084,-0.64935815,3
26.757927,0.57880086,39.23883720132903,-77.97550862313166,0,0.6145844,6230.2227,-1.0649679,2,1,false,false,-19.56837,2.0724063,11.006712,1.4006245,-0.64759946,3
26.774952,0.5789431,39.2388387325968,-77.9755133720426,0,0.6150621,6272.991,-1.0727125,2,1,false,false,-20.069548,1.6355267,11.412596,1.3897026,-0.6767217,3
26.787434,0.5790861,39.23884026389893,-77.97551812086517,0,0.6147077,6309.781,-1.0782799,2,1,false,false,-18.794346,1.5834934,10.479965,1.3777456,-0.75990474,3
26.813854,0.5792292,39.23884197532192,-77.97552286977611,0,0.6147076,6361.6597,-1.0797303,2,1,false,false,-18.763103,2.7221472,10.638258,1.3645246,-0.80973244,3
26.846514,0.57937235,39.238843596684475,-77.97552761859869,0,0.61398304,6368.762,-1.0797303,2,1,false,false,-18.795158,2.8492763,10.892901,1.3509679,-0.806139,3
26.883522,0.57951564,39.23884530810746,-77.97553225165882,0,0.6138598,6330.4165,-1.0785208,2,1,false,false,-18.630503,3.1889894,10.845922,1.3375735,-0.7976933,3
26.922207,0.5796592,39.23884710962523,-77.97553688471896,0,0.6138906,6305.438,-1.076102,2,1,false,false,-18.283854,3.1326468,10.385901,1.3242298,-0.79766047,3
26.9578,0.579803,39.23884891114301,-77.97554151777909,0,0.6134437,6312.5566,-1.073438,2,1,false,false,-20.039625,2.9208195,12.057997,1.3109593,-0.78939974,3
26.984507,0.57994753,39.2388508027212,-77.97554615083922,0,0.6140756,6322.8403,-1.0722286,2,1,false,false,-21.415075,2.6016924,12.630424,1.297753,-0.7902214,3
27.01108,0.580093,39.2388526942994,-77.97555078381099,0,0.6137674,6323.239,-1.071261,2,1,false,false,-20.878227,2.6863115,12.477095,1.284559,-0.7862803,3
27.041225,0.5802385,39.23885467597239,-77.9755553011087,0,0.61278105,6321.7666,-1.0688405,2,1,false,false,-20.196066,2.8972344,11.388976,1.2715241,-0.7695622,3
27.073235,0.58038414,39.2388567477058,-77.97555993408047,0,0.6129197,6322.4297,-1.0678728,2,1,false,false,-19.194109,2.897471,10.424616,1.2588862,-0.740042,3
27.104721,0.58052987,39.23885872937879,-77.97556433552735,0,0.61296576,6326.09,-1.0661788,2,1,false,false,-18.99981,2.7931817,10.739005,1.2467897,-0.7112222,3
27.132116,0.58067584,39.23886089117263,-77.97556885273669,0,0.6125496,6334.289,-1.0647268,2,1,false,false,-21.793316,2.6741009,12.68702,1.2349299,-0.71582687,3
27.156775,0.580822,39.23886305300083,-77.97557336994602,0,0.61194855,6338.098,-1.0627903,2,1,false,false,-22.82309,2.6189718,13.599801,1.2228416,-0.7319003,3
27.18148,0.580969,39.238865214794664,-77.97557777130454,0,0.61267316,6333.571,-1.0606126,2,1,false,false,-23.653028,2.3612857,14.686941,1.2105131,-0.74445015,3
27.20222,0.58111596,39.23886746668329,-77.97558205690063,0,0.6125804,6335.289,-1.0586754,2,1,false,false,-23.054087,2.3714283,14.267905,1.1977485,-0.7810875,3
27.220804,0.58126295,39.238869808666706,-77.97558645825916,0,0.6125959,6361.8037,-1.0540779,2,1,false,false,-21.13974,2.03373,11.801956,1.1843128,-0.8183389,3
27.240839,0.58141,39.238872150615755,-77.97559074385525,0,0.6125498,6405.2285,-1.0509316,2,1,false,false,-20.53546,2.4142954,11.2252245,1.1702765,-0.8497887,3
27.270546,0.5815571,39.2388745826596,-77.97559502936296,0,0.61201036,6422.6484,-1.0453656,2,1,false,false,-18.516788,2.9567225,10.74739,1.1561943,-0.81158274,3
27.30748,0.5817045,39.238877014703434,-77.97559919910825,0,0.61322796,6392.3926,-1.0410094,2,1,false,false,-17.488422,3.3819768,10.00655,1.1431868,-0.7383408,3
27.353773,0.5818516,39.238879446747276,-77.97560336885354,0,0.6135054,6353.2485,-1.0344758,2,1,false,false,-16.89726,3.751502,10.266832,1.1315,-0.65820175,3
27.398754,0.5819983,39.23888196885154,-77.97560753859882,0,0.61481535,6332.2437,-1.024796,2,1,false,false,-18.179493,3.4694085,11.222036,1.1211712,-0.58070403,3
27.43461,0.582145,39.23888458105059,-77.9756117083441,0,0.6162796,6330.522,-1.0148733,2,1,false,false,-17.585733,2.8286924,9.862812,1.112035,-0.52378756,3
27.47237,0.5822918,39.238887193232465,-77.97561587808939,0,0.618854,6351.4175,-1.0013206,2,1,false,false,-17.903414,3.0550995,9.841394,1.103812,-0.46917725,3
27.499798,0.5824387,39.23888980543151,-77.97561993198387,0,0.6241868,6366.7134,-0.9904311,2,1,false,false,-15.361203,2.4004743,9.777534,1.096222,-0.4623286,3
27.53271,0.5825857,39.23889250769099,-77.97562398587834,0,0.6297205,6394.949,-0.981235,2,1,false,false,-15.449909,2.5215878,10.210075,1.0884516,-0.4854449,3
27.557024,0.58273274,39.23889520996765,-77.97562803986119,0,0.6395695,6436.328,-0.9696196,2,1,false,false,-18.771667,1.9819398,12.698809,1.079793,-0.5675949,3
27.583267,0.5828788,39.23889791222713,-77.97563197790487,0,0.64951134,6482.52,-0.95025927,2,1,false,false,-16.61004,2.5546567,10.386354,1.0695232,-0.6521883,3
27.618885,0.58302486,39.238900704564216,-77.97563591603692,0,0.65996164,6514.493,-0.92485017,2,1,false,false,-13.746389,2.8068938,8.375429,1.0583866,-0.6724556,3
27.660229,0.58317095,39.23890349691848,-77.97563985408058,0,0.6678689,6525.9966,-0.9018611,2,1,false,false,-12.7581625,3.0548213,7.566939,1.0472432,-0.66341275,3
27.705893,0.5833171,39.23890637933317,-77.97564379221264,0,0.6756989,6538.6553,-0.8670165,2,1,false,false,-12.307752,3.406001,7.7964315,1.0362399,-0.6533691,3
27.75348,0.58346343,39.238909261747864,-77.9756476144055,0,0.6824038,6555.413,-0.837253,2,1,false,false,-14.101453,3.6419725,9.064931,1.0254586,-0.64056844,3
27.805931,0.58361,39.23891214416256,-77.97565155253754,0,0.68607247,6547.3267,-0.81668544,2,1,false,false,-17.301746,3.9566894,12.371998,1.0149571,-0.61694,3
27.852404,0.583756,39.23891502657725,-77.97565537481879,0,0.6887542,6502.363,-0.7995064,2,1,false,false,-19.526577,3.5349348,13.526349,1.00474,-0.6219508,3
27.89438,0.5839019,39.23891799906955,-77.97565908124922,0,0.69054234,6488.5757,-0.7823251,2,1,false,false,-17.135164,3.0250762,10.298939,0.99405646,-0.6614846,3
27.933525,0.5840478,39.23892106163945,-77.97566290344209,0,0.69234574,6544.0815,-0.76441944,2,1,false,false,-16.040833,3.0316093,9.774415,0.982884,-0.66743284,3
27.97186,0.58419377,39.23892412420936,-77.97566660987253,0,0.695197,6608.493,-0.741191,2,1,false,false,-13.977271,3.1722522,8.6242285,0.971915,-0.6369773,3
28.016441,0.58433986,39.238927186779264,-77.97567020054052,0,0.6973858,6622.0547,-0.7201411,2,1,false,false,-15.631552,3.7499883,9.975514,0.961505,-0.61102396,3
28.069508,0.58448607,39.238930249349174,-77.97567390697095,0,0.70002156,6588.4233,-0.7019949,2,1,false,false,-16.369337,4.1346254,11.546202,0.9516231,-0.580223,3
28.125332,0.5846324,39.23893340199668,-77.97567749755059,0,0.7065107,6553.6997,-0.68312275,2,1,false,false,-18.735449,4.2051806,12.630316,0.9420176,-0.5767784,3
28.177351,0.58477855,39.2389365546442,-77.97568108813022,0,0.716776,6543.2295,-0.66957337,2,1,false,false,-16.44753,3.5395753,10.889058,0.93251354,-0.5625144,3
28.222733,0.58492476,39.23893979735213,-77.97568467879822,0,0.7374302,6575.1567,-0.66158813,2,1,false,false,-14.231555,3.4943585,9.317927,0.9230451,-0.5654013,3
28.265043,0.5850711,39.23894304007725,-77.97568815352705,0,0.7579609,6633.503,-0.65602356,2,1,false,false,-14.89046,3.0807526,9.479735,0.91377836,-0.5555281,3
28.309633,0.5852175,39.23894637287998,-77.97569162834424,0,0.78052664,6686.423,-0.65408856,2,1,false,false,-15.058145,3.5605986,10.3445,0.9044838,-0.5575348,3
28.360296,0.585364,39.23894961558792,-77.97569510316143,0,0.801859,6709.577,-0.6555403,2,1,false,false,-16.153975,3.9929297,11.535261,0.8950831,-0.56866974,3
28.420427,0.58551073,39.23895294839064,-77.97569846203945,0,0.82470167,6702.5273,-0.65916973,2,1,false,false,-17.361101,4.5004597,12.010782,0.8855311,-0.57358253,3
28.48051,0.58565784,39.23895637125379,-77.97570182100584,0,0.8420728,6686.674,-0.6627983,2,1,false,false,-17.60379,4.4490747,12.478654,0.87581956,-0.5907518,3
28.539524,0.5858051,39.238959794134125,-77.97570517997222,0,0.85552895,6693.601,-0.6647343,2,1,false,false,-17.39399,4.1765018,11.775976,0.8657136,-0.61652,3
28.597357,0.5859525,39.23896321699728,-77.97570842308781,0,0.87720037,6725.274,-0.6659435,2,1,false,false,-17.236994,4.282699,11.760031,0.85519004,-0.6323518,3
28.655525,0.5861001,39.23896663987761,-77.97571166629176,0,0.90124536,6752.384,-0.66787946,2,1,false,false,-16.653189,4.405203,10.893122,0.8445887,-0.6260763,3
28.719334,0.586248,39.23897015281837,-77.97571490940734,0,0.9243503,6757.3374,-0.66981536,2,1,false,false,-16.915432,4.7579126,11.09523,0.83430904,-0.59902835,3
28.786814,0.58639604,39.23897375583673,-77.97571815252293,0,0.9497673,6747.2124,-0.6717503,2,1,false,false,-17.185608,4.915402,11.84594,0.8245517,-0.5683054,3
28.854761,0.58654493,39.23897726877749,-77.9757212797877,0,0.9764942,6738.504,-0.6734452,2,1,false,false,-18.44975,4.862886,12.750834,0.81517833,-0.5543394,3
28.920027,0.58669436,39.238980871813034,-77.97572429129005,0,0.99557626,6738.7915,-0.67489636,2,1,false,false,-18.952616,4.7059393,12.726927,0.8059553,-0.5501175,3
28.984947,0.586844,39.23898456490901,-77.97572741855483,0,1.0000001,6749.1387,-0.67586356,2,1,false,false,-16.987991,4.717315,11.233938,0.79679614,-0.5381971,3
29.047382,0.58699393,39.23898825800498,-77.97573043005717,0,1,6764.854,-0.6763471,2,1,false,false,-16.256926,4.4075394,10.760879,0.7880228,-0.51810753,3
29.110027,0.5871441,39.23899195110095,-77.97573332570872,0,1,6790.688,-0.6773152,2,1,false,false,-15.148595,4.259154,10.06407,0.77947813,-0.5052555,3
29.17085,0.58729446,39.238995644196926,-77.97573622136025,0,1,6821.405,-0.67683154,2,1,false,false,-14.762667,4.4510617,10.2970085,0.77099967,-0.50702363,3
29.233873,0.5874455,39.2389994273705,-77.97573911701178,0,1,6843.12,-0.6782839,2,1,false,false,-15.924396,4.449204,11.3231735,0.7625971,-0.5035561,3
29.29971,0.58759755,39.239003210544084,-77.97574201266333,0,1,6846.725,-0.67876744,2,1,false,false,-15.273522,4.5206256,10.712504,0.7543162,-0.49057677,3
29.362139,0.58774984,39.239007083795265,-77.97574479246406,0,1,6851.3184,-0.67804074,2,1,false,false,-13.497435,4.4097605,9.584622,0.7460406,-0.5005195,3
29.425243,0.5879023,39.23901086696885,-77.97574757235316,0,1,6879.877,-0.67538005,2,1,false,false,-14.334822,4.1625447,10.088001,0.73764575,-0.510136,3
29.485281,0.58805496,39.23901474020285,-77.9757503521539,0,1,6915.417,-0.6734452,2,1,false,false,-14.974052,4.2253246,10.461836,0.72906494,-0.5205955,3
29.545252,0.5882079,39.23901870353164,-77.97575301619219,0,1,6937.715,-0.67078257,2,1,false,false,-12.594937,4.3865485,9.589375,0.7202453,-0.5274377,3
29.609434,0.5883611,39.23902257678282,-77.97575568014213,0,1,6946.7944,-0.66787964,2,1,false,false,-14.029846,4.3695426,9.645599,0.71150815,-0.5255651,3
29.67394,0.58851415,39.23902654011162,-77.97575834418042,0,1,6952.4844,-0.665218,2,1,false,false,-15.428755,4.420354,11.570472,0.70281714,-0.5248087,3
29.732521,0.58866745,39.23903050343182,-77.97576089227954,0,1,6966.6626,-0.6608627,2,1,false,false,-14.628496,4.2693257,10.642985,0.6937716,-0.55677336,3
29.79415,0.58882093,39.23903455682963,-77.97576355631784,0,1,6992.9995,-0.6562659,2,1,false,false,-14.186681,4.09798,9.596808,0.68441814,-0.56235594,3
29.85859,0.58897465,39.239038520149826,-77.97576598865453,0,1,7012.513,-0.6523949,2,1,false,false,-13.123532,4.6282134,9.169615,0.67514163,-0.53982323,3
29.913147,0.5891286,39.239042573556226,-77.97576853684203,0,1,7019.6187,-0.644653,2,1,false,false,-14.864016,4.012786,10.983692,0.66621554,-0.5440561,3
29.968082,0.58928275,39.239046626954035,-77.97577096917871,0,1,7047.309,-0.6386042,2,1,false,false,-17.581263,3.7513278,13.298245,0.6568515,-0.588555,3
30.026276,0.58943695,39.23905077042945,-77.9757734015154,0,1,7078.6934,-0.631345,2,1,false,false,-19.919283,4.4175878,13.606993,0.6465731,-0.6317283,3
30.083761,0.5895913,39.239054913904866,-77.97577571808965,0,1,7074.44,-0.6279585,2,1,false,false,-16.88277,4.516469,11.624272,0.6358522,-0.64129597,3
30.146652,0.5897459,39.23905905738028,-77.97577803457553,0,1,7060.2427,-0.62432885,2,1,false,false,-15.030953,4.3323116,9.6580715,0.62522775,-0.6264881,3
30.209135,0.5899007,39.239063200855696,-77.97578023529898,0,1,7071.507,-0.62070024,2,1,false,false,-14.062785,4.6977754,9.271697,0.61487025,-0.6060834,3
30.273413,0.59005576,39.23906743440013,-77.97578243593406,0,1,7092.8745,-0.619732,2,1,false,false,-15.419193,4.6994157,10.549,0.6050857,-0.5608864,3
30.339157,0.59021115,39.23907166795315,-77.97578463665751,0,1,7081.533,-0.6182809,2,1,false,false,-17.15942,4.889255,11.61225,0.596217,-0.50006586,3
30.40384,0.59036666,39.23907590150617,-77.97578672153014,0,1,7043.5605,-0.6192485,2,1,false,false,-17.348097,4.6119323,11.904061,0.5883493,-0.4556755,3
30.464716,0.5905224,39.2390801350506,-77.97578880640279,0,1,7036.489,-0.62432873,2,1,false,false,-15.539454,4.2527905,10.1755705,0.5807806,-0.45412946,3
30.518337,0.59067833,39.239084458681226,-77.97579089127544,0,1,7079.8027,-0.6308612,2,1,false,false,-16.074343,3.6519592,10.600308,0.57317877,-0.46324018,3
30.564722,0.59083444,39.23908878230327,-77.97579286029728,0,1,7139.641,-0.638604,2,1,false,false,-15.022289,3.500947,9.618708,0.56530994,-0.48197195,3
30.613554,0.5909908,39.2390931059339,-77.97579482931911,0,1,7182.6587,-0.6475552,2,1,false,false,-15.102415,3.654323,10.898956,0.55712056,-0.49920356,3
30.664597,0.5911473,39.23909751963354,-77.9757966825785,0,1,7196.4033,-0.65699154,2,1,false,false,-16.17714,4.0359707,11.278711,0.5485141,-0.5341571,3
30.722029,0.591304,39.239101843259874,-77.97579853574955,0,1,7197.8765,-0.66570234,2,1,false,false,-14.478174,4.1446114,10.139339,0.53945094,-0.54711884,3
30.780756,0.5914609,39.239106256959516,-77.97580027315814,0,1,7204.9497,-0.6727183,2,1,false,false,-13.37165,4.392618,9.002716,0.5302602,-0.548328,3
30.839943,0.591618,39.23911067066346,-77.97580212641753,0,1,7216.677,-0.6763469,2,1,false,false,-14.059573,4.0439425,9.570684,0.5212711,-0.5315883,3
30.896996,0.59177536,39.23911508436311,-77.97580386382613,0,0.99190795,7226.699,-0.6790096,2,1,false,false,-13.811927,4.156599,9.163544,0.5124469,-0.52270746,3
30.955837,0.59193295,39.239119588140355,-77.97580548538393,0,0.9758625,7232.6934,-0.6802188,2,1,false,false,-15.93152,4.298926,10.947451,0.50386465,-0.50994503,3
31.00969,0.59209085,39.239124001844296,-77.97580710694172,0,0.95525444,6968.424,-0.68118703,2,1,false,false,-15.115599,3.789105,9.4394045,0.49541312,-0.50535494,3
31.027584,0.5922489,39.239128505621544,-77.97580872849952,0,0.9322883,6745.241,-0.67804086,0,1,false,false,-15.110172,-0.03945709,8.974216,0.48711935,-0.49057505,3
31.002268,0.5924069,39.2391330093988,-77.9758102342065,0,0.90815055,6613.603,-0.6707824,3,1,false,false,-13.808861,-0.84570706,8.610075,0.47910312,-0.47277296,3
31.035421,0.59256476,39.2391375131739,-77.97581174000186,0,0.88922286,5954.4097,-0.6594121,3,1,false,false,-14.993725,5.0765023,11.040202,0.47121537,-0.49299622,3
31.125494,0.59272295,39.239142016951156,-77.97581324570885,0,0.8751502,5721.827,-0.6492497,3,1,false,false,-16.290747,6.458893,12.188286,0.46234772,-0.5690771,3
31.188847,0.59288156,39.239146610803864,-77.97581463565339,0,0.8654242,5811.1724,-0.6347333,3,1,false,false,-15.510845,3.532406,10.044506,0.4526086,-0.58909386,3
31.228125,0.59304035,39.23915120465657,-77.97581602550957,0,0.8604458,5918.5835,-0.6233617,3,1,false,false,-14.41583,3.1812265,9.926271,0.44286785,-0.57326496,3
31.271217,0.5931996,39.2391557084349,-77.97581729960332,0,0.8591665,5908.6045,-0.6093288,3,1,false,false,-14.899441,3.6362228,10.549138,0.4334394,-0.56728673,3
31.322721,0.593359,39.23916030228761,-77.97581857369707,0,0.8595673,5882.3823,-0.5950543,3,1,false,false,-14.999833,4.0628967,10.393734,0.42374697,-0.59123844,3
31.377289,0.5935186,39.239164986215776,-77.97581973194,0,0.8597828,5900.5156,-0.57860273,3,1,false,false,-16.31168,4.2146783,11.835256,0.4138148,-0.5931132,3
31.430067,0.5936785,39.23916958006822,-77.97582089018296,0,0.8597522,5905.544,-0.56432915,3,1,false,false,-14.872008,3.969835,9.156988,0.40414116,-0.55840385,3
31.48387,0.5938386,39.23917417392093,-77.97582204851426,0,0.85984445,5891.4966,-0.5461832,3,1,false,false,-12.661658,4.1090775,8.171351,0.3952698,-0.5083007,3
31.539389,0.5939991,39.23917885784937,-77.9758230909064,0,0.8609697,5898.0786,-0.52949005,3,1,false,false,-13.851071,4.0437555,8.905144,0.38705269,-0.47991154,3
31.58886,0.59416014,39.23918354177754,-77.97582413338691,0,0.86363626,5914.9985,-0.5137653,3,1,false,false,-13.517805,3.8201542,9.068279,0.37928456,-0.4545903,3
31.641733,0.5943215,39.23918822570571,-77.97582517577904,0,0.87086546,5929.0107,-0.50191027,3,1,false,false,-15.845207,4.07019,11.584607,0.3718503,-0.44081745,3
31.6855,0.59448296,39.239192909632806,-77.97582610240875,0,0.88544655,5926.1323,-0.48884708,3,1,false,false,-16.319145,3.1775074,10.992638,0.3644727,-0.45336935,3
31.723833,0.59464467,39.23919759356312,-77.97582702903844,0,0.9092914,5966.407,-0.47796017,3,1,false,false,-15.814494,3.1551952,11.227633,0.35655084,-0.49914423,3
31.760468,0.59480655,39.239202367566755,-77.97582783981734,0,0.9360955,6045.988,-0.46538126,3,1,false,false,-14.636025,3.0548985,9.518799,0.34791866,-0.529552,3
31.805908,0.5949689,39.23920705149492,-77.97582865059624,0,0.9655046,6097.9507,-0.45280156,3,1,false,false,-13.003701,3.8801212,8.680097,0.3390058,-0.5338195,3
31.866175,0.59513193,39.239211825496405,-77.97582946137513,0,0.9905978,6084.705,-0.43804458,3,1,false,false,-11.633162,4.7027087,8.6817465,0.3302205,-0.51114774,3
31.939606,0.5952953,39.23921659950218,-77.97583015630322,0,1.0000001,6037.901,-0.42377114,3,1,false,false,-11.70984,5.3667364,7.7167053,0.32220903,-0.44776267,3
32.014523,0.595459,39.23922137350366,-77.97583085123131,0,1,5996.3896,-0.41191813,3,1,false,false,-12.147611,5.0013137,7.9698033,0.31535202,-0.37696648,3
32.076435,0.5956231,39.239226147509434,-77.97583143039697,0,1,5979.1763,-0.4015165,3,1,false,false,-15.386348,4.425648,11.131854,0.30931786,-0.3555189,3
32.12917,0.5957874,39.23923092151092,-77.97583200956262,0,1,5995.185,-0.40054858,3,1,false,false,-16.450138,3.928617,12.113168,0.30325574,-0.37675327,3
32.17222,0.5959524,39.2392356955167,-77.9758325886399,0,1,6029.176,-0.40538654,3,1,false,false,-16.296717,3.2616317,12.157975,0.29657573,-0.4307693,3
32.211174,0.5961178,39.239240559595785,-77.97583305195477,0,1,6083.245,-0.41482106,3,1,false,false,-14.751795,3.3041294,10.108341,0.28888097,-0.4848131,3
32.25748,0.5962834,39.239245423679165,-77.97583351526961,0,1,6141.846,-0.42086816,3,1,false,false,-13.354212,3.8656213,8.628942,0.2806399,-0.49899536,3
32.317963,0.59644926,39.23925019768065,-77.97583386273365,0,1,6150.665,-0.42425567,3,1,false,false,-13.776894,4.9007325,8.6744795,0.27246067,-0.4792388,3
32.38694,0.59661543,39.239255061759735,-77.97583432604851,0,1,6088.0586,-0.42473912,3,1,false,false,-15.957278,5.158779,11.933293,0.26469338,-0.454412,3
32.459602,0.596782,39.23925992583882,-77.97583455766174,0,1,6017.595,-0.4237712,3,1,false,false,-16.460371,5.3069,12.004535,0.25735354,-0.42327273,3
32.526257,0.59694827,39.23926478991791,-77.97583478936336,0,1,5990.758,-0.42764214,3,1,false,false,-15.637757,4.4919004,10.282351,0.25067952,-0.37650406,3
32.575523,0.5971148,39.239269653997,-77.9758350209766,0,1,6015.2617,-0.42715856,3,1,false,false,-16.204786,3.4955022,10.528286,0.24471205,-0.34963742,3
32.616795,0.5972815,39.23927460815369,-77.9758351368274,0,1,6079.762,-0.42546484,3,1,false,false,-17.361612,3.5985649,11.746316,0.23874316,-0.37173706,3
32.666813,0.59744847,39.23927947223278,-77.97583525267821,0,0.99443567,6114.1064,-0.4223197,3,1,false,false,-16.596207,4.038352,11.70968,0.232382,-0.38804087,3
32.72403,0.5976157,39.239284426389474,-77.97583525267821,0,0.98027074,6087.995,-0.42256197,3,1,false,false,-13.815223,4.3750234,9.76682,0.22593288,-0.3827682,3
32.783325,0.5977831,39.23928929046856,-77.97583525267821,0,0.9629303,6073.1035,-0.41990116,3,1,false,false,-12.846065,4.1210585,8.806362,0.21962434,-0.37707254,3
32.84248,0.5979504,39.239294244616666,-77.97583525267821,0,0.9427388,6104.2227,-0.4153046,3,1,false,false,-13.491278,4.2132454,9.818591,0.21332842,-0.3742637,3
32.899086,0.598118,39.23929919877336,-77.9758351368274,0,0.92567587,6117.782,-0.40998304,3,1,false,false,-13.043615,4.033496,9.467633,0.20724311,-0.35213658,3
32.957203,0.59828585,39.23930406285245,-77.9758350209766,0,0.90052104,6103.482,-0.40659672,3,1,false,false,-11.753953,4.13601,9.132663,0.20160976,-0.32461482,3
33.01362,0.59845406,39.23930901700915,-77.97583490521416,0,0.8694166,6104.186,-0.4082893,3,1,false,false,-11.927631,3.952162,9.096408,0.1962946,-0.31801766,3
33.067654,0.5986226,39.23931397116584,-77.97583467351255,0,0.81573117,6126.8086,-0.41554675,3,1,false,false,-11.129421,3.7413976,8.170127,0.19099294,-0.31564602,3
33.119274,0.5987911,39.23931901540014,-77.97583444189931,0,0.7607508,6138.1646,-0.4264328,3,1,false,false,-10.249226,3.5945897,7.344097,0.18585555,-0.30034575,3
33.16648,0.5989598,39.239323969548245,-77.97583409443527,0,0.6943802,6129.0913,-0.44602764,3,1,false,false,-10.314655,3.1259723,8.2464075,0.18096876,-0.29208958,3
33.2093,0.5991288,39.23932892369635,-77.97583374688286,0,0.61997896,6121.906,-0.47602516,3,1,false,false,-12.900577,3.1060097,10.647043,0.17591901,-0.32027438,3
33.244865,0.5992979,39.23933387786163,-77.9758333994188,0,0.5516045,6109.7153,-0.50699145,3,1,false,false,-14.703575,2.445151,11.395843,0.17020197,-0.36861777,3
33.26931,0.5994672,39.23933892208735,-77.97583305195477,0,0.48412412,6086.633,-0.54013604,3,1,false,false,-14.896778,1.8759756,10.711087,0.16355571,-0.430035,3
33.28441,0.5996366,39.23934387623545,-77.9758325886399,0,0.4294522,6078.589,-0.5694085,3,1,false,false,-15.159384,1.3201628,10.632691,0.15584823,-0.49460047,3
33.294285,0.59980595,39.239348830400736,-77.97583200956262,0,0.39827064,6085.165,-0.5892476,3,1,false,false,-14.775632,1.1906543,10.262245,0.14717089,-0.5340224,3
33.30103,0.5999753,39.23935378454884,-77.97583154624778,0,0.3754123,6071.755,-0.60666716,3,1,false,false,-14.538452,1.0790049,9.793089,0.13835737,-0.5119249,3
33.306698,0.6001447,39.23935882879173,-77.97583096708212,0,0.3579025,6037.7983,-0.62311935,3,1,false,false,-14.660477,1.0377703,9.312185,0.13022089,-0.46047825,3
33.309566,0.60031414,39.23936378293983,-77.97583027215403,0,0.3404081,6011.843,-0.63473314,3,1,false,false,-14.479113,0.72662795,9.19481,0.12302893,-0.4030427,3
33.30604,0.60048366,39.239368737087936,-77.97582957713757,0,0.31711835,6002.6675,-0.64731383,3,1,false,false,-15.783203,0.26421493,10.366927,0.1167031,-0.36562923,3
33.294193,0.60065305,39.23937369125323,-77.97582876635867,0,0.28972846,5998.203,-0.6608626,3,1,false,false,-17.20658,-0.16473442,12.026151,0.11064119,-0.37102175,3
33.27797,0.6008224,39.23937864540133,-77.97582807143058,0,0.25625014,5992.202,-0.67538005,3,1,false,false,-16.126085,-0.4247967,10.606492,0.10424118,-0.402669,3
33.259827,0.60099167,39.239383599566615,-77.97582714480087,0,0.22898366,5992.073,-0.69231695,3,1,false,false,-14.320523,-0.57239985,8.948379,0.09725719,-0.43689507,3
33.239628,0.6011608,39.23938855371472,-77.97582621825954,0,0.21025619,5998.0137,-0.7019948,3,1,false,false,-13.531083,-0.7089566,8.206991,0.08971836,-0.46926624,3
33.219337,0.60133,39.23939350786282,-77.97582529162985,0,0.19977501,5998.309,-0.7085272,3,1,false,false,-13.578382,-0.6651944,8.712101,0.081639275,-0.49877846,3
33.198555,0.6014991,39.239398462028106,-77.97582436500015,0,0.1947656,5984.4478,-0.7121569,3,1,false,false,-14.681769,-0.6766908,9.831269,0.07314566,-0.5211636,3
33.176483,0.60166806,39.2394033260986,-77.97582332260801,0,0.19285432,5966.861,-0.713124,3,1,false,false,-15.120403,-0.74287695,10.027529,0.06426844,-0.5452264,3
33.152,0.601837,39.23940828026389,-77.9758222801275,0,0.19138998,5960.454,-0.713124,3,1,false,false,-15.232409,-0.8766639,9.896465,0.05495549,-0.57130367,3
33.125156,0.6020058,39.239413144334385,-77.97582112188456,0,0.18801445,5961.146,-0.71215695,3,1,false,false,-15.584652,-0.9347039,10.077062,0.04522999,-0.5937932,3
33.096424,0.60217446,39.239418008422064,-77.97581996364163,0,0.18468511,5957.396,-0.7102211,3,1,false,false,-16.816925,-0.9769417,10.321637,0.035135332,-0.6173089,3
33.067307,0.6023431,39.23942287249256,-77.97581868954788,0,0.17938283,5945.8896,-0.70731705,3,1,false,false,-16.560692,-0.9238883,9.81219,0.024742223,-0.6231036,3
33.03855,0.60251164,39.23942773658024,-77.97581741545413,0,0.17443508,5932.8887,-0.70489776,3,1,false,false,-16.009026,-0.9033489,9.277632,0.01449361,-0.60232,3
33.008987,0.6026801,39.23943260065074,-77.97581614136038,0,0.17247754,5923.374,-0.70102674,3,1,false,false,-16.42287,-0.958143,9.91769,0.004698865,-0.5753827,3
32.9774,0.6028484,39.239437464738415,-77.97581475141583,0,0.17247757,5918.516,-0.6964302,3,1,false,false,-17.070978,-1.0523316,10.445685,-0.004737607,-0.561109,3
32.94456,0.60301656,39.23944223873131,-77.97581324570885,0,0.17314035,5914.26,-0.69134825,3,1,false,false,-17.800364,-1.0649076,10.434315,-0.014030941,-0.5572444,3
32.911636,0.6031846,39.239447102818986,-77.97581185576429,0,0.17483589,5909.897,-0.6882039,3,1,false,false,-17.231049,-1.040635,10.252982,-0.023324965,-0.5617478,3
32.87995,0.60335255,39.23945187681188,-77.9758102342065,0,0.17540619,5906.337,-0.68796176,3,1,false,false,-16.278225,-1.0043919,9.207896,-0.032776702,-0.5746887,3
32.848804,0.60352045,39.23945665082195,-77.97580872849952,0,0.17781067,5904.6987,-0.69062245,3,1,false,false,-16.026175,-0.99017024,9.012381,-0.042439662,-0.58466417,3
32.817657,0.60368824,39.23946142481484,-77.97580699109092,0,0.1802614,5901.9395,-0.69522005,3,1,false,false,-16.080446,-0.958673,8.971085,-0.052216813,-0.5874724,3
32.786636,0.60385585,39.23946610874731,-77.97580536953312,0,0.18089336,5895.627,-0.70296264,3,1,false,false,-16.411917,-0.927617,9.458433,-0.061987117,-0.5863157,3
32.75507,0.6040234,39.239470882774555,-77.97580363212452,0,0.17867386,5887.716,-0.71215695,3,1,false,false,-17.090912,-0.9427276,10.0584345,-0.07176145,-0.58911073,3
32.721966,0.6041908,39.23947556667266,-77.9758017789535,0,0.17801106,5881.7046,-0.72110903,3,1,false,false,-17.712048,-0.991306,10.349172,-0.081643574,-0.598907,3
32.6875,0.6043582,39.239480250605126,-77.9758000415449,0,0.17631552,5877.832,-0.7305453,3,1,false,false,-18.01768,-1.0390037,10.432698,-0.091753125,-0.61416465,3
32.6519,0.60452557,39.23948493453759,-77.97579807252306,0,0.17673174,5873.669,-0.73925614,3,1,false,false,-18.328049,-1.0601649,10.482897,-0.10211818,-0.6290048,3
32.6156,0.60469264,39.23948961847005,-77.97579610341285,0,0.17836553,5868.971,-0.74893385,3,1,false,false,-18.4878,-1.056723,10.534071,-0.112722635,-0.6408873,3
32.578575,0.60485965,39.23949430240252,-77.97579413439102,0,0.17961404,5863.6235,-0.75595087,3,1,false,false,-19.142551,-1.0415524,10.795741,-0.12348767,-0.64872706,3
32.54131,0.6050265,39.2394988962402,-77.97579204951838,0,0.1841765,5857.839,-0.7620008,3,1,false,false,-19.206913,-1.0152379,10.4921255,-0.13431393,-0.64759606,3
32.504803,0.6051932,39.239503490112234,-77.97578996464573,0,0.1941644,5853.905,-0.76538825,3,1,false,false,-18.635803,-0.9567981,10.021145,-0.14501813,-0.6337913,3
32.46997,0.6053597,39.239508083949914,-77.97578776401065,0,0.2068806,5852.442,-0.76659733,3,1,false,false,-17.625948,-0.86005056,9.102721,-0.15537429,-0.60563046,3
32.437508,0.60552603,39.23951258772716,-77.9757855632872,0,0.23143443,5855.696,-0.76514614,3,1,false,false,-17.575308,-0.7498717,9.433839,-0.16514124,-0.56864274,3
32.40659,0.60569215,39.239517181599204,-77.97578324671295,0,0.26816487,5866.4883,-0.76127505,3,1,false,false,-18.234032,-0.60496217,10.075678,-0.17434312,-0.53926605,3
32.37864,0.6058582,39.23952168537645,-77.97578093022707,0,0.3257807,5888.0884,-0.7566767,3,1,false,false,-18.153347,-0.39130145,9.911684,-0.18313536,-0.51985997,3
32.357014,0.6060241,39.23952618915371,-77.97577861374118,0,0.40229356,5923.684,-0.7499027,3,1,false,false,-17.395155,0.037054654,9.243204,-0.19169942,-0.5121755,3
32.344517,0.60619,39.23953060283617,-77.9757761814045,0,0.45898452,5957.7896,-0.74554646,3,1,false,false,-16.197823,0.5340196,8.415436,-0.20022452,-0.5164143,3
32.341827,0.60635555,39.239535106613424,-77.975773633217,0,0.53808683,5993.302,-0.7378038,3,1,false,false,-15.487561,1.0684158,8.201071,-0.20893133,-0.5316583,3
32.348442,0.606521,39.23953952033025,-77.97577120088032,0,0.5990628,6032.2456,-0.7317555,3,1,false,false,-15.614399,1.6016998,8.533735,-0.21789666,-0.5465266,3
32.36309,0.6066866,39.239543934012715,-77.97576853684203,0,0.66168815,6061.7,-0.72473854,3,1,false,false,-16.104391,2.092287,9.174388,-0.22710706,-0.5618761,3
32.38383,0.6068523,39.23954834772954,-77.97576598865453,0,0.70291936,6081.9805,-0.7186896,3,1,false,false,-16.705364,2.4502087,9.608593,-0.23664099,-0.5861243,3
32.407833,0.60701823,39.239552761412,-77.9757633247046,0,0.7429175,6103.846,-0.7114311,3,1,false,false,-17.285137,2.604426,10.301888,-0.24666838,-0.62020785,3
32.434826,0.6071842,39.23955717512883,-77.9757605448155,0,0.7642961,6133.1387,-0.7044142,3,1,false,false,-15.860627,2.7914104,9.1684265,-0.25726095,-0.6446053,3
32.46412,0.60735005,39.23956149875087,-77.97575776501476,0,0.7821603,6162.9893,-0.69570345,3,1,false,false,-16.390335,2.9957213,9.468405,-0.26809102,-0.653376,3
32.497326,0.60751617,39.2395658223729,-77.97575498521402,0,0.7917476,6181.7495,-0.68602574,3,1,false,false,-16.88901,3.3855207,9.613312,-0.279035,-0.65669346,3
32.53662,0.60768247,39.239570236089726,-77.97575208956249,0,0.7956779,6176.9756,-0.67441213,3,1,false,false,-17.849205,3.8765948,10.635753,-0.2899871,-0.65484554,3
32.58213,0.607849,39.239574469616976,-77.97574907806015,0,0.79925394,6146.3643,-0.6647343,3,1,false,false,-19.04937,4.2086086,11.469792,-0.30083087,-0.6421433,3
32.623764,0.6080159,39.23957879327338,-77.97574618240861,0,0.8009187,6107.6763,-0.6526362,3,1,false,false,-18.706297,3.8037224,10.95777,-0.3114049,-0.62738234,3
32.661713,0.60818285,39.23958311689542,-77.97574305514384,0,0.80397063,6106.2783,-0.64053917,3,1,false,false,-18.705484,3.6498208,10.25236,-0.32178628,-0.6151348,3
32.697056,0.6083499,39.23958735042267,-77.97573992779068,0,0.8127253,6131.876,-0.624571,3,1,false,false,-17.820812,3.4858766,9.587273,-0.3318519,-0.58967793,3
32.733425,0.6085172,39.23959158398428,-77.97573680052591,0,0.8280158,6144.666,-0.60860294,3,1,false,false,-17.633772,3.6418185,9.826376,-0.34141478,-0.5570393,3
32.772537,0.6086848,39.23959581754589,-77.97573355741032,0,0.8441229,6141.0664,-0.59698933,3,1,false,false,-17.558952,3.7622921,9.711014,-0.35041985,-0.52498144,3
32.813095,0.6088526,39.23960005107314,-77.97573031420637,0,0.86346686,6142.709,-0.5841665,3,1,false,false,-17.02245,3.7427754,9.191197,-0.35891733,-0.49769774,3
32.85319,0.6090207,39.23960428463475,-77.97572695532835,0,0.8838588,6161.435,-0.5747318,3,1,false,false,-15.911594,3.6040924,8.540551,-0.36699829,-0.47557727,3
32.892654,0.60918903,39.239608428101576,-77.97572359636196,0,0.8994422,6189.53,-0.5665064,3,1,false,false,-15.135,3.4610422,8.446088,-0.37478197,-0.46407545,3
32.93178,0.6093576,39.23961257160276,-77.97572023739558,0,0.9130984,6219.723,-0.5611832,3,1,false,false,-14.590385,3.485341,8.116237,-0.3824998,-0.4656365,3
32.972965,0.60952634,39.23961671506959,-77.97571676257837,0,0.9214219,6248.686,-0.5602151,3,1,false,false,-14.097098,3.600309,8.033091,-0.39025915,-0.4684544,3
33.017746,0.60969543,39.23962085853641,-77.97571317199875,0,0.92880464,6268.814,-0.56045735,3,1,false,false,-14.187165,3.722892,8.444083,-0.39804247,-0.46860725,3
33.06145,0.60986483,39.23962500200324,-77.97570969718156,0,0.9372205,6280.445,-0.56408703,3,1,false,false,-14.171574,3.729144,8.451193,-0.40591773,-0.48007262,3
33.106724,0.61003464,39.23962914550442,-77.97570610660192,0,0.94465,6299.761,-0.5655384,3,1,false,false,-14.191088,3.8113225,8.526873,-0.41401067,-0.49235862,3
33.153957,0.6102047,39.23963319887646,-77.97570240017149,0,0.9514781,6316.1533,-0.5681993,3,1,false,false,-14.612375,3.9291513,8.958424,-0.42224902,-0.49647528,3
33.201294,0.61037505,39.23963725228286,-77.97569869374105,0,0.95910776,6316.716,-0.5686828,3,1,false,false,-14.99307,4.0295496,9.253677,-0.43055412,-0.50120616,3
33.25136,0.61054575,39.23964130568926,-77.97569498731062,0,0.96376276,6313.1714,-0.569167,3,1,false,false,-16.101063,4.3184667,10.270004,-0.43893263,-0.5039141,3
33.302288,0.61071676,39.239645359095654,-77.97569116502939,0,0.9679245,6301.8154,-0.56626433,3,1,false,false,-17.519566,4.3093305,11.161025,-0.44729546,-0.5007989,3
33.3496,0.6108881,39.239649412502054,-77.97568734274815,0,0.9706681,6283.287,-0.560941,3,1,false,false,-18.784412,4.045948,11.148679,-0.4556618,-0.50633985,3
33.389706,0.61106,39.23965337581367,-77.97568352055528,0,0.97224015,6276.7344,-0.5510229,3,1,false,false,-20.141592,3.7458966,12.805344,-0.4642841,-0.53130966,3
33.42635,0.6112321,39.23965733912528,-77.97567958242323,0,0.97521496,6287.12,-0.5348134,3,1,false,false,-20.173689,3.6230795,11.91256,-0.47345576,-0.5652537,3
33.46521,0.6114044,39.23966130247125,-77.97567552852875,0,0.9827367,6300.048,-0.51376534,3,1,false,false,-18.837446,3.8186347,11.056829,-0.48307323,-0.5784927,3
33.507355,0.61157703,39.239665175722436,-77.97567147463427,0,0.9948518,6303.969,-0.49199218,3,1,false,false,-19.651266,3.9252813,11.868484,-0.49272257,-0.57547367,3
33.551453,0.61174995,39.23966904893926,-77.97566730488899,0,0.9999999,6295.721,-0.46828422,3,1,false,false,-19.481491,4.144872,11.807412,-0.5022844,-0.5621989,3
33.5965,0.6119235,39.239672922190444,-77.9756631351437,0,1,6281.6646,-0.4486884,3,1,false,false,-19.652067,4.070978,11.672451,-0.5114913,-0.54135895,3
33.642532,0.61209744,39.23967679544163,-77.97565896539842,0,1,6277.135,-0.41990116,3,1,false,false,-18.772728,4.084531,11.100685,-0.5203342,-0.5132824,3
33.68726,0.61227167,39.23968057863239,-77.97565467980233,0,1,6281.3477,-0.3937747,3,1,false,false,-18.223574,3.9065564,10.850546,-0.5286356,-0.4848273,3
33.73245,0.6124462,39.23968436178879,-77.9756503942946,0,1,6293.7905,-0.36764908,3,1,false,false,-17.499847,3.8973305,10.841009,-0.53650707,-0.45784947,3
33.778683,0.61262107,39.23968805488476,-77.97564599284772,0,1,6302.0713,-0.34370074,3,1,false,false,-17.438152,3.9548347,10.6648245,-0.5438966,-0.4306471,3
33.825783,0.61279655,39.239691838075515,-77.9756415914892,0,1,6305.05,-0.32120484,3,1,false,false,-15.597456,3.9074178,9.685922,-0.5508562,-0.40559158,3
33.875164,0.61297274,39.23969553117149,-77.97563707427986,0,1,6317.8174,-0.29411304,3,1,false,false,-15.181931,3.8666687,9.632653,-0.5573751,-0.3817035,3
33.9226,0.6131492,39.23969922426746,-77.97563255707053,0,1,6337.2485,-0.27814788,3,1,false,false,-15.122197,3.701381,9.873842,-0.5635995,-0.3709428,3
33.969406,0.6133261,39.239702827268644,-77.97562803986119,0,1,6354.912,-0.26532778,3,1,false,false,-15.057142,3.7822797,10.280409,-0.5697606,-0.3714323,3
34.01843,0.6135033,39.239706520364614,-77.97562340680106,0,1,6366.3804,-0.25952274,3,1,false,false,-14.504431,3.7836096,10.066069,-0.5759297,-0.37071294,3
34.068142,0.6136809,39.239710123400165,-77.97561877374092,0,1,6377.2876,-0.25758696,3,1,false,false,-14.0285425,3.823209,9.6628685,-0.58214515,-0.37587002,3
34.11967,0.61385906,39.23971372643571,-77.97561402491836,0,1,6395.952,-0.25952274,3,1,false,false,-13.747607,3.859939,9.753698,-0.5884503,-0.3785687,3
34.17277,0.61403745,39.23971732943689,-77.97560927600742,0,1,6408.536,-0.26677835,3,1,false,false,-14.570718,4.082978,10.66189,-0.5948169,-0.38227636,3
34.228893,0.61421627,39.23972084237765,-77.97560452718484,0,1,6403.297,-0.2730677,3,1,false,false,-14.50714,4.197363,10.416054,-0.60119426,-0.3778052,3
34.287308,0.6143954,39.23972435535277,-77.9755997782739,0,1,6390.561,-0.2846786,3,1,false,false,-14.579781,4.308694,10.494757,-0.60742736,-0.36666402,3
34.34503,0.614575,39.23972786829353,-77.97559491360053,0,1,6385.832,-0.29338732,3,1,false,false,-14.613133,4.151242,10.445141,-0.6134762,-0.35611552,3
34.40139,0.61475456,39.239731381234286,-77.97559004892716,0,1,6391.6343,-0.29991803,3,1,false,false,-14.654759,4.1125627,10.947919,-0.6193467,-0.3453406,3
34.457367,0.61493427,39.23973480411462,-77.97558506840298,0,1,6397.7534,-0.30620658,3,1,false,false,-15.090118,4.0632887,11.388511,-0.6250328,-0.33450285,3
34.51282,0.6151144,39.23973822696059,-77.9755800878788,0,1,6397.6616,-0.31225473,3,1,false,false,-14.971736,4.0506597,11.241019,-0.6305797,-0.32886624,3
34.568604,0.6152949,39.23974164984092,-77.97557510735462,0,1,6400.6753,-0.320479,3,1,false,false,-15.177027,3.9649913,11.990826,-0.63606095,-0.3266016,3
34.622906,0.6154757,39.239745072721256,-77.97557001097962,0,1,6409.675,-0.3289457,3,1,false,false,-15.517703,3.9145422,12.591282,-0.6416055,-0.33532593,3
34.677998,0.61565673,39.2397484055068,-77.97556491460465,0,1,6422.2744,-0.3369279,3,1,false,false,-14.458937,3.963114,10.794744,-0.6473465,-0.341693,3
34.736046,0.6158379,39.2397517383267,-77.97555981831802,0,1,6429.1406,-0.345878,3,1,false,false,-12.606483,4.033008,9.430836,-0.6529418,-0.3188952,3
34.795685,0.61601937,39.23975507107789,-77.97555460609223,0,1,6431.2427,-0.35603815,3,1,false,false,-11.653875,4.0945716,8.824358,-0.65801454,-0.2863908,3
34.857025,0.6162013,39.239758403897795,-77.97554939395481,0,1,6436.117,-0.3657142,3,1,false,false,-11.525737,4.091179,9.094605,-0.66248536,-0.25277138,3
34.917133,0.61638355,39.23976164662292,-77.97554418172902,0,1,6439.6665,-0.374422,3,1,false,false,-12.397086,3.8934789,10.368578,-0.66641074,-0.22946456,3
34.971268,0.6165662,39.23976488934803,-77.9755388537408,0,1,6444.1074,-0.38821107,3,1,false,false,-12.931703,3.4335907,10.947153,-0.67015666,-0.23718666,3
35.01978,0.61674887,39.23976813207315,-77.97553352575257,0,1,6472.773,-0.40103304,3,1,false,false,-13.291513,3.194676,12.494056,-0.67441946,-0.284682,3
35.066864,0.6169319,39.23977137479827,-77.97552819776435,0,1,6521.953,-0.41869193,3,1,false,false,-13.18505,3.1897078,11.562443,-0.6797517,-0.35197884,3
35.116135,0.6171152,39.23977461752339,-77.97552275392532,0,1,6560.1333,-0.43078727,3,1,false,false,-13.629986,3.391049,11.639939,-0.68620616,-0.4133133,3
35.172962,0.61729884,39.23977777015372,-77.97551731008627,0,1,6570.7505,-0.43659315,3,1,false,false,-11.460978,3.9385495,9.742285,-0.6935581,-0.4432342,3
35.237034,0.6174829,39.23978092278405,-77.97551186633562,0,1,6555.444,-0.44022182,3,1,false,false,-11.215816,4.366167,9.185228,-0.7010311,-0.434966,3
35.305138,0.61766714,39.2397839853196,-77.9755064224966,0,1,6528.7373,-0.43586734,3,1,false,false,-11.843372,4.501951,10.447599,-0.70809084,-0.40101212,3
35.374126,0.6178518,39.23978713801865,-77.97550086280675,0,1,6501.4624,-0.43151292,3,1,false,false,-11.035935,4.4946246,9.7866125,-0.7143943,-0.34799355,3
35.433495,0.61803687,39.2397902005542,-77.97549530320528,0,1,6487.126,-0.42764202,3,1,false,false,-15.134053,3.5881379,12.833673,-0.71983933,-0.32445678,3
35.48058,0.6182223,39.23979326315846,-77.97548974351545,0,1,6507.628,-0.42473918,3,1,false,false,-16.485542,3.3965046,15.298009,-0.72559476,-0.37515187,3
35.52828,0.61840796,39.23979632569401,-77.97548406806318,0,1,6557.782,-0.42667407,3,1,false,false,-14.916445,3.2180376,14.080182,-0.7323514,-0.42792016,3
35.57484,0.6185939,39.239799298203486,-77.97547839252253,0,1,6597.6357,-0.42982015,3,1,false,false,-16.446331,3.2346194,15.4548435,-0.73997253,-0.47745004,3
35.619385,0.6187801,39.239802270712964,-77.97547271707026,0,1,6615.8906,-0.43175516,3,1,false,false,-16.929161,3.3697653,16.01995,-0.74860847,-0.53838015,3
35.672684,0.6189666,39.23980524315372,-77.9754669257672,0,1,6629.9937,-0.43223873,3,1,false,false,-16.544273,3.990716,14.902414,-0.7579375,-0.54799634,3
35.728798,0.6191534,39.239808125568416,-77.97546113446411,0,1,6619.764,-0.4329645,3,1,false,false,-15.374799,3.869289,13.084979,-0.7667947,-0.48968002,3
35.779587,0.6193406,39.23981100798311,-77.97545534316103,0,1,6605.8696,-0.43199742,3,1,false,false,-13.681319,3.3803277,11.158147,-0.77445555,-0.41523296,3
35.813,0.6195282,39.2398138903978,-77.97544943600715,0,1,6654.7544,-0.43006158,3,1,false,false,-17.055435,2.2085152,11.067093,-0.7805734,-0.3379999,3
35.879528,0.619716,39.239816682786426,-77.97544352894164,0,1,6726.3994,-0.42812565,3,1,false,false,-15.2101345,5.207523,12.904562,-0.7858037,-0.2769649,3
35.948566,0.6199042,39.23981947510633,-77.97543762178776,0,1,6637.5205,-0.4281256,3,1,false,false,-12.038771,4.7725554,11.363217,-0.7900351,-0.23409075,3
36.021275,0.62009287,39.239822267426234,-77.97543171463388,0,1,6530.538,-0.4346582,3,1,false,false,-10.971113,4.450981,10.379619,-0.7936307,-0.20013227,3
36.06378,0.620282,39.239824969720075,-77.97542569171756,0,1,6572.241,-0.43925384,3,1,false,false,-10.164663,1.6933687,9.003213,-0.7968811,-0.19664541,3
36.117367,0.6204716,39.23982776203998,-77.97541966871287,0,1,6720.2666,-0.4407053,3,1,false,false,-10.928142,3.3597605,10.173172,-0.7999855,-0.17989965,3
36.16243,0.6206615,39.23983046433382,-77.97541364579655,0,1,6727.715,-0.44288257,3,1,false,false,-11.133278,3.302774,11.941536,-0.80332315,-0.22795065,3
36.213432,0.6208517,39.239833166627655,-77.97540762288024,0,1,6680.291,-0.43997967,3,1,false,false,-7.428632,3.084341,7.909913,-0.8075317,-0.2709238,3
36.263958,0.62104213,39.239835778757985,-77.97540148402474,0,1,6744.3857,-0.43997958,3,1,false,false,-6.420944,3.5339537,5.543298,-0.8121636,-0.2756725,3
36.320568,0.62123305,39.23983848105183,-77.97539534525762,0,1,6822.077,-0.43248087,3,1,false,false,-7.4998627,3.5929139,5.7218437,-0.81660485,-0.26177156,3
36.38269,0.6214246,39.23984118334567,-77.9753892064905,0,1,6783.66,-0.42764205,3,1,false,false,-10.05628,4.615344,11.2378845,-0.82111657,-0.28220335,3
36.450047,0.62161654,39.239843795476,-77.97538306772339,0,1,6698.361,-0.42764208,3,1,false,false,-7.1746526,3.755923,9.665497,-0.82603514,-0.30200854,3
36.49096,0.6218087,39.23984640767505,-77.97537692895627,0,1,6720.6943,-0.42183617,3,1,false,false,-7.8027716,2.0983703,6.6166835,-0.83130985,-0.32934716,3
36.507618,0.622001,39.2398490198741,-77.97537079018913,0,1,6892.6777,-0.41699818,3,1,false,false,-6.9702034,0.86832803,4.793513,-0.83686125,-0.33325914,3
36.54894,0.6221937,39.239851632073155,-77.97536453557122,0,1,7057.479,-0.39837044,3,1,false,false,-5.0608716,4.8644013,4.3038917,-0.8421885,-0.29348987,3
36.63693,0.62238705,39.23985424427221,-77.97535828095329,0,1,6962.8267,-0.38772756,3,1,false,false,-5.559316,5.658456,5.7596703,-0.8464372,-0.21425822,3
36.692368,0.62258077,39.23985685647126,-77.97535202633536,0,1,6752.6094,-0.3824051,3,1,false,false,-6.6139317,2.6430707,5.817835,-0.8497802,-0.21536422,3
36.723656,0.6227746,39.239859378575524,-77.97534577171743,0,1,6873.254,-0.3804702,3,1,false,false,-8.403633,1.5361025,5.971551,-0.8539184,-0.28643,3
36.737717,0.6229685,39.23986190067979,-77.9753395170995,0,1,7161.3174,-0.37442195,3,1,false,false,-8.151897,0.28166455,5.472023,-0.8591651,-0.34351644,3
36.77514,0.6231621,39.239864512878846,-77.97533314671914,0,1,7228.4927,-0.37248707,3,1,false,false,-7.7609158,2.4061728,5.7424407,-0.86508274,-0.36801633,3
36.805298,0.6233555,39.23986703498311,-77.97532689210121,0,1,7118.216,-0.376358,3,1,false,false,-11.397148,2.031567,9.260052,-0.87187254,-0.4572965,3
36.89526,0.62354904,39.23986946706131,-77.97532052163248,0,1,7115.257,-0.3848246,3,1,false,false,-15.340687,8.99954,13.673156,-0.88036263,-0.52505505,3
37.00412,0.6237431,39.23987198916557,-77.97531415125212,0,1,6943.401,-0.3930489,3,1,false,false,-20.884237,6.4070373,17.184175,-0.88882154,-0.4618883,3
37.105637,0.6239377,39.23987442117505,-77.97530766493259,0,1,6643.443,-0.40248442,3,1,false,false,-18.801746,6.87263,18.411358,-0.89553857,-0.3404312,3
37.17243,0.6241327,39.23987676315846,-77.97530117870141,0,1,6564.147,-0.401033,3,1,false,false,-18.779493,3.0354247,14.49481,-0.9005246,-0.2677427,3
37.186443,0.6243277,39.23987910514188,-77.97529469247024,0,1,6758.5205,-0.39909607,3,1,false,false,-14.907665,0.85303915,10.493797,-0.9046134,-0.22572346,3
37.20515,0.62452275,39.23988144705657,-77.97528820615071,0,1,6982.3726,-0.39038825,3,1,false,false,-8.925112,1.9019421,7.240245,-0.90798014,-0.18231216,3
37.244137,0.6247179,39.23988378903998,-77.97528160406874,0,1,6991.061,-0.3828886,3,1,false,false,-8.510699,3.0377128,5.8924875,-0.9107307,-0.16339387,3
37.296127,0.6249132,39.23988604092861,-77.97527511783757,0,1,6895.9995,-0.3809537,3,1,false,false,-7.3559756,3.0811574,5.9304085,-0.91343755,-0.17566669,3
37.333603,0.62510854,39.239888292817234,-77.9752685157556,0,1,6933.8955,-0.39038822,3,1,false,false,-5.946103,2.071104,4.921015,-0.91666085,-0.2212233,3
37.36773,0.6253039,39.23989054470586,-77.97526191367362,0,1,7097.803,-0.39353248,3,1,false,false,-5.2788258,2.164278,4.1541567,-0.92060095,-0.25220922,3
37.404953,0.6254994,39.23989279659448,-77.97525531159165,0,1,7173.9863,-0.39813012,3,1,false,false,-5.4802303,2.4449902,4.4061146,-0.92482436,-0.26242262,3
37.446053,0.6256951,39.23989504848311,-77.97524859365888,0,1,7149.13,-0.40199995,3,1,false,false,-5.1396728,2.6128306,3.845673,-0.92932904,-0.28509432,3
37.494858,0.6258908,39.23989730037174,-77.97524199157691,0,1,7171.094,-0.40296793,3,1,false,false,-5.96865,2.978094,4.801053,-0.9342769,-0.31179458,3
37.54676,0.62608653,39.239899462165575,-77.97523538949493,0,1,7227.6416,-0.39958158,3,1,false,false,-7.3781357,3.2538805,6.217994,-0.9396573,-0.33460483,3
37.59945,0.62628245,39.2399017140542,-77.97522867156215,0,1,7224.3984,-0.39450034,3,1,false,false,-8.820334,3.5233014,7.7887173,-0.94536644,-0.3565876,3
37.658276,0.6264785,39.23990387591676,-77.97522195362937,0,1,7183.9546,-0.38603374,3,1,false,false,-10.069313,3.7756944,8.6535845,-0.9516033,-0.39564866,3
37.71926,0.62667483,39.2399060377106,-77.97521523578496,0,1,7160.972,-0.37248704,3,1,false,false,-11.157722,4.090688,9.474491,-0.95855254,-0.43744037,3
37.780956,0.6268714,39.23990810947837,-77.97520851785218,0,1,7145.136,-0.3599082,3,1,false,false,-12.11252,4.016244,9.871548,-0.96609807,-0.46508667,3
37.84051,0.6270681,39.23991027127221,-77.97520168406861,0,1,7109.342,-0.34176576,3,1,false,false,-12.949988,4.017874,10.174885,-0.973998,-0.48101056,3
37.9013,0.62726504,39.239912342971266,-77.9751948503734,0,1,7072.996,-0.32604265,3,1,false,false,-13.524979,4.1116934,9.983661,-0.9820285,-0.47783676,3
37.958775,0.62746227,39.23991441473903,-77.97518813244062,0,1,7046.9644,-0.30959398,3,1,false,false,-13.94374,3.8849022,10.276786,-0.9898467,-0.45757058,3
38.011814,0.62765974,39.23991639641202,-77.9751811828946,0,1,7034.7783,-0.29121023,3,1,false,false,-14.108762,3.6348176,9.911381,-0.99723583,-0.42844632,3
38.06187,0.6278574,39.23991837808501,-77.97517434919938,0,1,7035.992,-0.27621287,3,1,false,false,-14.252864,3.4950244,10.247015,-1.00408,-0.39335835,3
38.108356,0.62805516,39.23992035968927,-77.975167399565,0,1,7042.7114,-0.26460302,3,1,false,false,-14.033146,3.3042703,9.782665,-1.0104278,-0.3684744,3
38.15361,0.62825316,39.23992234136226,-77.97516056586979,0,1,7053.5674,-0.2568621,3,1,false,false,-13.761045,3.2094939,9.51795,-1.0163853,-0.34858078,3
38.198708,0.6284514,39.23992423294046,-77.97515361632377,0,1,7068.9033,-0.25516835,3,1,false,false,-13.765819,3.2439678,9.648762,-1.0220652,-0.3341156,3
38.24233,0.62864983,39.23992612458738,-77.97514655092694,0,1,7082.512,-0.2561363,3,1,false,false,-13.597718,3.1522021,9.848879,-1.0275947,-0.33088133,3
38.287212,0.6288484,39.23992792607079,-77.97513960138092,0,1,7094.37,-0.2602485,3,1,false,false,-13.520989,3.2015631,9.378676,-1.0330926,-0.32861355,3
38.333004,0.6290472,39.239929727554205,-77.9751325359841,0,1,7102.33,-0.26822972,3,1,false,false,-12.991021,3.2941158,8.975109,-1.0385448,-0.32372972,3
38.37938,0.62924623,39.239931529106336,-77.97512558634972,0,1,7108.788,-0.27282634,3,1,false,false,-12.557013,3.2596648,9.035746,-1.043868,-0.31486446,3
38.427235,0.6294455,39.23993324049496,-77.97511852095289,0,1,7116.3394,-0.2776644,3,1,false,false,-13.428392,3.3816776,9.5202675,-1.0490569,-0.30803028,3
38.475384,0.629645,39.239935042047094,-77.97511133979363,0,1,7117.1353,-0.27863225,3,1,false,false,-12.5512295,3.3388128,8.775388,-1.0540733,-0.29246673,3
38.522446,0.6298448,39.23993666340965,-77.97510427439681,0,1,7119.517,-0.27839017,3,1,false,false,-13.037033,3.2431178,10.007634,-1.0588859,-0.28752944,3
38.567772,0.6300448,39.23993837479828,-77.97509720899998,0,1,7132.894,-0.27548718,3,1,false,false,-13.449253,3.1012044,10.268137,-1.063733,-0.2960832,3
38.61102,0.63024503,39.239939996160835,-77.97509002784072,0,1,7152.8867,-0.26750398,3,1,false,false,-13.346825,3.0477405,10.080888,-1.0687923,-0.31043872,3
38.655895,0.6304455,39.2399416175234,-77.97508284650473,0,1,7168.65,-0.25928056,3,1,false,false,-13.275147,3.1068194,9.895933,-1.0740732,-0.32353306,3
38.70326,0.6306463,39.23994314885989,-77.97507566534547,0,1,7174.6787,-0.23799479,3,1,false,false,-12.169765,3.3919961,9.06149,-1.0795238,-0.32642075,3
38.754658,0.6308474,39.239944680127664,-77.97506848418621,0,1,6917.921,-0.22033674,3,1,false,false,-10.87585,3.256129,7.6381307,-1.0847713,-0.29717097,3
38.762707,0.6310487,39.239946211395434,-77.97506118708777,0,1,6781.4927,-0.19445622,0,1,false,false,-9.349045,-0.34860322,6.151599,-1.0891619,-0.22185537,3
38.764774,0.6312499,39.239947742663205,-77.97505400592853,0,1,6283.8335,-0.16567361,4,1,false,false,-9.952811,2.8322861,8.272848,-1.0922226,-0.15275961,3
38.85874,0.6314514,39.23994918390491,-77.97504670883009,0,1,5460.7783,-0.14269607,4,1,false,false,-9.183469,6.4179616,7.969398,-1.0947156,-0.15249768,3
38.928635,0.63165367,39.23995071517269,-77.97503952767083,0,1,5652.95,-0.12721711,4,1,false,false,-7.634611,2.3868093,5.687982,-1.0972552,-0.14351414,3
38.943974,0.63185614,39.23995206631961,-77.9750322305724,0,1,5935.752,-0.10617447,4,1,false,false,-9.420968,0.9441241,9.300983,-1.09955,-0.14137752,3
38.974136,0.6320587,39.239953507492594,-77.97502493347396,0,1,5859.732,-0.09383883,4,1,false,false,-10.050333,2.7730951,10.323891,-1.1023456,-0.1980021,3
39.031116,0.63226146,39.2399549487343,-77.97501763655227,0,1,5809.938,-0.07835991,4,1,false,false,-9.32687,3.7828948,9.453847,-1.1060829,-0.24647,3
39.08805,0.63246465,39.23995629988122,-77.9750102236914,0,1,5880.0312,-0.061672624,4,1,false,false,-8.230927,3.2636907,8.157235,-1.1103648,-0.26201752,3
39.14609,0.63266844,39.23995765102814,-77.97500292659296,0,1,5877.8438,-0.04063095,4,1,false,false,-8.540594,4.365644,8.907226,-1.1146843,-0.25213224,3
39.223553,0.63287264,39.23995900210634,-77.9749955137321,0,1,5786.549,-0.014028408,4,1,false,false,-9.932699,4.69425,11.279257,-1.1184771,-0.19730239,3
39.292843,0.63307726,39.239960263158466,-77.97498821663366,0,1,5707.6226,0.0125760045,4,1,false,false,-10.187641,4.023568,11.285109,-1.1212325,-0.13510934,3
39.34696,0.6332821,39.239961614305386,-77.9749808037728,0,1,5728.7104,0.048125867,4,1,false,false,-9.324189,3.0239272,10.919467,-1.1230108,-0.080053315,3
39.39308,0.6334874,39.23996287535752,-77.97497339091193,0,1,5781.0894,0.0827087,4,1,false,false,-7.802877,2.8129394,10.368992,-1.1239448,-0.033057414,3
39.443535,0.6336929,39.239964136409654,-77.97496597805106,0,1,5791.09,0.1255122,4,1,false,false,-6.3541646,3.23794,10.248445,-1.124167,0.005617866,3
39.499767,0.63389874,39.23996539746179,-77.97495844942776,0,1,5780.459,0.16662294,4,1,false,false,-5.3900943,3.3338563,11.698105,-1.1237729,0.040578276,3
39.55587,0.6341048,39.23996656848785,-77.97495103656689,0,1,5785.7095,0.21184166,4,1,false,false,-3.9844632,3.2432547,11.851717,-1.1228365,0.0720284,3
39.60952,0.6343112,39.239967829539985,-77.97494350776685,0,1,5804.805,0.24762954,4,1,false,false,-2.3096938,3.0635474,11.072261,-1.1213355,0.107041515,3
39.663754,0.6345177,39.23996900049733,-77.97493609490598,0,1,5820.936,0.2938148,4,1,false,false,-0.7620703,3.1036367,12.157143,-1.1192479,0.14325967,3
39.719597,0.63472456,39.239970261549466,-77.97492856628267,0,1,5828.135,0.31944472,4,1,false,false,0.7934159,3.3890672,11.924212,-1.1164948,0.18528298,3
39.779205,0.6349317,39.23997143257553,-77.97492103748263,0,1,5822.646,0.35063645,4,1,false,false,1.9509358,3.3111353,11.892023,-1.1130129,0.22927241,3
39.836266,0.63513917,39.239972693627664,-77.97491350885933,0,1,5811.1753,0.3723973,4,1,false,false,3.1813054,3.274665,11.256557,-1.108802,0.2719727,3
39.891457,0.63534683,39.2399739546798,-77.97490598023602,0,1,5818.8887,0.38593793,4,1,false,false,4.143042,3.0918148,10.77626,-1.1039715,0.30309328,3
39.943634,0.63555485,39.239975125637145,-77.97489845143598,0,1,5830.4097,0.39174098,4,1,false,false,5.088313,2.960409,10.761727,-1.0987571,0.3203869,3
39.994076,0.63576305,39.23997638668928,-77.97489092281268,0,1,5837.387,0.3924663,4,1,false,false,5.950091,2.8850718,10.210151,-1.09332,0.33211553,3
40.04445,0.6359716,39.2399777378362,-77.97488339401264,0,1,5853.6895,0.38690448,4,1,false,false,5.8486133,2.8310854,9.099708,-1.0877411,0.33543593,3
40.090576,0.63618034,39.239978998888326,-77.97487574962689,0,1,5878.9224,0.378926,4,1,false,false,6.2062864,2.5847733,8.452324,-1.082144,0.33814716,3
40.134556,0.6363894,39.239980350035246,-77.97486822082685,0,1,5913.685,0.3699802,4,1,false,false,6.5087767,2.5696611,8.629903,-1.0764421,0.3476581,3
40.1794,0.6365986,39.23998161108738,-77.97486069220355,0,1,5945.279,0.3561977,4,1,false,false,6.7191873,2.646684,8.411138,-1.0705379,0.36050597,3
40.22211,0.63680804,39.2399829622343,-77.97485316358024,0,1,5967.589,0.3450755,4,1,false,false,8.542734,2.4872577,10.140026,-1.0643488,0.3888808,3
40.266468,0.6370177,39.239984403407284,-77.97484551901776,0,1,5999.9946,0.33395293,4,1,false,false,9.814257,2.8164961,11.608611,-1.0574944,0.43288618,3
40.316734,0.6372277,39.239985754554205,-77.97483799021772,0,1,6011.533,0.3225885,4,1,false,false,11.10714,3.2778177,11.567261,-1.0499344,0.47095144,3
40.370583,0.63743806,39.23998719579591,-77.97483046159442,0,1,5984.0034,0.3112241,4,1,false,false,11.0775795,3.473721,10.78573,-1.0419391,0.483319,3
40.431114,0.63764864,39.239988636968896,-77.97482281703194,0,1,5956.1733,0.29405612,4,1,false,false,11.5527315,3.9130595,10.267093,-1.0340309,0.45538732,3
40.48732,0.6378596,39.2399900782106,-77.97481528840864,0,1,5926.9907,0.28027362,4,1,false,false,12.471584,3.5798488,10.423399,-1.0270022,0.38548023,3
40.53861,0.63807076,39.23999160947837,-77.9748077596086,0,1,5909.436,0.264798,4,1,false,false,13.457607,3.216288,11.746748,-1.021228,0.3090979,3
40.58257,0.63828236,39.23999323084094,-77.97480011522285,0,1,5914.462,0.24787177,4,1,false,false,14.286788,2.7922678,13.186635,-1.0165079,0.2652532,3
40.621178,0.6384942,39.23999476210871,-77.97479258642281,0,1,5940.021,0.23868266,4,1,false,false,13.528786,2.521291,12.638219,-1.0121704,0.2604386,3
40.65817,0.63870627,39.239996383471265,-77.97478505779951,0,1,5975.101,0.23094502,4,1,false,false,12.5685005,2.5669196,11.409988,-1.0076741,0.28000125,3
40.699615,0.63891846,39.239998094928616,-77.97477741323702,0,1,6001.8267,0.22514147,4,1,false,false,11.086709,2.8431227,9.898692,-1.00287,0.29364932,3
40.74745,0.63913107,39.23999971629117,-77.97476988461372,0,1,6005.424,0.21571112,4,1,false,false,9.950525,3.2265918,8.9543495,-0.99803454,0.28129703,3
40.798294,0.63934404,39.2400014276798,-77.97476235581368,0,1,5993.685,0.20773084,4,1,false,false,9.473159,3.2743058,8.582175,-0.9935962,0.24964088,3
40.8486,0.63955724,39.24000322923193,-77.97475482719038,0,1,5988.8257,0.20265251,4,1,false,false,9.7570095,3.1036563,9.040576,-0.9897165,0.2175648,3
40.894722,0.6397707,39.24000494062056,-77.9747471826279,0,1,5997.845,0.20168597,4,1,false,false,9.503515,2.887335,9.231093,-0.98627293,0.19863445,3
40.937847,0.6399844,39.24000674217269,-77.9747396540046,0,1,6019.733,0.20652202,4,1,false,false,9.797059,2.6846166,9.980593,-0.9829878,0.199661,3
40.97887,0.64019865,39.2400085436561,-77.97473212520455,0,1,6046.3896,0.21280915,4,1,false,false,10.590514,2.666464,11.397162,-0.9794846,0.22512157,3
41.02217,0.64041305,39.2400104352343,-77.97472459658124,0,1,6068.9204,0.22296476,4,1,false,false,10.702944,2.889718,11.365305,-0.97542286,0.26075438,3
41.069324,0.6406276,39.240012236786434,-77.97471706795794,0,1,6072.7046,0.23312129,4,1,false,false,10.818648,3.1173484,10.917086,-0.970844,0.28759414,3
41.120846,0.6408426,39.240014128364635,-77.97470942339547,0,1,6064.9683,0.2447284,4,1,false,false,10.487757,3.4520807,9.958042,-0.9659468,0.29537073,3
41.17539,0.6410579,39.24001611003762,-77.97470189459543,0,1,6047.747,0.25125676,4,1,false,false,10.739317,3.5209963,9.705743,-0.96116394,0.27449623,3
41.22775,0.6412737,39.240018001615816,-77.97469436597211,0,1,6025.5503,0.25826916,4,1,false,false,11.205139,3.2985182,10.286206,-0.9568879,0.23912092,3
41.27646,0.6414897,39.2400199832888,-77.97468683734881,0,1,6021.4404,0.2611711,4,1,false,false,11.158123,3.0273738,10.323678,-0.95317394,0.2080138,3
41.319298,0.6417059,39.240022054987854,-77.97467930854877,0,1,6038.758,0.2674577,4,1,false,false,11.049391,2.6372554,10.195066,-0.94983953,0.19602022,3
41.35832,0.64192253,39.24002403666084,-77.97467177992546,0,1,6067.436,0.27108496,4,1,false,false,10.491125,2.5086656,9.948217,-0.9465077,0.20650336,3
41.39803,0.6421394,39.240026108428616,-77.97466425112542,0,1,6095.87,0.27713072,4,1,false,false,10.230453,2.5910861,10.079822,-0.9428954,0.22785908,3
41.43935,0.64235646,39.240028180127666,-77.97465672250212,0,1,6113.7603,0.28293294,4,1,false,false,10.21077,2.7275615,10.151429,-0.93889105,0.2532991,3
41.48384,0.64257383,39.24003034199023,-77.97464919387882,0,1,6123.904,0.28922004,4,1,false,false,10.327896,2.9118633,9.922557,-0.9344658,0.27671862,3
41.53027,0.64279145,39.240032503784064,-77.97464166507878,0,1,6125.895,0.29671624,4,1,false,false,10.2717085,2.9946108,9.380118,-0.9297198,0.2908432,3
41.577858,0.64300936,39.2400346655779,-77.97463413645546,0,1,6124.976,0.30566272,4,1,false,false,10.078424,3.0986304,8.850346,-0.9248321,0.2927818,3
41.625767,0.64322764,39.240036827371746,-77.97462660765542,0,1,6122.7153,0.31485087,4,1,false,false,10.145352,3.0622761,8.923654,-0.9200218,0.28311354,3
41.67236,0.6434461,39.24003907926037,-77.97461907903212,0,1,6120.2095,0.3235559,4,1,false,false,10.559923,2.9329078,9.571695,-0.91539925,0.27346176,3
41.71593,0.6436648,39.240041331148994,-77.97461155040881,0,1,6126.012,0.33467853,4,1,false,false,11.932827,2.7453678,11.040686,-0.9108176,0.28146243,3
41.755455,0.6438841,39.24004358303762,-77.97460402160877,0,1,6142.5293,0.3462838,4,1,false,false,13.036301,2.5324867,12.0937,-0.9059038,0.31275558,3
41.79282,0.64410365,39.240045925021036,-77.9745966087479,0,1,6165.045,0.3571652,4,1,false,false,13.987334,2.577526,13.040394,-0.9002466,0.36629933,3
41.832397,0.64432335,39.24004826700445,-77.9745890801246,0,1,6179.1997,0.3658688,4,1,false,false,14.101831,2.8258984,11.948231,-0.893686,0.415655,3
41.877495,0.6445433,39.24005060898786,-77.97458155132456,0,1,6173.92,0.37167194,4,1,false,false,13.665923,3.172298,10.889667,-0.8865712,0.42776018,3
41.92467,0.6447635,39.24005304099734,-77.9745741384637,0,1,6151.932,0.3733648,4,1,false,false,14.128298,3.3445063,11.1032095,-0.8795396,0.40940288,3
41.97135,0.64498407,39.24005547300681,-77.97456672560283,0,1,6132.1387,0.3728807,4,1,false,false,14.644954,3.1398973,11.350681,-0.8730455,0.36649,3
42.013474,0.6452047,39.240057995179804,-77.97455919697951,0,1,6126.0093,0.37167197,4,1,false,false,14.275195,2.8036776,10.211367,-0.8673476,0.318857,3
42.0505,0.64542556,39.24006051728407,-77.97455178411865,0,1,6141.0566,0.37239724,4,1,false,false,13.745586,2.511294,10.123119,-0.8622977,0.2936283,3
42.083652,0.6456466,39.24006312948312,-77.97454437125778,0,1,6167.39,0.37360603,4,1,false,false,14.609813,2.327259,11.764602,-0.85738057,0.3052701,3
42.116096,0.6458674,39.240065651587386,-77.97453695839691,0,1,6189.4233,0.38110226,4,1,false,false,14.545814,2.3973017,11.823045,-0.85200095,0.34285522,3
42.150173,0.6460883,39.240068353812504,-77.97452954553604,0,1,6206.6772,0.39029,4,1,false,false,13.250678,2.441297,10.064609,-0.8459505,0.3811026,3
42.186253,0.6463095,39.24007096601156,-77.97452224843761,0,1,6228.478,0.40528035,4,1,false,false,12.709418,2.630401,9.081682,-0.8393522,0.40690178,3
42.22722,0.64653075,39.2400736683054,-77.97451483557674,0,1,6238.5254,0.41470972,4,1,false,false,13.055685,2.9658742,9.49552,-0.8324732,0.41166753,3
42.270664,0.64675194,39.2400764606253,-77.97450742271587,0,1,6216.225,0.426799,4,1,false,false,13.921522,3.0301397,10.678114,-0.8257165,0.39842853,3
42.311123,0.6469733,39.24007916291914,-77.97450012561744,0,1,6201.637,0.43816295,4,1,false,false,15.357116,2.754417,11.521757,-0.81911755,0.39780903,3
42.345222,0.6471948,39.24008195523904,-77.97449282869574,0,1,6220.8804,0.44565773,4,1,false,false,16.22669,2.5133321,11.958914,-0.81231326,0.41919753,3
42.37781,0.6474164,39.24008483765374,-77.97448541583488,0,1,6242.2383,0.4526693,4,1,false,false,14.496294,2.5645244,10.332007,-0.80510306,0.436724,3
42.41486,0.647638,39.24008772006843,-77.97447811873644,0,1,6245.561,0.4594384,4,1,false,false,13.783506,2.793607,8.884819,-0.79791594,0.42224064,3
42.45414,0.6478597,39.24009060248312,-77.97447093757718,0,1,6242.625,0.46427405,4,1,false,false,13.592399,2.9144738,8.305968,-0.79109484,0.39386848,3
42.494087,0.64808154,39.2400935749926,-77.97446364047876,0,1,6239.185,0.4671756,4,1,false,false,13.317457,2.9653823,8.43477,-0.7848504,0.35728192,3
42.52991,0.6483036,39.24009654750208,-77.97445634338033,0,1,6239.581,0.46959347,4,1,false,false,13.659887,2.423979,9.189038,-0.7791965,0.33522293,3
42.558666,0.64852566,39.240099610037625,-77.97444916222106,0,1,6269.008,0.47563747,4,1,false,false,13.673777,2.1332831,8.620322,-0.7734992,0.35710847,3
42.5759,0.6487476,39.2401025825471,-77.97444186512263,0,1,6318.705,0.4807149,4,1,false,false,19.197077,1.4230702,13.240317,-0.76694775,0.45021278,3
42.585346,0.6489697,39.24010573517744,-77.97443468396337,0,1,6359.049,0.48845142,4,1,false,false,21.841192,1.8123295,16.563808,-0.75804484,0.61928993,3
42.613422,0.64919186,39.240108887807764,-77.9744275028041,0,1,6376.322,0.4957047,4,1,false,false,23.416477,2.9542909,15.7507715,-0.746437,0.74488556,3
42.649445,0.64941406,39.24011204050682,-77.97442043740729,0,1,6322.084,0.49812222,4,1,false,false,22.440456,3.4948063,14.642551,-0.7338227,0.7334671,3
42.69158,0.64963645,39.24011528316322,-77.97441325607129,0,1,6258.991,0.4986061,4,1,false,false,21.618017,3.7635162,12.847756,-0.7223482,0.6209312,3
42.729267,0.64985895,39.24011861598312,-77.97440619067447,0,1,6226.3154,0.4957047,4,1,false,false,21.630524,3.1741254,12.007368,-0.7132492,0.4658973,3
42.759064,0.6500817,39.24012194880303,-77.97439924121682,0,1,6216.5728,0.4915948,4,1,false,false,21.412943,2.7342305,13.183027,-0.70664394,0.3371622,3
42.7811,0.65030456,39.240125371649,-77.97439217582,0,1,6233.8955,0.48555,4,1,false,false,20.904503,2.1272519,13.223134,-0.7016007,0.28469914,3
42.792984,0.6505274,39.24012879449497,-77.9743852261856,0,1,6275.6313,0.4782978,4,1,false,false,23.172047,1.5330516,14.67274,-0.69658554,0.3398552,3
42.80533,0.6507504,39.24013230750445,-77.97437827672796,0,1,6317.7515,0.47152767,4,1,false,false,22.076061,1.9212368,14.4392805,-0.6898785,0.46474215,3
42.828426,0.6509734,39.24013582044521,-77.97437144285601,0,1,6332.027,0.46258223,4,1,false,false,17.556543,2.4220073,12.145392,-0.6812796,0.54536897,3
42.86213,0.6511966,39.24013942341203,-77.97436449339835,0,1,6328.994,0.45387805,4,1,false,false,15.290247,2.93042,9.403282,-0.6723203,0.5119741,3
42.903034,0.65142006,39.240143026447576,-77.97435765970314,0,1,6314.098,0.44614092,4,1,false,false,14.191702,3.3148808,7.659011,-0.66452014,0.41556346,3
42.9454,0.6516437,39.24014662948312,-77.9743508258312,0,1,6280.795,0.43719548,4,1,false,false,13.327004,3.152694,7.3588567,-0.6585004,0.3112249,3
42.98158,0.6518675,39.24015032261346,-77.97434399213599,0,1,6271.969,0.4316345,4,1,false,false,12.834812,2.5438933,7.97976,-0.65395284,0.24782115,3
43.00694,0.65209156,39.240154105769854,-77.97433727420321,0,1,6314.7085,0.43211806,4,1,false,false,12.106777,1.8726069,7.7465825,-0.64999443,0.23907179,3
43.026707,0.6523158,39.24015779883147,-77.974330440508,0,1,6378.0757,0.43671232,4,1,false,false,12.72351,1.5574765,7.322753,-0.64587736,0.26686966,3
43.039425,0.65254015,39.24016158205659,-77.97432372257522,0,1,6419.5425,0.44348156,4,1,false,false,16.152218,1.5303167,11.526552,-0.6407013,0.36540174,3
43.059307,0.65276456,39.24016536521298,-77.97431700464243,0,1,6436.633,0.45097652,4,1,false,false,16.954023,2.2519574,12.145625,-0.6336342,0.48154253,3
43.088455,0.65298903,39.24016923846417,-77.97431028670965,0,1,6442.7637,0.4565374,4,1,false,false,17.77337,2.7675292,11.821642,-0.62485206,0.55991215,3
43.12604,0.6532139,39.24017311171536,-77.97430368471605,0,1,6425.227,0.45508718,4,1,false,false,16.965452,3.3879273,10.836442,-0.61528563,0.57152665,3
43.17019,0.65343916,39.24017698496654,-77.97429696678327,0,1,6375.503,0.45266932,4,1,false,false,14.972665,3.4424582,9.213598,-0.60628736,0.49937433,3
43.209908,0.6536646,39.24018094824379,-77.97429036461294,0,1,6341.17,0.44686618,4,1,false,false,15.679699,3.0756671,8.807248,-0.59869826,0.41102508,3
43.241367,0.6538901,39.240184911589765,-77.97428376261934,0,1,6346.1074,0.43840426,4,1,false,false,15.801411,2.5710783,8.645693,-0.5924791,0.3395842,3
43.26734,0.6541159,39.240188964961796,-77.97427727638816,0,1,6361.2026,0.4316345,4,1,false,false,15.828506,2.3635798,10.022808,-0.58719397,0.30362844,3
43.2881,0.6543422,39.24019301840256,-77.97427067421782,0,1,6378.1904,0.42704028,4,1,false,false,17.818182,2.049117,11.014982,-0.5820037,0.33279166,3
43.30737,0.65456855,39.240197071774595,-77.97426418798666,0,1,6413.966,0.42607376,4,1,false,false,15.411829,2.0443003,9.565125,-0.5760998,0.3709896,3
43.327927,0.6547949,39.24020121524142,-77.97425770175549,0,1,6445.38,0.42438087,4,1,false,false,14.653981,2.129514,8.574996,-0.5696119,0.40905032,3
43.355877,0.6550214,39.240205358708245,-77.97425133128675,0,1,6461.786,0.42341444,4,1,false,false,13.4345,2.6944783,7.7619414,-0.56260216,0.4277663,3
43.39522,0.65524817,39.24020950224379,-77.9742448450556,0,1,6447.506,0.42244682,4,1,false,false,14.818504,3.2167754,7.9296026,-0.5556423,0.40310755,3
43.429348,0.655475,39.24021373573668,-77.97423847458685,0,1,6402.825,0.42099634,4,1,false,false,15.18971,2.7414756,9.379914,-0.5490172,0.3976453,3
43.45756,0.6557021,39.24021796929829,-77.97423210411813,0,1,6408.503,0.42389795,4,1,false,false,16.804539,2.3264086,11.046797,-0.54226947,0.41766146,3
43.481438,0.65592927,39.24022229295469,-77.97422573382613,0,1,6443.3604,0.4299418,4,1,false,false,14.161978,2.219929,7.713195,-0.535249,0.41644463,3
43.504715,0.6561563,39.24022661654237,-77.97421947911984,0,1,6459.326,0.4410635,4,1,false,false,14.572982,2.35997,8.127043,-0.5284062,0.40627894,3
43.529385,0.65638345,39.24023094019877,-77.97421322459027,0,1,6463.317,0.44807482,4,1,false,false,17.351076,2.571384,10.946703,-0.52149105,0.42643017,3
43.558254,0.6566107,39.240235263786445,-77.97420696988398,0,1,6455.4497,0.45653728,4,1,false,false,16.82505,2.751713,9.536039,-0.51429474,0.43064043,3
43.581673,0.6568381,39.24023967753763,-77.97420071535443,0,1,6446.034,0.46354866,4,1,false,false,15.048445,2.2041268,8.020417,-0.5070902,0.43515968,3
43.603775,0.65706545,39.240244181314885,-77.9741945765873,0,1,6481.4746,0.46765947,4,1,false,false,17.322645,2.4636183,10.665205,-0.4998189,0.43918058,3
43.6274,0.657293,39.24024859499735,-77.97418843782017,0,1,6491.8,0.47007668,4,1,false,false,20.60676,2.515615,12.951576,-0.49239656,0.45434088,3
43.64666,0.6575206,39.2402530987746,-77.97418229905306,0,1,6453.815,0.46644974,4,1,false,false,22.008944,2.4438767,13.669957,-0.48438814,0.51104915,3
43.66058,0.6577482,39.24025769264664,-77.97417627604837,0,1,6461.85,0.4633075,4,1,false,false,21.336971,2.0134673,12.296628,-0.4753507,0.5720482,3
43.67602,0.6579759,39.240262286449955,-77.97417025304368,0,1,6507.047,0.4555707,4,1,false,false,19.931292,2.3991764,10.918885,-0.46560553,0.5858562,3
43.700245,0.65820354,39.240266880322,-77.974164230039,0,1,6494.108,0.44952542,4,1,false,false,18.687918,3.1920416,10.451577,-0.4561708,0.53530973,3
43.73061,0.6584314,39.24027156428882,-77.97415832297348,0,1,6431.785,0.44106358,4,1,false,false,22.405272,2.956346,13.058448,-0.44789752,0.47271153,3
43.749256,0.65865946,39.24027633828171,-77.97415241590797,0,1,6408.9844,0.4304257,4,1,false,false,24.384119,2.5534291,15.248776,-0.4400136,0.47702387,3
43.760582,0.6588874,39.240281022179815,-77.9741466246049,0,1,6437.269,0.41785264,4,1,false,false,19.3769,1.8363547,10.630557,-0.43206838,0.46886307,3
43.769283,0.6591154,39.24028579617271,-77.97414083330182,0,1,6479.047,0.40624738,4,1,false,false,16.713339,1.7766784,9.057694,-0.4245035,0.4377802,3
43.791306,0.6593434,39.240290660260385,-77.97413504199874,0,1,6514.627,0.39101526,4,1,false,false,15.760289,2.9393258,7.845895,-0.41780528,0.3592877,3
43.82386,0.65957165,39.24029552434806,-77.9741293664581,0,1,6479.269,0.373123,4,1,false,false,18.445475,3.1165507,10.311001,-0.41245863,0.28754175,3
43.84508,0.65979993,39.24030038843574,-77.97412369091747,0,1,6428.695,0.35305488,4,1,false,false,15.812841,2.3387396,9.605783,-0.40769663,0.2951992,3
43.85949,0.6600282,39.24030534261821,-77.97411813131599,0,1,6497.796,0.33419412,4,1,false,false,14.91066,1.3117875,8.0947275,-0.40261877,0.31334352,3
43.86568,0.6602566,39.24031020663716,-77.97411245577536,0,1,6589.541,0.31049827,4,1,false,false,13.520124,1.4622718,7.1403165,-0.39720333,0.33374345,3
43.890415,0.6604851,39.24031516081963,-77.9741068961739,0,1,6610.83,0.2819664,4,1,false,false,14.501615,2.896916,8.8967905,-0.3915852,0.3369407,3
43.925694,0.66071373,39.240320205028155,-77.97410133657242,0,1,6552.5493,0.26044542,4,1,false,false,14.639679,3.2229617,9.265696,-0.38595822,0.33952248,3
43.961723,0.66094244,39.24032524930541,-77.97409589273339,0,1,6520.8506,0.22199824,4,1,false,false,15.121102,2.9792466,10.039784,-0.38025364,0.34751087,3
43.990932,0.6611714,39.24033029351394,-77.97409033313193,0,1,6537.355,0.19612418,4,1,false,false,16.297277,2.7773705,11.15574,-0.3743309,0.36456102,3
44.0207,0.6614005,39.24033533772247,-77.9740848892929,0,1,6537.5645,0.16396219,4,1,false,false,16.302002,3.0034313,10.232698,-0.36825237,0.3634018,3
44.052658,0.66162974,39.24034047209451,-77.9740795612163,0,1,6503.932,0.13832949,4,1,false,false,17.525558,3.099547,12.106372,-0.3623441,0.35208672,3
44.08643,0.66185904,39.24034560632911,-77.97407411737727,0,1,6482.298,0.117290586,4,1,false,false,15.70084,3.1450715,10.083655,-0.35671315,0.31775045,3
44.118935,0.6620886,39.240350740701146,-77.97406878947741,0,1,6476.5327,0.09576727,4,1,false,false,14.178863,2.8206835,8.556876,-0.3520206,0.24136145,3
44.148445,0.6623183,39.240355874935744,-77.97406357733999,0,1,6478.0127,0.07593673,4,1,false,false,13.739682,2.6244454,8.643887,-0.34865165,0.16494451,3
44.177032,0.6625482,39.240361099333846,-77.9740582492634,0,1,6488.5225,0.061910193,4,1,false,false,15.153591,2.5355175,11.41069,-0.34628737,0.12345661,3
44.200954,0.6627782,39.240366323731955,-77.97405303712597,0,1,6497.7715,0.056348376,4,1,false,false,15.316903,2.2722104,13.140479,-0.34417596,0.13757351,3
44.22289,0.6630083,39.24037163815612,-77.97404782498855,0,1,6524.6377,0.053446367,4,1,false,false,15.782944,2.1859674,13.658188,-0.34145293,0.19693303,3
44.249737,0.6632385,39.24037695258029,-77.97404272861357,0,1,6559.259,0.05779893,4,1,false,false,14.641515,2.7569888,12.313648,-0.3377307,0.2489414,3
44.289757,0.66346896,39.240382267141904,-77.97403751647614,0,1,6545.0293,0.059009112,4,1,false,false,13.716387,3.4536734,11.033163,-0.3336179,0.24223706,3
44.339638,0.66369975,39.240387581566075,-77.97403242010115,0,1,6481.0073,0.06263592,4,1,false,false,12.827153,3.9037223,10.182587,-0.33015725,0.16783577,3
44.385376,0.66393065,39.24039298615376,-77.97402743948861,0,1,6429.4077,0.06457091,4,1,false,false,12.962768,3.1684399,9.679336,-0.3283101,0.057850275,3
44.419918,0.6641619,39.24039830057792,-77.97402234311362,0,1,6434.8833,0.06698941,4,1,false,false,11.926245,2.4940238,10.749879,-0.32807064,-0.024242515,3
44.446785,0.66439337,39.24040379519167,-77.97401736267781,0,1,6473.836,0.07617896,4,1,false,false,8.892523,1.9226288,7.9298663,-0.3288645,-0.06732628,3
44.472305,0.664625,39.2404091996419,-77.97401238206525,0,1,6515.5312,0.08440099,4,1,false,false,7.456717,1.8600621,8.105381,-0.3299616,-0.064685896,3
44.497467,0.6648568,39.240414604229585,-77.97400740162945,0,1,6551.4077,0.09189826,4,1,false,false,7.951394,1.7939328,9.613382,-0.3307255,-0.02519654,3
44.527714,0.6650888,39.24042009884333,-77.9740024210169,0,1,6583.989,0.09625125,4,1,false,false,7.536798,2.0175073,10.229458,-0.3306925,0.026630566,3
44.555492,0.665321,39.240425593457076,-77.97399744058109,0,1,6609.331,0.09842801,4,1,false,false,5.768168,2.0446444,8.006978,-0.32986155,0.07178616,3
44.595978,0.6655536,39.24043099790731,-77.97399257590772,0,1,6642.296,0.08899624,4,1,false,false,5.438524,3.1032376,7.661886,-0.3284268,0.099191524,3
44.650547,0.6657865,39.240436492521056,-77.97398759529516,0,1,6609.522,0.07763042,4,1,false,false,5.230927,3.773542,7.8559628,-0.32677254,0.09494142,3
44.709038,0.6660196,39.240442077298304,-77.97398273062178,0,1,6522.1494,0.059009098,4,1,false,false,4.9520087,3.5795865,7.587673,-0.3254138,0.06619937,3
44.756474,0.66625327,39.24044757191205,-77.97397775018597,0,1,6493.614,0.037727073,4,1,false,false,4.3614206,2.7221675,7.5359764,-0.32456562,0.036399767,3
44.791443,0.66648716,39.240453066525795,-77.9739728855126,0,1,6540.952,0.01451005,4,1,false,false,4.106082,2.0193655,8.925611,-0.32410994,0.018552342,3
44.82107,0.6667213,39.2404586511656,-77.97396802083922,0,1,6580.5015,-0.019347984,4,1,false,false,3.4205494,1.9786485,9.29954,-0.32379743,0.017108524,3
44.854176,0.66695553,39.24046423580542,-77.97396315598911,0,1,6598.625,-0.04691942,4,1,false,false,2.5596688,2.2170796,7.0750422,-0.32351565,0.015320939,3
44.890495,0.66718996,39.24046973041916,-77.97395817555329,0,1,6621.3477,-0.08585854,4,1,false,false,1.837586,2.3519602,6.6558995,-0.32330853,0.0072476533,3
44.931946,0.6674242,39.24047531519641,-77.97395331087992,0,1,6636.328,-0.122620456,4,1,false,false,1.3153833,2.7307866,7.1913447,-0.32328948,-0.0076310723,3
44.976574,0.66765857,39.24048089983622,-77.97394844620655,0,1,6621.7197,-0.15091956,4,1,false,false,0.58871716,2.7435217,9.4848175,-0.32359686,-0.03178828,3
45.017063,0.66789323,39.24048648447604,-77.97394358153316,0,1,6612.4453,-0.18889351,4,1,false,false,-0.012181699,2.4257908,7.8633337,-0.3243215,-0.055857003,3
45.05718,0.668128,39.240492069253285,-77.97393860092062,0,1,6645.712,-0.22057895,4,1,false,false,-0.584712,2.6090083,8.546937,-0.32544652,-0.08078731,3
45.097614,0.66836274,39.240497653893094,-77.97393373624725,0,1,6658.624,-0.24839637,4,1,false,false,-1.1137435,2.5809517,7.2182093,-0.32705393,-0.11216745,3
45.148003,0.6685977,39.24050323853291,-77.97392887157386,0,1,6635.27,-0.2677462,4,1,false,false,-1.7166722,3.116379,8.090694,-0.32914382,-0.1406733,3
45.192074,0.6688329,39.24050882331016,-77.97392389096132,0,1,6602.995,-0.28733924,4,1,false,false,-3.0539694,2.3289511,10.522812,-0.3317612,-0.17649916,3
45.23133,0.66906834,39.24051449797604,-77.97391902628794,0,1,6627.6406,-0.3033045,4,1,false,false,-5.1388445,2.3524287,15.244887,-0.3351042,-0.22771533,3
45.264294,0.6693037,39.24052008275329,-77.97391404585213,0,1,6658.696,-0.3127382,4,1,false,false,-6.5817356,1.8814774,14.089949,-0.33942488,-0.2895876,3
45.30384,0.6695393,39.2405256673931,-77.97390906523958,0,1,6670.5093,-0.32749423,4,1,false,false,-6.948599,2.8424563,13.07637,-0.3448167,-0.3480789,3
45.353447,0.669775,39.24053125203291,-77.97390408480376,0,1,6643.247,-0.34563574,4,1,false,false,-7.1441813,3.4266183,11.579565,-0.3508889,-0.3689262,3
45.40432,0.67001104,39.24053683667272,-77.97389910419122,0,1,6585.339,-0.3659554,4,1,false,false,-7.8111324,3.131,11.337414,-0.35688394,-0.3419824,3
45.445793,0.6702471,39.24054242144997,-77.97389400799297,0,1,6560.3027,-0.38724303,4,1,false,false,-8.594877,2.4991426,10.803972,-0.36221296,-0.2974144,3
45.47664,0.67048335,39.24054791606372,-77.97388891161799,0,1,6591.7656,-0.4049029,4,1,false,false,-9.354977,1.8492755,10.355395,-0.36689025,-0.26962507,3
45.49941,0.6707197,39.24055350070353,-77.973883815243,0,1,6636.5337,-0.4373189,4,1,false,false,-9.709443,1.5213524,10.45054,-0.37136784,-0.27674428,3
45.522114,0.6709562,39.240559085343335,-77.97387871886802,0,1,6676.0605,-0.45860738,4,1,false,false,-9.408709,1.7203448,8.34244,-0.3763742,-0.32299718,3
45.546124,0.6711927,39.24056457995708,-77.9738735067306,0,1,6707.34,-0.49126565,4,1,false,false,-10.49773,1.7555344,9.261529,-0.38213655,-0.37351188,3
45.572723,0.6714293,39.240570164734336,-77.9738684103556,0,1,6732.4023,-0.5169104,4,1,false,false,-10.376036,1.9541153,7.950046,-0.3887941,-0.42481804,3
45.604168,0.67166597,39.24057565934808,-77.97386308227901,0,1,6747.7827,-0.54013586,4,1,false,false,-10.643715,2.362811,8.204519,-0.39616674,-0.45493704,3
45.633408,0.67190284,39.24058115396182,-77.97385787014159,0,1,6741.8755,-0.5563454,4,1,false,false,-11.974549,2.246503,9.065745,-0.40398037,-0.48669618,3
45.66591,0.6721398,39.240586648575565,-77.97385265800418,0,1,6743.089,-0.5747317,4,1,false,false,-14.631913,2.3653655,11.070597,-0.41234103,-0.5176627,3
45.69207,0.6723768,39.2405920530258,-77.97384732992758,0,1,6733.472,-0.58852196,4,1,false,false,-17.036509,2.0911155,12.160641,-0.42131996,-0.5620394,3
45.7148,0.6726141,39.240597547639545,-77.97384188626528,0,1,6730.683,-0.6013445,4,1,false,false,-18.483059,2.1880744,12.621293,-0.43113074,-0.6115151,3
45.735302,0.67285144,39.24060295222723,-77.97383644242625,0,1,6731.3496,-0.60860306,4,1,false,false,-20.189987,2.0449548,13.378432,-0.44157892,-0.636186,3
45.754425,0.6730888,39.24060835667746,-77.97383099858722,0,1,6720.955,-0.6136841,4,1,false,false,-21.686884,2.2306402,13.126498,-0.45216814,-0.63034976,3
45.772903,0.6733262,39.240613671239075,-77.97382543880902,0,1,6706.0586,-0.6153767,4,1,false,false,-21.556374,2.2258024,12.961226,-0.46253243,-0.6097834,3
45.78856,0.67356366,39.24061898566325,-77.97381987920755,0,1,6701.721,-0.61586034,4,1,false,false,-20.395102,1.9721788,12.21237,-0.47243464,-0.5774591,3
45.8012,0.6738013,39.24062430008742,-77.9738142036669,0,1,6715.2197,-0.61440873,4,1,false,false,-20.115696,1.8037986,11.497118,-0.481772,-0.5433722,3
45.81128,0.6740389,39.24062952448552,-77.97380852830301,0,1,6733.4966,-0.6134418,4,1,false,false,-20.244566,1.8416034,11.441993,-0.49064228,-0.5249931,3
45.82172,0.67427653,39.24063474888363,-77.97380285276236,0,1,6744.6753,-0.6134418,4,1,false,false,-19.830694,1.8106563,10.763051,-0.49935773,-0.52349526,3
45.83319,0.67451423,39.24063997328173,-77.9737970614593,0,1,6751.7246,-0.6134418,4,1,false,false,-18.916727,1.9312696,10.168419,-0.50820094,-0.53706396,3
45.845966,0.674752,39.24064519767984,-77.97379115439378,0,1,6761.791,-0.61634576,4,1,false,false,-18.102081,1.9835404,9.536146,-0.51720047,-0.53972167,3
45.85896,0.6749898,39.24065033191443,-77.97378524715153,0,1,6767.259,-0.6221515,4,1,false,false,-18.106531,2.033067,9.322922,-0.5261209,-0.5298594,3
45.872414,0.67522776,39.24065537612296,-77.97377934008601,0,1,6768.108,-0.6262647,4,1,false,false,-17.767086,2.0504284,8.93884,-0.5348497,-0.516743,3
45.885586,0.6754658,39.240660510495005,-77.9737734330205,0,1,6772.564,-0.6320705,4,1,false,false,-17.076477,2.0212162,8.463673,-0.5433496,-0.5027483,3
45.89835,0.67570394,39.24066555470353,-77.97376741001581,0,1,6783.4976,-0.6335229,4,1,false,false,-16.779844,2.009168,8.325734,-0.55159765,-0.48718333,3
45.910835,0.6759421,39.24067059891206,-77.97376127124869,0,1,6792.6895,-0.6303777,4,1,false,false,-16.092548,1.9800166,7.8029847,-0.5596054,-0.47304392,3
45.923378,0.6761805,39.240675553094526,-77.973755248244,0,1,6800.9375,-0.6211836,4,1,false,false,-15.8149185,1.9673369,7.6350183,-0.56738144,-0.4601537,3
45.93464,0.67641896,39.24068059730306,-77.97374910947688,0,1,6813.6265,-0.6081184,4,1,false,false,-15.482511,1.9103211,7.573636,-0.5749796,-0.45206368,3
45.945553,0.67665744,39.240685461322016,-77.97374297070976,0,1,6830.935,-0.5858612,4,1,false,false,-14.912112,1.8723471,6.969921,-0.58247095,-0.44654945,3
45.956493,0.676896,39.24069041550448,-77.9737367161802,0,1,6847.184,-0.562151,4,1,false,false,-14.366041,1.8090423,6.568995,-0.5898828,-0.44457927,3
45.96772,0.6771347,39.24069536968695,-77.9737304614739,0,1,6865.8984,-0.53505474,4,1,false,false,-13.926842,2.0272164,6.594954,-0.5973206,-0.4461089,3
45.981613,0.67737347,39.2407002337059,-77.97372420694435,0,1,6879.6675,-0.50166917,4,1,false,false,-13.882282,2.050501,6.832779,-0.6047112,-0.44168064,3
45.995975,0.67761254,39.2407050978623,-77.97371783647561,0,1,6881.6216,-0.47699308,4,1,false,false,-13.741346,2.0634835,6.2718105,-0.61204135,-0.43965563,3
46.010757,0.67785186,39.240709871855195,-77.97371146600689,0,1,6890.3945,-0.4506243,4,1,false,false,-13.348789,2.0984805,6.3338313,-0.619321,-0.4343135,3
46.025383,0.67809135,39.24071473587415,-77.97370509553815,0,1,6904.5386,-0.42570698,4,1,false,false,-13.41007,2.1367326,6.6470537,-0.6265065,-0.42856118,3
46.0407,0.6783309,39.24071951000448,-77.97369872524617,0,1,6910.1206,-0.40538648,4,1,false,false,-13.852552,2.257945,7.1105676,-0.6335921,-0.42227307,3
46.056652,0.6785707,39.24072428399737,-77.97369223883825,0,1,6907.528,-0.38700172,4,1,false,false,-14.2635975,2.3125334,7.1725445,-0.6405657,-0.4175525,3
46.07264,0.6788105,39.240728967826755,-77.97368575260708,0,1,6907.604,-0.37756717,4,1,false,false,-15.187611,2.3826976,8.046041,-0.6475086,-0.41921368,3
46.08835,0.6790504,39.240733741819646,-77.97367926637592,0,1,6904.807,-0.36740682,4,1,false,false,-16.329578,2.5018857,8.389843,-0.6545355,-0.42457205,3
46.103718,0.6792905,39.24073833576041,-77.97367278014475,0,1,6888.4775,-0.36281118,4,1,false,false,-16.433279,2.5358102,9.012763,-0.66158164,-0.42101973,3
46.117302,0.6795303,39.24074301958979,-77.97366617797441,0,1,6875.6177,-0.36184326,4,1,false,false,-17.809626,2.4727867,9.817431,-0.6686,-0.42343324,3
46.12726,0.6797702,39.24074761353055,-77.97365946021837,0,1,6871.0044,-0.3618432,4,1,false,false,-18.793158,2.2319129,9.550851,-0.67565507,-0.4271863,3
46.13319,0.68001,39.24075220733387,-77.97365285804803,0,1,6872.0996,-0.36377907,4,1,false,false,-18.551882,2.10219,9.639987,-0.68288076,-0.44034192,3
46.13931,0.68025005,39.24075680127463,-77.97364614011525,0,1,6880.799,-0.36643988,4,1,false,false,-18.085615,2.3099096,9.356719,-0.690328,-0.44930944,3
46.14767,0.68048984,39.24076130505188,-77.97363942235921,0,1,6883.516,-0.37272927,4,1,false,false,-17.999304,2.2635012,8.886812,-0.6977275,-0.43707195,3
46.15841,0.6807296,39.24076580882913,-77.973632588664,0,1,6871.6826,-0.38167945,4,1,false,false,-18.507952,2.5205214,9.407494,-0.7048243,-0.41464496,3
46.170113,0.6809695,39.240770222442876,-77.97362575461531,0,1,6857.977,-0.39111397,4,1,false,false,-18.89164,2.560981,10.504917,-0.71155775,-0.3947446,3
46.178688,0.6812094,39.24077463619406,-77.9736189209201,0,1,6848.6284,-0.40732238,4,1,false,false,-20.301884,2.295508,10.940579,-0.71800137,-0.38456896,3
46.18351,0.68144923,39.2407790498078,-77.9736119712857,0,1,6846.994,-0.4232876,4,1,false,false,-19.985565,2.2219324,10.559581,-0.724482,-0.39246276,3
46.188873,0.6816891,39.24078337353292,-77.97360502200479,0,1,6855.0786,-0.44602776,4,1,false,false,-18.869356,2.2192934,9.815791,-0.7310439,-0.3901771,3
46.197002,0.68192905,39.24078760709453,-77.97359795643123,0,1,6855.359,-0.46417105,4,1,false,false,-18.894773,2.3459795,9.217618,-0.73743373,-0.37422237,3
46.20659,0.682169,39.240791930682214,-77.97359089121115,0,1,6841.5713,-0.48763794,4,1,false,false,-19.405655,2.2824292,9.540648,-0.7434395,-0.34940362,3
46.207443,0.682409,39.240796074080315,-77.97358382563759,0,1,6833.8896,-0.50795937,4,1,false,false,-21.981297,1.7733124,12.106442,-0.7492969,-0.36558083,3
46.200912,0.68264896,39.240800307641926,-77.9735767604175,0,1,6852.411,-0.52949005,4,1,false,false,-21.768353,1.606171,11.168337,-0.7557896,-0.41298887,3
46.199432,0.6828889,39.240804451177475,-77.97356957925824,0,1,6876.0874,-0.5544093,4,1,false,false,-20.181765,1.9390345,10.300138,-0.76291025,-0.43398517,3
46.206703,0.683129,39.24080850454951,-77.97356239774551,0,1,6868.942,-0.571829,4,1,false,false,-19.06588,2.3545668,9.665022,-0.77005595,-0.41722193,3
46.218143,0.6833691,39.24081255792155,-77.97355510100056,0,1,6848.2334,-0.5865868,4,1,false,false,-19.00539,2.3910997,9.80901,-0.77675354,-0.38821015,3
46.22868,0.6836093,39.24081661143103,-77.97354780390212,0,1,6841.833,-0.59626347,4,1,false,false,-18.88872,2.2495127,9.860326,-0.78304356,-0.36769536,3
46.23539,0.68384963,39.24082057463956,-77.97354050680369,0,1,6848.5054,-0.6064259,4,1,false,false,-18.84929,1.9713352,9.602867,-0.7890906,-0.36210644,3
46.241074,0.68408996,39.24082444795947,-77.97353320970525,0,1,6859.7153,-0.61440873,4,1,false,false,-18.345661,2.008,9.227126,-0.7951305,-0.36179766,3
46.249348,0.6843306,39.240828411305436,-77.97352579702113,0,1,6864.773,-0.61973214,4,1,false,false,-18.181679,2.126276,9.622375,-0.80107945,-0.35168162,3
46.26086,0.6845711,39.24083219446184,-77.97351838398352,0,1,6857.546,-0.6233617,4,1,false,false,-18.48236,2.3848047,9.859385,-0.80683535,-0.3375597,3
46.271774,0.6848118,39.240836067644295,-77.97351085536022,0,1,6842.093,-0.6248134,4,1,false,false,-19.885574,2.1377497,10.541431,-0.81232846,-0.33117682,3
46.276913,0.68505263,39.2408398508007,-77.97350344232261,0,1,6837.1943,-0.6284428,4,1,false,false,-20.516577,1.8547074,11.650578,-0.8180202,-0.35843024,3
46.278503,0.68529373,39.24084354393103,-77.97349591369931,0,1,6852.2256,-0.6332816,4,1,false,false,-21.442705,1.7740529,12.263812,-0.82437927,-0.40280715,3
46.27931,0.6855347,39.24084723706136,-77.97348826913682,0,1,6858.388,-0.6332817,4,1,false,false,-22.11121,1.8568064,12.431823,-0.8314629,-0.4420287,3
46.282112,0.6857758,39.24085084002819,-77.97348074051352,0,1,6848.286,-0.6323129,4,1,false,false,-22.452526,2.031416,12.738288,-0.83914757,-0.47177848,3
46.28709,0.6860171,39.240854443132456,-77.97347298001188,0,1,6836.798,-0.62723166,4,1,false,false,-22.996965,2.146008,13.225754,-0.84720063,-0.4851115,3
46.29258,0.68625855,39.24085804609928,-77.97346533580287,0,1,6825.904,-0.6231194,4,1,false,false,-22.419846,2.1620445,12.527683,-0.85531306,-0.47749615,3
46.297485,0.6865001,39.24086146901397,-77.97345757530121,0,1,6815.7656,-0.6153769,4,1,false,false,-23.4326,2.0623345,12.728112,-0.86314213,-0.46188205,3
46.3009,0.68674165,39.24086498195473,-77.97344981479957,0,1,6810.7134,-0.6073928,4,1,false,false,-23.027222,2.0266356,12.458882,-0.8708,-0.45244262,3
46.30485,0.68698347,39.240868314705914,-77.97344205465139,0,1,6808.973,-0.59892523,4,1,false,false,-22.626265,1.9681234,12.23069,-0.8782034,-0.43347558,3
46.30835,0.6872255,39.24087164759454,-77.97343417856403,0,1,6810.4897,-0.5899731,4,1,false,false,-20.6103,1.9013175,11.354026,-0.88534707,-0.42044145,3
46.311478,0.68746763,39.24087498034572,-77.97342630212322,0,1,6822.49,-0.5834408,4,1,false,false,-22.17162,1.8313564,12.116453,-0.892297,-0.41706163,3
46.314953,0.68770975,39.240878223070844,-77.97341842603586,0,1,6829.3755,-0.57569873,4,1,false,false,-21.167658,1.8904616,11.3012495,-0.8993282,-0.42473754,3
46.322266,0.6879523,39.240881375632455,-77.97341043400934,0,1,6831.3193,-0.57086015,4,1,false,false,-19.230824,1.9802349,10.047476,-0.9064231,-0.42131227,3
46.331657,0.688195,39.240884528331506,-77.97340244198281,0,1,6837.319,-0.56892514,4,1,false,false,-18.553225,1.9903939,9.915311,-0.913337,-0.4074145,3
46.34217,0.6884377,39.24088768103056,-77.97339444995629,0,1,6845.2617,-0.5669899,4,1,false,false,-18.416723,2.0766304,9.580217,-0.92003196,-0.39428008,3
46.35432,0.6886805,39.240890743566105,-77.97338645828324,0,1,6843.7817,-0.56795704,4,1,false,false,-17.302408,2.0231352,9.255071,-0.9264356,-0.37583047,3
46.365864,0.68892336,39.24089371607558,-77.97337835031755,0,1,6848.6,-0.5698929,4,1,false,false,-17.051994,1.9531113,9.550464,-0.9326184,-0.37009245,3
46.37717,0.6891662,39.24089668858506,-77.97337035829102,0,1,6866.74,-0.574006,4,1,false,false,-17.416615,1.9361713,9.729666,-0.9387522,-0.36972547,3
46.388313,0.68940914,39.2408996609571,-77.97336225032532,0,1,6875.5825,-0.5786027,4,1,false,false,-17.516148,1.9353632,9.9713745,-0.9449645,-0.3798161,3
46.399628,0.6896521,39.24090254344051,-77.97335402677393,0,1,6876.206,-0.5805386,4,1,false,false,-19.554262,2.0552368,11.751544,-0.9515698,-0.41502276,3
46.407253,0.6898948,39.24090542592393,-77.9733459191617,0,1,6871.303,-0.58247375,4,1,false,false,-21.270287,2.0666616,12.664501,-0.95901775,-0.47160017,3
46.416294,0.6901374,39.24090821824383,-77.97333769525683,0,1,6861.998,-0.5805385,4,1,false,false,-21.615349,2.210226,12.604246,-0.9672969,-0.5084432,3
46.423668,0.69038,39.240911010563735,-77.97332947170544,0,1,6847.3994,-0.57715046,4,1,false,false,-23.841408,2.1872694,14.376511,-0.97602123,-0.5276121,3
46.428223,0.6906227,39.24091371285758,-77.97332124815404,0,1,6830.582,-0.56795716,4,1,false,false,-25.516134,2.0520563,15.733986,-0.9849334,-0.5357347,3
46.42686,0.6908649,39.24091632498791,-77.97331290866347,0,1,6820.5103,-0.5573133,4,1,false,false,-28.180248,1.9673166,17.608376,-0.99417895,-0.569638,3
46.42453,0.69110715,39.24091893725568,-77.97330456917291,0,1,6819.927,-0.54207075,4,1,false,false,-27.69199,1.9290191,16.83001,-1.0039636,-0.593293,3
46.425823,0.6913493,39.240921459359946,-77.97329622968233,0,1,6818.8096,-0.52489436,4,1,false,false,-25.720852,2.0657625,14.289934,-1.0138564,-0.57237065,3
46.432274,0.6915915,39.2409238913007,-77.97328789019177,0,1,6806.3613,-0.50795937,4,1,false,false,-24.002642,2.2085078,14.192672,-1.0228959,-0.49851778,3
46.43486,0.69183344,39.24092623335284,-77.97327943476202,0,1,6794.5137,-0.49005634,4,1,false,false,-26.045736,2.1039946,15.485806,-1.0308187,-0.4528898,3
46.434353,0.6920753,39.240928575267525,-77.97327097968575,0,1,6795.558,-0.4733644,4,1,false,false,-27.48442,1.749997,15.985188,-1.0382235,-0.44078308,3
46.429325,0.6923172,39.240930827156156,-77.97326252425601,0,1,6809.3794,-0.45425296,4,1,false,false,-26.625946,1.5543107,16.034489,-1.0459458,-0.4851713,3
46.426605,0.692559,39.24093307904478,-77.97325395324057,0,1,6835.855,-0.4378023,4,1,false,false,-23.913246,1.7912543,14.327981,-1.0545139,-0.5225703,3
46.43138,0.6928005,39.24093524090734,-77.97324549781082,0,1,6847.234,-0.42159396,4,1,false,false,-22.914309,2.2225153,13.361516,-1.0633074,-0.51377857,3
46.442387,0.69304216,39.24093731260639,-77.97323692679538,0,1,6825.9414,-0.40466172,4,1,false,false,-22.727608,2.5074935,13.292563,-1.0716244,-0.47551718,3
46.457737,0.6932839,39.24093929427938,-77.97322835542647,0,1,6803.1597,-0.39256543,4,1,false,false,-21.38403,2.4442244,12.284184,-1.0790855,-0.4154985,3
46.471004,0.6935256,39.240941275952366,-77.97321978441103,0,1,6800.71,-0.3819217,4,1,false,false,-19.937626,2.193213,11.39838,-1.0855166,-0.35396326,3
46.481647,0.6937673,39.24094316746184,-77.97321109745641,0,1,6816.7266,-0.37345496,4,1,false,false,-18.362568,2.0083556,10.611244,-1.0910366,-0.31011337,3
46.49213,0.694009,39.24094505910876,-77.97320252644097,0,1,6836.2954,-0.36692327,4,1,false,false,-17.359686,2.0270624,10.545614,-1.0960106,-0.2875929,3
46.504913,0.6942508,39.24094695061824,-77.97319383948636,0,1,6846.33,-0.36039168,4,1,false,false,-17.516685,2.054566,10.264566,-1.1006947,-0.2799622,3
46.521828,0.69449264,39.24094875223909,-77.97318515253174,0,1,6852.1035,-0.35918242,4,1,false,false,-15.324101,2.1236413,8.721415,-1.1052674,-0.27000362,3
46.54077,0.6947346,39.24095046369644,-77.97317646557713,0,1,6861.6606,-0.35869896,4,1,false,false,-13.887157,2.2344313,7.899672,-1.10969,-0.25888878,3
46.560745,0.69497657,39.24095217501634,-77.97316777862251,0,1,6869.3564,-0.36184323,4,1,false,false,-13.646728,2.2215462,7.7861195,-1.1139027,-0.24889307,3
46.58166,0.69521874,39.24095388647369,-77.97315897572872,0,1,6871.191,-0.36377907,4,1,false,false,-13.738771,2.1010993,8.751263,-1.1179552,-0.24312514,3
46.599434,0.6954609,39.240955597931034,-77.97315028877411,0,1,6880.3916,-0.36643988,4,1,false,false,-14.182695,1.9727862,9.192223,-1.1221485,-0.2654507,3
46.61652,0.6957032,39.240957219362315,-77.97314160181949,0,1,6902.819,-0.36934274,4,1,false,false,-14.800478,2.0845807,9.569468,-1.1268835,-0.30347073,3
46.63709,0.6959457,39.24095875063009,-77.9731327989257,0,1,6911.9653,-0.37176126,4,1,false,false,-14.381706,2.3453798,9.4676695,-1.1322283,-0.3331205,3
46.66133,0.69618815,39.240960371923926,-77.9731239963854,0,1,6896.9785,-0.37442204,4,1,false,false,-15.733484,2.6009195,11.133016,-1.1379586,-0.3522612,3
46.687878,0.696431,39.240961903191696,-77.97311519349161,0,1,6872.485,-0.37248707,4,1,false,false,-17.466131,2.621507,12.359727,-1.1439428,-0.36107716,3
46.71055,0.6966738,39.2409633444334,-77.97310639059782,0,1,6852.331,-0.37152,4,1,false,false,-17.878237,2.4708965,12.330723,-1.1500299,-0.36489463,3
46.72818,0.6969168,39.24096478567511,-77.9730975880575,0,1,6850.79,-0.36692342,4,1,false,false,-18.675472,2.1984994,12.832995,-1.1562158,-0.37633651,3
46.74459,0.6971598,39.24096613675331,-77.97308878516371,0,1,6857.034,-0.35942465,4,1,false,false,-19.851097,2.1532109,14.446601,-1.1626137,-0.38709274,3
46.760258,0.6974033,39.24096748796895,-77.97307986668423,0,1,6850.9766,-0.3533765,4,1,false,false,-20.005194,2.2697752,13.866906,-1.1691992,-0.39684984,3
46.775997,0.69764674,39.240968749021086,-77.97307094785127,0,1,6845.4404,-0.34442642,4,1,false,false,-19.409597,2.2360923,13.325747,-1.1758574,-0.39619404,3
46.792496,0.69789034,39.24097001007322,-77.97306214531095,0,1,6849.004,-0.33910498,4,1,false,false,-19.375559,2.169039,13.03024,-1.1823933,-0.3830462,3
46.809235,0.69813395,39.24097118096184,-77.97305322647799,0,1,6847.514,-0.3328165,4,1,false,false,-19.309023,2.2615285,13.455241,-1.1886526,-0.36372057,3
46.82584,0.6983782,39.24097235198791,-77.9730443079985,0,1,6843.012,-0.3284621,4,1,false,false,-18.727985,2.1943994,13.316278,-1.1945776,-0.34623656,3
46.842514,0.6986224,39.24097343285047,-77.97303538916555,0,1,6849.0835,-0.32555926,4,1,false,false,-17.686869,2.1390314,11.748798,-1.2002406,-0.32971838,3
46.859924,0.6988668,39.24097442368696,-77.97302647068605,0,1,6859.2134,-0.32313985,4,1,false,false,-17.151064,2.1537917,12.287927,-1.2055593,-0.30820206,3
46.878445,0.6991112,39.240975504686965,-77.9730174362674,0,1,6862.2896,-0.3219306,4,1,false,false,-16.380089,2.2254992,11.101305,-1.2106249,-0.29672897,3
46.89813,0.69935584,39.240976405359945,-77.9730085177879,0,1,6861.576,-0.3202368,4,1,false,false,-16.353815,2.2018852,11.881026,-1.2154876,-0.2882142,3
46.916924,0.6996006,39.24097739619644,-77.97299959895494,0,1,6866.1655,-0.3190275,4,1,false,false,-15.567509,2.1275814,10.7671585,-1.2203188,-0.29124194,3
46.93711,0.6998453,39.24097820684336,-77.97299056453629,0,1,6877.2773,-0.31709263,4,1,false,false,-14.940697,2.1879127,10.524825,-1.2251797,-0.28819433,3
46.95789,0.70009005,39.240979107653786,-77.97298153011762,0,1,6878.5127,-0.31322163,4,1,false,false,-15.114855,2.212389,10.782511,-1.229968,-0.28713566,3
46.981007,0.7003347,39.2409799183007,-77.97297261163814,0,1,6875.487,-0.30838367,4,1,false,false,-13.144848,2.3129473,9.137761,-1.2346861,-0.2719527,3
47.003967,0.70057935,39.240980638921556,-77.97296357721947,0,1,6876.6597,-0.30016026,4,1,false,false,-12.239195,2.1411629,7.875548,-1.2389694,-0.24423385,3
47.02468,0.7008242,39.24098144956848,-77.97295454280082,0,1,6887.943,-0.2948388,4,1,false,false,-12.78768,2.0299654,9.557454,-1.2429043,-0.23232816,3
47.0424,0.70106906,39.24098217018933,-77.97294550838215,0,1,6901.203,-0.28395283,4,1,false,false,-15.101512,1.7911477,12.415943,-1.2468961,-0.2555998,3
47.05602,0.7013139,39.24098280078412,-77.9729364739635,0,1,6920.328,-0.2788736,4,1,false,false,-13.87951,1.7114971,10.912919,-1.2515876,-0.30695254,3
47.073524,0.7015589,39.24098343124146,-77.97292743954483,0,1,6956.9434,-0.26992342,4,1,false,false,-12.618622,2.1040866,9.614975,-1.2570633,-0.34249792,3
47.101627,0.70180386,39.24098406183625,-77.97291840512618,0,1,6962.3096,-0.26097417,4,1,false,false,-12.300211,2.9235406,9.247634,-1.2627841,-0.33351338,3
47.137424,0.70204896,39.240984692293594,-77.97290937070751,0,1,6906.618,-0.24887995,4,1,false,false,-12.45919,3.0367684,9.199403,-1.2679825,-0.28413275,3
47.17077,0.70229423,39.240985232724874,-77.97290022034969,0,1,6862.605,-0.2333991,4,1,false,false,-11.621989,2.6308851,8.27951,-1.2721756,-0.21973003,3
47.1928,0.7025396,39.2409857732936,-77.97289118593102,0,1,6882.5747,-0.22348197,4,1,false,false,-12.441409,1.9106848,9.357079,-1.2755188,-0.18896297,3
47.17912,0.70278496,39.24098622356137,-77.97288215151235,0,1,7000.671,-0.21429054,0,1,false,false,-11.497611,-0.88771516,8.57469,-1.2784843,-0.16775636,3
47.166447,0.70303017,39.24098667396658,-77.97287300115453,0,1,6306.276,-0.21187107,5,1,false,false,-10.615207,2.5417318,9.231501,-1.2812746,-0.17606086,3
47.226097,0.7032755,39.2409871243718,-77.97286396673586,0,1,5592.574,-0.21380702,5,1,false,false,-8.2789,4.33385,6.5494637,-1.2845925,-0.21484509,3
47.254356,0.703521,39.24098757477701,-77.97285481637803,0,1,5966.5117,-0.22082125,5,1,false,false,-7.9072075,1.0839498,5.195317,-1.2880012,-0.18797489,3
47.27299,0.70376664,39.240987935018715,-77.97284578195936,0,1,5873.76,-0.23097964,5,1,false,false,-8.735116,2.504632,6.412761,-1.2908875,-0.16569903,3
47.310757,0.7040124,39.24098829539786,-77.972836631955,0,1,5728.009,-0.24500903,5,1,false,false,-8.354795,2.7329588,6.641888,-1.2936583,-0.16945447,3
47.333847,0.7042582,39.24098865563957,-77.97282748159718,0,1,5868.0327,-0.2641185,5,1,false,false,-8.537488,1.4522328,6.326437,-1.2965553,-0.18154815,3
47.349007,0.7045042,39.240989016018716,-77.97281833123934,0,1,5890.9517,-0.28008372,5,1,false,false,-9.035474,1.7780943,6.8852787,-1.2997998,-0.20973602,3
47.376526,0.70475024,39.24098928623436,-77.97280918088151,0,1,5842.04,-0.2960481,5,1,false,false,-9.196118,2.44756,6.983258,-1.3035107,-0.23446013,3
47.405403,0.70499635,39.240989556449996,-77.97280014646284,0,1,5866.766,-0.310561,5,1,false,false,-10.308352,2.272243,8.1975,-1.3075982,-0.25730303,3
47.4334,0.7052425,39.24098982666563,-77.97279099645849,0,1,5863.6753,-0.32120484,5,1,false,false,-11.1517315,2.430628,8.5810795,-1.31207,-0.27769306,3
47.462597,0.705489,39.240990096881276,-77.97278184610066,0,1,5829.338,-0.32652718,5,1,false,false,-11.559064,2.3896825,8.491891,-1.3168133,-0.2917063,3
47.48926,0.70573545,39.24099027707085,-77.97277269574282,0,1,5832.2417,-0.33015493,5,1,false,false,-11.710302,2.299735,8.430567,-1.3217777,-0.30203518,3
47.514675,0.705982,39.24099045712298,-77.97276342979929,0,1,5834.262,-0.32701063,5,1,false,false,-12.387662,2.1996145,8.90128,-1.3268036,-0.30101886,3
47.5386,0.70622873,39.240990547286486,-77.97275427944146,0,1,5818.0503,-0.3231397,5,1,false,false,-11.693839,2.2210858,8.126011,-1.3318459,-0.30077124,3
47.561577,0.70647556,39.24099072733862,-77.97274512908362,0,1,5825.2344,-0.3120125,5,1,false,false,-11.66226,2.0072508,8.047925,-1.3367779,-0.29303876,3
47.581482,0.70672244,39.24099081750213,-77.97273597907926,0,1,5840.3086,-0.30548072,5,1,false,false,-11.965985,1.8855377,8.210786,-1.3416468,-0.29443678,3
47.602158,0.70696944,39.24099081750213,-77.97272671278225,0,1,5846.4653,-0.28951648,5,1,false,false,-11.935735,1.9575926,8.296744,-1.3465813,-0.29774424,3
47.620716,0.70721656,39.24099081750213,-77.97271756277789,0,1,5855.0405,-0.28032508,5,1,false,false,-11.712959,1.8667479,8.281905,-1.3516436,-0.31110975,3
47.640713,0.70746374,39.24099081750213,-77.97270841242006,0,1,5873.829,-0.26581216,5,1,false,false,-11.405546,1.954523,7.291135,-1.3569291,-0.32024375,3
47.663097,0.7077111,39.24099081750213,-77.97269914612305,0,1,5875.619,-0.25371686,5,1,false,false,-11.0651865,2.1406817,7.6511593,-1.362231,-0.31493884,3
47.68796,0.7079586,39.24099072733862,-77.97268999611869,0,1,5869.9277,-0.24307406,5,1,false,false,-11.924687,2.2673202,8.378175,-1.3674299,-0.3093387,3
47.710556,0.7082062,39.24099063731256,-77.97268072982169,0,1,5868.506,-0.23170538,5,1,false,false,-11.673907,2.0487778,7.524251,-1.3725373,-0.30366293,3
47.73162,0.70845383,39.240990547286486,-77.97267157981733,0,1,5879.325,-0.22396542,5,1,false,false,-11.325944,1.9868187,7.677099,-1.3775434,-0.29768223,3
47.7529,0.70870167,39.24099036709691,-77.97266231352032,0,1,5888.6914,-0.21332254,5,1,false,false,-11.19318,2.0143332,7.4528804,-1.3824339,-0.2877421,3
47.775784,0.7089496,39.24099018690734,-77.97265316316249,0,1,5891.3643,-0.20413117,5,1,false,false,-10.780726,2.1575532,7.009117,-1.387115,-0.27205473,3
47.799324,0.7091977,39.24099000685521,-77.97264389721896,0,1,5894.683,-0.19735919,5,1,false,false,-10.214992,2.0525503,6.4149756,-1.3914795,-0.25172973,3
47.821274,0.7094459,39.24098973650213,-77.97263474686112,0,1,5905.4497,-0.18671624,5,1,false,false,-11.716037,2.0233858,8.478139,-1.395615,-0.24945755,3
47.841053,0.7096943,39.240989466286486,-77.97262548091759,0,1,5915.2104,-0.18381332,5,1,false,false,-13.375573,1.9859148,10.455769,-1.3999867,-0.2782791,3
47.859432,0.7099429,39.24098919607085,-77.97261621497405,0,1,5919.0254,-0.18042785,5,1,false,false,-14.185737,1.9595642,10.892494,-1.4049819,-0.3233406,3
47.878407,0.7101914,39.24098883582914,-77.97260706461621,0,1,5927.118,-0.18091132,5,1,false,false,-15.910902,2.3109221,12.756914,-1.41079,-0.37378976,3
47.904068,0.71044016,39.240988475449996,-77.97259779831921,0,1,5909.7856,-0.18139574,5,1,false,false,-19.43133,2.8520095,14.674066,-1.4173169,-0.40820462,3
47.930492,0.71068907,39.240988025182226,-77.97258853237568,0,1,5855.6157,-0.18042785,5,1,false,false,-19.544003,2.7621996,14.156395,-1.4240805,-0.39995804,3
47.953102,0.7109382,39.24098757477701,-77.97257926643215,0,1,5836.378,-0.17994429,5,1,false,false,-18.698046,2.4912186,13.228768,-1.4304014,-0.3564805,3
47.970257,0.71118736,39.24098703434573,-77.97257011607431,0,1,5841.152,-0.17800933,5,1,false,false,-20.674305,2.2484584,16.337671,-1.4357945,-0.29282436,3
47.98416,0.71143645,39.240986493914455,-77.97256085013078,0,1,5823.12,-0.17631558,5,1,false,false,-21.87698,2.136159,16.02439,-1.440154,-0.24026942,3
47.99663,0.71168554,39.240985863319665,-77.97255158383378,0,1,5822.82,-0.17462286,5,1,false,false,-19.323923,1.9055716,14.324419,-1.443874,-0.21142107,3
48.0111,0.71193475,39.240985232724874,-77.97254243347594,0,1,5848.1826,-0.17123638,5,1,false,false,-17.215372,2.0109887,12.40521,-1.4471483,-0.18400176,3
48.032154,0.71218395,39.24098451224147,-77.9725331675324,0,1,5844.876,-0.1712364,5,1,false,false,-15.603532,2.319702,11.522664,-1.449845,-0.13862272,3
48.05529,0.7124333,39.240983791620614,-77.97252390158887,0,1,5820.8335,-0.1714786,5,1,false,false,-14.229603,2.169247,10.849077,-1.4517776,-0.097558774,3
48.076336,0.7126828,39.24098298083625,-77.97251475123105,0,1,5834.467,-0.17413937,5,1,false,false,-11.938182,1.9050667,9.290178,-1.4532,-0.07419392,3
48.095943,0.7129323,39.24098217018933,-77.97250548493403,0,1,5859.47,-0.18067,5,1,false,false,-10.629037,1.7704957,8.165839,-1.4542879,-0.05877688,3
48.116947,0.713182,39.24098126951635,-77.97249633492967,0,1,5867.465,-0.1934892,5,1,false,false,-10.021886,1.9079087,8.2062,-1.4553287,-0.06762298,3
48.138493,0.7134317,39.24098045873198,-77.97248706863266,0,1,5878.752,-0.20800209,5,1,false,false,-9.004384,1.7022069,7.7439685,-1.4566207,-0.08840843,3
48.157734,0.7136815,39.240979558059,-77.97247780268913,0,1,5906.648,-0.23025392,5,1,false,false,-8.045383,1.6809392,6.7292566,-1.458365,-0.1205435,3
48.181046,0.7139315,39.240978657248576,-77.9724686523313,0,1,5932.2056,-0.24476771,5,1,false,false,-7.9168057,1.9369156,7.1685047,-1.4606425,-0.15088597,3
48.207703,0.71418154,39.24097766641208,-77.97245938638777,0,1,5930.1396,-0.2631514,5,1,false,false,-7.917943,2.1374912,7.2483115,-1.4633945,-0.17807071,3
48.237854,0.71443176,39.2409767657391,-77.97245023602993,0,1,5928.85,-0.2737934,5,1,false,false,-8.014942,2.2466695,7.5466776,-1.4665467,-0.19761467,3
48.266926,0.7146821,39.2409757749026,-77.9724409700864,0,1,5928.667,-0.27911583,5,1,false,false,-8.445716,2.2382853,8.105167,-1.470009,-0.21602988,3
48.297337,0.71493256,39.24097478406611,-77.9724317037894,0,1,5924.5356,-0.2791158,5,1,false,false,-9.330561,2.348321,8.980827,-1.4737457,-0.23134573,3
48.32673,0.7151832,39.240973793229614,-77.97242243784586,0,1,5914.8257,-0.27210057,5,1,false,false,-9.862563,2.2371583,9.4976425,-1.4777181,-0.24453811,3
48.35387,0.71543396,39.24097271222961,-77.97241328748802,0,1,5914.854,-0.26048988,5,1,false,false,-11.1376,2.14225,10.760469,-1.4819719,-0.26648596,3
48.38037,0.71568483,39.24097163136705,-77.97240402154449,0,1,5918.268,-0.24718624,5,1,false,false,-10.899908,2.1677394,10.068588,-1.4865589,-0.28040043,3
48.406788,0.7159358,39.2409705505045,-77.97239475524749,0,1,5911.74,-0.2278364,5,1,false,false,-10.884184,2.1846366,10.288195,-1.4912279,-0.27962738,3
48.434483,0.7161869,39.24096946950449,-77.97238560524313,0,1,5907.9556,-0.20872776,5,1,false,false,-11.166433,2.2678025,10.04468,-1.4958291,-0.27002412,3
48.461075,0.7164382,39.24096829861587,-77.97237633894612,0,1,5900.449,-0.19227904,5,1,false,false,-11.360808,2.1373765,10.134164,-1.5001646,-0.24966706,3
48.485584,0.7166895,39.240967127589805,-77.97236707300259,0,1,5900.1455,-0.17534855,5,1,false,false,-10.610515,2.0422783,8.960222,-1.504184,-0.23205821,3
48.50961,0.71694106,39.24096586653767,-77.97235792264475,0,1,5911.9233,-0.16470566,5,1,false,false,-9.636027,1.9645135,7.999238,-1.5078576,-0.20702296,3
48.533344,0.71719265,39.24096469551161,-77.97234865670121,0,1,5918.1714,-0.15672451,5,1,false,false,-9.2811985,1.9630964,8.008647,-1.5111394,-0.18661201,3
48.55696,0.71744436,39.24096343445947,-77.97233939040422,0,1,5925.608,-0.15188746,5,1,false,false,-10.145014,1.895645,10.222336,-1.5141761,-0.18039353,3
48.577312,0.7176962,39.24096217340734,-77.97233012446068,0,1,5940.071,-0.14898452,5,1,false,false,-12.10338,1.7410425,12.585095,-1.5174235,-0.21578507,3
48.597733,0.71794814,39.24096082232914,-77.97232097410284,0,1,5961.6694,-0.1482588,5,1,false,false,-11.244481,1.9181412,10.758818,-1.5213939,-0.25899512,3
48.623745,0.7182002,39.240959471250946,-77.97231170815931,0,1,5968.486,-0.14825879,5,1,false,false,-10.395036,2.3813946,10.071423,-1.5258406,-0.2719468,3
48.661312,0.7184524,39.2409581200353,-77.97230255780148,0,1,5940.6685,-0.14632474,5,1,false,false,-11.384697,3.0703948,10.560807,-1.5301744,-0.24007143,3
48.695538,0.7187049,39.240956768957105,-77.97229329185795,0,1,5884.416,-0.13834257,5,1,false,false,-12.119422,2.50847,10.6553,-1.5336214,-0.17519568,3
48.72017,0.7189575,39.2409553277154,-77.97228402556094,0,1,5887.4204,-0.12842539,5,1,false,false,-11.391165,1.8586277,10.527037,-1.5361142,-0.12767676,3
48.73874,0.71921015,39.24095388647369,-77.97227487555658,0,1,5923.527,-0.11705773,5,1,false,false,-10.191054,1.6374242,9.642791,-1.5380002,-0.101173244,3
48.75909,0.719463,39.24095235520592,-77.97226560925957,0,1,5933.215,-0.103272475,5,1,false,false,-9.341482,1.8283758,10.330361,-1.5396352,-0.09640055,3
48.782536,0.7197159,39.24095091396421,-77.9722564592552,0,1,5940.391,-0.08875963,5,1,false,false,-8.827581,1.9133443,10.498763,-1.541291,-0.10277241,3
48.806484,0.71996903,39.240949382696435,-77.9722471929582,0,1,5958.1665,-0.07376514,5,1,false,false,-8.079718,1.8918903,10.026468,-1.5430843,-0.11169564,3
48.831993,0.7202223,39.240947851428665,-77.97223804260037,0,1,5968.99,-0.063848905,5,1,false,false,-7.616195,2.0850394,10.091278,-1.5449809,-0.11596383,3
48.86191,0.72047573,39.24094623013483,-77.97222877665683,0,1,5966.54,-0.053690463,5,1,false,false,-7.338524,2.3129952,9.990926,-1.5468906,-0.11138764,3
48.893578,0.72072923,39.24094469872961,-77.97221962629901,0,1,5953.837,-0.046677206,5,1,false,false,-7.1684375,2.3290215,10.050165,-1.5486141,-0.09543741,3
48.92413,0.72098315,39.24094307743577,-77.97221036035548,0,1,5948.1597,-0.045710173,5,1,false,false,-7.0379515,2.205164,10.366081,-1.5500519,-0.07753015,3
48.952866,0.72123706,39.24094145614194,-77.97220120999764,0,1,5950.276,-0.050547175,5,1,false,false,-7.1657863,2.0970135,11.120353,-1.5512056,-0.06236972,3
48.980213,0.7214912,39.24093983471066,-77.9721919440541,0,1,5951.985,-0.059253193,5,1,false,false,-6.9424286,2.0573912,11.337766,-1.5521731,-0.055366747,3
49.00757,0.72174555,39.24093821341682,-77.9721826777571,0,1,5957.9326,-0.070863105,5,1,false,false,-6.8336697,2.042529,11.291493,-1.5530893,-0.056163035,3
49.035168,0.7220001,39.240936501959474,-77.97217352775274,0,1,5962.3755,-0.09021109,5,1,false,false,-6.807789,2.0874588,11.649591,-1.5540661,-0.062187683,3
49.06356,0.7222548,39.24093479050212,-77.97216426145573,0,1,5962.547,-0.10496432,5,1,false,false,-6.820755,2.1140149,11.556219,-1.5551777,-0.07207713,3
49.091915,0.7225096,39.24093307904478,-77.97215511145137,0,1,5962.203,-0.12479768,5,1,false,false,-6.6744227,2.1005545,11.299834,-1.556451,-0.08131185,3
49.11987,0.7227648,39.24093136758743,-77.97214584515436,0,1,5963.713,-0.14245385,5,1,false,false,-6.679392,2.0858998,10.957699,-1.5578893,-0.09210771,3
49.147564,0.72302,39.240929656130085,-77.97213669479653,0,1,5965.7188,-0.15696575,5,1,false,false,-6.767548,2.0517082,11.037037,-1.5595202,-0.103880316,3
49.174496,0.7232754,39.24092794481018,-77.972127428853,0,1,5966.708,-0.16760868,5,1,false,false,-6.6704855,2.0056934,10.6050005,-1.5613387,-0.11492138,3
49.200703,0.7235309,39.24092614318933,-77.97211827849516,0,1,5972.1445,-0.17534861,5,1,false,false,-6.664108,1.957707,11.191407,-1.5633484,-0.12622498,3
49.226395,0.7237866,39.24092434170591,-77.97210901255163,0,1,5979.736,-0.18018559,5,1,false,false,-6.8618855,1.9520631,11.04169,-1.5655702,-0.14090887,3
49.251823,0.7240424,39.240922540222506,-77.9720998621938,0,1,5985.869,-0.1813958,5,1,false,false,-6.627409,1.9280736,10.424125,-1.5680318,-0.15410471,3
49.277496,0.7242983,39.24092073873909,-77.97209059625027,0,1,5992.9233,-0.17921853,5,1,false,false,-6.493802,1.9738203,9.913455,-1.5706927,-0.1644782,3
49.303997,0.7245543,39.24091884709217,-77.97208132995326,0,1,5997.8486,-0.17510727,5,1,false,false,-6.60163,2.0085678,10.149535,-1.5734763,-0.16910377,3
49.33019,0.72481054,39.24091704560876,-77.9720721799489,0,1,5998.088,-0.16905919,5,1,false,false,-6.880839,1.9633539,10.676016,-1.5763253,-0.17315915,3
49.354885,0.7250668,39.240915153961836,-77.9720629136519,0,1,6004.105,-0.16252944,5,1,false,false,-7.2455854,1.8883661,11.839282,-1.5792656,-0.1801783,3
49.379044,0.7253232,39.24091326245236,-77.97205376364754,0,1,6014.1597,-0.15454726,5,1,false,false,-7.265777,1.9341551,10.686933,-1.582367,-0.19114815,3
49.404686,0.7255798,39.24091137080544,-77.97204449735052,0,1,6016.9443,-0.14511456,5,1,false,false,-7.336813,2.107848,11.877809,-1.5856178,-0.19829416,3
49.43345,0.7258365,39.240909389132455,-77.9720353469927,0,1,6013.0796,-0.13543965,5,1,false,false,-7.680889,2.2236638,11.772261,-1.5888872,-0.1936317,3
49.4605,0.72609335,39.24090749762298,-77.97202608104915,0,1,6001.7427,-0.12673265,5,1,false,false,-7.241827,2.0152116,10.160796,-1.5918943,-0.16753155,3
49.48573,0.7263503,39.24090551594999,-77.97201693069132,0,1,6008.1733,-0.11729996,5,1,false,false,-6.8401184,2.016493,11.064038,-1.5944505,-0.14002958,3
49.5101,0.7266074,39.240903534277,-77.97200778068697,0,1,6018.2773,-0.11076927,5,1,false,false,-7.0486717,1.9669782,11.018971,-1.5965964,-0.11820571,3
49.533764,0.7268647,39.24090155260402,-77.97199851438995,0,1,6019.4062,-0.10786725,5,1,false,false,-6.970923,1.8436357,10.078602,-1.5984921,-0.11093632,3
49.556435,0.727122,39.240899480904964,-77.97198936403213,0,1,6033.3726,-0.109803185,5,1,false,false,-6.083477,1.8866705,9.731634,-1.6002802,-0.10363635,3
49.581524,0.7273795,39.240897499231984,-77.9719800980886,0,1,6046.335,-0.11609166,5,1,false,false,-6.0981994,2.026464,9.182097,-1.6019757,-0.0995356,3
49.608643,0.72763705,39.240895427532934,-77.97197094773075,0,1,6037.5723,-0.12770061,5,1,false,false,-6.0031424,2.0958219,8.464353,-1.6036081,-0.096034825,3
49.634785,0.7278949,39.240893355696436,-77.97196168178722,0,1,6037.81,-0.1407611,5,1,false,false,-5.6804495,1.9566565,7.870139,-1.6052167,-0.09700856,3
49.659603,0.72815275,39.240891283997385,-77.9719525314294,0,1,6053.082,-0.1559987,5,1,false,false,-5.260228,1.837857,7.1844006,-1.6068485,-0.09760639,3
49.681057,0.7284108,39.240889212298335,-77.97194338107155,0,1,6064.1655,-0.17051065,5,1,false,false,-5.344743,1.6309278,7.2190537,-1.6085297,-0.10504596,3
49.70214,0.728669,39.240887050435774,-77.97193411512802,0,1,6085.821,-0.18212149,5,1,false,false,-7.1259274,1.7438914,11.894657,-1.6105198,-0.13718516,3
49.7239,0.72892725,39.24088497873672,-77.9719249647702,0,1,6100.9336,-0.1959077,5,1,false,false,-7.7165275,1.7564554,10.914637,-1.6131982,-0.18544878,3
49.74684,0.7291856,39.24088281687416,-77.97191569882666,0,1,6107.366,-0.19953637,5,1,false,false,-6.657002,2.0378428,8.433449,-1.6166219,-0.22262815,3
49.785503,0.72944415,39.24088065514904,-77.97190654846882,0,1,6100.5576,-0.20001988,5,1,false,false,-6.380953,3.1488981,8.231129,-1.6203513,-0.21642883,3
49.823936,0.7297029,39.24087849328648,-77.97189739846446,0,1,6026.5107,-0.19542418,5,1,false,false,-8.154534,2.593795,11.188027,-1.6236044,-0.17542353,3
49.851345,0.7299618,39.24087624139786,-77.97188813216745,0,1,6008.508,-0.1867163,5,1,false,false,-9.846102,1.7406154,12.082816,-1.6264124,-0.16658115,3
49.864414,0.7302209,39.240874079535295,-77.97187898180962,0,1,6065.912,-0.17583303,5,1,false,false,-7.503997,1.1256421,9.288593,-1.6292481,-0.17230216,3
49.879154,0.73047996,39.24087182764667,-77.97186983180526,0,1,6103.768,-0.16373868,5,1,false,false,-6.984075,1.6291503,9.372427,-1.6321712,-0.17927605,3
49.907417,0.73073924,39.24086957575805,-77.97186068144742,0,1,6092.41,-0.14801654,5,1,false,false,-7.5029516,2.3842783,9.857394,-1.6351858,-0.17823578,3
49.935352,0.73099864,39.24086723384335,-77.97185141550389,0,1,6062.901,-0.1267327,5,1,false,false,-6.9629,1.8918368,8.210401,-1.6380867,-0.16849238,3
49.954514,0.7312582,39.24086498195473,-77.97184226514607,0,1,6089.0137,-0.10738374,5,1,false,false,-6.997489,1.6262859,10.530482,-1.6409338,-0.17499603,3
49.97577,0.7315179,39.240862640040035,-77.97183311478823,0,1,6121.939,-0.091662556,5,1,false,false,-8.539759,1.8204204,14.396815,-1.643932,-0.18757421,3
49.998302,0.7317776,39.2408602979879,-77.9718239644304,0,1,6105.8804,-0.0727981,5,1,false,false,-8.35945,1.9214299,12.862336,-1.6472329,-0.21090075,3
50.027203,0.73203754,39.240857956073214,-77.97181481442604,0,1,6108.974,-0.053690474,5,1,false,false,-7.480295,2.4599304,11.81564,-1.6507293,-0.20614268,3
50.059372,0.73229766,39.24085561402108,-77.9718056640682,0,1,6090.8965,-0.034584712,5,1,false,false,-8.094471,2.6634963,12.208841,-1.653774,-0.16154262,3
50.092297,0.7325579,39.24085318208032,-77.97179651371037,0,1,6041.4204,-0.011608973,5,1,false,false,-8.755573,2.3471785,12.598497,-1.6558594,-0.08921753,3
50.11518,0.7328183,39.24085075000212,-77.97178736370601,0,1,6035.441,0.0033855238,5,1,false,false,-7.6331024,1.748805,11.759218,-1.6568236,-0.030645678,3
50.13138,0.73307884,39.24084831792392,-77.97177821334817,0,1,6077.1953,0.014025605,5,1,false,false,-5.9883327,1.5035179,11.48705,-1.6569936,0.008108204,3
50.149357,0.73333937,39.24084588598316,-77.97176906299035,0,1,6095.1143,0.020315006,5,1,false,false,-5.2675967,1.6288437,11.41312,-1.6567086,0.025392456,3
50.170494,0.73360014,39.240843453904965,-77.9717599126325,0,1,6097.1636,0.024909778,5,1,false,false,-4.610689,1.8518848,11.262867,-1.6562369,0.030335186,3
50.193142,0.7338609,39.24084102182676,-77.97175076262815,0,1,6113.483,0.021040741,5,1,false,false,-3.7420795,1.881173,10.045386,-1.6557152,0.0313684,3
50.217728,0.73412204,39.2408384997225,-77.9717416122703,0,1,6122.5786,0.011608042,5,1,false,false,-3.2215838,1.9913149,9.528788,-1.655178,0.032044183,3
50.24459,0.73438317,39.24083597761823,-77.97173246191248,0,1,6117.2656,0.0038690362,5,1,false,false,-2.9753027,2.1054516,10.028897,-1.6546383,0.031370383,3
50.271866,0.7346445,39.240833545540035,-77.97172331190812,0,1,6113.7354,-0.0055636675,5,1,false,false,-2.5902278,2.0340848,9.024013,-1.6541206,0.030400801,3
50.297207,0.73490596,39.24083102343577,-77.97171416155028,0,1,6116.5376,-0.015962463,5,1,false,false,-2.1978846,1.9258049,8.885285,-1.653631,0.028234562,3
50.32182,0.7351677,39.2408285013315,-77.97170501119246,0,1,6124.1694,-0.026844764,5,1,false,false,-2.0705884,1.9341409,8.953394,-1.6531992,0.023039496,3
50.346615,0.7354294,39.24082597922724,-77.97169586083461,0,1,6127.159,-0.03361768,5,1,false,false,-1.7396448,1.8747431,7.7863426,-1.6528696,0.017599516,3
50.37018,0.73569137,39.24082345712297,-77.97168671083026,0,1,6133.46,-0.042565934,5,1,false,false,-1.6594392,1.8164244,8.393354,-1.6526413,0.010509799,3
50.394756,0.7359533,39.240820935018704,-77.97167756047243,0,1,6147.8525,-0.049336992,5,1,false,false,-1.6420804,1.866536,8.277032,-1.6525568,0.0012399753,3
50.418625,0.7362153,39.24081841291444,-77.97166841011459,0,1,6151.0645,-0.056109898,5,1,false,false,-1.5793123,1.7968363,7.8593698,-1.6526362,-0.009463254,3
50.442356,0.7364775,39.240815890810175,-77.97165925975676,0,1,6162.1387,-0.061430417,5,1,false,false,-1.5664401,1.8903582,8.505238,-1.6528912,-0.019936373,3
50.46913,0.7367398,39.24081336870591,-77.97164999381323,0,1,6171.571,-0.06554166,5,1,false,false,-1.709362,2.028076,8.957431,-1.6533132,-0.030297494,3
50.49646,0.7370022,39.24081075643814,-77.97164084345539,0,1,6161.8877,-0.06868589,5,1,false,false,-1.7984251,2.0514247,9.4070015,-1.6539006,-0.039927322,3
50.524307,0.7372648,39.24080823433387,-77.97163169345103,0,1,6163.8843,-0.07158886,5,1,false,false,-1.87514,2.0950646,9.149806,-1.6546435,-0.048892435,3
50.55236,0.73752755,39.24080571222961,-77.97162254309319,0,1,6165.0493,-0.07473213,5,1,false,false,-1.8882232,2.0727253,8.56423,-1.6555005,-0.053864878,3
50.580544,0.7377904,39.24080310009928,-77.97161327714966,0,1,6155.288,-0.077877305,5,1,false,false,-1.9812522,2.0970807,8.596876,-1.6564279,-0.05686681,3
50.608093,0.7380535,39.24080057785756,-77.97160412679183,0,1,6152.61,-0.081988566,5,1,false,false,-2.0644395,1.976862,7.7102246,-1.6573997,-0.05838035,3
50.633057,0.7383167,39.24079796572724,-77.97159497643399,0,1,6157.1377,-0.09093683,5,1,false,false,-2.0661404,1.7770776,6.701609,-1.6583946,-0.05918353,3
50.655563,0.73858,39.24079544362297,-77.97158571049046,0,1,6169.4316,-0.10690022,5,1,false,false,-2.0642877,1.6848977,6.0140085,-1.659425,-0.06236371,3
50.67592,0.73884344,39.24079283149264,-77.97157656013263,0,1,6186.9473,-0.12092863,5,1,false,false,-1.9395704,1.4475602,4.379557,-1.6605141,-0.0655257,3
50.69261,0.73910695,39.24079021922486,-77.97156740977479,0,1,6213.9243,-0.14414753,5,1,false,false,-2.265758,1.29092,4.7993035,-1.6617049,-0.074832834,3
50.70991,0.73937064,39.24078760709453,-77.97155814383126,0,1,6249.2305,-0.1663994,5,1,false,false,-2.9468074,1.3556118,6.7180314,-1.6631181,-0.09256595,3
50.7235,0.7396344,39.24078499482676,-77.97154899347343,0,1,6275.9473,-0.19034499,5,1,false,false,-3.4573357,1.1434343,5.6358333,-1.6649501,-0.12584414,3
50.744507,0.73989826,39.24078238269643,-77.9715397275299,0,1,6315.6343,-0.20800203,5,1,false,false,-3.6956477,1.8975006,6.2049,-1.6673204,-0.15584727,3
50.778408,0.74016225,39.24077977042865,-77.97153057717206,0,1,6305.611,-0.22251396,5,1,false,false,-4.497804,2.8274584,7.399514,-1.670144,-0.18158251,3
50.825256,0.7404264,39.24077715829833,-77.97152142681423,0,1,6233.6543,-0.23412481,5,1,false,false,-5.5684595,2.917621,8.312699,-1.6733211,-0.1979008,3
50.86228,0.7406909,39.24077454603055,-77.9715121608707,0,1,6190.809,-0.23896272,5,1,false,false,-6.2638865,2.3586721,8.924093,-1.6767482,-0.21294375,3
50.89074,0.7409555,39.24077184387416,-77.97150301051286,0,1,6210.9424,-0.23872055,5,1,false,false,-6.982708,1.8867096,9.545307,-1.6803786,-0.22183466,3
50.915356,0.74122024,39.240769141580316,-77.97149374456933,0,1,6207.5527,-0.23218986,5,1,false,false,-7.9016914,1.8956925,10.640767,-1.6841708,-0.23300149,3
50.940735,0.7414851,39.240766439286475,-77.97148459421149,0,1,6196.417,-0.22227263,5,1,false,false,-8.356242,1.924776,10.15087,-1.688155,-0.24428864,3
50.96399,0.7417501,39.24076373699263,-77.97147544385366,0,1,6203.4844,-0.20993613,5,1,false,false,-8.227021,1.7821878,9.601128,-1.6922642,-0.24818598,3
50.98645,0.74201524,39.2407610346988,-77.97146617791013,0,1,6209.077,-0.19227903,5,1,false,false,-8.715875,1.819707,10.165482,-1.6964127,-0.24917272,3
51.009773,0.74228054,39.24075824237889,-77.97145702755229,0,1,6204.2915,-0.17026934,5,1,false,false,-8.464496,1.8643935,9.073956,-1.7005255,-0.2416561,3
51.032627,0.7425459,39.240755450058984,-77.97144787719446,0,1,6204.6826,-0.1480166,5,1,false,false,-7.298115,1.771189,7.4141555,-1.7043989,-0.21961583,3
51.05441,0.7428114,39.24075265773908,-77.9714387271901,0,1,6215.3564,-0.12310493,5,1,false,false,-7.6300335,1.7048537,8.1979475,-1.7078589,-0.1949739,3
51.073704,0.743077,39.240749865419176,-77.97142957683226,0,1,6222.289,-0.10036953,5,1,false,false,-8.469532,1.54193,10.536571,-1.7110298,-0.18682936,3
51.09052,0.74334276,39.24074698293576,-77.97142042647444,0,1,6238.211,-0.07835991,5,1,false,false,-8.075095,1.4351462,10.268507,-1.7142135,-0.1960666,3
51.108555,0.74360853,39.240744100589794,-77.97141127647008,0,1,6266.0625,-0.056109898,5,1,false,false,-7.495862,1.6901141,9.234006,-1.7175715,-0.20580405,3
51.13496,0.74387443,39.24074121810638,-77.97140212611224,0,1,6266.3276,-0.036760982,5,1,false,false,-7.6786304,2.2922747,9.523948,-1.720914,-0.19237848,3
51.166397,0.74414057,39.24073833576041,-77.97139297575441,0,1,6229.573,-0.01354396,5,1,false,false,-7.4175725,2.3520813,9.1828785,-1.723779,-0.1488565,3
51.195087,0.74440676,39.240735453277,-77.97138382539657,0,1,6212.3223,0.007738073,5,1,false,false,-6.726862,2.040086,8.259055,-1.7257825,-0.09054072,3
51.218353,0.7446732,39.24073248076751,-77.97137467539221,0,1,6225.5435,0.022490352,5,1,false,false,-6.188924,1.7136576,7.665016,-1.7268409,-0.036643565,3
51.238663,0.7449397,39.240729508258035,-77.97136552503439,0,1,6236.4624,0.03409933,5,1,false,false,-5.4971285,1.5684481,7.5280614,-1.7271223,0.0025015082,3
51.258095,0.74520636,39.24072662591207,-77.97135637467655,0,1,6250.9717,0.042564064,5,1,false,false,-4.891212,1.460794,7.6906037,-1.7269217,0.021443358,3
51.275776,0.7454731,39.24072365340259,-77.97134734025788,0,1,6278.727,0.043289807,5,1,false,false,-4.1120615,1.3748839,7.141504,-1.726518,0.027666818,3
51.295403,0.7457399,39.24072059086704,-77.97133819025352,0,1,6304.5063,0.039178558,5,1,false,false,-3.6679242,1.5488349,6.599097,-1.7260574,0.028399901,3
51.31959,0.74600685,39.240717618357564,-77.97132903989569,0,1,6312.7993,0.032406572,5,1,false,false,-3.1008084,1.8517445,5.708875,-1.7255771,0.031140924,3
51.34792,0.74627405,39.24071464584809,-77.97131988953785,0,1,6310.318,0.025392365,5,1,false,false,-2.6863537,1.9827591,5.2568135,-1.7250198,0.037372857,3
51.37671,0.7465413,39.24071158331254,-77.9713108551192,0,1,6306.911,0.01354303,5,1,false,false,-2.6504593,1.9131528,6.347576,-1.7243575,0.042682763,3
51.403908,0.7468088,39.24070861080306,-77.97130170476136,0,1,6309.5825,0.0041112574,5,1,false,false,-2.4934938,1.7396823,5.600173,-1.7236588,0.041716848,3
51.428097,0.7470764,39.24070554826751,-77.971292554757,0,1,6321.038,-0.0031442344,5,1,false,false,-2.055433,1.6241447,5.143121,-1.7229923,0.03930791,3
51.45401,0.7473442,39.240702575758036,-77.97128340439917,0,1,6337.403,-0.009674927,5,1,false,false,-1.9055908,1.8348852,4.86171,-1.7223799,0.036157474,3
51.482964,0.7476122,39.240699513222495,-77.97127425404133,0,1,6331.3535,-0.014268763,5,1,false,false,-1.9252639,1.7516868,5.924535,-1.721809,0.03322269,3
51.511307,0.7478803,39.24069645054951,-77.9712651036835,0,1,6328.99,-0.018139672,5,1,false,false,-1.9791143,1.8127346,7.3951483,-1.7213366,0.024995022,3
51.5363,0.74814856,39.24069338801396,-77.97125595367915,0,1,6344.095,-0.019105757,5,1,false,false,-1.8940079,1.5695837,8.552463,-1.7210135,0.014556506,3
51.563923,0.74841696,39.24069032547842,-77.9712468033213,0,1,6356.797,-0.018380022,5,1,false,false,-1.8185635,2.0162232,8.725419,-1.720869,0.0036611098,3
51.600796,0.74868554,39.24068726294287,-77.97123776890265,0,1,6340.623,-0.0149944965,5,1,false,false,-1.5709811,2.4969316,8.611571,-1.720826,0.0020234527,3
51.640903,0.74895424,39.24068420026988,-77.97122861854481,0,1,6301.1123,-0.012334716,5,1,false,false,-1.3239357,2.4837303,8.95329,-1.7207545,0.0072334562,3
51.675236,0.7492231,39.24068113773434,-77.97121935260128,0,1,6277.0576,-0.009191416,5,1,false,false,-1.3253806,1.9983158,8.745409,-1.720569,0.014948692,3
51.70303,0.7494922,39.240678075198794,-77.97121020224346,0,1,6285.744,-0.0038699708,5,1,false,false,-1.2173021,1.6550611,7.943238,-1.7202891,0.018757781,3
51.72649,0.7497614,39.240675012663246,-77.97120105188561,0,1,6296.2104,-0.001934986,5,1,false,false,-1.1394986,1.4490452,8.337655,-1.7199777,0.01948783,3
51.748974,0.7500307,39.240671859964195,-77.97119190188126,0,1,6309.4307,-0.0038699703,5,1,false,false,-0.74942344,1.3988042,7.84392,-1.719663,0.019544976,3
51.768276,0.7503002,39.240668797428654,-77.97118275152341,0,1,6329.1323,-0.00096796034,5,1,false,false,-0.43920884,1.1849905,9.749453,-1.7193561,0.019333648,3
51.791313,0.75056976,39.240665734893106,-77.97117360116559,0,1,6358.238,0.00096702506,5,1,false,false,-0.5679344,1.6332456,12.386776,-1.7190526,0.016892126,3
51.818928,0.7508395,39.240662582194055,-77.97116445116123,0,1,6368.827,0.0038690357,5,1,false,false,-0.237849,1.8079064,10.777887,-1.7187722,0.016648669,3
51.853237,0.75110936,39.24065951965851,-77.97115518486422,0,1,6361.1006,0.0043525486,5,1,false,false,0.075356245,2.4253147,10.944543,-1.7184349,0.022114467,3
51.89406,0.75137943,39.24065645712297,-77.97114603450639,0,1,6329.7393,0.0019349854,5,1,false,false,0.13984533,2.530956,12.452221,-1.7179835,0.029397216,3
51.930775,0.75164974,39.24065330442391,-77.97113688450203,0,1,6289.183,-0.00096796034,5,1,false,false,-0.19151044,2.1895084,13.815731,-1.7174526,0.03142486,3
51.960167,0.7519203,39.24065024188837,-77.97112761820502,0,1,6292.584,-0.008706966,5,1,false,false,-0.10341881,1.7388853,10.248527,-1.7169275,0.030165628,3
51.984303,0.75219095,39.24064708918931,-77.97111846820066,0,1,6309.426,-0.021282973,5,1,false,false,0.040526412,1.5920227,10.704543,-1.7164508,0.027190179,3
52.010574,0.75246173,39.24064402665377,-77.97110920190366,0,1,6310.6167,-0.03482693,5,1,false,false,-0.27822495,1.7497193,12.124118,-1.7160553,0.01951015,3
52.03492,0.75273263,39.24064087395472,-77.97110005154582,0,1,6306.4175,-0.04232371,5,1,false,false,-0.5624611,1.4258964,10.474342,-1.7158281,0.007305477,3
52.056942,0.75300366,39.24063781141917,-77.97109078560229,0,1,6333.531,-0.05804488,5,1,false,false,-0.5288857,1.5150954,8.545279,-1.7157984,-0.0039381445,3
52.081383,0.75327486,39.24063465872012,-77.97108151965875,0,1,6352.1597,-0.06868592,5,1,false,false,-0.45190552,1.6666225,7.7119207,-1.7159604,-0.014807369,3
52.108604,0.7535461,39.24063159618457,-77.97107236930091,0,1,6340.7485,-0.0708631,5,1,false,false,-0.5053773,1.7716591,8.035988,-1.7162876,-0.023809679,3
52.133877,0.7538176,39.24062844362296,-77.97106310335738,0,1,6344.3325,-0.072555855,5,1,false,false,-0.7541382,1.470207,7.7828813,-1.7167699,-0.03402582,3
52.154053,0.75408924,39.24062538094997,-77.97105383706038,0,1,6375.24,-0.07110534,5,1,false,false,-0.76865304,1.3165884,7.071694,-1.7174131,-0.04221442,3
52.1765,0.7543609,39.24062222838837,-77.97104468670254,0,1,6401.7886,-0.06554168,5,1,false,false,-0.6784019,1.5816675,7.5201626,-1.718176,-0.04862363,3
52.20487,0.7546328,39.24061907568931,-77.97103542075901,0,1,6400.7925,-0.055867676,5,1,false,false,-0.79612297,1.9189161,7.219421,-1.7190282,-0.053148597,3
52.23529,0.7549048,39.24061601315377,-77.97102615481548,0,1,6391.9414,-0.043049447,5,1,false,false,-0.68118286,1.8781645,6.031917,-1.7199446,-0.055123117,3
52.264996,0.75517696,39.24061286045471,-77.97101688851848,0,1,6395.1113,-0.031682696,5,1,false,false,-0.47700304,1.8657185,5.9114347,-1.7208259,-0.049451113,3
52.29437,0.75544924,39.24060970789311,-77.97100762257494,0,1,6394.428,-0.020557228,5,1,false,false,-0.57247686,1.733621,6.5078278,-1.7215986,-0.042786047,3
52.319317,0.7557217,39.24060655519405,-77.97099835627793,0,1,6396.2935,-0.010641016,5,1,false,false,-0.7641878,1.4461083,6.078364,-1.7222717,-0.03841981,3
52.34101,0.7559943,39.240603402495,-77.97098920627357,0,1,6426.9214,-0.0019349856,5,1,false,false,-0.65209717,1.2941836,6.143702,-1.7229034,-0.036724307,3
52.36457,0.756267,39.24060024993339,-77.97097993997657,0,1,6450.074,0.0031432994,5,1,false,false,-0.6775984,1.5580733,6.4543657,-1.723492,-0.033926845,3
52.39238,0.75653994,39.240597187397846,-77.97097067403304,0,1,6448.1675,0.014751341,5,1,false,false,-0.67748904,1.7617621,7.719897,-1.7240417,-0.031492926,3
52.42319,0.75681293,39.24059403469879,-77.97096129215032,0,1,6446.699,0.022490352,5,1,false,false,-0.6396721,1.9520861,7.846257,-1.7245301,-0.026278738,3
52.45622,0.75708616,39.240590881999736,-77.97095202585332,0,1,6443.6323,0.030955087,5,1,false,false,-0.524393,2.0525467,7.4915953,-1.724899,-0.017407876,3
52.491417,0.75735956,39.240587729438126,-77.97094275990979,0,1,6427.1416,0.037968352,5,1,false,false,-0.47369373,2.213598,8.161437,-1.7251128,-0.00758068,3
52.52707,0.75763315,39.240584486713004,-77.97093349396626,0,1,6405.7856,0.0464331,5,1,false,false,-0.6403955,1.997871,9.168339,-1.7251545,0.0024969263,3
52.557606,0.7579069,39.24058133401395,-77.97092422766924,0,1,6398.945,0.054413393,5,1,false,false,-0.39641625,1.7022691,9.343297,-1.7250593,0.009832686,3
52.584126,0.7581808,39.24057818145234,-77.97091496172571,0,1,6415.305,0.06094315,5,1,false,false,-0.12964591,1.5887719,9.463102,-1.7247924,0.021835351,3
52.612373,0.75845486,39.24057502875329,-77.970905579843,0,1,6424.7134,0.06529665,5,1,false,false,0.32019737,1.7479384,10.066763,-1.7243258,0.03560075,3
52.641888,0.7587291,39.24057187605423,-77.970896313546,0,1,6415.461,0.06626367,5,1,false,false,0.2412371,1.7730371,10.913069,-1.7236056,0.04938032,3
52.672432,0.7590036,39.24056872349263,-77.97088704760247,0,1,6414.82,0.061426662,5,1,false,false,0.4068362,1.7630172,9.917921,-1.7226858,0.060582295,3
52.701305,0.75927806,39.24056557079357,-77.97087766571977,0,1,6413.67,0.051270105,5,1,false,false,0.4151437,1.7556986,9.519395,-1.7215993,0.06777208,3
52.731182,0.75955284,39.24056232806846,-77.97086839942276,0,1,6411.2964,0.038210582,5,1,false,false,0.5546655,1.7902266,9.828562,-1.7204301,0.071861364,3
52.7596,0.75982773,39.240559175506846,-77.97085901754005,0,1,6405.9937,0.024667554,5,1,false,false,0.65330213,1.6232241,8.351223,-1.7192514,0.06983149,3
52.785206,0.7601028,39.240556022807795,-77.97084963565734,0,1,6414.072,0.0012092479,5,1,false,false,0.4340875,1.4869078,7.8526773,-1.7181212,0.06469727,3
52.809658,0.760378,39.240552870246184,-77.97084036971381,0,1,6433.056,-0.02079946,5,1,false,false,0.31178853,1.4251411,8.0962515,-1.7171364,0.05412998,3
52.832767,0.7606533,39.240549717547125,-77.9708309878311,0,1,6447.895,-0.04135669,5,1,false,false,0.15057015,1.3261203,9.702224,-1.7163421,0.041749813,3
52.85404,0.76092875,39.24054647482201,-77.9708216059484,0,1,6471.718,-0.060946897,5,1,false,false,-0.055527955,1.3286521,7.7047586,-1.7157828,0.026510244,3
52.879513,0.7612043,39.24054332212295,-77.97081233965139,0,1,6494.87,-0.074490845,5,1,false,false,-0.17117056,1.6437988,7.733546,-1.7154745,0.009633201,3
52.914093,0.7614801,39.24054016956135,-77.97080295776868,0,1,6482.406,-0.085616305,5,1,false,false,-0.1676223,2.3853745,9.783427,-1.7154654,-0.009199696,3
52.95115,0.76175606,39.24053701686229,-77.97079357588598,0,1,6443.51,-0.09287277,5,1,false,false,-0.5477144,1.9993985,10.910224,-1.7157973,-0.031086836,3
52.981613,0.7620323,39.24053377413718,-77.97078419400327,0,1,6441.701,-0.09577383,5,1,false,false,-0.42139035,1.6676027,9.875494,-1.7164791,-0.04947725,3
53.009144,0.76230854,39.240530621575566,-77.97077481212057,0,1,6460.9087,-0.09722531,5,1,false,false,-0.7015534,1.7070675,9.417836,-1.7174156,-0.06301369,3
53.03968,0.76258504,39.24052746887651,-77.97076543023786,0,1,6447.577,-0.094564594,5,1,false,false,-1.0012194,1.846888,12.614066,-1.7185467,-0.07285892,3
53.070126,0.76286167,39.24052422615139,-77.97075604835516,0,1,6430.233,-0.08900186,5,1,false,false,-1.8416697,1.7539634,13.928887,-1.719865,-0.08688175,3
53.09571,0.76313853,39.240521073452335,-77.97074666647245,0,1,6443.172,-0.08126283,5,1,false,false,-1.6683244,1.4320103,10.984373,-1.7214248,-0.09860977,3
53.121113,0.7634154,39.24051783086466,-77.97073728458975,0,1,6458.974,-0.07231459,5,1,false,false,-1.365033,1.6365843,9.348807,-1.7230918,-0.0995395,3
53.150925,0.7636925,39.24051458813955,-77.97072790270704,0,1,6445.691,-0.05925321,5,1,false,false,-1.6072214,1.836085,10.519162,-1.7246695,-0.08897838,3
53.179176,0.7639697,39.24051143544049,-77.97071852082433,0,1,6427.7686,-0.045951456,5,1,false,false,-2.1574216,1.5611237,10.296812,-1.7260778,-0.08111766,3
53.200134,0.76424706,39.240508192715374,-77.97070913858815,0,1,6450.8506,-0.033617683,5,1,false,false,-1.7688562,1.1379331,9.379659,-1.7273811,-0.07494537,3
53.21999,0.7645246,39.24050494999025,-77.97069964111974,0,1,6488.2583,-0.02345924,5,1,false,false,-1.4835734,1.2910123,9.207111,-1.7285837,-0.06826759,3
53.245155,0.76480216,39.24050170726513,-77.97069025923703,0,1,6493.9395,-0.006288467,5,1,false,false,-1.4892269,1.606473,8.964839,-1.7296587,-0.05982981,3
53.272274,0.76507986,39.24049855456608,-77.97068087735433,0,1,6486.6816,0.005562732,5,1,false,false,-1.4672687,1.6161891,7.775709,-1.73057,-0.049422506,3
53.298626,0.76535773,39.24049531197841,-77.97067149547162,0,1,6497.824,0.011365819,5,1,false,false,-1.2259905,1.6042317,7.6337047,-1.7313001,-0.03777157,3
53.326202,0.7656358,39.240492069253285,-77.97066211358892,0,1,6503.0923,0.01934705,5,1,false,false,-1.3503685,1.6319064,8.942074,-1.7318331,-0.026381457,3
53.352497,0.7659139,39.24048882652817,-77.97065261576704,0,1,6499.9404,0.028054014,5,1,false,false,-1.1379656,1.4434689,7.862309,-1.7322085,-0.018145762,3
53.37564,0.7661922,39.24048558380305,-77.97064323388433,0,1,6519.8403,0.03168083,5,1,false,false,-0.9281021,1.3807695,7.3773036,-1.7324198,-0.007979706,3
53.402885,0.7664706,39.24048225091442,-77.97063385200163,0,1,6537.136,0.030471575,5,1,false,false,-0.9325409,1.7690237,8.288462,-1.7324637,0.002466088,3
53.433697,0.76674914,39.240479008189304,-77.97062447011892,0,1,6516.396,0.03240657,5,1,false,false,-1.2252734,1.7853113,9.78246,-1.73236,0.009130377,3
53.46303,0.76702785,39.24047576546418,-77.97061497229704,0,1,6509.739,0.030955087,5,1,false,false,-0.94173795,1.5783916,8.73781,-1.7321837,0.012929672,3
53.488815,0.76730675,39.24047252273907,-77.97060559041434,0,1,6528.255,0.025876809,5,1,false,false,-0.6586776,1.5524089,8.567711,-1.7319093,0.019565092,3
53.51873,0.7675858,39.240469189987884,-77.97059609259246,0,1,6526.1626,0.020798525,5,1,false,false,-0.7366633,1.8133237,9.067597,-1.7315471,0.024063818,3
53.548527,0.7678649,39.24046594726276,-77.97058671070975,0,1,6502.8057,0.020315008,5,1,false,false,-0.7997461,1.6354997,10.669975,-1.7311177,0.026370948,3
53.574356,0.76814425,39.24046270453764,-77.97057721288787,0,1,6515.415,0.015477075,5,1,false,false,-0.41519144,1.3898673,9.738664,-1.7306708,0.028182568,3
53.597713,0.76842374,39.24045937178646,-77.97056783100517,0,1,6537.2427,0.0077380724,5,1,false,false,-0.471218,1.3477997,9.193188,-1.7301782,0.030007191,3
53.62491,0.7687033,39.24045612906134,-77.97055833318329,0,1,6537.6035,0.007980296,5,1,false,false,-0.24067989,1.7401985,9.876094,-1.7296788,0.029820718,3
53.655132,0.768983,39.24045279631016,-77.97054895130057,0,1,6526.1055,0.004352549,5,1,false,false,-0.20301992,1.6787199,9.120101,-1.7291975,0.02806681,3
53.681824,0.76926285,39.24044955358504,-77.9705394534787,0,1,6524.983,0.00024128857,5,1,false,false,-0.18379882,1.5004334,8.76205,-1.7287394,0.025956549,3
53.707157,0.7695428,39.24044622069641,-77.97052995565681,0,1,6540.133,0.0019349855,5,1,false,false,0.045893617,1.4289327,7.93338,-1.7283365,0.02275075,3
53.7313,0.76982296,39.24044297797129,-77.97052045783494,0,1,6544.309,0.0016927617,5,1,false,false,0.15375951,1.3749455,8.823864,-1.7279831,0.019870067,3
53.755722,0.7701032,39.24043964522011,-77.97051107595223,0,1,6554.316,0.0041112592,5,1,false,false,0.46424702,1.4144336,9.470852,-1.727649,0.021111494,3
53.77975,0.77038366,39.240436402494986,-77.97050157813035,0,1,6569.434,0.007012334,5,1,false,false,0.2916163,1.3178558,7.9055347,-1.727306,0.020028355,3
53.804108,0.7706641,39.2404330697438,-77.97049208101542,0,1,6582.574,0.010882305,5,1,false,false,0.58748233,1.5666248,9.977357,-1.7269555,0.022713823,3
53.834793,0.7709448,39.24042982701869,-77.97048258319354,0,1,6580.657,0.00773807,5,1,false,false,0.8231803,1.8336236,12.5180435,-1.7265394,0.02697328,3
53.865498,0.77122563,39.240426494130055,-77.97047308537167,0,1,6558.5693,0.00967399,5,1,false,false,0.5814278,1.7625062,13.04874,-1.7260573,0.029367816,3
53.896027,0.77150655,39.24042316137887,-77.97046358754979,0,1,6560.7974,0.012333777,5,1,false,false,0.9085405,1.8388501,12.523704,-1.7255833,0.029000571,3
53.926918,0.7717877,39.24041991865376,-77.97045408972791,0,1,6550.4634,0.0062865987,5,1,false,false,1.0218941,1.8541433,13.595304,-1.725071,0.03126522,3
53.956978,0.772069,39.24041658590257,-77.97044459190603,0,1,6522.931,0.0038690364,5,1,false,false,1.2320449,1.6845347,14.6402235,-1.7245553,0.030404009,3
53.98248,0.77235043,39.24041334317745,-77.97043509408415,0,1,6523.907,-0.0007266719,5,1,false,false,0.70309114,1.4409012,13.532825,-1.7240721,0.026069185,3
54.004032,0.77263206,39.24041001042627,-77.97042548103005,0,1,6542.81,-0.0070142057,5,1,false,false,0.7789641,1.284407,10.514304,-1.723702,0.019797197,3
54.02615,0.7729137,39.24040676770115,-77.97041598320816,0,1,6547.752,-0.015236723,5,1,false,false,0.74617004,1.3579723,9.460265,-1.7234102,0.015095324,3
54.048473,0.77319556,39.24040343481252,-77.97040648538628,0,1,6547.6865,-0.020557232,5,1,false,false,0.46599525,1.2963097,8.434638,-1.7232106,0.008106393,3
54.06624,0.7734774,39.2404001920874,-77.9703969875644,0,1,6562.1226,-0.020315945,5,1,false,false,0.44937465,0.9256815,9.606288,-1.7231427,0.0010219547,3
54.082756,0.7737594,39.240396859336215,-77.97038737380335,0,1,6601.119,-0.020557232,5,1,false,false,0.48040953,0.9930302,9.535085,-1.7231548,-0.001950507,3
54.0998,0.7740415,39.24039352658504,-77.97037787598147,0,1,6629.1763,-0.017171714,5,1,false,false,0.5754638,0.9965317,9.725337,-1.7231781,-0.0005836239,3
54.124172,0.77432364,39.24039028385992,-77.97036826292737,0,1,6644.8833,-0.011608977,5,1,false,false,0.61339444,1.7907519,10.778943,-1.7231548,0.0024723287,3
54.1573,0.77460605,39.240386950971285,-77.97035876510549,0,1,6627.114,-0.0019349857,5,1,false,false,0.65113723,2.115456,10.959877,-1.7231065,0.0037826241,3
54.191742,0.7748885,39.24038370824617,-77.97034915134444,0,1,6590.191,0.004352548,5,1,false,false,0.76035595,2.0756404,10.693509,-1.7230291,0.005531309,3
54.222847,0.7751712,39.240380375494986,-77.97033965352256,0,1,6576.535,0.0065288227,5,1,false,false,1.1785437,1.6952703,12.351647,-1.7228911,0.011543329,3
54.248352,0.77545404,39.240377132769865,-77.9703300397615,0,1,6574.1963,0.009189545,5,1,false,false,0.74045104,1.4919306,12.774048,-1.7226443,0.016426638,3
54.270973,0.77573705,39.24037380001868,-77.9703204267074,0,1,6579.6167,0.016687263,5,1,false,false,0.89835316,1.342745,12.194669,-1.7223557,0.019197043,3
54.293056,0.7760201,39.240370557293566,-77.97031081294635,0,1,6590.815,0.013059515,5,1,false,false,1.2028195,1.37642,12.865699,-1.7219826,0.026406731,3
54.31601,0.7763033,39.24036722454238,-77.97030131512447,0,1,6596.0215,0.0089482535,5,1,false,false,1.0069019,1.4324031,11.982711,-1.7215033,0.0302574,3
54.33912,0.7765866,39.24036398181726,-77.97029170136341,0,1,6596.138,0.0048369966,5,1,false,false,0.741687,1.4223125,10.222794,-1.720996,0.029623317,3
54.362076,0.77687,39.240360648928636,-77.9702820883093,0,1,6600.991,-0.005804958,5,1,false,false,0.83989054,1.453991,10.523004,-1.72052,0.027674938,3
54.385437,0.77715355,39.240357406203515,-77.97027247454825,0,1,6602.682,-0.015478947,5,1,false,false,0.66592735,1.4097599,11.383623,-1.7200683,0.025175959,3
54.406944,0.77743715,39.24035407345233,-77.9702628607872,0,1,6607.281,-0.022975734,5,1,false,false,0.52460253,1.2968751,10.002271,-1.719699,0.018804282,3
54.427773,0.77772087,39.24035083072721,-77.9702532477331,0,1,6625.3955,-0.029021978,5,1,false,false,0.34799948,1.3043381,9.841313,-1.7194377,0.012388447,3
54.450294,0.7780047,39.240347497976025,-77.97024363397205,0,1,6635.134,-0.03531044,5,1,false,false,0.35621127,1.4655488,9.431829,-1.7192944,0.005015753,3
54.47414,0.7782886,39.24034425525091,-77.970234020211,0,1,6629.744,-0.041356683,5,1,false,false,0.2397454,1.4759506,9.9203825,-1.7192596,-0.0014335212,3
54.498264,0.7785727,39.24034092236228,-77.97022440644994,0,1,6633.353,-0.041840203,5,1,false,false,0.3332813,1.4641923,10.614236,-1.7193366,-0.007657846,3
54.52082,0.7788568,39.240337679774605,-77.97021467745667,0,1,6642.4043,-0.04208243,5,1,false,false,-0.17574087,1.3681179,10.122326,-1.7195274,-0.015644593,3
54.543884,0.7791411,39.24033434688598,-77.97020506369562,0,1,6646.4663,-0.041356687,5,1,false,false,0.1390892,1.4878359,9.06226,-1.7198278,-0.019254308,3
54.569218,0.7794255,39.24033110416086,-77.97019544993456,0,1,6644.694,-0.04329168,5,1,false,false,0.10134928,1.6143377,9.612972,-1.7201617,-0.020665038,3
54.594784,0.77971005,39.240327771409675,-77.97018583688045,0,1,6634.3086,-0.04111446,5,1,false,false,-0.26204598,1.5491045,8.976728,-1.7205132,-0.022471866,3
54.61755,0.7799947,39.24032443865849,-77.97017610718022,0,1,6638.11,-0.04014744,5,1,false,false,-0.33847126,1.2764008,8.701066,-1.7209364,-0.027644306,3
54.637386,0.7802794,39.24032119586465,-77.97016649341917,0,1,6656.1055,-0.046435904,5,1,false,false,-0.13835219,1.2214595,8.973508,-1.7214005,-0.02780358,3
54.657375,0.7805643,39.24031786311347,-77.9701567644259,0,1,6668.7773,-0.04861219,5,1,false,false,-0.59412116,1.2235343,8.3584385,-1.7218757,-0.030588398,3
54.678833,0.7808492,39.24031462038835,-77.97014715066484,0,1,6677.9214,-0.04691942,5,1,false,false,-0.7287002,1.3891329,9.470753,-1.7224334,-0.03630384,3
54.703484,0.78113425,39.24031128756844,-77.97013753690379,0,1,6686.619,-0.046193685,5,1,false,false,-0.68224686,1.5251904,9.841011,-1.7230585,-0.038499273,3
54.72808,0.7814194,39.24030795474854,-77.97012780791052,0,1,6680.0127,-0.044742208,5,1,false,false,-0.6804963,1.5334911,10.628143,-1.7237086,-0.038760114,3
54.755066,0.7817047,39.24030462199735,-77.97011819414946,0,1,6678.714,-0.04038872,5,1,false,false,-1.0296149,1.7167786,11.141252,-1.7243594,-0.0396849,3
54.782795,0.7819902,39.24030137927223,-77.97010846515619,0,1,6669.6504,-0.03385898,5,1,false,false,-0.9759805,1.7016783,9.469049,-1.7250302,-0.038847823,3
54.80989,0.7822757,39.240298046452324,-77.97009885139514,0,1,6654.111,-0.029989932,5,1,false,false,-0.92261,1.6321294,10.24658,-1.7256396,-0.03379711,3
54.83468,0.7825614,39.24029471370114,-77.97008912169491,0,1,6654.098,-0.022975735,5,1,false,false,-0.94677824,1.4337927,12.022629,-1.7261539,-0.027594805,3
54.85607,0.78284717,39.24029138088124,-77.97007939270163,0,1,6658.354,-0.018139664,5,1,false,false,-1.2404672,1.2433643,10.62132,-1.7265879,-0.025530176,3
54.87656,0.7831331,39.24028804806133,-77.97006977894057,0,1,6672.1704,-0.0133026745,5,1,false,false,-0.7973892,1.2998646,9.205322,-1.7270166,-0.024716478,3
54.898865,0.78341913,39.240284715310146,-77.97006004924035,0,1,6680.368,-0.011851203,5,1,false,false,-0.71425617,1.4643848,10.194941,-1.7273755,-0.018507825,3
54.923023,0.78370523,39.24028138249024,-77.97005032024707,0,1,6670.168,-0.009916217,5,1,false,false,-0.8983093,1.4780768,10.424936,-1.7276487,-0.015011829,3
54.94558,0.78399146,39.24027804967034,-77.97004070648602,0,1,6671.0234,-0.008223452,5,1,false,false,-0.93385196,1.3488827,9.683094,-1.7278837,-0.013898376,3
54.966602,0.7842778,39.24027471691915,-77.97003097749274,0,1,6687.9644,-0.009674926,5,1,false,false,-0.69378716,1.3000475,9.062299,-1.7280961,-0.011058665,3
54.988224,0.7845643,39.24027129400446,-77.97002124779252,0,1,6689.5146,-0.010641014,5,1,false,false,-0.5234048,1.3844446,9.840148,-1.7282493,-0.0069626304,3
55.012245,0.78485084,39.240267961253274,-77.97001151809229,0,1,6686.4316,-0.009674929,5,1,false,false,-1.178146,1.5203927,12.329594,-1.7283447,-0.006411035,3
55.034374,0.7851375,39.240264628433366,-77.97000190503819,0,1,6691.596,-0.01088324,5,1,false,false,-0.7205258,1.3190253,10.784904,-1.7284911,-0.0085048,3
55.056488,0.7854243,39.24026129568218,-77.96999217533796,0,1,6701.7036,-0.019347982,5,1,false,false,-0.7734473,1.517247,12.052881,-1.72862,-0.007583599,3
55.08343,0.7857112,39.24025787276749,-77.96998244634469,0,1,6693.516,-0.020315949,5,1,false,false,-0.8838522,1.7320007,11.339016,-1.728779,-0.009038462,3
55.108154,0.7859983,39.24025454001631,-77.96997271664446,0,1,6668.1616,-0.02515294,5,1,false,false,-1.1956682,1.5331867,11.974505,-1.72894,-0.011749157,3
55.13036,0.78628546,39.2402512071964,-77.96996298694422,0,1,6673.4863,-0.029264197,5,1,false,false,-0.88343954,1.3247192,10.891281,-1.729148,-0.012401665,3
55.14853,0.78657264,39.24024778435043,-77.96995325795095,0,1,6684.019,-0.033133235,5,1,false,false,-0.97496355,1.1928025,10.681679,-1.7293928,-0.017421896,3
55.168636,0.78686,39.24024445153052,-77.96994352825072,0,1,6691.31,-0.034826938,5,1,false,false,-0.9597026,1.341987,11.258162,-1.7296942,-0.018524665,3
55.188633,0.78714746,39.24024102868455,-77.96993379925745,0,1,6694.693,-0.037728947,5,1,false,false,-0.9495768,1.2497805,9.904403,-1.7300355,-0.022025984,3
55.20785,0.787435,39.24023769586464,-77.96992406955722,0,1,6705.746,-0.041597985,5,1,false,false,-0.921318,1.2560439,10.204536,-1.7304102,-0.02256733,3
55.229,0.7877227,39.24023427301867,-77.96991434056395,0,1,6715.8184,-0.047887377,5,1,false,false,-1.3502455,1.3861504,9.652741,-1.730815,-0.027400408,3
55.25044,0.7880104,39.240230850103984,-77.96990461086372,0,1,6713.585,-0.0532079,5,1,false,false,-1.4607257,1.3244315,9.02853,-1.7313336,-0.034668878,3
55.271297,0.78829825,39.2402275173528,-77.96989488187045,0,1,6719.493,-0.06118912,5,1,false,false,-1.4695809,1.3779495,9.998674,-1.7319667,-0.041372456,3
55.29329,0.7885862,39.240224094438105,-77.96988515217022,0,1,6724.6646,-0.07183015,5,1,false,false,-1.8627498,1.3957875,10.865108,-1.732718,-0.04935967,3
55.31478,0.7888742,39.240220671592134,-77.96987542247,0,1,6720.324,-0.08295652,5,1,false,false,-2.465577,1.3904445,12.21063,-1.7336489,-0.06378212,3
55.337093,0.7891624,39.24021724867744,-77.9698656934767,0,1,6726.6255,-0.092872754,5,1,false,false,-2.5768764,1.436262,11.2702055,-1.7348162,-0.07630491,3
55.359444,0.7894507,39.24021382583147,-77.96985596377648,0,1,6723.5356,-0.10448171,5,1,false,false,-2.8962796,1.4760082,10.7793045,-1.736168,-0.08559979,3
55.38314,0.789739,39.2402104029855,-77.9698462347832,0,1,6710.552,-0.11488146,5,1,false,false,-3.3133771,1.6043305,10.984453,-1.737657,-0.09303134,3
55.40519,0.79002756,39.2402069800708,-77.96983650508298,0,1,6704.214,-0.1233462,5,1,false,false,-3.4703736,1.3450816,9.480139,-1.7392488,-0.09695267,3
55.423813,0.7903161,39.24020355722483,-77.9698267760897,0,1,6710.454,-0.12963465,5,1,false,false,-3.573816,1.1862121,9.2115345,-1.7409058,-0.10176886,3
55.440815,0.7906048,39.24020004428407,-77.96981704638948,0,1,6725.406,-0.13398907,5,1,false,false,-3.9404607,1.1227611,10.2329855,-1.7426575,-0.10884792,3
55.45691,0.79089355,39.2401966214381,-77.9698073173962,0,1,6737.8945,-0.13737458,5,1,false,false,-4.214661,1.0603293,10.0497055,-1.7445732,-0.1220207,3
55.47319,0.79118234,39.240193108497344,-77.96979758769598,0,1,6755.9883,-0.13858482,5,1,false,false,-4.090724,1.1548508,9.819739,-1.7467364,-0.1366673,3
55.492584,0.7914712,39.24018968558265,-77.96978785799575,0,1,6767.8823,-0.1388261,5,1,false,false,-4.554005,1.4255008,9.063607,-1.7491434,-0.15088932,3
55.515865,0.79176,39.24018617264189,-77.96977812900248,0,1,6755.7764,-0.13616534,5,1,false,false,-4.696566,1.6002991,8.628652,-1.7517078,-0.15546983,3
55.538845,0.7920491,39.240182659701134,-77.96976839930224,0,1,6743.6904,-0.13326338,5,1,false,false,-4.7941766,1.4828527,8.851481,-1.7542881,-0.15324877,3
55.559242,0.79233825,39.240179146760376,-77.96975867030896,0,1,6746.4414,-0.12939337,5,1,false,false,-5.5993586,1.2937267,9.460959,-1.7568088,-0.15025139,3
55.577583,0.7926275,39.24017563381962,-77.96974894060874,0,1,6753.0913,-0.122136936,5,1,false,false,-5.1953607,1.2258977,7.8478165,-1.7593418,-0.15156879,3
55.595238,0.79291695,39.24017203078407,-77.96973921161546,0,1,6760.712,-0.11560721,5,1,false,false,-5.0840936,1.2261176,7.467622,-1.7618408,-0.1485732,3
55.61496,0.79320633,39.240168517843315,-77.96972948191524,0,1,6768.7236,-0.1064158,5,1,false,false,-4.9608254,1.3758793,8.041053,-1.764267,-0.14017361,3
55.633434,0.7934959,39.24016491480777,-77.96971986815419,0,1,6765.4546,-0.097225286,5,1,false,false,-4.9892664,1.1508405,6.5998945,-1.7665607,-0.13493611,3
55.650013,0.79378563,39.240161311772226,-77.96971013916091,0,1,6780.6597,-0.08779354,5,1,false,false,-4.2013345,1.0857176,5.2345753,-1.7687709,-0.12764014,3
55.66634,0.79407537,39.2401577088054,-77.96970040946069,0,1,6802.7886,-0.07932786,5,1,false,false,-4.068699,1.1753962,5.5243993,-1.770838,-0.11835877,3
55.68369,0.7943652,39.240154105769854,-77.96969068046741,0,1,6805.1846,-0.069895156,5,1,false,false,-5.1101336,1.1228083,7.703029,-1.7728015,-0.11923406,3
55.697384,0.7946551,39.24015050273431,-77.96968106670636,0,1,6819.824,-0.060946904,5,1,false,false,-5.294152,0.8119685,9.330289,-1.7749306,-0.13688786,3
55.71317,0.7949451,39.240146899698765,-77.96967133700613,0,1,6858.177,-0.053932697,5,1,false,false,-5.9331937,1.4094363,10.970554,-1.7773979,-0.15957129,3
55.744,0.79523534,39.24014320663715,-77.96966172395202,0,1,6841.0254,-0.04498444,5,1,false,false,-7.1514463,2.298755,11.58336,-1.7801346,-0.1673486,3
55.780216,0.79552555,39.240139603601605,-77.96965199425179,0,1,6763.777,-0.0365197,5,1,false,false,-8.149657,2.3625648,13.820118,-1.7827797,-0.15043102,3
55.809074,0.79581606,39.240135910471274,-77.96964226525851,0,1,6734.213,-0.02515294,5,1,false,false,-8.348144,1.6989738,13.136116,-1.7849995,-0.11636744,3
55.827488,0.7961067,39.240132217409666,-77.96963265149746,0,1,6744.256,-0.013060447,5,1,false,false,-7.874861,1.2055783,11.612348,-1.786511,-0.06843106,3
55.8444,0.7963973,39.240128434253265,-77.96962303773641,0,1,6745.1562,-0.00096795894,5,1,false,false,-6.951061,1.2837037,12.494195,-1.7872401,-0.02178475,3
55.861366,0.7966881,39.24012474112293,-77.96961330874313,0,1,6741.954,0.010882307,5,1,false,false,-5.73858,1.1505936,9.859401,-1.7872951,0.014418089,3
55.87681,0.79697895,39.24012095796654,-77.96960369498208,0,1,6755.2285,0.014751342,5,1,false,false,-3.541034,0.95042807,6.1748557,-1.78678,0.048100308,3
55.890778,0.79726994,39.24011717481014,-77.96959408122103,0,1,6778.6265,0.01547708,5,1,false,false,-3.215828,0.8886446,5.605695,-1.7858243,0.0659192,3
55.9028,0.79756093,39.240113481679806,-77.96958435222776,0,1,6792.5244,0.0077380724,5,1,false,false,-3.0681288,0.66136056,7.829773,-1.7847384,0.063275434,3
55.90472,0.79785204,39.240109698523405,-77.9695747384667,0,1,6832.591,-0.008223455,5,1,false,false,-2.1593392,-0.034253173,5.9791284,-1.783799,0.049064767,3
55.911285,0.79814315,39.24010591536701,-77.96956512470565,0,1,6914.7646,-0.027329212,5,1,false,false,-2.194279,0.9946705,6.2537875,-1.7831702,0.027837398,3
55.938248,0.7984343,39.24010213214189,-77.9695555109446,0,1,6911.4565,-0.040872246,5,1,false,false,-2.4267228,1.8721294,7.4500017,-1.7828283,0.012756,3
55.970425,0.79872566,39.24009834898549,-77.96954589789048,0,1,6841.638,-0.05248216,5,1,false,false,-2.3556156,2.021344,7.2571874,-1.7827516,-0.0037347903,3
56.005486,0.7990172,39.24009447573431,-77.96953616819026,0,1,6835.3174,-0.06554167,5,1,false,false,-1.8707383,2.0056193,5.938085,-1.7828919,-0.010769101,3
56.035275,0.7993089,39.24009069257791,-77.96952655442921,0,1,6816.717,-0.07086313,5,1,false,false,-1.3325323,1.6741673,5.1012473,-1.7830622,-0.0075651794,3
56.060886,0.7996007,39.240086909421514,-77.9695169413751,0,1,6786.7393,-0.076425835,5,1,false,false,-1.6382962,1.3526577,4.731672,-1.7831526,-0.003987839,3
56.07661,0.7998927,39.240083036170326,-77.96950732761405,0,1,6807.3237,-0.078359894,5,1,false,false,-1.2948145,0.54598284,3.664071,-1.7832367,-0.005568296,3
56.080307,0.8001847,39.24007925294521,-77.96949759791383,0,1,6865.6436,-0.07932786,5,1,false,false,-1.9963306,0.13825652,6.469303,-1.783446,-0.021016596,3
56.08603,0.8004768,39.240075469788806,-77.96948798485973,0,1,6920.4424,-0.07956916,5,1,false,false,-1.5655344,0.26757836,4.5317006,-1.7839609,-0.038633626,3
56.094734,0.80076885,39.240071596537625,-77.96947837109867,0,1,6957.727,-0.0778773,5,1,false,false,-1.2048907,0.84264606,3.4289224,-1.7847093,-0.049705293,3
56.12743,0.80106103,39.24006772328644,-77.96946875733762,0,1,6967.043,-0.07618364,5,1,false,false,-1.379243,2.2904685,5.1330733,-1.7855818,-0.052943192,3
56.161537,0.8013534,39.24006394013004,-77.96945902834435,0,1,6891.5894,-0.074490875,5,1,false,false,-1.8541014,1.6496212,6.457566,-1.7864826,-0.056831144,3
56.188587,0.80164593,39.240060066878854,-77.9694494145833,0,1,6889.6914,-0.072314605,5,1,false,false,-1.9384743,1.4546758,5.775596,-1.7874959,-0.06457054,3
56.21496,0.8019386,39.240056193627666,-77.96943980082223,0,1,6921.649,-0.07134662,5,1,false,false,-1.973321,1.5519742,5.168824,-1.7886071,-0.06812507,3
56.24742,0.80223143,39.24005241047127,-77.96943007182895,0,1,6876.5933,-0.06602611,5,1,false,false,-2.1346583,1.9320135,6.1307817,-1.7897326,-0.06585965,3
56.277847,0.80252445,39.24004853722008,-77.9694204580679,0,1,6840.3984,-0.062881894,5,1,false,false,-2.3069518,1.4579284,6.4316034,-1.7908027,-0.06367238,3
56.297935,0.8028175,39.2400446639689,-77.96941072836768,0,1,6868.6484,-0.059978925,5,1,false,false,-2.1217804,0.82087356,5.534237,-1.7918621,-0.06435936,3
56.31383,0.8031107,39.240040790717714,-77.96940111531357,0,1,6900.854,-0.056835633,5,1,false,false,-2.3892207,0.8740473,5.9638724,-1.7929523,-0.06818176,3
56.33486,0.80340403,39.24003691746653,-77.96939150155252,0,1,6906.879,-0.052482143,5,1,false,false,-2.2279599,1.139368,5.179175,-1.7941202,-0.07169972,3
56.356422,0.8036974,39.24003295412056,-77.9693817718523,0,1,6908.6646,-0.04716164,5,1,false,false,-2.3233666,1.0856981,5.5666056,-1.795344,-0.07569078,3
56.380016,0.80399096,39.24002908086937,-77.9693721587982,0,1,6925.0757,-0.04498443,5,1,false,false,-2.645238,1.3297434,7.292757,-1.796661,-0.0818293,3
56.40438,0.80428463,39.24002520761819,-77.96936254503714,0,1,6921.59,-0.04208242,5,1,false,false,-2.603616,1.2718314,5.9427757,-1.7980738,-0.087415956,3
56.431744,0.8045784,39.240021334435724,-77.96935281533692,0,1,6917.111,-0.03676099,5,1,false,false,-2.6994784,1.6165746,6.8091364,-1.799551,-0.08866012,3
56.46466,0.80487233,39.240017371089756,-77.96934320228281,0,1,6905.842,-0.031198258,5,1,false,false,-2.6923609,1.8220414,6.077917,-1.8009796,-0.07977898,3
56.49423,0.8051665,39.24001340774378,-77.96933347258258,0,1,6872.3413,-0.025152942,5,1,false,false,-3.2074065,1.2756438,7.592764,-1.8021959,-0.06741785,3
56.518726,0.8054607,39.24000953449259,-77.96932385882153,0,1,6881.676,-0.020557232,5,1,false,false,-3.4254704,1.1912854,8.242587,-1.8033117,-0.06512865,3
56.538578,0.8057551,39.24000557121534,-77.96931424576742,0,1,6904.4673,-0.016204689,5,1,false,false,-3.2040396,0.9278146,8.551282,-1.8043854,-0.064016506,3
56.564327,0.8060495,39.240001607869374,-77.9693045160672,0,1,6910.9634,-0.012334716,5,1,false,false,-3.5018957,1.766137,8.589922,-1.8054596,-0.06290058,3
56.595856,0.8063441,39.2399976445234,-77.96929490230615,0,1,6880.6074,-0.010641016,5,1,false,false,-3.1796339,1.5456346,6.5832996,-1.80638,-0.04594859,3
56.62417,0.8066388,39.23999368117743,-77.96928528925204,0,1,6862.6226,-0.011608976,5,1,false,false,-2.8946595,1.3894846,6.649195,-1.8069826,-0.025671614,3
56.648075,0.8069336,39.23998971790018,-77.96927555955182,0,1,6876.0195,-0.012576937,5,1,false,false,-2.8759937,0.9830152,5.642228,-1.8072554,-0.0069172797,3
56.663975,0.8072285,39.239985754554205,-77.96926594579077,0,1,6888.7095,-0.015478948,5,1,false,false,-2.8328815,0.49533293,7.97803,-1.80736,-0.0058339993,3
56.678177,0.8075234,39.23998170118217,-77.96925621679749,0,1,6929.4136,-0.021525195,5,1,false,false,-2.6381593,0.654601,7.5801234,-1.8075563,-0.015984016,3
56.693153,0.8078185,39.2399777378362,-77.96924660303644,0,1,6968.6123,-0.023459245,5,1,false,false,-2.570548,1.0281421,7.9017262,-1.8079143,-0.02645365,3
56.725822,0.8081136,39.23997368446416,-77.96923698927539,0,1,6961.5293,-0.029264202,5,1,false,false,-3.0578353,1.8113012,8.498074,-1.808416,-0.033133253,3
56.760876,0.80840886,39.239969721118186,-77.9692272602821,0,1,6908.1035,-0.035069153,5,1,false,false,-3.3893352,1.7991847,10.668035,-1.8089433,-0.03252545,3
56.79265,0.8087044,39.23996566774615,-77.96921764652105,0,1,6897.814,-0.04087225,5,1,false,false,-3.9580896,1.5356804,13.859547,-1.8095553,-0.041151054,3
56.819817,0.80899996,39.239961614305386,-77.96920803276,0,1,6896.0083,-0.048370894,5,1,false,false,-4.7566633,1.3034475,16.349089,-1.8102932,-0.05061794,3
56.846386,0.8092958,39.23995756093335,-77.96919830376672,0,1,6881.4775,-0.052239936,5,1,false,false,-4.6925583,1.50985,14.963508,-1.8112179,-0.06104126,3
56.87274,0.8095917,39.239953507492594,-77.96918869000567,0,1,6868.3364,-0.05514195,5,1,false,false,-4.6192985,1.3482085,14.074623,-1.8122019,-0.05916808,3
56.896248,0.8098878,39.239949454120556,-77.96917907624461,0,1,6857.324,-0.05707693,5,1,false,false,-4.3389535,1.1203727,13.679935,-1.8130858,-0.047326274,3
56.91595,0.810184,39.23994540074852,-77.96916946319051,0,1,6856.5527,-0.05949543,5,1,false,false,-4.460995,0.91134495,15.377576,-1.8137769,-0.039025836,3
56.932697,0.81048024,39.23994125721297,-77.96915973349029,0,1,6874.112,-0.06288189,5,1,false,false,-4.3658543,0.7243997,16.817492,-1.8144535,-0.04397232,3
56.949074,0.8107767,39.23993720384093,-77.96915011972924,0,1,6894.805,-0.06626741,5,1,false,false,-4.4157205,0.8803001,14.58454,-1.8152652,-0.0567396,3
56.96925,0.8110731,39.239933060374106,-77.96914050667513,0,1,6903.1353,-0.06868591,5,1,false,false,-3.9182584,1.1966462,13.358418,-1.8163227,-0.069140665,3
56.992702,0.8113697,39.23992891690728,-77.96913089291408,0,1,6889.0293,-0.072314575,5,1,false,false,-3.7796857,1.2510023,13.221871,-1.8174742,-0.0691573,3
57.015007,0.8116665,39.23992477344046,-77.96912127915303,0,1,6877.19,-0.07956915,5,1,false,false,-3.8898299,1.1405991,12.65135,-1.8185852,-0.06507853,3
57.033092,0.8119634,39.23992062997363,-77.96911155015974,0,1,6885.6514,-0.08416484,5,1,false,false,-4.1168494,0.85557866,12.1730995,-1.8196585,-0.065526366,3
57.018814,0.8122602,39.23991648643809,-77.96910193639869,0,1,7004.0493,-0.08996982,0,1,false,false,-3.873898,-1.7329035,10.7772255,-1.8207942,-0.070848234,3
57.009697,0.8125569,39.239912342971266,-77.96909232263764,0,1,6360.5195,-0.093114026,6,1,false,false,-3.8184264,2.1922808,10.991284,-1.8220167,-0.07616379,3
57.074356,0.81285393,39.23990819950444,-77.96908270958353,0,1,5782.5146,-0.095532544,6,1,false,false,-3.0244396,2.440671,8.245793,-1.8233722,-0.08338363,3
57.06818,0.81315094,39.23990396594282,-77.96907309582248,0,1,6252.9834,-0.09770974,6,1,false,false,-3.0063844,-1.407681,6.2503777,-1.8246989,-0.07604249,3
57.07319,0.813448,39.239899822476005,-77.96906348206143,0,1,6120.42,-0.09770975,6,1,false,false,-2.9254394,1.4211317,5.9235644,-1.8259523,-0.0757273,3
57.102802,0.8137452,39.239895588914386,-77.96905386830038,0,1,6031.2793,-0.09843547,6,1,false,false,-2.4052832,1.1906738,4.659905,-1.8272405,-0.07930625,3
57.112946,0.81404245,39.23989144544756,-77.96904425524627,0,1,6201.9385,-0.09746752,6,1,false,false,-2.4060786,0.07357261,4.899943,-1.8285838,-0.08353636,3
57.121914,0.8143397,39.23988721188595,-77.9690347574244,0,1,6164.8584,-0.093598485,6,1,false,false,-3.2596548,0.69791055,7.951498,-1.8301207,-0.10336695,3
57.13962,0.81463706,39.23988297839306,-77.96902514366334,0,1,6185.835,-0.09093685,6,1,false,false,-3.59883,0.7750095,7.1661687,-1.8320464,-0.12810068,3
57.163414,0.8149345,39.23987874483145,-77.9690155299023,0,1,6236.016,-0.08319688,6,1,false,false,-3.588452,1.9356315,8.538476,-1.8343394,-0.14462966,3
57.209423,0.8152321,39.23987451126984,-77.96900591684818,0,1,6142.474,-0.07352288,6,1,false,false,-5.524946,2.6470323,13.337887,-1.8367991,-0.14975423,3
57.247715,0.81552994,39.23987027770823,-77.96899630308712,0,1,6073.685,-0.06457465,6,1,false,false,-6.490152,1.7580739,14.88841,-1.8392725,-0.1463165,3
57.268944,0.8158279,39.239866044146616,-77.96898668932607,0,1,6104.5903,-0.055626392,6,1,false,false,-6.323711,1.0547066,14.870932,-1.8416028,-0.13113569,3
57.29006,0.8161261,39.23986172055894,-77.96897707556502,0,1,6092.351,-0.044499982,6,1,false,false,-6.830213,1.3332665,14.080911,-1.8435262,-0.0991881,3
57.31089,0.8164243,39.239857396902536,-77.96896757845009,0,1,6061.8403,-0.033133235,6,1,false,false,-6.823466,1.0781498,15.311715,-1.8449035,-0.066762015,3
57.32581,0.81672275,39.239853163340925,-77.96895796468904,0,1,6080.947,-0.0292642,6,1,false,false,-5.682218,0.68408096,14.156374,-1.8457799,-0.03943714,3
57.3384,0.8170212,39.239848749658464,-77.96894846686716,0,1,6100.4995,-0.031440478,6,1,false,false,-4.8831816,0.7685345,11.952819,-1.8463144,-0.027613418,3
57.355213,0.8173197,39.23984442607079,-77.96893885310611,0,1,6105.515,-0.039663926,6,1,false,false,-4.185361,0.9965253,11.152869,-1.8467131,-0.020671666,3
57.37281,0.81761825,39.23984010241439,-77.96892935528423,0,1,6110.7505,-0.053450122,6,1,false,false,-4.212582,0.94185793,11.830149,-1.8470777,-0.024284188,3
57.39007,0.817917,39.239835778757985,-77.96891974223013,0,1,6119.993,-0.06844368,6,1,false,false,-4.3299904,0.92292166,10.637277,-1.8475369,-0.032412495,3
57.407276,0.8182158,39.239831365075524,-77.96891024440825,0,1,6129.0728,-0.093114056,6,1,false,false,-3.6897035,0.933982,10.8151045,-1.8481814,-0.044021573,3
57.426895,0.8185147,39.23982695139306,-77.9689006306472,0,1,6135.851,-0.11415571,6,1,false,false,-4.563898,1.2088828,11.102796,-1.849049,-0.062214453,3
57.447327,0.8188136,39.23982262773666,-77.96889113282532,0,1,6128.9434,-0.13543963,6,1,false,false,-5.057643,1.086227,11.647608,-1.8502436,-0.08174326,3
57.467354,0.8191127,39.239818214054196,-77.96888163500344,0,1,6132.7266,-0.15164527,6,1,false,false,-5.1474977,1.2164482,12.21235,-1.8518144,-0.105431095,3
57.487846,0.819412,39.239813800371735,-77.96887202194932,0,1,6130.816,-0.16833341,6,1,false,false,-5.043521,1.1281093,8.974014,-1.8537407,-0.122152224,3
57.50798,0.8197113,39.23980929659448,-77.96886252412745,0,1,6123.967,-0.17921856,6,1,false,false,-5.255027,1.1168177,10.066587,-1.8558195,-0.12741107,3
57.526844,0.8200108,39.239804882843295,-77.96885302630557,0,1,6127.9653,-0.18405557,6,1,false,false,-6.4681334,1.0327739,12.805563,-1.8580831,-0.14637275,3
57.539337,0.82031035,39.23980046916083,-77.96884352848369,0,1,6135.6904,-0.18405555,6,1,false,false,-6.7967653,0.592453,12.638223,-1.860737,-0.1759649,3
57.55565,0.82061,39.23979596538358,-77.96883403066181,0,1,6166.7607,-0.17776711,6,1,false,false,-6.9711857,1.2271112,13.212264,-1.8639715,-0.20866282,3
57.578144,0.82090974,39.23979146160633,-77.96882453283993,0,1,6144.216,-0.16639936,6,1,false,false,-7.666076,1.4137486,12.421815,-1.8675767,-0.22126666,3
57.599693,0.82120967,39.239786957829075,-77.96881503501805,0,1,6117.588,-0.15043595,6,1,false,false,-7.8254423,1.2276264,13.20272,-1.871286,-0.21968322,3
57.615055,0.8215098,39.23978245405183,-77.96880553719618,0,1,6127.0107,-0.12624918,6,1,false,false,-8.038546,0.86349773,13.7012205,-1.8748281,-0.20353717,3
57.62719,0.82180995,39.239777860179785,-77.96879604008124,0,1,6127.9087,-0.10931873,6,1,false,false,-7.9859257,0.8469508,14.233028,-1.8780667,-0.18517427,3
57.63951,0.8221101,39.23977335640254,-77.96878665749159,0,1,6133.1597,-0.08368132,6,1,false,false,-7.5714126,0.81487,13.396966,-1.8809818,-0.16466339,3
57.65095,0.82241046,39.23976876259922,-77.96877716037666,0,1,6143.263,-0.05780267,6,1,false,false,-6.4022627,0.81280357,10.774491,-1.8835268,-0.13915761,3
57.66398,0.8227108,39.23976416872718,-77.96876777849396,0,1,6151.148,-0.031923994,6,1,false,false,-5.899465,0.87274987,10.3257065,-1.8855982,-0.108715825,3
57.678238,0.8230112,39.23975957485514,-77.96875828067208,0,1,6157.4688,-0.00725549,6,1,false,false,-4.4212766,0.91403824,8.914522,-1.8870803,-0.066865444,3
57.691452,0.8233117,39.23975489095704,-77.96874889878937,0,1,6172.4805,0.012576004,6,1,false,false,-4.336604,0.7946862,8.819743,-1.8878806,-0.03263401,3
57.706726,0.8236123,39.239750297084996,-77.96873951690665,0,1,6190.417,0.025634583,6,1,false,false,-4.1606264,0.98363215,9.044003,-1.8882213,-0.010412474,3
57.72128,0.8239129,39.23974570324732,-77.96873013502395,0,1,6198.362,0.027328275,6,1,false,false,-3.7460184,0.92368096,9.383425,-1.8883002,-0.0014760238,3
57.74046,0.8242136,39.239741019314856,-77.96872063720207,0,1,6209.8975,0.023941822,6,1,false,false,-3.7297177,1.2450668,9.490625,-1.8883115,0.00048403634,3
57.762817,0.8245145,39.23973633538239,-77.96871125531936,0,1,6195.909,0.017654287,6,1,false,false,-3.6340759,1.4196516,9.906919,-1.8882893,0.0028496275,3
57.786575,0.82481545,39.23973165144993,-77.96870187343666,0,1,6175.424,0.006528823,6,1,false,false,-3.624445,1.3909674,10.990619,-1.8882111,0.0072568064,3
57.806324,0.82511646,39.23972696751746,-77.96869249155395,0,1,6169.591,-0.0012101848,6,1,false,false,-3.3998485,1.1149383,12.882875,-1.8880777,0.009190427,3
57.82351,0.82541764,39.239722283584996,-77.96868310967125,0,1,6172.72,-0.00894919,6,1,false,false,-3.177449,1.0345534,11.557957,-1.8878739,0.013596428,3
57.84109,0.8257189,39.23971759968689,-77.9686737270816,0,1,6175.2593,-0.011851201,6,1,false,false,-2.7327058,1.1069398,10.998635,-1.8876275,0.01704966,3
57.859932,0.8260202,39.23971291575443,-77.96866434519889,0,1,6173.097,-0.014510986,6,1,false,false,-2.3156679,1.0885844,8.723528,-1.8872974,0.023061821,3
57.87648,0.82632166,39.239708231821965,-77.96865496331618,0,1,6172.477,-0.015962461,6,1,false,false,-1.412764,0.91357416,7.163813,-1.8867968,0.037502952,3
57.891678,0.82662326,39.2397035478895,-77.96864546620125,0,1,6183.9917,-0.018380025,6,1,false,false,-1.4716561,0.8505355,7.1978903,-1.8861096,0.043057006,3
57.90201,0.82692486,39.239698773896606,-77.9686360836116,0,1,6196.7705,-0.020073727,6,1,false,false,-1.4228781,0.2856203,7.7346635,-1.8854347,0.036332976,3
57.909622,0.8272265,39.23969408996414,-77.9686267017289,0,1,6240.3584,-0.026362194,6,1,false,false,-1.2449598,0.57168514,7.768291,-1.8849263,0.024608767,3
57.923138,0.82752824,39.23968931593689,-77.96861731984619,0,1,6267.377,-0.038938195,6,1,false,false,-1.0342433,0.91170067,6.9117956,-1.8846027,0.0141061805,3
57.945255,0.82783,39.23968463203879,-77.96860793796348,0,1,6255.7827,-0.045467943,6,1,false,false,-1.1302375,1.4387082,7.990086,-1.8844665,0.0024083275,3
57.97275,0.8281319,39.239679858011534,-77.96859855608078,0,1,6240.508,-0.054174915,6,1,false,false,-1.0817747,1.6454476,7.8475523,-1.8845208,-0.008664475,3
58.000046,0.82843405,39.23967517407907,-77.96858917419807,0,1,6218.1406,-0.06264059,6,1,false,false,-1.2073097,1.4856703,9.032389,-1.8847692,-0.020829834,3
58.0249,0.8287362,39.239670400086176,-77.96857979231535,0,1,6204.55,-0.06699315,6,1,false,false,-1.6651427,1.3349329,10.195928,-1.8852018,-0.03239033,3
58.04567,0.82903856,39.239665716153716,-77.96857041043265,0,1,6200.8647,-0.06965385,6,1,false,false,-1.5903304,1.1177484,12.316759,-1.8858426,-0.043891568,3
58.0656,0.829341,39.239660942160825,-77.96856102854994,0.0011557249,1,6201.4565,-0.0708631,6,1,false,false,-1.9396183,1.1403915,12.951431,-1.8866627,-0.054864384,3
58.08448,0.8296436,39.23965616816793,-77.96855164666724,0.014562134,1,6197.664,-0.068202406,6,1,false,false,-2.171601,1.1582787,12.760904,-1.8876522,-0.064534165,3
58.101963,0.8299462,39.23965139414068,-77.96854214884536,0.028430833,1,6191.1875,-0.06578389,6,1,false,false,-2.3573382,0.89032656,14.142416,-1.888794,-0.071830854,3
58.11395,0.830249,39.23964662014779,-77.96853276696265,0.037676632,0.9877924,6180.6646,-0.06288188,6,1,false,false,-2.4499748,0.59543693,13.694545,-1.8900001,-0.07353697,3
58.1203,0.8305518,39.239641846154896,-77.96852338507995,0.04565113,0.9656278,6177.7783,-0.059978925,6,1,false,false,-2.6791134,0.28479376,13.356461,-1.8912231,-0.07306753,3
58.122696,0.83085465,39.23963707212764,-77.96851400319724,0.056168236,0.9387313,6177.5938,-0.05707692,6,1,false,false,-2.8076243,0.105976,14.034445,-1.8924298,-0.072347574,3
58.12135,0.83115745,39.23963229813476,-77.96850462131454,0.07662456,0.89938027,6173.693,-0.055141937,6,1,false,false,-2.639231,-0.13220553,12.017151,-1.8935764,-0.06516909,3
58.114567,0.8314603,39.239627524141866,-77.96849523943183,0.11487908,0.8482381,6169.0522,-0.05393269,6,1,false,false,-2.797916,-0.561044,11.177391,-1.8946079,-0.059588403,3
58.097633,0.83176297,39.23962275011461,-77.96848585754913,0.1626105,0.789559,6163.425,-0.05610991,6,1,false,false,-2.6234598,-1.2553091,11.669955,-1.895557,-0.054816492,3
58.06526,0.8320656,39.239617886061296,-77.9684765916056,0.21727633,0.71814775,6149.687,-0.061430417,6,1,false,false,-3.0896704,-2.3013787,12.076652,-1.8964458,-0.05356679,3
58.015594,0.8323681,39.23961311203404,-77.96846720972289,0.29286075,0.6077714,6125.1187,-0.071346626,6,1,false,false,-3.2121196,-3.3867233,10.815784,-1.897358,-0.056876518,3
57.941036,0.83267015,39.23960833804115,-77.96845782784018,0.37295237,0.48358452,6088.2925,-0.083681345,6,1,false,false,-3.4285536,-5.152224,11.8762665,-1.8983817,-0.06663969,3
57.833214,0.8329718,39.23960356404826,-77.96844856189665,0.44668776,0.34746748,6040.639,-0.09916028,6,1,false,false,-4.1009536,-7.3383904,13.040455,-1.8995407,-0.07521008,3
57.690178,0.83327276,39.23959869996058,-77.96843929524617,0.5228499,0.19681555,5990.895,-0.119477175,6,1,false,false,-4.309171,-9.328102,12.70092,-1.9008814,-0.08587389,3
57.510216,0.83357275,39.23959392596769,-77.96843002930264,0.58156097,0.05998955,5943.828,-0.13737464,6,1,false,false,-5.0079246,-11.6481085,13.595765,-1.90245,-0.10427131,3
57.299545,0.8338717,39.23958915194044,-77.9684207633591,0.62386036,-5.5879354e-09,5859.1724,-0.1555152,6,1,false,false,-5.673299,-13.101384,13.890008,-1.9043901,-0.12911019,3
57.070717,0.83416957,39.23958437794755,-77.96841161335473,0.63923156,0,5766.8867,-0.16736737,6,1,false,false,-6.0840487,-13.96094,13.759335,-1.9067495,-0.1538944,3
56.83108,0.83446604,39.23957960395466,-77.96840246264344,0.6448945,0,5738.8853,-0.17994432,6,1,false,false,-6.696439,-14.756305,13.210199,-1.9094839,-0.1746595,3
56.56637,0.8347614,39.239574829927406,-77.96839342857824,0.63692015,0,5905.2017,-0.18816777,6,1,false,false,-7.267484,-15.966164,13.476129,-1.9125423,-0.19240072,3
56.31173,0.8350552,39.239570055934514,-77.9683843938061,0.62316704,0,5828.12,-0.19276345,6,1,false,false,-7.99298,-14.520026,13.066148,-1.91593,-0.21435234,3
56.07534,0.83534765,39.23956528194162,-77.96837547568009,0.59334934,0,5736.238,-0.19542421,6,1,false,false,-7.996843,-13.775504,12.333767,-1.9196615,-0.23199484,3
55.847576,0.835639,39.239560598009156,-77.96836655684713,0.56318474,0,5743.771,-0.19397274,6,1,false,false,-7.902555,-13.55725,10.491207,-1.9236155,-0.24102728,3
55.619503,0.83592916,39.23955582398191,-77.96835763801417,0.52828175,0,5747.407,-0.19179645,6,1,false,false,-8.409029,-13.1866255,10.9603405,-1.9276812,-0.24834146,3
55.40651,0.8362181,39.23955104998902,-77.96834883512038,0.48447996,0,5685.9463,-0.18671624,6,1,false,false,-8.614545,-12.234842,10.446148,-1.9319516,-0.26458642,3
55.209858,0.83650595,39.23954636605655,-77.96834014816577,0.4353615,0,5671.9673,-0.18381332,6,1,false,false,-8.302475,-11.278465,9.925698,-1.936469,-0.27789983,3
55.02188,0.8367928,39.23954159206366,-77.96833134527199,0.38624322,0,5648.9414,-0.18091136,6,1,false,false,-9.097811,-10.8239,10.406415,-1.9412583,-0.29724586,3
54.845955,0.8370788,39.23953681807077,-77.96832265831738,0.3393209,0,5632.019,-0.17752485,6,1,false,false,-9.541513,-9.886868,8.997047,-1.9463779,-0.31558183,3
54.688564,0.83736384,39.2395321341383,-77.96831408730193,0.30418676,0.77,5867.6084,-0.17655784,0,1,false,false,-9.809611,-8.705507,10.037492,-1.95174,-0.32635158,3
54.541893,0.8376481,39.239527360111055,-77.96830551628649,0.2867353,0,6054.5977,-0.17607343,0,1,false,false,-11.07529,-8.1139965,9.677939,-1.9572861,-0.3384935,3
54.403976,0.8379317,39.23952258611816,-77.96829694527105,0.2685904,0,6200.0903,-0.17897634,5,1,false,false,-9.913845,-8.803214,8.239875,-1.9628297,-0.3226127,3
54.233433,0.83821446,39.23951781212527,-77.96828849019478,0.24790296,0,6528.527,-0.18139577,5,1,false,false,-9.673026,-9.660538,8.150475,-1.9679856,-0.29491496,3
54.089973,0.8384963,39.23951303809802,-77.96828003441156,0.22478853,0,6418.9863,-0.18187928,5,1,false,false,-11.509277,-7.2766676,8.291084,-1.9727551,-0.2827712,3
53.981693,0.83877766,39.239508264105126,-77.9682715793353,0.19173476,0,6314.3105,-0.18187928,5,1,false,false,-9.190979,-5.5242844,6.9086742,-1.9773834,-0.2694228,3
53.892746,0.8390584,39.23950340001745,-77.9682632401982,0.16388182,0,6211.9087,-0.18042785,5,1,false,false,-8.802204,-4.751413,5.2577643,-1.9816948,-0.25173557,3
53.795677,0.8393388,39.239498626024556,-77.96825478441498,0.13233054,0,6291.7646,-0.18091132,5,1,false,false,-9.518392,-6.0812464,5.8456464,-1.9858345,-0.24840425,3
53.689075,0.83961856,39.23949376193688,-77.96824656121706,0.10147265,0,6340.656,-0.17776705,5,1,false,false,-9.501699,-5.612648,6.5858893,-1.9901352,-0.27518106,3
53.603706,0.8398979,39.239488987943986,-77.96823822137301,0.07234838,0,6243.3433,-0.17946081,5,1,false,false,-9.463721,-4.374282,5.8123217,-1.9950112,-0.31244928,3
53.52192,0.8401768,39.23948412385631,-77.96822999746814,0.04218395,0,6256.482,-0.1847813,5,1,false,false,-11.031169,-4.6067824,7.8484726,-2.0005474,-0.3499455,3
53.434856,0.84045535,39.23947925976863,-77.96822177427022,0.017682586,0,6302.0977,-0.19252124,5,1,false,false,-13.078383,-4.558185,9.15063,-2.0066433,-0.3783867,3
53.35964,0.84073335,39.23947439571531,-77.96821355036535,0,0,6298.72,-0.2055826,5,1,false,false,-14.108468,-3.4862447,9.311025,-2.0130327,-0.38620284,3
53.29327,0.8410111,39.239469531627634,-77.96820544239965,0,0,6303.4175,-0.21864498,5,1,false,false,-14.393428,-3.0683293,9.34442,-2.0194354,-0.37246478,3
53.228897,0.8412885,39.23946457747953,-77.9681973351409,0,0,6319.842,-0.23557629,5,1,false,false,-17.585579,-2.9698973,11.949052,-2.0253625,-0.3419837,3
53.164246,0.84156555,39.23945962333143,-77.9681892271752,0,0,6315.7153,-0.25250855,5,1,false,false,-20.443983,-2.7836735,13.753522,-2.0309577,-0.33754244,3
53.09994,0.8418423,39.23945466916614,-77.96818123514869,0,0,6311.26,-0.26411843,5,1,false,false,-20.383228,-2.6436608,12.823531,-2.0367475,-0.3603823,3
53.036556,0.84211874,39.23944962492325,-77.96817324312217,0,0,6311.2905,-0.27572942,5,1,false,false,-20.953207,-2.8487573,13.445397,-2.0428975,-0.3720448,3
52.97319,0.84239477,39.239444580697544,-77.96816536703481,0,0,6304.526,-0.28516215,5,1,false,false,-18.407373,-2.623223,11.038444,-2.0489666,-0.3405462,3
52.912304,0.84267056,39.23943953647183,-77.96815749094746,0,0,6297.7,-0.2931452,5,1,false,false,-16.97584,-2.6242013,8.9307785,-2.0540059,-0.26051646,3
52.85507,0.8429463,39.23943440216851,-77.96814961486011,0,0,6289.301,-0.29822525,5,1,false,false,-16.49056,-2.522469,8.832137,-2.0577133,-0.18982984,3
52.79981,0.8432217,39.23942926786519,-77.96814185400498,0,0,6279.39,-0.3023375,5,1,false,false,-14.791559,-2.3299398,8.34865,-2.0605311,-0.15850727,3
52.751446,0.8434969,39.239424133544695,-77.9681340938568,0,0,6267.162,-0.30765796,5,1,false,false,-12.189869,-2.2581031,6.493484,-2.063147,-0.15836364,3
52.703976,0.8437718,39.23941899924138,-77.9681264496478,0,0,6252.138,-0.31152898,5,1,false,false,-12.487365,-2.2885659,6.669789,-2.0659769,-0.18501823,3
52.654457,0.84404653,39.23941377486045,-77.96811880473186,0,0,6244.9775,-0.3146732,5,1,false,false,-13.123431,-2.4121633,7.91826,-2.0694284,-0.23193029,3
52.60565,0.84432113,39.23940855047953,-77.96811116052285,0,0,6240.9033,-0.3153988,5,1,false,false,-12.630176,-2.335432,7.451843,-2.073782,-0.2910738,3
52.557003,0.84459525,39.2394033260986,-77.9681035156069,0,0,6231.2,-0.3175761,5,1,false,false,-12.581214,-2.4429321,7.333662,-2.0790408,-0.335035,3
52.5036,0.84486896,39.23939810171768,-77.96809598733707,0,0,6226.9976,-0.31564113,5,1,false,false,-16.192192,-2.6365902,11.301362,-2.084787,-0.35648218,3
52.44193,0.8451423,39.239392877336755,-77.96808845836028,0,0,6231.127,-0.31249595,5,1,false,false,-20.153828,-2.8282194,14.309579,-2.091135,-0.4062189,3
52.379486,0.8454155,39.23938756287823,-77.9680809293835,0,0,6234.1367,-0.30765796,5,1,false,false,-19.077538,-2.6853817,12.44124,-2.098218,-0.43330428,3
52.31876,0.8456881,39.239382248419695,-77.96807351705284,0,0,6228.2686,-0.30282003,5,1,false,false,-18.958544,-2.7184126,11.390357,-2.1053033,-0.40864652,3
52.255367,0.84596044,39.239376843900736,-77.96806610401525,0,0,6221.04,-0.30088603,5,1,false,false,-20.303202,-2.8421414,12.260294,-2.1114094,-0.32018754,3
52.193737,0.84623253,39.2393714393646,-77.96805880691682,0,0,6219.4893,-0.2987088,5,1,false,false,-19.13858,-2.5874178,10.954373,-2.116056,-0.2425069,3
52.13783,0.84650433,39.239366034828464,-77.96805150981838,0,0,6208.947,-0.2977409,5,1,false,false,-17.501469,-2.371572,11.052956,-2.1197894,-0.21268004,3
52.085693,0.8467759,39.239360630292325,-77.96804432865912,0,0,6194.8047,-0.30233744,5,1,false,false,-14.849565,-2.3700743,8.944563,-2.1233244,-0.21338008,3
52.0351,0.84704727,39.23935513567858,-77.96803714749986,0,0,6188.1235,-0.30910954,5,1,false,false,-13.376925,-2.410245,7.3973045,-2.1268995,-0.21647388,3
51.986034,0.8473185,39.239349641082015,-77.9680299663406,0,0,6181.383,-0.32313976,5,1,false,false,-12.495169,-2.4006948,7.0355096,-2.1305816,-0.22497478,3
51.938095,0.8475897,39.23934414646827,-77.96802290112052,0,0,6171.1064,-0.3415236,5,1,false,false,-12.504991,-2.211821,7.0103164,-2.1345115,-0.25450397,3
51.890076,0.8478606,39.239338651854524,-77.96801571925431,0,0,6161.4014,-0.37200344,5,1,false,false,-13.189571,-2.2025986,8.319517,-2.1390808,-0.29885185,3
51.841457,0.84813136,39.23933315725796,-77.9680087699734,0,0,6154.9688,-0.40562874,5,1,false,false,-13.825141,-2.395195,8.522091,-2.1445081,-0.35015333,3
51.790203,0.84840214,39.23932757256661,-77.9680017047533,0,0,6147.3154,-0.44505966,5,1,false,false,-14.730474,-2.561974,8.937375,-2.1506732,-0.38420123,3
51.735687,0.8486728,39.23932198789244,-77.96799475476546,0,0,6142.377,-0.47892907,5,1,false,false,-16.35729,-2.6373234,9.965591,-2.1572528,-0.4042327,3
51.67726,0.8489432,39.23931640320109,-77.96798780548454,0,0,6140.5894,-0.5062657,5,1,false,false,-18.328913,-2.6033638,10.952774,-2.163992,-0.40632775,3
51.617496,0.8492133,39.23931081851833,-77.96798097143585,0,0,6133.5146,-0.53457123,5,1,false,false,-19.650099,-2.5874498,10.66053,-2.1707852,-0.41199142,3
51.55701,0.84948355,39.23930514375796,-77.9679741380941,0,0,6124.938,-0.5558616,5,1,false,false,-19.489624,-2.6172175,10.522385,-2.1777623,-0.42315403,3
51.495945,0.8497534,39.239299468997594,-77.96796741998459,0,0,6117.8755,-0.57085997,5,1,false,false,-19.670534,-2.6848032,10.543916,-2.1848757,-0.42854023,3
51.434044,0.850023,39.23929379424582,-77.96796070187509,0,0,6110.464,-0.5815058,5,1,false,false,-19.55633,-2.70205,11.090221,-2.1920893,-0.43536228,3
51.37156,0.8502925,39.23928802940784,-77.96795398447252,0,0,6102.2173,-0.58586085,5,1,false,false,-20.15941,-2.6576207,11.145703,-2.1994228,-0.44702706,3
51.30922,0.85056186,39.239282264569866,-77.96794749824134,0,0,6093.6035,-0.5882804,5,1,false,false,-19.932531,-2.7161884,10.911531,-2.207058,-0.4676799,3
51.2479,0.85083085,39.239276499740484,-77.967940896071,0,0,6084.4243,-0.5873127,5,1,false,false,-18.555445,-2.6021209,9.390472,-2.2149005,-0.46992245,3
51.186333,0.85109967,39.239270734902505,-77.96793440983984,0,0,6075.968,-0.58779603,5,1,false,false,-18.996134,-2.6780534,9.467655,-2.222662,-0.46201423,3
51.122547,0.8513685,39.23926487999552,-77.96792792360867,0,0,6068.182,-0.58852166,5,1,false,false,-20.047188,-2.6716635,10.552499,-2.2303305,-0.46071547,3
51.05758,0.8516369,39.23925902507994,-77.96792155331667,0,0,6061.958,-0.59263486,5,1,false,false,-20.862753,-2.633533,11.151987,-2.238124,-0.48065105,3
50.991264,0.8519049,39.239253170172944,-77.96791529825691,0,0,6053.2266,-0.5989252,5,1,false,false,-22.282526,-2.6940916,11.121976,-2.2464964,-0.5268295,3
50.921654,0.8521728,39.23924722518835,-77.96790904390409,0,0,6043.077,-0.608603,5,1,false,false,-23.055237,-2.761152,12.420423,-2.2556844,-0.5724402,3
50.85325,0.85244036,39.23924128019946,-77.96790278884431,0,0,6037.231,-0.6228773,5,1,false,false,-19.22843,-2.678213,9.604355,-2.2652636,-0.55839974,3
50.787422,0.85270756,39.23923533521486,-77.96789665043066,0,0,6029.722,-0.6361847,5,1,false,false,-18.6862,-2.6827426,8.752583,-2.2739751,-0.48411775,3
50.718437,0.8529743,39.23922939023026,-77.96789062724925,0,0,6018.8574,-0.6468295,5,1,false,false,-22.988214,-2.6559558,11.644894,-2.28147,-0.42924416,3
50.645035,0.85324067,39.23922335516806,-77.96788460477477,0,0,6013.5723,-0.6560237,5,1,false,false,-24.183174,-2.7184594,11.9561,-2.2886899,-0.45355424,3
50.57507,0.85350645,39.23921732010585,-77.96787869753251,0,0,6005.855,-0.6647344,5,1,false,false,-21.63988,-2.5575774,11.621189,-2.296864,-0.5273849,3
50.50734,0.8537719,39.239211285043645,-77.96787279029027,0,0,5987.3906,-0.6736865,5,1,false,false,-20.52021,-2.602238,9.452808,-2.3060656,-0.5654287,3
50.436314,0.8540366,39.23920524998359,-77.96786699898719,0,0,5978.2075,-0.6785251,5,1,false,false,-21.886257,-2.9389334,9.310791,-2.3152978,-0.54191303,3
50.357716,0.8543007,39.239199124845925,-77.96786120768411,0,0,5978.8076,-0.68505764,5,1,false,false,-25.45617,-2.8532627,13.71115,-2.3242943,-0.5471095,3
50.27677,0.85456425,39.23919299971041,-77.96785553232021,0,0,5972.4326,-0.69134814,5,1,false,false,-25.354666,-2.7716303,12.5083,-2.3336916,-0.57975084,3
50.20173,0.8548274,39.23918687457275,-77.9678498569563,0,0,5957.561,-0.7000589,5,1,false,false,-22.684475,-2.6148171,10.656255,-2.343588,-0.6031503,3
50.126278,0.8550896,39.239180659359626,-77.96784429682464,0,0,5939.396,-0.70780146,5,1,false,false,-22.593555,-2.7684968,9.925175,-2.3534665,-0.57352334,3
50.04814,0.8553514,39.23917453422304,-77.96783885333907,0,0,5937.4087,-0.7126403,5,1,false,false,-21.511639,-2.7974744,9.552827,-2.3624525,-0.50091296,3
49.97342,0.85561264,39.23916831901072,-77.96783340914656,0,0,5934.232,-0.71844834,5,1,false,false,-20.679472,-2.5732179,9.399039,-2.3701968,-0.4367696,3
49.901653,0.8558734,39.23916201372241,-77.96782808160019,0,0,5917.5215,-0.72086686,5,1,false,false,-19.880976,-2.5064206,9.388035,-2.3772032,-0.40978453,3
49.83181,0.8561334,39.23915579851036,-77.96782275334685,0,0,5904.2886,-0.72522193,5,1,false,false,-19.08864,-2.5326016,9.204867,-2.383991,-0.4086894,3
49.762524,0.85639304,39.239149493222854,-77.9678175410327,0,0,5895.339,-0.7276425,5,1,false,false,-18.613903,-2.5752978,8.075964,-2.390927,-0.42537194,3
49.692207,0.8566523,39.23914327800973,-77.96781244465771,0,0,5884.1646,-0.72812593,5,1,false,false,-18.848967,-2.5961716,8.824783,-2.3981123,-0.43613824,3
49.618305,0.8569109,39.23913697272115,-77.96780723234355,0,0,5876.3755,-0.73102987,5,1,false,false,-21.180387,-2.633763,11.022094,-2.405569,-0.4613779,3
49.541676,0.8571689,39.239130577359255,-77.96780225190774,0,0,5869.914,-0.73369056,5,1,false,false,-22.45198,-2.7657425,11.716188,-2.4135327,-0.48982957,3
49.462303,0.85742646,39.23912427206852,-77.96779727147192,0,0,5861.743,-0.7407076,5,1,false,false,-23.488367,-2.7967453,12.485232,-2.4217896,-0.496753,3
49.37911,0.8576835,39.23911787670448,-77.96779229103612,0,0.060991414,5861.915,-0.74699897,5,1,false,false,-25.110962,-2.814842,12.687906,-2.4301217,-0.49986416,3
49.29728,0.8579399,39.23911157141805,-77.96778754247865,0,0.19491974,5895.6333,-0.75377375,5,1,false,false,-23.797937,-2.5407338,11.382307,-2.4383903,-0.4854794,3
49.227875,0.8581959,39.2391050859807,-77.96778267727507,0,0.32329914,5968.5728,-0.75933903,5,1,false,false,-22.028934,-2.0885828,10.398374,-2.4460993,-0.43913174,3
49.161922,0.8584515,39.23909869061666,-77.96777804465677,0,0.48304504,6147.241,-0.76345223,5,1,false,false,-21.242739,-1.9762522,9.908996,-2.4530005,-0.38804406,3
49.112106,0.8587066,39.23909229525262,-77.96777341133154,0,0.6020529,6043.901,-0.76732326,5,1,false,false,-22.019842,0.29272407,11.28591,-2.4591417,-0.36188307,3
49.096397,0.8589616,39.239085809810966,-77.96776877871324,0,0.7300163,5885.5103,-0.768292,5,1,false,false,-21.122866,0.97077894,11.207495,-2.4653912,-0.3988674,3
49.07157,0.85921633,39.23907932437791,-77.96776426132718,0,0.8366474,6073.1963,-0.7690177,5,1,false,false,-21.584436,0.06244733,10.853518,-2.47241,-0.44207245,3
49.04732,0.85947084,39.239072838936266,-77.96775985988027,0,0.9505224,6089.6733,-0.7695013,5,1,false,false,-22.401817,1.1644772,11.772598,-2.4801295,-0.4828041,3
49.041763,0.8597253,39.23906626341701,-77.96775545843339,0,1,6006.42,-0.77071047,5,1,false,false,-22.306868,2.0155206,11.688134,-2.488404,-0.50407076,3
49.039986,0.8599797,39.239059777983954,-77.96775117292566,0,1,6032.8306,-0.77434015,5,1,false,false,-20.438627,1.8225391,10.304013,-2.4967144,-0.47721606,3
49.03857,0.860234,39.2390532024647,-77.96774688741795,0,1,6029.3193,-0.77869546,5,1,false,false,-19.750082,1.876788,9.576721,-2.5041044,-0.4048249,3
49.040257,0.8604883,39.23904653687643,-77.96774271784939,0,1,5986.659,-0.784987,5,1,false,false,-19.545527,1.8662941,10.063823,-2.510213,-0.331737,3
49.03208,0.86074257,39.23903996136576,-77.9677385475739,0,1,5995.306,-0.7932141,5,1,false,false,-22.615969,1.1224463,12.330221,-2.5154607,-0.31461975,3
49.01268,0.8609968,39.239033295768905,-77.96773449394452,0,1,6026.4736,-0.80095667,5,1,false,false,-22.257078,0.86069787,11.4450865,-2.521139,-0.37146837,3
48.99993,0.86125076,39.23902663018922,-77.96773055554738,0,1,6050.9526,-0.81136227,5,1,false,false,-17.678478,1.1987662,8.997229,-2.5276515,-0.39858732,3
49.000515,0.86150485,39.239019964583775,-77.96772661785717,0,1,6064.5776,-0.8212831,5,1,false,false,-17.283857,2.0290864,8.529568,-2.534128,-0.36678475,3
49.012375,0.86175895,39.2390132989955,-77.96772267946002,0,1,6030.249,-0.83144534,5,1,false,false,-16.918205,2.2980657,8.244853,-2.539667,-0.29491302,3
49.021152,0.8620131,39.23900654332962,-77.96771885770899,0,1,5997.566,-0.84015703,5,1,false,false,-15.585879,1.6690487,7.90766,-2.544071,-0.24256355,3
49.018856,0.8622671,39.23899978766375,-77.96771503525102,0,1,6036.9995,-0.85153013,5,1,false,false,-15.330847,1.0306581,8.168878,-2.5479884,-0.23560469,3
49.015358,0.8625213,39.23899303199787,-77.96771121279305,0,1,6082.8184,-0.86604875,5,1,false,false,-15.42236,1.2183412,7.324331,-2.5519786,-0.24399602,3
49.01739,0.86277544,39.23898627633199,-77.96770750627424,0,1,6078.303,-0.8757274,5,1,false,false,-15.356433,1.48497,8.371571,-2.5561426,-0.25958154,3
49.019417,0.8630295,39.23897952066612,-77.96770391569461,0,1,6078.11,-0.8875841,5,1,false,false,-18.72026,1.7360612,10.277303,-2.560911,-0.31530094,3
49.024292,0.8632834,39.238972674922636,-77.96770032511498,0,1,6066.063,-0.9008932,5,1,false,false,-20.908215,2.1021008,12.185803,-2.5666454,-0.36809716,3
49.02877,0.8635377,39.23896582919633,-77.96769673453535,0,1,6018.8184,-0.91468704,5,1,false,false,-21.799793,2.162416,13.27669,-2.5731413,-0.4000391,3
49.029663,0.86379206,39.23895898345285,-77.9676932598949,0,1,5992.4883,-0.9173485,5,1,false,false,-22.148123,1.5285866,12.591328,-2.579768,-0.38807118,3
49.023094,0.8640463,39.23895213770936,-77.96768990119361,0,1,6000.46,-0.91880095,5,1,false,false,-21.731985,1.2822618,12.127399,-2.5861037,-0.36986637,3
49.018513,0.86430025,39.23894529196588,-77.96768654178538,0,1,6004.8413,-0.91662276,5,1,false,false,-20.926073,1.4521273,11.626195,-2.5920422,-0.34519204,3
49.015358,0.86455405,39.238938356144786,-77.96768318308409,0,1,5997.5273,-0.9091213,5,1,false,false,-19.962782,1.3115261,10.862876,-2.597675,-0.33297062,3
49.013756,0.86480784,39.238931420340876,-77.96768005555421,0,1,6006.549,-0.90403956,5,1,false,false,-18.482157,1.2505355,9.669912,-2.6031687,-0.3253779,3
49.016262,0.8650615,39.238924484519785,-77.9676768127921,0,1,6019.6743,-0.8965389,5,1,false,false,-15.713455,1.4592261,8.173219,-2.6083717,-0.2975091,3
49.02195,0.86531484,39.238917548698694,-77.96767368526221,0,1,6028.0845,-0.89121455,5,1,false,false,-14.90654,1.5602865,7.347031,-2.613108,-0.27148518,3
49.03142,0.8655681,39.2389106128776,-77.9676706736715,0,1,6032.143,-0.8863749,5,1,false,false,-13.791904,1.6895152,6.6965365,-2.6174793,-0.25226012,3
49.040787,0.8658213,39.23890358699609,-77.9676676620808,0,1,6033.997,-0.8851646,5,1,false,false,-13.647534,1.481157,7.3613334,-2.6215532,-0.24472119,3
49.046093,0.86607444,39.238896651175,-77.96766465049008,0,1,6053.624,-0.8933919,5,1,false,false,-13.761074,1.2111491,7.34513,-2.625776,-0.2674342,3
49.049572,0.8663273,39.2388896252763,-77.96766175483855,0,1,6078.196,-0.9040395,5,1,false,false,-16.092142,1.1354723,7.943746,-2.6304982,-0.30773273,3
49.051502,0.86658007,39.238882599377604,-77.96765885918701,0,1,6077.849,-0.91831744,5,1,false,false,-18.289083,1.5975542,10.388857,-2.636265,-0.38386387,3
49.063843,0.86683273,39.23887557349609,-77.96765596353546,0,1,6055.235,-0.933805,5,1,false,false,-17.833427,2.1202807,9.934054,-2.6430473,-0.41681516,3
49.076405,0.8670854,39.23886854761457,-77.9676531838231,0,1,6017.6416,-0.9437258,5,1,false,false,-19.026405,1.902566,11.4387455,-2.6499166,-0.40314722,3
49.08243,0.8673379,39.238861521698695,-77.96765052004992,0,1,6002.696,-0.94469386,5,1,false,false,-20.201431,1.6642247,11.918152,-2.6565561,-0.39176205,3
49.079933,0.8675903,39.23885440575675,-77.96764785627671,0,1,6001.748,-0.94251573,5,1,false,false,-21.736208,1.1078538,13.168186,-2.663117,-0.40163562,3
49.072845,0.8678426,39.23884737984087,-77.96764519179658,0,1,6010.8477,-0.93937063,5,1,false,false,-21.5969,1.092197,12.0629835,-2.670084,-0.43413788,3
49.070568,0.86809486,39.23884026389893,-77.96764275990174,0,1,6021.017,-0.9304165,5,1,false,false,-21.065918,1.2917227,12.040533,-2.6774366,-0.44225243,3
49.06908,0.8683469,39.23883314792263,-77.96764032729995,0,1,6009.6147,-0.9241245,5,1,false,false,-20.949636,1.5044994,12.356581,-2.6849504,-0.45058075,3
49.06895,0.86859894,39.238826031946324,-77.96763789469814,0,1,6000.786,-0.91638064,5,1,false,false,-21.63266,1.4687375,13.145293,-2.6924493,-0.44715577,3
49.068485,0.8688508,39.23881882590959,-77.96763557874247,0,1,5999.3267,-0.90694326,5,1,false,false,-20.134827,1.3574169,10.733172,-2.6998472,-0.4365343,3
49.06835,0.8691028,39.23881170993329,-77.96763326207986,0,1,5999.2104,-0.8999263,5,1,false,false,-20.884813,1.3766346,11.619776,-2.7069585,-0.41797513,3
49.06568,0.86935455,39.23880450389656,-77.96763117729559,0,1,5995.543,-0.8924247,5,1,false,false,-21.224018,1.3813264,12.469942,-2.713982,-0.4197113,3
49.05912,0.8696062,39.23879738792026,-77.96762897657213,0,1,5994.083,-0.88879526,5,1,false,false,-23.484545,0.9783636,13.934473,-2.7210946,-0.4408915,3
49.05016,0.86985785,39.23879018188352,-77.96762700702008,0,1,6006.5645,-0.88589126,5,1,false,false,-23.227423,1.105511,13.236385,-2.7288692,-0.48656663,3
49.044018,0.87010944,39.238782975846796,-77.96762503817499,0,1,6010.7573,-0.8851646,5,1,false,false,-21.229614,1.2461876,11.963844,-2.7372293,-0.50381047,3
49.042915,0.87036085,39.23877576981006,-77.96762306932989,0,1,6001.893,-0.88564897,5,1,false,false,-20.629742,1.6442199,11.127996,-2.7456038,-0.48832536,3
49.04471,0.87061226,39.23876856373897,-77.967621215717,0,1,5992.54,-0.88516486,5,1,false,false,-20.444036,1.6024959,11.250399,-2.7534037,-0.44351706,3
49.04537,0.8708637,39.23876126764182,-77.96761947875025,0,1,5984.3438,-0.8863749,5,1,false,false,-19.593067,1.4107896,10.791246,-2.7604144,-0.40025774,3
49.04429,0.87111515,39.238754061605086,-77.96761774107655,0,1,5993.4126,-0.885406,5,1,false,false,-18.892199,1.2436198,10.554264,-2.7668545,-0.37386072,3
49.04058,0.87136644,39.23874676547357,-77.96761611934203,0,1,6011.2705,-0.88589126,5,1,false,false,-17.928911,1.2021445,9.744472,-2.7730544,-0.3729851,3
49.039383,0.8716177,39.23873955943684,-77.96761449831445,0,1,6024.2563,-0.8856492,5,1,false,false,-19.081028,1.2416233,10.438071,-2.779286,-0.38155562,3
49.037933,0.8718689,39.23873226330532,-77.96761299251908,0,1,6023.604,-0.88468134,5,1,false,false,-18.972675,1.3528281,11.0548725,-2.7858675,-0.40770134,3
49.03566,0.87212014,39.2387249671738,-77.9676116026629,0,1,6027.734,-0.88564897,5,1,false,false,-21.019669,1.2518417,12.777991,-2.792939,-0.44451955,3
49.03147,0.8723713,39.238717761137075,-77.96761021280672,0,1,6032.094,-0.8844389,5,1,false,false,-19.830305,1.4207278,11.834438,-2.8008225,-0.48770285,3
49.032234,0.8726225,39.238710465039915,-77.96760882295054,0,1,6025.5166,-0.88492244,5,1,false,false,-18.778593,1.6937786,10.569937,-2.8090653,-0.49245718,3
49.04121,0.8728736,39.2387031689084,-77.96760754832658,0,1,6009.5874,-0.8829873,5,1,false,false,-17.60292,1.9162363,9.986668,-2.8167722,-0.42766637,3
49.04338,0.87312484,39.23869587277688,-77.96760639034875,0,1,5993.9146,-0.8817772,5,1,false,false,-20.677988,1.6029985,11.100832,-2.8235624,-0.3930122,3
49.04212,0.87337595,39.23868857667973,-77.96760523237091,0,1,5988.1313,-0.879599,5,1,false,false,-20.53229,1.3713092,12.187519,-2.8298955,-0.37049577,3
49.031536,0.873627,39.23868119048778,-77.96760407368612,0,1,6009.5273,-0.8812928,5,1,false,false,-17.783876,0.7107915,9.518486,-2.8362322,-0.39745566,3
49.025707,0.87387806,39.23867389435627,-77.96760314687968,0,1,6053.2456,-0.88322973,5,1,false,false,-20.142332,1.3260272,11.266516,-2.8430183,-0.4155986,3
49.02444,0.8741291,39.23866659822475,-77.96760210484102,0,1,6034.575,-0.88129276,5,1,false,false,-20.501541,1.6770722,11.865151,-2.8501792,-0.43873277,3
49.025295,0.8743801,39.238659302127594,-77.96760129397376,0,1,6004.785,-0.8812928,5,1,false,false,-19.931479,1.5118766,11.743092,-2.8576317,-0.45127326,3
49.023033,0.87463105,39.23865191593565,-77.9676004831065,0,1,6017.178,-0.8803258,5,1,false,false,-21.102377,1.465578,12.015144,-2.8652349,-0.45514423,3
49.01961,0.8748819,39.238644619804134,-77.96759967223923,0,0.9950522,6013.0806,-0.87766325,5,1,false,false,-20.62954,1.500797,11.786864,-2.8727841,-0.44580516,3
49.018223,0.8751328,39.23863723361219,-77.96759897731114,0,0.9603716,5994.8423,-0.8766951,5,1,false,false,-20.384209,1.551029,11.429021,-2.8800704,-0.42730173,3
49.01537,0.8753837,39.238629937480674,-77.96759839832222,0,0.9323809,5996.885,-0.87306565,5,1,false,false,-20.751963,1.4379663,12.112666,-2.8870668,-0.41102672,3
49.00904,0.87563443,39.23862255128873,-77.9675978193333,0,0.89602005,5997.398,-0.8711308,5,1,false,false,-20.936201,1.1853944,11.652107,-2.8938665,-0.40715566,3
49.001537,0.8758851,39.23861525519157,-77.96759735557661,0,0.86459184,5997.613,-0.8687102,5,1,false,false,-20.360601,1.1879134,11.718015,-2.900684,-0.40884215,3
48.99464,0.87613577,39.23860786896527,-77.96759689252687,0,0.8389286,6002.6567,-0.8660488,5,1,false,false,-20.62509,1.226258,11.161658,-2.907502,-0.4065869,3
48.98953,0.8763863,39.23860057286811,-77.9675965454163,0,0.80665255,5994.686,-0.8631447,5,1,false,false,-18.248768,1.1984094,9.514054,-2.9141366,-0.38643265,3
48.98451,0.87663686,39.23859318664181,-77.96759631353795,0,0.7760259,5996.7295,-0.8595141,5,1,false,false,-17.740007,1.1066213,9.776864,-2.9204109,-0.36570576,3
48.97819,0.8768873,39.23858580044986,-77.96759608165961,0,0.73608947,6000.079,-0.85757905,5,1,false,false,-17.890734,1.0450847,9.691658,-2.9263492,-0.34858662,3
48.969913,0.8771376,39.23857850435271,-77.96759584978126,0,0.70071524,5995.1836,-0.8544331,5,1,false,false,-16.951658,0.80424577,8.771852,-2.932118,-0.3476247,3
48.961784,0.87738794,39.23857111816076,-77.96759573454904,0,0.68009186,6003.698,-0.85273933,5,1,false,false,-15.631323,0.8079228,8.192429,-2.9379463,-0.34812313,3
48.953617,0.87763816,39.238563822063604,-77.96759573454904,0,0.66978,6010.4365,-0.85153025,5,1,false,false,-16.41401,0.8264181,9.348675,-2.9436786,-0.3415478,3
48.944817,0.87788826,39.238556435871665,-77.96759573454904,0,0.667653,6001.736,-0.8481419,5,1,false,false,-17.01482,0.92906255,9.104681,-2.9494543,-0.3492601,3
48.93764,0.87813836,39.23854904967972,-77.96759573454904,0,0.67039686,5993.4487,-0.8476583,5,1,false,false,-15.873372,0.8345109,8.540223,-2.9552414,-0.34607625,3
48.930622,0.8783883,39.23854175351384,-77.96759584978126,0,0.6748821,6000.066,-0.84475434,5,1,false,false,-14.780272,0.895105,7.728141,-2.9609642,-0.3372042,3
48.927845,0.8786382,39.2385343673219,-77.96759596572043,0,0.6795831,5999.572,-0.8442701,5,1,false,false,-14.316653,1.0746046,7.27593,-2.9662848,-0.2989747,3
48.92549,0.8788882,39.238527071224745,-77.96759619759878,0,0.68255794,5983.6523,-0.84233487,5,1,false,false,-14.501282,1.0251254,7.3836966,-2.9710042,-0.27106056,3
48.921776,0.87913793,39.2385196850328,-77.96759642947713,0,0.6863035,5986.7305,-0.83991456,5,1,false,false,-13.243628,0.8346906,6.299605,-2.975356,-0.25124308,3
48.915535,0.87938774,39.23851238893564,-77.96759666064852,0,0.6880605,6002.866,-0.84281856,5,1,false,false,-13.091904,0.52475697,5.6242723,-2.979366,-0.23724177,3
48.905827,0.87963754,39.2385050027437,-77.96759700846604,0,0.68739796,6022.2217,-0.84160936,5,1,false,false,-12.122747,0.38529062,6.1426916,-2.9833815,-0.243276,3
48.89085,0.87988704,39.23849770657782,-77.96759735557661,0,0.685687,6049.081,-0.8447542,5,1,false,false,-15.389695,-0.15225455,8.367961,-2.9876506,-0.28587657,3
48.85201,0.88013655,39.238490410480665,-77.96759770339413,0,0.68339026,6097.2065,-0.8437866,5,1,false,false,-23.662733,-1.1944495,15.657045,-2.9939363,-0.4934879,3
48.82149,0.8803858,39.23848302428872,-77.96759816644388,0,0.6791979,6155.846,-0.8457223,5,1,false,false,-23.175297,0.9654482,13.433858,-3.0041459,-0.71045154,3
48.82366,0.880635,39.23847572819157,-77.9675987454328,0,0.6773175,6086.102,-0.84451324,5,1,false,false,-22.733221,2.4899812,12.996955,-3.0166562,-0.7648266,3
48.835007,0.8808843,39.238468432025684,-77.96759944106783,0,0.67711717,5922.38,-0.83967227,5,1,false,false,-29.00682,2.454783,15.997113,-3.0286152,-0.6311363,3
48.818645,0.88113356,39.23846113592853,-77.96760013599592,0,0.67654663,5850.5234,-0.83604383,5,1,false,false,-27.371737,0.8970498,15.539593,-3.0371702,-0.39881822,3
48.789993,0.8813829,39.23845383983137,-77.96760094615624,0,0.6772867,5905.5645,-0.8278154,5,1,false,false,-24.239923,0.24120528,12.172206,-3.0422146,-0.22058347,3
48.764988,0.881632,39.238446543665496,-77.96760187296267,0,0.67950606,5927.451,-0.8227355,5,1,false,false,-19.915354,0.2791204,10.59232,-3.0450053,-0.13123529,3
48.749107,0.88188094,39.23843924756834,-77.96760279976911,0,0.68607223,5929.5156,-0.8154752,5,1,false,false,-15.350338,0.51954156,8.587923,-3.0470338,-0.12056716,3
48.744507,0.88212997,39.238431951471185,-77.96760384180777,0,0.702981,5970.6816,-0.8157166,5,1,false,false,-10.025054,0.80428886,5.3710337,-3.04893,-0.103800416,3
48.738163,0.8823792,39.23842474540009,-77.96760476861422,0,0.74334896,5985.445,-0.82854146,5,1,false,false,-15.559739,0.38435626,7.0060205,-3.0506155,-0.13118516,3
48.720448,0.88262826,39.238417449302936,-77.967605927299,0,0.7876631,5998.335,-0.8578214,5,1,false,false,-13.522505,-0.26943174,6.7734833,-3.0535493,-0.2319594,3
48.696587,0.8828772,39.23841015313706,-77.96760708527684,0,0.8327631,6090.1396,-0.8829873,5,1,false,false,-13.273519,-0.5838357,8.104813,-3.0584333,-0.35802653,3
48.68767,0.8831262,39.23840294713469,-77.96760824325467,0,0.8852771,6173.6875,-0.89750606,5,1,false,false,-13.118187,1.4311072,9.116411,-3.065337,-0.44752875,3
48.70363,0.8833754,39.23839565096881,-77.96760940193946,0,0.93046963,6120.6343,-0.9023457,5,1,false,false,-12.975859,1.9390857,8.14488,-3.0727274,-0.42321244,3
48.723892,0.8836246,39.23838844496644,-77.96761067585646,0,0.95980144,6064.682,-0.89944285,5,1,false,false,-13.996678,2.6082847,10.735163,-3.0795543,-0.39425078,3
48.747513,0.88387394,39.23838114886929,-77.96761194977347,0,0.98942626,6051.5635,-0.8854059,5,1,false,false,-12.946578,2.2733982,12.454462,-3.0856402,-0.31872457,3
48.746178,0.88412374,39.23837394279819,-77.96761333962966,0,0.9999999,5957.7,-0.8670167,5,1,false,false,-17.560074,0.14055777,20.020227,-3.0900865,-0.23065299,3
48.731094,0.8843734,39.2383667367271,-77.96761472948585,0,1,5952.282,-0.84596443,5,1,false,false,-15.045434,0.80199116,13.3651905,-3.0937183,-0.20167106,3
48.731014,0.88462305,39.238359530724736,-77.9676162352812,0,1,5997.803,-0.8256374,5,1,false,false,-8.932722,0.63664514,7.506612,-3.096322,-0.10343615,3
48.723404,0.8848728,39.23835223455885,-77.96761762513738,0,1,6008.0654,-0.8033773,5,1,false,false,-9.784844,0.46475035,7.804754,-3.0976586,-0.07671354,3
48.726,0.88512284,39.23834502855649,-77.96761913093273,0,1,6062.62,-0.7702272,5,1,false,false,-8.332821,1.0492986,6.3396506,-3.0990517,-0.08357769,3
48.728966,0.88537306,39.23833782248539,-77.96762075266726,0,1,6067.538,-0.74506295,5,1,false,false,-6.97122,0.28625637,4.843858,-3.100203,-0.06355681,3
48.73333,0.8856231,39.238330616483026,-77.96762225846263,0,1,6116.2207,-0.71602786,5,1,false,false,-11.178903,1.7660997,8.3622265,-3.101621,-0.11328874,3
48.755478,0.88587344,39.23832341041194,-77.96762388019715,0,1,6123.553,-0.683365,5,1,false,false,-11.425915,2.0027428,6.45712,-3.1038187,-0.14227818,3
48.765144,0.8861239,39.23831620434084,-77.96762550193168,0,1,6064.015,-0.64924985,5,1,false,false,-15.151193,1.2485247,10.55126,-3.1066513,-0.21685676,3
48.781918,0.88637453,39.238308998338475,-77.96762723889843,0,1,6113.0283,-0.61828065,5,1,false,false,-16.566483,2.4396734,11.178785,-3.1112902,-0.3248213,3
48.805515,0.8866252,39.238301792267386,-77.96762897657213,0,1,6064.232,-0.5882804,5,1,false,false,-14.353989,2.3950658,9.638734,-3.1167343,-0.31871164,3
48.83258,0.88687575,39.23829458626501,-77.9676307135389,0,1,5990.7866,-0.56626415,5,1,false,false,-17.855988,2.7778394,13.383027,-3.1220548,-0.32583043,3
48.85365,0.8871263,39.238287380193924,-77.96763256715177,0,1,5981.7505,-0.52634585,5,1,false,false,-17.278334,1.8554796,11.034278,-3.1273751,-0.30197176,3
48.86431,0.88737696,39.23828026421762,-77.96763442005769,0,1,5974.217,-0.48787916,5,1,false,false,-16.11627,1.5139356,11.530913,-3.132145,-0.2808359,3
48.8753,0.88762766,39.23827305821525,-77.96763638890279,0,1,6002.5864,-0.46199384,5,1,false,false,-12.983374,1.4801425,8.925161,-3.1369636,-0.28630093,3
48.884426,0.8878785,39.23826585214416,-77.96763835845483,0,1,6022.1626,-0.4305459,5,1,false,false,-9.475567,1.0402913,5.4450507,-3.1413581,-0.24255858,3
48.89267,0.8881294,39.23825873616786,-77.96764044323912,0,1,6061.613,-0.40103304,5,1,false,false,-12.719885,1.8027757,7.5569067,3.1375806,-0.27723274,3
48.919945,0.8883804,39.238251530165485,-77.96764241208422,0,1,6064.668,-0.38216293,5,1,false,false,-9.801527,2.316536,6.1472664,3.132829,-0.27342546,3
48.935883,0.8886316,39.23824441418918,-77.96764449686849,0,1,6011.648,-0.3746642,5,1,false,false,-11.799853,1.2671895,7.9895926,3.1283324,-0.28397816,3
48.95732,0.88888294,39.23823720811809,-77.96764669759193,0,1,6074.5537,-0.3765992,5,1,false,false,-12.478858,2.7481427,8.484384,3.1231544,-0.32067963,3
48.981495,0.88913447,39.238230092141784,-77.96764878237622,0,1,6046.2812,-0.38216284,5,1,false,false,-11.172032,1.8195937,7.362932,3.1182206,-0.2717806,3
48.994595,0.88938606,39.23822288613942,-77.96765098309966,0,1,6015.08,-0.39595196,5,1,false,false,-16.09502,2.0837135,10.970746,3.113352,-0.3258901,3
49.020016,0.8896378,39.238215770163116,-77.96765329976228,0,1,6052.688,-0.40804812,5,1,false,false,-13.441074,2.1757817,8.282032,3.107797,-0.31964695,3
49.029167,0.8898898,39.23820865418681,-77.96765561642489,0,1,6004.362,-0.42377123,5,1,false,false,-17.808668,1.3721312,12.695747,3.102504,-0.345752,3
49.044315,0.8901417,39.23820144811572,-77.96765793308752,0,1,6027.346,-0.43707672,5,1,false,false,-19.410704,2.7123513,12.952873,3.0960393,-0.41143113,3
49.05996,0.8903938,39.238194332139415,-77.96766036498236,0,1,5998.5024,-0.44626895,5,1,false,false,-17.372078,1.6650007,11.371111,3.0896366,-0.36543846,3
49.065662,0.89064604,39.23818721616311,-77.96766279758415,0,1,5976.7197,-0.4566724,5,1,false,false,-20.720789,1.9403963,13.927976,3.083248,-0.40889674,3
49.080994,0.89089835,39.2381801902816,-77.96766534541817,0,1,5998.3066,-0.4586074,5,1,false,false,-16.570957,1.8201394,9.8768425,3.0768301,-0.34028345,3
49.085094,0.8911507,39.23817307430529,-77.96766789395915,0,1,5967.9688,-0.4622361,5,1,false,false,-18.844156,1.264697,13.288389,3.0715885,-0.3177426,3
49.094826,0.89140314,39.23816595839771,-77.96767055773233,0,1,6002.667,-0.4605424,5,1,false,false,-16.119009,2.0664425,11.101817,3.0660992,-0.31635597,3
49.104553,0.89165574,39.23815893244747,-77.96767322221247,0,1,5999.0894,-0.45497882,5,1,false,false,-13.952057,0.96832114,8.23418,3.061524,-0.25092378,3
49.106846,0.89190835,39.23815190656595,-77.96767588598567,0,1,6015.7974,-0.44941515,5,1,false,false,-16.379292,1.8458033,10.422967,3.056881,-0.30551672,3
49.12714,0.8921611,39.23814479058965,-77.96767866569803,0,1,6041.7163,-0.4392538,5,1,false,false,-11.384,1.8038034,6.503179,3.0521173,-0.24942978,3
49.129837,0.8924139,39.238137764708135,-77.96768156134956,0,1,6015.383,-0.42788434,5,1,false,false,-15.400129,1.0722039,10.244773,3.0479767,-0.275199,3
49.146046,0.8926669,39.23813073882661,-77.96768434106194,0,1,6074.371,-0.4039359,5,1,false,false,-14.292537,2.321849,9.265822,3.0428534,-0.3142952,3
49.156715,0.89291996,39.2381237129451,-77.96768723671347,0,1,6040.8433,-0.37442198,5,1,false,false,-14.218095,0.86385465,9.933208,3.037799,-0.31466827,3
49.16145,0.893173,39.23811668706358,-77.96769024830418,0,1,6061.9395,-0.3287034,5,1,false,false,-17.685135,2.3106158,12.169946,3.0316703,-0.41664934,3
49.180145,0.8934263,39.238109661182065,-77.96769314395573,0,1,6073.8916,-0.2571033,5,1,false,false,-13.76812,1.6360452,8.89258,3.0250013,-0.36804956,3
49.18631,0.89367974,39.23810272532661,-77.96769627148561,0,1,5990.388,-0.16470572,5,1,false,false,-16.582596,1.6289781,13.441293,3.0192187,-0.34756732,3
49.208485,0.8939332,39.2380956994451,-77.96769928307631,0,1,6011.8003,-0.06675187,5,1,false,false,-12.664406,2.438587,10.091624,3.0137606,-0.27855167,3
49.221577,0.8941868,39.23808876365837,-77.96770240989926,0,1,5999.214,0.04740014,5,1,false,false,-10.538668,1.297641,7.773384,3.0101633,-0.16772401,3
49.236744,0.89444065,39.23808173770813,-77.96770565336831,0,1,6009.3774,0.17411876,5,1,false,false,-10.136358,2.2450051,8.8870535,3.0075922,-0.12803142,3
49.256306,0.8946945,39.2380748019214,-77.96770878019124,0,1,6020.973,0.2814824,5,1,false,false,-6.7421927,1.2512261,4.652042,3.0064003,-0.013815683,3
49.258247,0.8949486,39.23806786613467,-77.96771202366031,0,1,6042.0693,0.35063636,5,1,false,false,-7.013072,0.9883101,9.268131,3.0063899,0.0045943046,3
49.277737,0.8952028,39.23806093027922,-77.96771526712936,0,1,6108.487,0.3762667,5,1,false,false,-4.9933314,1.5336797,6.047584,3.0066736,0.04506076,3
49.2876,0.89545727,39.23805399449249,-77.96771850989147,0,1,6092.1025,0.3743318,5,1,false,false,-3.9770894,0.45903555,8.376438,3.0076456,0.0637715,3
49.315994,0.89571184,39.23804696854225,-77.96772175336054,0,1,6150.3813,0.33782136,5,1,false,false,-5.3036523,3.5518596,8.327604,3.0087395,0.07777639,3
49.358627,0.89596665,39.23804003275552,-77.96772511206181,0,1,6098.7104,0.29623234,5,1,false,false,-5.072512,2.1731935,6.660487,3.0105362,0.13302818,3
49.387424,0.8962217,39.23803309696879,-77.96772835482393,0,1,6042.1274,0.24085939,5,1,false,false,-5.5034733,2.9034133,10.18033,3.0128584,0.14044072,3
49.43612,0.8964772,39.23802616111334,-77.96773171423216,0,1,6073.2476,0.19612417,5,1,false,false,-5.6705847,2.6132672,7.7468176,3.0155246,0.18745162,3
49.464016,0.896733,39.23801922532661,-77.96773507293344,0,1,5990.8257,0.1605767,5,1,false,false,-5.5432177,1.9403797,11.606915,3.018971,0.21253157,3
49.50069,0.89698875,39.238012199445095,-77.96773843234168,0,1,6011.358,0.12672147,5,1,false,false,-4.94816,2.6660018,10.570153,3.0225036,0.21611165,3
49.524994,0.89724505,39.23800526358964,-77.96774179104295,0,1,6009.5225,0.1076166,5,1,false,false,-3.7542973,1.2639673,9.563148,3.0262606,0.22911386,3
49.54815,0.8975015,39.23799832773419,-77.96774514974423,0,1,6016.537,0.09987808,5,1,false,false,-2.8823712,2.1427243,12.384949,3.029926,0.20966868,3
49.57979,0.8977582,39.237991392016184,-77.96774850915247,0,1,6029.8706,0.09141427,5,1,false,false,-1.6310301,1.6672965,9.311158,3.0333188,0.19760813,3
49.597897,0.898015,39.23798445616073,-77.96775198379292,0,1,6019.8037,0.08923846,5,1,false,false,-0.7509111,1.5411667,16.255997,3.0364933,0.18221956,3
49.63201,0.89827234,39.237977430279216,-77.96775534249421,0,1,6064.8003,0.07883873,5,1,false,false,0.5318978,2.3470287,11.047973,3.0394523,0.16760983,3
49.657494,0.8985298,39.23797049442376,-77.96775870190244,0,1,6026.1816,0.063361675,5,1,false,false,0.9890193,1.3775935,8.043133,3.0420744,0.14524801,3
49.68807,0.89878744,39.23796355856831,-77.96776217654289,0,1,6037.99,0.03821058,5,1,false,false,1.4028887,2.7871957,9.788073,3.044398,0.12909934,3
49.721737,0.89904547,39.237956532686795,-77.96776553524418,0,1,6023.854,-0.005804956,5,1,false,false,1.3552873,1.4018606,8.178437,3.046294,0.0966198,3
49.734276,0.8993036,39.23794959696879,-77.96776889394546,0,1,6021.642,-0.048370898,5,1,false,false,0.89270115,1.2229111,13.2187605,3.0476727,0.07780496,3
49.75956,0.89956194,39.237942571087274,-77.96777236929286,0,1,6110.609,-0.09238831,5,1,false,false,0.10590327,1.6546249,8.533504,3.0487506,0.048660573,3
49.776318,0.89982045,39.23793554506831,-77.96777572799415,0,1,6089.9175,-0.13713333,5,1,false,false,-1.2545921,1.0819348,11.597679,3.0492558,0.011805519,3
49.815075,0.9000792,39.237928609350305,-77.96777908669543,0,1,6106.16,-0.16252938,5,1,false,false,-1.0273244,3.417465,10.938019,3.0491028,-0.0340232,3
49.852062,0.9003381,39.23792158346878,-77.96778244610367,0,1,6060.014,-0.18526481,5,1,false,false,-1.003229,1.7738545,8.744509,3.0482352,-0.0727263,3
49.87761,0.9005972,39.23791455758727,-77.96778592074412,0,1,6047.29,-0.19276345,5,1,false,false,-2.2700334,2.117437,11.093289,3.046749,-0.11091187,3
49.91044,0.90085655,39.237907621731814,-77.9677892794454,0,1,6078.427,-0.18913569,5,1,false,false,-0.8945558,1.7389941,7.5989795,3.0447364,-0.12585025,3
49.929863,0.9011161,39.2379005958503,-77.96779275408586,0,1,6049.6523,-0.17704137,5,1,false,false,-2.901353,1.4607097,11.691572,3.0424988,-0.1432893,3
49.958885,0.9013757,39.23789356996878,-77.96779611349409,0,1,6089.2397,-0.16180372,5,1,false,false,-2.406311,2.249882,9.879432,3.0398996,-0.16115479,3
49.977264,0.9016355,39.23788654408727,-77.96779958813455,0,1,6090.6777,-0.14027753,5,1,false,false,-3.2644372,0.7122796,11.019088,3.0371895,-0.16776282,3
49.99725,0.9018955,39.23787951820575,-77.967803062775,0,1,6131.5156,-0.1194772,5,1,false,false,-4.856223,2.2734497,14.820286,3.0341709,-0.19791009,3
50.034122,0.90215564,39.2378725823503,-77.96780642218323,0,1,6123.0933,-0.10133748,5,1,false,false,-3.0619798,2.0525622,8.803286,3.0309312,-0.18682611,3
50.06233,0.90241593,39.23786555646878,-77.9678098968237,0,1,6074.027,-0.07981139,5,1,false,false,-3.7089102,2.4435728,8.897411,3.0279593,-0.17741218,3
50.10263,0.90267646,39.23785853058727,-77.96781337146415,0,1,6090.811,-0.064815946,5,1,false,false,-3.0367684,2.4265833,7.493493,3.0253332,-0.12970822,3
50.126175,0.9029373,39.23785150470575,-77.9678168461046,0,1,6044.136,-0.056835644,5,1,false,false,-3.9724486,0.74383414,8.943661,3.0236306,-0.08108726,3
50.142452,0.9031981,39.23784447868679,-77.96782043668424,0,1,6093.385,-0.055626385,5,1,false,false,-2.8449426,1.6701571,9.259492,3.022268,-0.07375342,3
50.159172,0.9034591,39.23783745280527,-77.96782391132469,0,1,6151.517,-0.058527466,5,1,false,false,-2.7849624,0.6634325,6.680804,3.0211675,-0.05795388,3
50.171455,0.90372014,39.23783042692376,-77.9678273866721,0,1,6168.4585,-0.06022117,5,1,false,false,-3.6807868,2.1266782,7.125695,3.0200565,-0.073635615,3
50.213528,0.90398145,39.237823401042235,-77.96783097725172,0,1,6168.2656,-0.07134661,5,1,false,false,-3.4635267,2.1603863,6.2949677,3.0189102,-0.057784956,3
50.232426,0.90424293,39.23781637516072,-77.96783445189217,0,1,6118.824,-0.085616335,5,1,false,false,-3.3929963,1.3811383,9.208055,3.0180066,-0.055328365,3
50.26686,0.90450454,39.237809439305266,-77.96783804247181,0,1,6191.7656,-0.10423952,5,1,false,false,-3.4045546,2.5268414,7.0542483,3.0169728,-0.062482268,3
50.29367,0.9047664,39.23780241342375,-77.96784163305144,0,1,6152.7583,-0.11439793,5,1,false,false,-3.0097938,1.5420064,6.7836437,3.0160904,-0.046736136,3
50.326824,0.9050284,39.237795387542235,-77.96784522363107,0,1,6140.7188,-0.123830654,5,1,false,false,-3.7215583,2.6687846,6.932071,3.01528,-0.04990313,3
50.35758,0.9052906,39.23778836166072,-77.9678488142107,0,1,6147.7866,-0.14269605,5,1,false,false,-3.2458255,1.39799,5.134084,3.0146027,-0.032163244,3
50.372753,0.9055529,39.237781335779204,-77.96785240479032,0,1,6148.929,-0.15261325,5,1,false,false,-5.697611,1.4755329,10.617353,3.0139825,-0.05434928,3
50.4021,0.90581536,39.23777430989769,-77.96785599536996,0,1,6199.94,-0.16446444,5,1,false,false,-4.597362,2.0528631,8.118352,3.0126364,-0.09892815,3
50.425064,0.90607804,39.23776728401617,-77.96785970188876,0,1,6163.0264,-0.16809309,5,1,false,false,-3.5403686,0.73189396,6.379087,3.0109136,-0.11097369,3
50.460728,0.90634084,39.23776025813465,-77.9678632924684,0,1,6197.5225,-0.17123637,5,1,false,false,-2.3517153,3.235648,4.4023395,3.0089629,-0.11180721,3
50.498035,0.9066039,39.237753232253134,-77.96786699898719,0,1,6154.7593,-0.17776704,5,1,false,false,-4.5900145,1.5429978,4.575283,3.0074775,-0.07837568,3
50.515293,0.9068671,39.23774620637162,-77.967870705506,0,1,6118.825,-0.17051063,5,1,false,false,-9.265921,1.5002058,16.704224,3.0058804,-0.13900158,3
50.532288,0.90713036,39.2377391804901,-77.9678744120248,0,1,6202.3774,-0.1734136,5,1,false,false,-5.585536,0.08336623,10.844864,3.0029047,-0.20659672,3
50.545837,0.9073937,39.23773215460859,-77.9678781185436,0,1,6266.1367,-0.159143,5,1,false,false,-4.140661,2.5337994,7.912148,2.9990516,-0.24339518,3
50.608303,0.90765727,39.237725218753134,-77.96788182435546,0,1,6215.173,-0.14438885,5,1,false,false,-3.9709046,5.0095067,6.6329813,2.995241,-0.1881431,3
50.657543,0.90792114,39.23771819287162,-77.96788564681343,0,1,6020.1763,-0.12068641,5,1,false,false,-5.7650013,2.181137,6.2645426,2.9929273,-0.1007192,3
50.677845,0.9081852,39.2377111669901,-77.96788935333224,0,1,6070.3945,-0.098919,5,1,false,false,-5.3590984,0.7937725,11.431075,2.9914875,-0.08449152,3
50.676582,0.90844935,39.23770414110859,-77.96789317579021,0,1,6212.4165,-0.07884436,5,1,false,false,-3.7207963,0.04598792,7.8541584,2.9900885,-0.0842763,3
50.685947,0.9087134,39.237697115227064,-77.96789699754125,0,1,6242.2144,-0.058769695,5,1,false,false,-4.9043393,1.5740737,9.074861,2.9884784,-0.11340008,3
50.730568,0.9089777,39.23769008920811,-77.96790081999922,0,1,6217.713,-0.042323723,5,1,false,false,-4.808985,2.8902178,9.624936,2.9864395,-0.12352303,3
50.765984,0.90924215,39.237683153490096,-77.96790464245719,0,1,6148.6216,-0.022975735,5,1,false,false,-4.602088,1.8437217,10.531918,2.9844644,-0.11696545,3
50.79245,0.9095068,39.23767612760858,-77.96790846491517,0,1,6182.9956,-0.0043534795,5,1,false,false,-3.1075983,1.5803337,7.6885004,2.982566,-0.101267554,3
50.820805,0.90977156,39.237669101727064,-77.96791240260536,0,1,6214.448,0.018379088,5,1,false,false,-3.6587539,2.239138,5.65075,2.9812653,-0.05974822,3
50.85925,0.91003644,39.23766207584555,-77.96791622506335,0,1,6157.869,0.040144634,5,1,false,false,-3.3762798,2.5236092,9.49987,2.980591,-0.017379977,3
50.893307,0.9103015,39.237655049826586,-77.96792016275354,0,1,6120.5864,0.05804114,5,1,false,false,-3.155197,1.6744821,9.50939,2.980605,0.02024237,3
50.906612,0.9105668,39.23764802394507,-77.9679241011507,0,1,6179.4907,0.078355215,5,1,false,false,-2.8237278,1.0542064,11.835085,2.9810631,0.030424394,3
50.9306,0.910832,39.237641088227065,-77.96792792360867,0,1,6245.4277,0.095767274,5,1,false,false,-2.0970385,2.2666454,9.368221,2.9815848,0.03597388,3
50.96056,0.91109747,39.23763406234555,-77.96793186129887,0,1,6185.5923,0.11342064,5,1,false,false,-1.9202092,1.937126,8.548546,2.9823923,0.0553008,3
50.999508,0.91136295,39.237627036326586,-77.96793579969602,0,1,6171.1333,0.1288977,5,1,false,false,-1.2836024,2.569503,9.979505,2.9834087,0.06930495,3
51.029232,0.9116287,39.23762001044507,-77.96793973738622,0,1,6169.852,0.13542746,5,1,false,false,-0.55993724,1.7155247,9.16143,2.9847457,0.08907856,3
51.056026,0.9118945,39.237612984563555,-77.96794367578337,0,1,6167.3013,0.14050579,5,1,false,false,0.32902685,1.6170255,8.742698,2.9863458,0.104961805,3
51.078205,0.9121604,39.23760595868204,-77.96794761418052,0,1,6183.483,0.14244026,5,1,false,false,1.2454666,1.3164334,13.250462,2.9882267,0.123743564,3
51.100384,0.9124265,39.237598932800516,-77.96795155187073,0,1,6209.063,0.14655103,5,1,false,false,2.0429754,1.5682857,15.914332,2.9904358,0.1408891,3
51.12307,0.9126925,39.237591906919,-77.96795549026787,0,1,6221.934,0.14800204,5,1,false,false,2.531704,1.4342,14.698032,2.9930208,0.16051592,3
51.154007,0.9129587,39.237584881037485,-77.96795942795808,0,1,6229.285,0.14195673,5,1,false,false,3.1973658,2.511729,14.606162,2.9959512,0.17568734,3
51.19112,0.91322505,39.237577765129906,-77.96796336635522,0,1,6186.457,0.13083221,5,1,false,false,3.6206467,2.3225067,12.897616,2.9989855,0.17228857,3
51.223186,0.91349167,39.23757073924839,-77.96796730404542,0,1,6144.5615,0.11874163,5,1,false,false,3.3066242,1.874166,11.709865,3.0017467,0.14957775,3
51.2448,0.9137583,39.237563623203364,-77.9679711265034,0,1,6164.8413,0.10012028,5,1,false,false,3.6574564,1.2659554,13.621921,3.004004,0.12288297,3
51.261272,0.9140251,39.23755659732185,-77.96797506490054,0,1,6190.827,0.08609422,5,1,false,false,3.4279668,1.1507235,14.053047,3.0058665,0.10464488,3
51.279423,0.9142919,39.23754948141426,-77.96797888665158,0,1,6205.6567,0.07496968,5,1,false,false,1.7908239,1.3328333,8.87473,3.0074875,0.08909386,3
51.301025,0.9145589,39.2375424553953,-77.96798282504872,0,1,6234.492,0.0621524,5,1,false,false,1.9481914,1.60368,5.774737,3.0087838,0.06913619,3
51.327675,0.9148259,39.23753533948772,-77.9679866475067,0,1,6234.6416,0.057798915,5,1,false,false,2.9789336,1.5386927,5.960608,3.0096898,0.050597597,3
51.341526,0.9150931,39.23752822358014,-77.96799046925773,0,1,6219.5293,0.06747384,5,1,false,false,3.9555943,0.48284262,15.8152075,3.0106559,0.07527028,3
51.343464,0.91536033,39.237521107535116,-77.96799440765487,0,1,6312.8345,0.08270871,5,1,false,false,3.8441384,0.69370794,15.427632,3.0121934,0.11059217,3
51.35992,0.9156276,39.23751399162753,-77.96799823011285,0,1,6407.155,0.09262398,5,1,false,false,3.0494213,3.0632691,11.214987,3.014451,0.13208999,3
51.436726,0.9158951,39.237506875582504,-77.96800205186388,0,1,6270.086,0.09576727,5,1,false,false,5.136155,3.7706838,12.341263,3.0166965,0.11615986,3
51.47926,0.9161629,39.237499759674925,-77.96800587432186,0,1,6083.105,0.101571314,5,1,false,false,3.109429,3.0605474,11.09134,3.0186377,0.095872864,3
51.49569,0.9164309,39.2374926436299,-77.96800958084066,0,1,6189.204,0.106891334,5,1,false,false,4.1056576,0.3280871,11.534767,3.019956,0.06202413,3
51.500805,0.91669893,39.23748543769625,-77.96801340329864,0,1,6262.4053,0.09963678,5,1,false,false,4.6793523,0.8928153,11.43172,3.0208807,0.054620486,3
51.51863,0.91696703,39.237478321651224,-77.96801722504966,0,1,6220.57,0.09746053,5,1,false,false,4.3900957,1.5288396,12.829637,3.0218036,0.06312334,3
51.538677,0.9172353,39.237471205743645,-77.96802093156846,0,1,6236.682,0.09842799,5,1,false,false,4.072936,1.3145447,11.806527,3.0229964,0.081501,3
51.554394,0.9175036,39.23746399967255,-77.96802475402644,0,1,6285.8057,0.09141425,5,1,false,false,3.2871768,1.177336,8.811409,3.024492,0.096608534,3
51.575474,0.91777205,39.23745679360146,-77.96802846054524,0,1,6294.8887,0.08367524,5,1,false,false,3.1515658,1.7100123,7.390706,3.0261428,0.10163355,3
51.601814,0.9180406,39.23744967769388,-77.96803216706405,0,1,6285.595,0.07690469,5,1,false,false,2.7843053,1.8353323,7.357818,3.0278268,0.10111528,3
51.624264,0.9183093,39.237442471622785,-77.96803587358285,0,1,6291.86,0.07255119,5,1,false,false,2.7759159,1.4838344,7.1139493,3.029462,0.099099934,3
51.643444,0.9185781,39.237435265551696,-77.96803958010166,0,1,6321.9683,0.06989143,5,1,false,false,3.2312803,1.3530812,7.9584618,3.0311096,0.102739915,3
51.661797,0.918847,39.23742805948061,-77.96804328591351,0,1,6344.6904,0.07109974,5,1,false,false,3.4026814,1.3260442,9.041114,3.0329044,0.114373386,3
51.6866,0.91911614,39.23742085340951,-77.9680469924323,0,1,6358.173,0.07327692,5,1,false,false,3.8513522,2.0333014,8.837266,3.034937,0.12802796,3
51.72109,0.9193853,39.23741364747587,-77.96805069895112,0,1,6338.073,0.07327694,5,1,false,false,4.3347244,2.4734743,9.097534,3.0371375,0.131861,3
51.758305,0.9196548,39.23740644140477,-77.96805440546991,0,1,6289.6543,0.0742449,5,1,false,false,4.554283,2.383232,10.160938,3.0392733,0.12073604,3
51.7893,0.91992444,39.23739923533368,-77.96805811198873,0,1,6266.9062,0.076178946,5,1,false,false,4.747188,1.8877989,10.398366,3.0411325,0.10179732,3
51.812218,0.9201942,39.23739193923653,-77.96806170256835,0,1,6279.1006,0.07835521,5,1,false,false,5.384166,1.5456342,11.041647,3.04271,0.09055459,3
51.83318,0.9204641,39.237384733165435,-77.96806540908715,0,1,6290.976,0.07617897,5,1,false,false,5.035584,1.5300566,10.234529,3.044177,0.08655171,3
51.854603,0.92073417,39.23737743706828,-77.96806899966678,0,1,6294.895,0.074244894,5,1,false,false,4.8078694,1.5655367,10.42023,3.0456042,0.08507789,3
51.877213,0.92100435,39.237370230997186,-77.96807259024641,0,1,6305.36,0.07013365,5,1,false,false,4.6999264,1.6441067,9.902359,3.0470114,0.08360174,3
51.899307,0.92127466,39.237362934900034,-77.96807618082605,0,1,6309.996,0.06384609,5,1,false,false,4.283926,1.5778147,9.153708,3.0483854,0.080815054,3
51.922394,0.9215451,39.237355638802875,-77.96807977140567,0,1,6316.024,0.057316355,5,1,false,false,4.3910494,1.6672198,10.619756,3.0497081,0.07829188,3
51.94605,0.9218157,39.23734834270572,-77.96808336198531,0,1,6318.5986,0.05223713,5,1,false,false,4.103734,1.6581296,9.255973,3.0510097,0.07653169,3
51.969543,0.9220864,39.23734113663463,-77.96808695256493,0,1,6320.3506,0.049335107,5,1,false,false,4.125274,1.6454526,8.883063,3.0522442,0.07242706,3
51.993526,0.92235726,39.237333840537474,-77.96809042720538,0,1,6326.7876,0.045949586,5,1,false,false,4.0934157,1.7208792,9.506027,3.0534232,0.06896102,3
52.018166,0.92262834,39.23732645427681,-77.96809401778502,0,1,6325.3457,0.045949593,5,1,false,false,3.6486018,1.6528008,8.141079,3.0545027,0.060343195,3
52.041256,0.92289954,39.23731915817965,-77.96809760836464,0,1,6326.3506,0.049093835,5,1,false,false,3.5534983,1.5842892,8.614741,3.055449,0.054587003,3
52.063824,0.92317075,39.23731186208249,-77.96810108371204,0,1,6340.2456,0.051511392,5,1,false,false,3.6466112,1.5580364,8.939912,3.0563486,0.054681145,3
52.085777,0.92344224,39.23730456598534,-77.96810455835251,0,1,6345.393,0.05973484,5,1,false,false,3.3749895,1.4841001,7.838553,3.0572472,0.0546335,3
52.10758,0.92371374,39.23729717972467,-77.96810814893213,0,1,6355.1123,0.06602238,5,1,false,false,4.024213,1.5620693,10.426892,3.0582101,0.0634054,3
52.132133,0.9239855,39.23728988362752,-77.9681116235726,0,1,6364.806,0.07424491,5,1,false,false,4.1832013,1.7192292,9.956112,3.0593743,0.07544939,3
52.155876,0.9242572,39.237282497504296,-77.96811509821305,0,1,6357.105,0.080774195,5,1,false,false,4.0508823,1.6543984,9.371704,3.060739,0.087810524,3
52.183342,0.92452925,39.237275201269696,-77.96811857285351,0,1,6363.45,0.08464323,5,1,false,false,4.402848,2.0507765,11.172144,3.062306,0.097662024,3
52.213276,0.92480135,39.237267815146474,-77.96812204820091,0,1,6343.118,0.087061726,5,1,false,false,4.5549707,1.9439384,9.872199,3.0639322,0.096115015,3
52.24009,0.9250736,39.23726042888581,-77.96812540690219,0,1,6323.226,0.086094245,5,1,false,false,4.141681,1.744985,7.9460044,3.0654743,0.08782504,3
52.26279,0.925346,39.23725304276259,-77.96812888154265,0,1,6340.1167,0.082708694,5,1,false,false,4.4526873,1.5017114,9.569514,3.06689,0.082986094,3
52.283577,0.92561847,39.23724574666543,-77.9681323561831,0,1,6347.735,0.07835521,5,1,false,false,3.7745287,1.4476571,8.503338,3.0682116,0.07552167,3
52.302258,0.92589104,39.23723836040477,-77.96813571559133,0,1,6354.704,0.073519155,5,1,false,false,3.8342185,1.1662469,8.290304,3.0694454,0.07531043,3
52.32134,0.9261636,39.237230884118034,-77.9681391902318,0,1,6387.67,0.0665059,5,1,false,false,3.8792503,1.4113821,8.798767,3.0707645,0.0829056,3
52.342,0.9264364,39.23722349799481,-77.96814254893307,0,1,6398.051,0.060701862,5,1,false,false,3.734348,1.4615422,9.308201,3.0721905,0.08838426,3
52.365955,0.9267093,39.23721611173415,-77.96814590834131,0,1,6398.5093,0.05731634,5,1,false,false,3.76377,1.7780166,9.380404,3.0737112,0.093543805,3
52.39392,0.92698234,39.23720872561093,-77.96814926704259,0,1,6400.3633,0.050785657,5,1,false,false,3.8892763,1.9079797,8.783792,3.0752876,0.09394173,3
52.423138,0.92725545,39.237201249324194,-77.96815262574387,0,1,6382.045,0.0471579,5,1,false,false,3.7969818,1.970342,8.530322,3.0768015,0.08597559,3
52.45145,0.92752886,39.23719386306353,-77.96815598515211,0,1,6367.4194,0.045223854,5,1,false,false,3.765134,1.8144308,8.370505,3.0781233,0.072278716,3
52.475876,0.9278023,39.2371863867768,-77.96815934385339,0,1,6369.117,0.043289803,5,1,false,false,3.812347,1.5411994,9.203818,3.0792105,0.059140462,3
52.497242,0.92807585,39.237179000653576,-77.96816270255466,0,1,6379.7397,0.04232184,5,1,false,false,3.8611212,1.4267006,8.923127,3.0801353,0.0535966,3
52.517902,0.9283495,39.23717152436685,-77.9681660619629,0,1,6392.754,0.04208056,5,1,false,false,3.6499996,1.40452,8.854991,3.0810156,0.052958935,3
52.53956,0.9286234,39.23716404808012,-77.96816930472501,0,1,6405.1895,0.042806294,5,1,false,false,3.5091465,1.5433182,8.426792,3.0819087,0.05411809,3
52.563816,0.92889726,39.237156661956895,-77.96817266413325,0,1,6408.1577,0.042806294,5,1,false,false,3.3152957,1.6528777,8.027243,3.0828032,0.052821983,3
52.58889,0.9291713,39.23714918567016,-77.96817590689535,0,1,6404.8647,0.042080555,5,1,false,false,3.2501578,1.676331,7.6346235,3.083653,0.04978181,3
52.613483,0.92944545,39.23714170938344,-77.96817926630358,0,1,6407.959,0.041596103,5,1,false,false,3.1284018,1.575166,7.621433,3.0844595,0.047712322,3
52.63692,0.92971975,39.237134233096704,-77.9681825090657,0,1,6413.723,0.040386856,5,1,false,false,3.0688763,1.4999567,8.371303,3.0852358,0.04649551,3
52.658955,0.9299942,39.23712675680997,-77.96818575253475,0,1,6422.624,0.03966206,5,1,false,false,3.0962868,1.456507,8.765199,3.0860245,0.04940962,3
52.681667,0.9302687,39.23711928052324,-77.96818899529686,0,1,6435.797,0.03506728,5,1,false,false,3.0681708,1.5255369,9.139278,3.086889,0.05442124,3
52.706997,0.9305434,39.23711171421045,-77.96819223876592,0,1,6438.4487,0.03168082,5,1,false,false,2.9946084,1.7305347,8.591398,3.0878265,0.05709637,3
52.735054,0.93081814,39.23710423792372,-77.96819548152803,0,1,6428.8066,0.026118092,5,1,false,false,2.9829426,1.8555924,8.996179,3.0887594,0.054147184,3
52.763596,0.93109316,39.237096761636984,-77.96819872499708,0,1,6417.856,0.020315012,5,1,false,false,3.0644531,1.8142006,10.533845,3.0896192,0.048760027,3
52.789948,0.93136823,39.23708919532419,-77.9682019677592,0,1,6413.171,0.013543025,5,1,false,false,3.3026316,1.660669,11.645499,3.090396,0.04510384,3
52.81427,0.9316434,39.237081719037455,-77.96820521122825,0,1,6416.3945,0.004836996,5,1,false,false,2.7192006,1.5629565,11.004232,3.0911114,0.038761515,3
52.838253,0.9319188,39.23707415272466,-77.96820845399037,0,1,6420.7817,-0.0019349861,5,1,false,false,2.7189004,1.6204497,10.153149,3.0917177,0.033002127,3
52.86456,0.93219423,39.237066676437934,-77.96821169745942,0,1,6418.29,-0.011851202,5,1,false,false,2.391821,1.7181938,9.590193,3.0921826,0.02153158,3
52.889572,0.9324698,39.23705911012514,-77.96821482428236,0,1,6406.185,-0.018139672,5,1,false,false,1.8900172,1.6004351,9.023193,3.0924242,0.007533834,3
52.912598,0.93274546,39.23705154381234,-77.96821806775142,0,1,6414.8022,-0.026362194,5,1,false,false,1.6725502,1.4082531,8.7031145,3.0924225,-0.0064555914,3
52.932354,0.9330213,39.23704406752561,-77.9682211952813,0,1,6429.925,-0.030957898,5,1,false,false,1.4073251,1.2381431,8.086921,3.0922205,-0.015287358,3
52.951523,0.9332973,39.237036501075366,-77.9682244380434,0,1,6448.173,-0.034826938,5,1,false,false,1.2038182,1.285842,8.704211,3.0919118,-0.020122912,3
52.972336,0.93357325,39.23702893476257,-77.9682275655733,0,1,6465.694,-0.032649714,5,1,false,false,0.9790492,1.3844486,8.885399,3.0915532,-0.022186931,3
52.994923,0.9338494,39.23702136844978,-77.9682308083354,0,1,6473.778,-0.031682696,5,1,false,false,0.63698834,1.5009837,8.502879,3.0911732,-0.02362303,3
53.02143,0.93412566,39.237013802136985,-77.96823393586529,0,1,6476.823,-0.033617686,5,1,false,false,0.659987,1.7826957,9.150366,3.0907626,-0.024692668,3
53.05014,0.9344021,39.23700623568674,-77.96823717933435,0,1,6465.212,-0.034826934,5,1,false,false,0.26972264,1.8481004,10.931107,3.0903246,-0.02847979,3
53.07917,0.9346787,39.236998669373946,-77.96824030615728,0,1,6452.443,-0.036760982,5,1,false,false,0.13059062,1.7820802,9.890971,3.0898254,-0.03180139,3
53.10567,0.93495536,39.23699110306115,-77.96824354962635,0,1,6448.443,-0.039906144,5,1,false,false,-0.22972164,1.6430771,9.698871,3.0892618,-0.03655525,3
53.131363,0.93523216,39.236983536748355,-77.96824679238846,0,1,6447.663,-0.037728935,5,1,false,false,-0.3488198,1.6392293,9.288103,3.0886123,-0.040830754,3
53.155746,0.9355092,39.23697597043556,-77.96824991991834,0,1,6441.944,-0.03676098,5,1,false,false,-0.34566167,1.500499,8.596668,3.0879095,-0.042893816,3
53.177982,0.93578625,39.23696831395925,-77.96825316268045,0,1,6448.4175,-0.032649714,5,1,false,false,-0.3758996,1.3672976,8.443819,3.087181,-0.043370966,3
53.197815,0.9360634,39.23696074764646,-77.96825629021033,0,1,6466.9756,-0.026119964,5,1,false,false,-0.5284323,1.2221816,8.947297,3.0864503,-0.043821786,3
53.217148,0.9363408,39.23695318119622,-77.96825953367939,0,1,6485.0405,-0.020557232,5,1,false,false,-0.54845077,1.2287668,8.691225,3.085723,-0.042776976,3
53.237724,0.9366182,39.236945614883425,-77.9682627764415,0,1,6500.2144,-0.011125468,5,1,false,false,-0.55833226,1.3728335,8.647391,3.085017,-0.041559435,3
53.262512,0.9368957,39.23693795854456,-77.96826590397139,0,1,6508.5107,-0.0026607206,5,1,false,false,-0.54699874,1.70715,8.732139,3.0843525,-0.03748381,3
53.290947,0.93717337,39.23693039209432,-77.96826914673349,0,1,6497.018,0.0038690364,5,1,false,false,-0.5203705,1.8082956,9.533801,3.0837865,-0.030334327,3
53.319294,0.93745124,39.23692273575546,-77.96827239020256,0,1,6483.0596,0.011608042,5,1,false,false,-0.7108536,1.7365162,10.283408,3.0833485,-0.022590823,3
53.345634,0.9377292,39.23691516944267,-77.96827551773244,0,1,6482.317,0.017412998,5,1,false,false,-0.84615564,1.5989949,10.593012,3.0830278,-0.016435854,3
53.370228,0.9380073,39.236907602992424,-77.96827876049456,0,1,6483.707,0.02200684,5,1,false,false,-0.5754455,1.5640771,11.236049,3.0828133,-0.009139164,3
53.39495,0.9382855,39.236899946653566,-77.96828200396361,0,1,6483.1895,0.02418404,5,1,false,false,-0.4563027,1.5982417,11.617493,3.0827427,0.00013937047,3
53.419758,0.93856394,39.23689229017726,-77.96828524672571,0,1,6480.084,0.02708606,5,1,false,false,-0.526448,1.5652767,11.457099,3.0828197,0.008308355,3
53.44386,0.9388424,39.23688472386446,-77.96828849019478,0,1,6478.2686,0.02805402,5,1,false,false,-0.323139,1.5300138,11.249833,3.0830226,0.016189272,3
53.46728,0.939121,39.23687706738816,-77.96829173295689,0,1,6480.6714,0.025152002,5,1,false,false,-0.28961122,1.4994584,12.240549,3.0833476,0.022382587,3
53.48998,0.9393997,39.23686950107536,-77.96829486048676,0,1,6481.873,0.023941815,5,1,false,false,-0.19790764,1.481612,11.782634,3.0837624,0.026326008,3
53.512276,0.9396786,39.2368618447365,-77.96829810324888,0,1,6485.6235,0.020315005,5,1,false,false,-0.13104227,1.4515606,11.433972,3.0842168,0.027172241,3
53.534966,0.93995756,39.236854188260196,-77.96830134671794,0,1,6489.414,0.016445039,5,1,false,false,-0.013256416,1.4808183,9.899527,3.0846908,0.028457938,3
53.557617,0.9402366,39.23684653178389,-77.96830458948004,0,1,6490.105,0.008706033,5,1,false,false,-0.010965005,1.4469755,8.783085,3.085159,0.027415998,3
53.57944,0.9405158,39.236838965471094,-77.96830783294911,0,1,6492.3413,0.00096702564,5,1,false,false,0.13335438,1.3828746,8.703931,3.0856,0.025848908,3
53.59946,0.9407952,39.23683130899479,-77.96831107571121,0,1,6499.4795,-0.0082234545,5,1,false,false,-0.096395135,1.2173423,8.699997,3.0859857,0.021098157,3
53.61701,0.94107455,39.23682365251848,-77.96831431918028,0,1,6519.3765,-0.01306045,5,1,false,false,-0.07946045,1.1224821,8.367349,3.0862818,0.015091649,3
53.634884,0.94135404,39.23681599631707,-77.96831756264933,0,1,6544.911,-0.017897446,5,1,false,false,0.010628261,1.1990304,7.7620697,3.0864925,0.01082051,3
53.655525,0.9416337,39.23680833984076,-77.96832080541144,0,1,6555.293,-0.022975728,5,1,false,false,0.042255066,1.4190617,7.542662,3.0866385,0.0070820698,3
53.680103,0.9419134,39.23680068336446,-77.9683240488805,0,1,6553.8315,-0.02563645,5,1,false,false,-0.036988128,1.6103468,8.2673855,3.0867083,0.0021943955,3
53.70543,0.94219327,39.23679302688815,-77.96832729164261,0,1,6550.8457,-0.031923987,5,1,false,false,-0.053902857,1.5831183,9.245174,3.0866978,-0.0031231237,3
53.729954,0.9424733,39.236785370411845,-77.96833053511166,0,1,6553.6055,-0.03482694,5,1,false,false,-0.44140115,1.5628053,9.254536,3.0865993,-0.009592374,3
53.755524,0.94275343,39.23677771421043,-77.96833377787378,0,1,6554.403,-0.034101192,5,1,false,false,-0.41166872,1.6765301,8.663983,3.086366,-0.017961074,3
53.78235,0.94303375,39.23677005773413,-77.96833702134283,0,1,6544.197,-0.03506916,5,1,false,false,-0.23072545,1.7171007,8.3946705,3.0860212,-0.022730777,3
53.80962,0.94331414,39.23676240125782,-77.96834026410494,0,1,6531.5576,-0.03748672,5,1,false,false,-0.30492118,1.6265266,8.933718,3.0856266,-0.024154408,3
53.83312,0.9435947,39.236754744781514,-77.968343507574,0,1,6529.1846,-0.033858985,5,1,false,false,-0.5657464,1.3608516,8.720233,3.0851765,-0.029261753,3
53.8531,0.9438753,39.23674699841659,-77.96834675033611,0,1,6545.701,-0.03071567,5,1,false,false,-0.60254055,1.2033076,8.4553995,3.0846508,-0.0326698,3
53.8722,0.9441561,39.236739341940286,-77.96835010974435,0,1,6562.6846,-0.029989934,5,1,false,false,-0.477757,1.240915,8.4453125,3.08409,-0.033243403,3
53.893383,0.94443697,39.23673168546398,-77.96835335250645,0,1,6570.7695,-0.02515294,5,1,false,false,-0.5896266,1.3833295,8.929717,3.0835245,-0.03395369,3
53.916885,0.944718,39.23672402898767,-77.96835659597551,0,1,6575.1616,-0.021525197,5,1,false,false,-0.8297119,1.4627156,8.42052,3.0829396,-0.036089826,3
53.9406,0.9449991,39.23671628262275,-77.96835983873763,0,1,6575.936,-0.018139664,5,1,false,false,-0.8404477,1.5444403,7.85177,3.082319,-0.037893564,3
53.96736,0.9452803,39.236708626146445,-77.96836308220668,0,1,6574.101,-0.011608979,5,1,false,false,-0.6479088,1.6279308,8.407582,3.081709,-0.033454154,3
53.99245,0.9455617,39.23670096967014,-77.96836644090796,0,1,6563.2227,-0.007981229,5,1,false,false,-0.8103853,1.4951941,7.9354844,3.08119,-0.028532397,3
54.015545,0.9458433,39.23669322330521,-77.96836968437702,0,1,6569.077,-0.0012101838,5,1,false,false,-0.63208795,1.3467503,7.4644485,3.0807598,-0.022274004,3
54.03668,0.9461249,39.2366855668289,-77.96837292713913,0,1,6584.3696,0.0019349853,5,1,false,false,-0.54973793,1.3014755,6.977281,3.0804346,-0.0158506,3
54.058144,0.9464066,39.236677820189094,-77.96837628584042,0,1,6590.2695,0.005320509,5,1,false,false,-0.70141405,1.2970346,7.289149,3.0802157,-0.009635417,3
54.08046,0.9466885,39.236670163987675,-77.96837952930947,0,1,6597.932,0.0077380724,5,1,false,false,-0.63919556,1.2748019,7.239188,3.0800679,-0.0064416043,3
54.09975,0.94697046,39.23666241734786,-77.96838277207158,0,1,6612.3765,0.0029010759,5,1,false,false,-0.5219272,1.2232032,6.818501,3.0799851,-0.0022948105,3
54.122437,0.9472525,39.23665467098294,-77.96838613147982,0,1,6629.7646,-0.0036277478,5,1,false,false,-0.55248237,1.4292847,6.8820963,3.079946,-0.0009959041,3
54.148186,0.9475347,39.23664701450663,-77.96838937424192,0,1,6623.857,-0.006046245,5,1,false,false,-0.77456445,1.5613164,6.6228523,3.0799348,-6.800387e-05,3
54.17461,0.947817,39.23663926786681,-77.96839273365015,0,1,6616.402,-0.0137861855,5,1,false,false,-0.8872121,1.52896,7.2240443,3.0799189,-0.0014569581,3
54.199764,0.9480995,39.23663152150189,-77.96839597641227,0,1,6622.5234,-0.019831495,5,1,false,false,-0.8357081,1.4204013,7.5464387,3.0798657,-0.003980847,3
54.223667,0.9483821,39.236623865025585,-77.9683993358205,0,1,6626.765,-0.022250928,5,1,false,false,-1.0621477,1.3757012,10.150109,3.079749,-0.009630217,3
54.276997,0.9489477,39.23660837202085,-77.96840593728389,0,1,6622.2505,-0.022493154,5,1,false,false,-1.1330625,1.7018068,11.7116375,3.0792093,-0.0214688,3
54.30873,0.94923073,39.23660062565592,-77.96840929669212,0,1,6605.44,-0.020557236,5,1,false,false,-1.1576449,1.9444568,13.048204,3.078862,-0.021783194,3
54.338467,0.9495139,39.23659296917961,-77.96841265539341,0,1,6577.5938,-0.016445976,5,1,false,false,-1.3246391,1.6752234,12.506326,3.0785167,-0.021298653,3
54.36386,0.9497973,39.236585222539794,-77.96841589886246,0,1,6570.879,-0.012334713,5,1,false,false,-1.2651882,1.425832,12.241863,3.0781953,-0.018298728,3
54.385426,0.9500807,39.23657747617487,-77.96841925756374,0,1,6578.647,-0.0074977186,5,1,false,false,-1.1485665,1.3019128,13.192616,3.0779357,-0.01378897,3
54.40612,0.95036423,39.236569729535056,-77.96842261626503,0,1,6581.0103,-0.0036277461,5,1,false,false,-1.0431454,1.2630116,11.72099,3.077752,-0.008603589,3
54.426403,0.95064795,39.236561983170134,-77.96842597567326,0,1,6584.6436,0.00096702506,5,1,false,false,-0.8522526,1.2346017,11.031284,3.0776436,-0.0048937434,3
54.446575,0.95093167,39.236554236805205,-77.96842933437455,0,1,6598.194,0.0036268122,5,1,false,false,-0.5508117,1.2158448,10.378518,3.0775895,-0.0013200104,3
54.466686,0.9512156,39.23654649016539,-77.96843269307583,0,1,6604.0396,0.0048369966,5,1,false,false,-0.58331686,1.2308239,10.86656,3.0775938,0.001846379,3
54.48731,0.9514996,39.236538743800466,-77.96843605248405,0,1,6608.8584,0.005562732,5,1,false,false,-0.42890936,1.248051,11.215615,3.077648,0.0044084787,3
54.507732,0.95178366,39.23653099716065,-77.96843941118534,0,1,6619.8794,0.0055627325,5,1,false,false,-0.6066628,1.2885764,10.802469,3.0777435,0.00520591,3
54.529373,0.9520679,39.23652316063222,-77.96844277059357,0,1,6627.345,0.00580402,5,1,false,false,-0.3085572,1.3686724,11.345364,3.0778472,0.006573217,3
54.552578,0.95235217,39.2365154139924,-77.96844612929485,0,1,6624.2783,0.005804021,5,1,false,false,-0.32044765,1.4771224,12.037501,3.0779655,0.0066275746,3
54.576397,0.95263666,39.23650766762748,-77.96844948799614,0,1,6619.3223,0.006286598,5,1,false,false,-0.34071827,1.4489448,10.3910055,3.0780911,0.006604827,3
54.59934,0.95292115,39.23649992098766,-77.96845284740436,0,1,6619.5054,0.0050782855,5,1,false,false,-0.15888047,1.4521891,10.2203,3.078232,0.008326807,3
54.621758,0.9532058,39.23649217462273,-77.96845620610566,0,1,6619.6646,0.0043525486,5,1,false,false,-0.16307868,1.3523898,13.231043,3.0784032,0.011192916,3
54.642345,0.9534907,39.2364843380943,-77.96845956480693,0,1,6616.3853,0.0070123356,5,1,false,false,-0.24599034,1.2617645,10.207047,3.078587,0.010391689,3
54.662437,0.9537756,39.23647659145448,-77.96846292421516,0,1,6628.6284,0.004594773,5,1,false,false,0.12137581,1.2518151,8.43423,3.0787556,0.010943925,3
54.68367,0.95406055,39.23646884508956,-77.96846628291645,0,1,6635.9487,-0.0007266719,5,1,false,false,0.08797634,1.3889033,8.701615,3.0789528,0.012987576,3
54.70443,0.95434564,39.23646100856112,-77.96846964161773,0,1,6628.205,-0.00024222385,5,1,false,false,-0.04387948,1.2076206,8.200709,3.0791497,0.011826594,3
54.721664,0.95463085,39.236453261921305,-77.96847300102596,0,1,6642.0874,-0.0019349856,5,1,false,false,-0.11693548,0.9519689,7.7692275,3.079314,0.009368664,3
54.73674,0.9549161,39.23644542539287,-77.96847635972725,0,1,6676.7114,-0.008465678,5,1,false,false,0.06439118,0.9663556,8.913926,3.0794382,0.007297813,3
54.75475,0.9552015,39.23643767902795,-77.96847971842853,0,1,6692.7075,-0.012334715,5,1,false,false,-0.19755651,1.1765007,7.7393565,3.0795364,0.0041951756,3
54.776436,0.955487,39.236429842224624,-77.96848307783677,0,1,6693.0327,-0.01257694,5,1,false,false,-0.028713226,1.4427755,6.621023,3.0795648,0.00051824347,3
54.803432,0.95577264,39.236422095859695,-77.96848655247722,0,1,6691.9937,-0.014268763,5,1,false,false,-0.008523047,1.7439198,7.153311,3.0795298,-0.0033788413,3
54.83002,0.9560584,39.23641425933126,-77.9684899111785,0,1,6671.156,-0.0130604515,5,1,false,false,0.016800776,1.5238078,8.649681,3.0794466,-0.0050573605,3
54.85281,0.95634425,39.236406512691445,-77.96849327058673,0,1,6669.453,-0.01064102,5,1,false,false,-0.15738171,1.2421231,10.060204,3.079336,-0.008112725,3
54.872715,0.95663023,39.23639867616301,-77.96849662928801,0,1,6692.208,-0.005804955,5,1,false,false,-0.11278162,1.2091312,7.7013526,3.0791888,-0.0096896095,3
54.89536,0.9569164,39.23639083963457,-77.9684999879893,0,1,6696.68,-0.0012101843,5,1,false,false,-0.017664403,1.5524466,8.54004,3.0790315,-0.008936504,3
54.925217,0.9572026,39.23638309326965,-77.96850334739753,0,1,6672.089,0.0026597867,5,1,false,false,-0.14152583,1.716496,9.244201,3.0788867,-0.007429247,3
54.94851,0.957489,39.236375256466324,-77.96850682203798,0,1,6652.8,0.0067710457,5,1,false,false,-0.049327,1.2294365,8.910094,3.0787542,-0.0064303316,3
54.967674,0.9577755,39.23636741993789,-77.96851018073927,0,1,6684.557,0.0084638065,5,1,false,false,0.046750143,1.0899069,9.751053,3.0786653,-0.003023979,3
54.986774,0.95806205,39.23635958340946,-77.9685135401475,0,1,6698.2812,0.010640085,5,1,false,false,0.054875672,1.2350118,10.323551,3.0786347,9.475902e-05,3
55.009468,0.9583488,39.23635174688102,-77.96851689884878,0,1,6688.9346,0.014267831,5,1,false,false,0.008665994,1.4186752,10.6552515,3.0786767,0.003856814,3
55.033363,0.9586356,39.23634391035259,-77.96852025755007,0,1,6690.993,0.017895574,5,1,false,false,0.13281016,1.4449139,12.180164,3.0787787,0.0072421697,3
55.05756,0.95892256,39.23633607382415,-77.96852373289747,0,1,6688.6265,0.016687263,5,1,false,false,0.08550233,1.4912483,12.763302,3.0789657,0.012199089,3
55.081913,0.9592096,39.23632823702083,-77.96852709159876,0,1,6676.7515,0.012817293,5,1,false,false,0.065583706,1.4755262,13.169163,3.0792322,0.016434921,3
55.105396,0.9594969,39.23632040049239,-77.96853045030004,0,1,6671.0747,0.0087060295,5,1,false,false,-0.039472282,1.4346315,13.342229,3.0795681,0.01927141,3
55.127106,0.95978415,39.236312563963956,-77.96853380970826,0,1,6669.422,0.0014505379,5,1,false,false,-0.13023522,1.3142412,13.356556,3.0799067,0.018116256,3
55.14776,0.9600717,39.236304727435524,-77.96853728434873,0,1,6665.8896,-0.0065297578,5,1,false,false,-0.21615279,1.2811632,12.881699,3.0802128,0.015390532,3
55.16717,0.96035916,39.236296890907084,-77.96854064305,0,1,6668.727,-0.017413933,5,1,false,false,-0.18598169,1.1919864,11.506658,3.080447,0.011530862,3
55.185623,0.96064687,39.23628905437865,-77.96854400245823,0,1,6674.009,-0.030232165,5,1,false,false,-0.40376842,1.1866399,11.298728,3.0805798,0.0040338775,3
55.204,0.9609346,39.236281217575325,-77.96854736115952,0,1,6679.546,-0.038454674,5,1,false,false,-0.5833038,1.1565009,10.483511,3.0805757,-0.005150884,3
55.221493,0.9612224,39.23627329115827,-77.96855083579997,0,1,6685.768,-0.046435904,5,1,false,false,-0.75078094,1.0935156,10.436145,3.0804145,-0.014356995,3
55.23918,0.96151036,39.23626545435494,-77.96855419520821,0,1,6698.835,-0.051998634,5,1,false,false,-0.82141393,1.1312999,9.086269,3.0800846,-0.02491416,3
55.25684,0.96179837,39.23625761782651,-77.96855755390949,0,1,6709.182,-0.054900657,5,1,false,false,-0.7356322,1.141684,8.521375,3.079592,-0.033296555,3
55.275593,0.9620865,39.23624969113457,-77.96856102854994,0,1,6715.521,-0.056593418,5,1,false,false,-0.8016823,1.2310597,7.671846,3.0789754,-0.0397142,3
55.29478,0.96237475,39.23624185460613,-77.96856438795818,0,1,6719.8994,-0.05490065,5,1,false,false,-0.9209972,1.1411759,7.321929,3.078255,-0.0448082,3
55.313263,0.96266305,39.236234018077695,-77.96856774665946,0,1,6728.1577,-0.051030673,5,1,false,false,-0.9934165,1.1316967,6.99339,3.0774562,-0.0491414,3
55.330173,0.9629515,39.23622609138575,-77.96857122129992,0,1,6742.46,-0.045467958,5,1,false,false,-0.9553619,1.0441663,7.441498,3.076592,-0.052606426,3
55.348473,0.96324,39.23621825485731,-77.9685745800012,0,1,6758.157,-0.038212463,5,1,false,false,-0.7389239,1.1693314,5.695129,3.0756817,-0.053847834,3
55.36694,0.96352863,39.23621041832888,-77.9685780553486,0,1,6765.1025,-0.028054953,5,1,false,false,-1.2577285,1.1672376,8.325495,3.0747893,-0.05326743,3
55.38901,0.96381736,39.23620249163694,-77.96858152998907,0,1,6767.7114,-0.017413935,5,1,false,false,-1.0933921,1.2645336,7.4849796,3.0738592,-0.054221805,3
55.409626,0.9641062,39.2361946551085,-77.96858488869034,0,1,6764.26,-0.009191415,5,1,false,false,-1.2572668,1.0712237,7.8112845,3.072972,-0.05446806,3
55.436493,0.9643951,39.236186728416556,-77.9685883633308,0,1,6774.5376,0.004836997,5,1,false,false,-0.9489556,2.0096705,8.857456,3.0721278,-0.044725798,3
55.46221,0.9646842,39.23617889188812,-77.96859172273903,0,1,6745.4443,0.014993566,5,1,false,false,-1.3170106,2.3280203,8.731851,3.0715055,-0.032211993,3
55.49527,0.96497357,39.23617096519617,-77.96859519737949,0,1,6694.6494,0.02321608,5,1,false,false,-1.043473,0.6927539,9.243536,3.0711207,-0.011099693,3
55.511986,0.9652629,39.23616312866774,-77.96859867201995,0,1,6713.3545,0.027086053,5,1,false,false,-1.1316991,1.0195737,8.926336,3.0710065,-0.0022888388,3
55.526535,0.9655524,39.2361552019758,-77.9686021466604,0,1,6765.1973,0.03264785,5,1,false,false,-0.7771681,0.8796553,8.388879,3.0710485,0.0090622045,3
55.545006,0.96584195,39.23614727528385,-77.9686056220078,0,1,6749.6006,0.0307138,5,1,false,false,-0.73279595,1.2452697,8.361871,3.0712576,0.017227395,3
55.566227,0.96613157,39.236139438755416,-77.96860898070909,0,1,6747.424,0.032890078,5,1,false,false,-0.61989623,1.1999482,7.746803,3.0715876,0.02398772,3
55.584576,0.96642137,39.23613151206347,-77.96861245534954,0,1,6769.921,0.0307138,5,1,false,false,-0.45152998,1.0358576,8.157115,3.071997,0.02742616,3
55.60285,0.9667113,39.23612358537152,-77.96861592999001,0,1,6778.187,0.023941817,5,1,false,false,-0.4896304,1.1323924,8.474411,3.0724804,0.030912781,3
55.623573,0.9670012,39.23611574884309,-77.9686194053374,0,1,6781.7407,0.017654287,5,1,false,false,-0.39785343,1.2554749,8.760605,3.072985,0.030537788,3
55.64639,0.9672913,39.23610782215115,-77.96862287997786,0,1,6785.2466,0.014751343,5,1,false,false,-0.2533546,1.3642529,9.021075,3.073493,0.030095918,3
55.669815,0.9675815,39.23609989573409,-77.96862635461832,0,1,6780.0674,0.008463807,5,1,false,false,-0.29465017,1.4780266,9.515872,3.0739815,0.028057696,3
55.69567,0.9678718,39.23609196904214,-77.96862982925877,0,1,6768.595,0.004836997,5,1,false,false,-0.21501285,1.4723814,11.11541,3.0744255,0.024492456,3
55.71941,0.9681623,39.2360840423502,-77.96863330389924,0,1,6757.964,0.0029010754,5,1,false,false,-0.052308917,1.3647934,11.120636,3.074826,0.02198848,3
55.741066,0.9684529,39.23607611565826,-77.96863677924664,0,1,6760.318,0.002659787,5,1,false,false,-0.07775217,1.2799618,12.045869,3.0751786,0.018351514,3
55.76252,0.9687435,39.236068188966314,-77.96864025388709,0,1,6761.357,0.0041112597,5,1,false,false,-0.12790355,1.268855,12.275584,3.075469,0.013661996,3
55.784016,0.96903425,39.236060262274364,-77.96864372852755,0,1,6753.923,0.0060462444,5,1,false,false,0.3473054,1.3263282,13.290159,3.0757196,0.014782384,3
55.80521,0.96932524,39.23605233585731,-77.968647203168,0,1,6752.5864,0.007980296,5,1,false,false,0.30752984,1.2335104,12.612251,3.0759833,0.013747795,3
55.82474,0.96961623,39.236044409165366,-77.96865067780845,0,1,6753.945,0.010882306,5,1,false,false,0.22275925,1.1964977,12.191023,3.0762434,0.0148095535,3
55.843845,0.96990734,39.23603648247342,-77.96865415315587,0,1,6755.4897,0.0048369966,5,1,false,false,0.28007868,1.1927152,12.046467,3.0765073,0.015087705,3
55.862633,0.9701985,39.23602855578147,-77.96865762779632,0,1,6754.1777,0.0026597865,5,1,false,false,0.042396665,1.1359879,11.211936,3.076767,0.013955712,3
55.88071,0.9704898,39.23602062908953,-77.96866110243678,0,1,6758.763,-0.002660722,5,1,false,false,0.123840645,1.083354,10.086092,3.0769727,0.01104582,3
55.897987,0.9707812,39.23601270239759,-77.96866457707723,0,1,6767.135,-0.013060451,5,1,false,false,-0.023491472,1.0573506,9.500953,3.077142,0.00844883,3
55.91522,0.97107273,39.23600477598053,-77.96866805171769,0,1,6773.6816,-0.019347984,5,1,false,false,-0.15395764,1.0636499,10.269046,3.0772357,0.0033291234,3
55.93206,0.97136426,39.23599675912508,-77.96867141112592,0,1,6781.746,-0.023701467,5,1,false,false,-0.098026186,1.0276817,8.759386,3.07723,-0.0032190054,3
55.94854,0.9716559,39.23598883243313,-77.96867488576638,0,1,6794.0884,-0.028780688,5,1,false,false,-0.2689585,1.0257217,8.083464,3.077135,-0.0077141845,3
55.96708,0.97194767,39.23598090574119,-77.96867836040684,0,1,6802.125,-0.028538462,5,1,false,false,-0.24217291,1.1819365,7.975815,3.0769417,-0.014145864,3
55.985825,0.97223955,39.23597288916062,-77.96868183504729,0,1,6802.789,-0.027329212,5,1,false,false,-0.1952784,1.0568336,7.358684,3.0766613,-0.017263638,3
56.003273,0.9725314,39.23596496246868,-77.96868530968774,0,1,6813.1304,-0.029264204,5,1,false,false,-0.24993324,1.0494417,6.9566545,3.0763457,-0.018569602,3
56.020927,0.9728234,39.235957035776735,-77.96868890097433,0,1,6827.6416,-0.023943692,5,1,false,false,-0.4946348,1.0598007,7.6031823,3.0759947,-0.021680944,3
56.039284,0.97311556,39.23594901919617,-77.96869237561478,0,1,6832.7705,-0.018380027,5,1,false,false,-0.5584513,1.0902864,7.764001,3.0755804,-0.02623295,3
56.058174,0.97340775,39.23594109250422,-77.96869585025524,0,1,6838.8765,-0.0149944965,5,1,false,false,-0.37485126,1.1469022,8.760553,3.0751348,-0.026134951,3
56.079514,0.97370005,39.23593307564877,-77.9686993248957,0,1,6846.702,-0.010157505,5,1,false,false,-0.395072,1.402808,8.086637,3.0747015,-0.025455182,3
56.104477,0.9739924,39.235925148956824,-77.96870279953615,0,1,6832.7583,-0.0038699703,5,1,false,false,-0.43567502,1.467666,8.180663,3.0743134,-0.020539824,3
56.1293,0.97428495,39.23591713237626,-77.96870627488356,0,1,6815.1406,0.0019349855,5,1,false,false,-0.45615658,1.442598,8.632107,3.073995,-0.016239148,3
56.150845,0.97457767,39.235909205684315,-77.96870974952401,0,1,6814.213,0.0070123347,5,1,false,false,-0.4989688,1.1277479,8.305309,3.0737653,-0.0102551,3
56.16913,0.97487044,39.23590118910375,-77.96871322416447,0,1,6824.022,0.0077380706,5,1,false,false,-0.3818394,1.0540968,7.7407207,3.0736215,-0.005069066,3
56.18707,0.9751633,39.235893172248296,-77.96871669880493,0,1,6833.1387,0.00870603,5,1,false,false,-0.45276,1.0233476,7.244565,3.0735674,-0.0004132325,3
56.205257,0.97545624,39.23588524555635,-77.96872028938455,0,1,6839.663,0.008948257,5,1,false,false,-0.27197018,1.0367093,6.60729,3.073564,0.002787291,3
56.22338,0.9757493,39.23587722897578,-77.96872376402501,0,1,6849.5513,0.0038690346,5,1,false,false,-0.31161597,1.0171918,7.498106,3.0736265,0.006590356,3
56.241814,0.97604245,39.23586921212033,-77.96872723937241,0,1,6859.3896,-0.0019349852,5,1,false,false,-0.4119395,1.0042984,8.066308,3.0737278,0.0074089225,3
56.25916,0.9763357,39.235861285428385,-77.96873071401286,0,1,6869.9414,-0.003627747,5,1,false,false,-0.44054824,1.0118318,8.279869,3.0738227,0.0048987586,3
56.280968,0.976629,39.23585326884782,-77.96873418865333,0,1,6881.6826,-0.009432703,5,1,false,false,-0.52566445,1.3638941,8.561944,3.0738869,0.0024763676,3
56.30699,0.97692245,39.235845251992366,-77.96873777923295,0,1,6865.2915,-0.014994498,5,1,false,false,-0.6594549,1.5281565,8.544821,3.0739222,4.163261e-05,3
56.33331,0.977216,39.2358372354118,-77.96874125387342,0,1,6843.065,-0.0142687615,5,1,false,false,-0.618326,1.4921772,9.011788,3.0739024,-0.0028195076,3
56.356922,0.9775097,39.23582921855635,-77.96874472851387,0,1,6838.7695,-0.017413933,5,1,false,false,-0.461226,1.2275159,8.464261,3.0738435,-0.0030444358,3
56.377533,0.9778035,39.23582120197578,-77.9687483190935,0,1,6840.177,-0.01838002,5,1,false,false,-0.62803173,1.0899955,8.191532,3.073772,-0.004494651,3
56.396427,0.97809744,39.23581318512033,-77.9687517944409,0,1,6844.2754,-0.01596246,5,1,false,false,-0.5288863,0.9966007,8.179844,3.0736637,-0.0065245796,3
56.41353,0.97839147,39.23580525842838,-77.96875526908136,0,1,6856.772,-0.016204687,5,1,false,false,-0.3965525,0.92599237,8.35501,3.0735266,-0.008042741,3
56.43105,0.9786856,39.23579724184781,-77.968758859661,0,1,6871.3726,-0.014994498,5,1,false,false,-0.65109336,0.9580152,8.101363,3.0733771,-0.009218706,3
56.44922,0.97897977,39.23578922499236,-77.96876233430145,0,1,6879.4624,-0.009432705,5,1,false,false,-0.43317476,1.0300839,7.6129847,3.073181,-0.012478446,3
56.46992,0.97927403,39.235781208411794,-77.96876592488107,0,1,6885.7505,-0.004837932,5,1,false,false,-0.26927888,1.1707182,7.948913,3.0729644,-0.011928369,3
56.49186,0.9795684,39.23577310166772,-77.96876939952153,0,1,6884.815,-0.0019349848,5,1,false,false,-0.27297407,1.2313491,8.230624,3.0727718,-0.009931123,3
56.51415,0.97986287,39.235765084812265,-77.96877299010116,0,1,6881.993,0.0055627325,5,1,false,false,-0.4111405,1.1866739,8.453622,3.072617,-0.008179218,3
56.535694,0.98015755,39.2357570682317,-77.96877646544857,0,1,6883.5317,0.008948255,5,1,false,false,-0.15743583,1.1833892,9.387569,3.072511,-0.0038713706,3
56.557804,0.98045224,39.235749051376246,-77.9687800560282,0,1,6884.616,0.009673994,5,1,false,false,-0.3821149,1.2000911,8.525288,3.072476,-0.0008608939,3
56.579975,0.9807471,39.23574103479568,-77.96878353066865,0,1,6879.4277,0.014751341,5,1,false,false,-0.1457908,1.2375674,8.904074,3.0724852,0.0023958525,3
56.602726,0.9810421,39.23573301794023,-77.96878712124828,0,1,6876.519,0.01644504,5,1,false,false,-0.058240175,1.2196106,9.630181,3.0725543,0.006311809,3
56.595505,0.9813371,39.23572491119615,-77.96879059588873,0,1,6995.093,0.01837909,0,1,false,false,-0.1616629,-1.441066,8.278136,3.0727036,0.012020893,3
56.586826,0.981632,39.2357168943407,-77.96879418646837,0,1,6336.0757,0.021764617,6,1,false,false,-0.14811794,1.8025008,7.736555,3.0728965,0.012994527,3
56.6442,0.98192704,39.23570887776013,-77.96879766110882,0,1,5775.4995,0.0229748,6,1,false,false,0.30830112,2.3536184,6.6322274,3.0731108,0.01501292,3
56.64434,0.9822223,39.23570086090468,-77.96880125168845,0,1,6234.9917,0.02273257,6,1,false,false,0.18688238,-1.1111913,7.065614,3.073396,0.021453138,3
56.646152,0.98251754,39.2356927541606,-77.96880472703586,0,1,6087.3384,0.02611809,6,1,false,false,0.18117663,0.8716982,8.644556,3.0737457,0.022981435,3
56.674152,0.9828128,39.23568473758004,-77.96880831761548,0,1,6021.549,0.025152007,6,1,false,false,0.43386954,1.4141555,8.565793,3.074131,0.024833057,3
56.692455,0.9831083,39.235676720724584,-77.96881190819512,0,1,6176.32,0.018379092,6,1,false,false,0.46761,0.8552572,9.5100155,3.0746114,0.030586213,3
56.721275,0.9834038,39.23566861398051,-77.96881538283557,0,1,6069.4663,0.011850268,6,1,false,false,0.19413902,2.089717,10.177009,3.0751498,0.030961951,3
56.75865,0.98369956,39.235660597125054,-77.9688189734152,0,1,6024.5605,0.0048369947,6,1,false,false,0.27490056,1.2542727,9.390255,3.0756695,0.029148506,3
56.776653,0.9839954,39.23565249038098,-77.96882244805566,0,1,6065.0063,-0.0060462453,6,1,false,false,0.20886311,0.94489294,10.740638,3.076125,0.024952767,3
56.796036,0.9842914,39.23564447380041,-77.96882603863529,0,1,6052.43,-0.017171713,6,1,false,false,0.10940544,1.0730318,10.551771,3.0764744,0.017023044,3
56.81648,0.98458743,39.23563636678145,-77.96882951327575,0,1,6041.668,-0.026119962,6,1,false,false,-0.23867741,1.0128335,11.491748,3.0766852,0.007247446,3
56.833755,0.98488367,39.23562826003738,-77.96883310385537,0,1,6067.64,-0.038938195,6,1,false,false,-0.14065029,0.8143055,11.181021,3.076756,0.00027897835,3
56.85127,0.9851799,39.235620243456815,-77.96883657920277,0,1,6070.7437,-0.048370894,6,1,false,false,-0.49235213,1.0669496,11.158333,3.076682,-0.010568202,3
56.872963,0.9854763,39.23561213643785,-77.96884016978241,0,1,6067.1255,-0.04933698,6,1,false,false,-0.62200344,1.1744709,10.518498,3.0764003,-0.023108544,3
56.893997,0.9857728,39.235604029693775,-77.96884376036203,0,1,6063.207,-0.053207904,6,1,false,false,-0.45516378,1.0873325,9.062348,3.075934,-0.03164301,3
56.91379,0.9860693,39.23559601311321,-77.9688472350025,0,1,6063.589,-0.056351196,6,1,false,false,-0.5662289,0.9863145,8.002709,3.0753684,-0.035787884,3
56.93213,0.9863661,39.23558790636913,-77.96885082558212,0,1,6067.9805,-0.05223994,6,1,false,false,-0.65967155,0.9126296,6.932195,3.0747192,-0.040689953,3
56.94847,0.9866628,39.23557979935017,-77.96885441616175,0,1,6076.938,-0.048128664,6,1,false,false,-0.76160896,0.73995125,6.747633,3.0740051,-0.043315805,3
56.96166,0.98695964,39.235571692606094,-77.96885789080221,0,1,6097.646,-0.04184021,6,1,false,false,-0.6153166,0.5235174,6.9193573,3.0732148,-0.0480113,3
56.97334,0.9872566,39.23556358586202,-77.96886148138184,0,1,6129.9546,-0.03240844,6,1,false,false,-0.6535417,0.5566524,5.1429925,3.0723617,-0.052313857,3
56.988758,0.98755354,39.235555569006564,-77.96886507196147,0,1,6151.9443,-0.022250932,6,1,false,false,-0.4567785,0.8013588,6.1394424,3.071464,-0.05278916,3
57.010742,0.98785055,39.23554746226249,-77.9688686625411,0,1,6156.2783,-0.0096749235,6,1,false,false,-0.5470098,1.3216058,7.002996,3.0705743,-0.05211949,3
57.034367,0.98814774,39.23553935551842,-77.96887213718155,0,1,6144.944,0.006046246,6,1,false,false,-0.68487537,1.1554431,8.019589,3.0697315,-0.048206806,3
57.061516,0.98844504,39.23553124877434,-77.96887572776119,0,1,6146.1206,0.019347051,6,1,false,false,-0.53924507,1.5340267,9.715188,3.0689895,-0.039785724,3
57.091152,0.9887425,39.23552314203027,-77.96887931834081,0,1,6123.942,0.03216527,6,1,false,false,-0.82149243,1.6715913,10.300151,3.0684361,-0.027765952,3
57.12081,0.9890401,39.235515035011304,-77.9688829096274,0,1,6094.186,0.043289803,6,1,false,false,-0.9029409,1.4744854,10.794401,3.068133,-0.0101888515,3
57.145218,0.98933786,39.23550692826723,-77.96888650020702,0,1,6088.6733,0.04812587,6,1,false,false,-0.737925,1.1465893,10.781333,3.0681188,0.007638344,3
57.165825,0.9896357,39.23549882152315,-77.96889009078664,0,1,6087.1694,0.051511396,6,1,false,false,-0.74718034,1.005347,11.350802,3.0683901,0.023535855,3
57.18529,0.98993367,39.235490714779075,-77.96889368136628,0,1,6087.7236,0.05078565,6,1,false,false,-0.41452044,0.96302485,12.185485,3.0688884,0.036382385,3
57.20382,0.99023175,39.23548260803501,-77.9688972719459,0,1,6093.171,0.045466073,6,1,false,false,-0.25774854,0.9044434,10.811989,3.0695992,0.047170456,3
57.222244,0.9905299,39.23547450101604,-77.96890086252554,0,1,6099.253,0.04038687,6,1,false,false,-0.19198422,0.95769614,11.151679,3.0704355,0.051951613,3
57.241596,0.99082816,39.235466304383344,-77.96890445310517,0,1,6101.118,0.030471582,6,1,false,false,0.098297745,0.9904714,10.653518,3.0713189,0.05337948,3
57.260757,0.9911266,39.23545819736438,-77.96890804368479,0,1,6101.131,0.01934705,6,1,false,false,0.10141982,0.9558434,11.6905,3.072199,0.051122576,3
57.27953,0.99142504,39.235450090620304,-77.96891163426443,0,1,6107.776,0.011608042,6,1,false,false,0.22370468,0.96979356,10.704188,3.0730252,0.046632417,3
57.298428,0.9917236,39.23544198387623,-77.96891522484405,0,1,6111.2456,0.0024175625,6,1,false,false,0.46701992,0.99618036,10.713536,3.0737693,0.041936293,3
57.31844,0.9920223,39.23543378696865,-77.96891881542369,0,1,6110.3296,-0.0029020105,6,1,false,false,0.22125028,1.0608296,10.986202,3.0744271,0.035100244,3
57.338116,0.9923211,39.23542568022457,-77.96892240600332,0,1,6109.5894,-0.005563667,6,1,false,false,0.50359905,0.990052,10.769572,3.0749426,0.02674434,3
57.356647,0.99261993,39.2354175734805,-77.96892599658295,0,1,6113.3267,-0.01257694,6,1,false,false,0.43587923,0.9447472,12.07992,3.0753362,0.019032378,3
57.37543,0.99291897,39.23540937657291,-77.96892958716258,0,1,6117.6475,-0.0140284095,6,1,false,false,0.38203433,0.986678,12.216935,3.0756137,0.013612863,3
57.39433,0.993218,39.23540126982884,-77.9689331777422,0,1,6117.405,-0.014994498,6,1,false,false,0.56318885,1.0084895,11.398763,3.0757878,0.00694159,3
57.414192,0.9935172,39.235393072921255,-77.96893676832184,0,1,6118.493,-0.013060449,6,1,false,false,0.38037497,1.0739362,9.831591,3.0758486,3.552994e-05,3
57.43353,0.99381655,39.23538496617718,-77.96894035890146,0,1,6113.017,-0.015720235,6,1,false,false,0.4303343,0.941876,8.648641,3.0758045,-0.0046580387,3
57.450928,0.9941159,39.23537676926959,-77.9689439494811,0,1,6114.531,-0.017655227,6,1,false,false,0.28421524,0.8450962,7.5849934,3.0756893,-0.007864641,3
57.46592,0.9944154,39.23536857236201,-77.96894754006073,0,1,6129.755,-0.016204683,6,1,false,false,-0.064047076,0.6583691,6.8798747,3.075504,-0.012768951,3
57.47927,0.9947149,39.23536046561794,-77.96895113064035,0,1,6147.527,-0.014510989,6,1,false,false,0.029875517,0.59480625,5.363237,3.0752413,-0.015873196,3
57.490814,0.9950145,39.23535226871035,-77.96895472121999,0,1,6171.5366,-0.010641019,6,1,false,false,0.13597536,0.37533107,5.696784,3.0749218,-0.018334826,3
57.50197,0.9953142,39.235344161966275,-77.96895831179961,0,1,6202.493,-0.0031442344,6,1,false,false,0.29275602,0.55556613,9.76455,3.074599,-0.016916104,3
57.51617,0.9956139,39.235335965058695,-77.96896190237925,0,1,6223.364,0.0048369966,6,1,false,false,0.14481421,0.69942826,8.1770315,3.0743442,-0.014768074,3
57.54086,0.9959137,39.23532776815111,-77.96896549295887,0,1,6231.0967,0.013059515,6,1,false,false,0.22524653,1.9579297,6.911732,3.0741427,-0.011430132,3
57.584213,0.9962136,39.23531957124352,-77.9689690835385,0,1,6172.8804,0.020556299,6,1,false,false,0.2058517,2.3031054,10.109375,3.0740275,-0.004301118,3
57.616547,0.9965139,39.235311464499446,-77.96897267482508,0,1,6102.8623,0.025876805,6,1,false,false,0.25090432,1.3877532,12.155065,3.0740507,0.0059605013,3
57.634193,0.99681413,39.23530326759187,-77.9689762654047,0,1,6137.203,0.031197315,6,1,false,false,0.27974617,0.6581567,14.791329,3.0742304,0.014009348,3
57.649796,0.99711454,39.23529507068428,-77.96897985598434,0,1,6154.0063,0.032890078,6,1,false,false,0.45760328,0.9032468,14.364431,3.074553,0.021514852,3
57.670914,0.9974151,39.235286873776694,-77.96898344656397,0,1,6132.7017,0.030955087,6,1,false,false,0.4585261,1.2141752,14.614688,3.0750353,0.031169603,3
57.691345,0.9977158,39.235278676869115,-77.96898703714359,0,1,6128.651,0.028054014,6,1,false,false,0.521538,0.98763907,14.05362,3.0756214,0.035864238,3
57.708004,0.9980165,39.23527047996153,-77.96899062772323,0,1,6127.5127,0.020315005,6,1,false,false,0.44309214,0.8546705,15.17783,3.076232,0.03566736,3
57.7245,0.99831736,39.23526228305394,-77.96899421830285,0,1,6130.836,0.010640079,6,1,false,false,0.5640272,0.833915,11.581121,3.0768363,0.03623268,3
57.73977,0.99861825,39.23525408642125,-77.96899780888249,0,1,6137.0845,-0.00024222443,6,1,false,false,0.35940534,0.8006754,10.633547,3.0774055,0.031829182,3
57.754894,0.99891925,39.23524588951366,-77.96900139946212,0,1,6144.996,-0.011125465,6,1,false,false,0.21431728,0.7641147,9.9626,3.0778642,0.022858478,3
57.768208,0.9992203,39.23523760244257,-77.96900499004174,0,1,6152.966,-0.02104168,6,1,false,false,0.16879734,0.71466523,10.335296,3.0781615,0.013617537,3
57.78297,0.9995215,39.23522940553499,-77.96900858062138,0,1,6169.5903,-0.03216621,6,1,false,false,-0.020512447,0.71725273,11.741842,3.0783155,0.0048500206,3
57.79848,0.9998227,39.2352212086274,-77.969012171201,0,1,6179.302,-0.037486725,6,1,false,false,-0.1961754,0.89535415,10.339233,3.0783198,-0.0050890376,3
57.818394,0.00012403425,39.235213011719814,-77.96901576178064,0,1,6182.5415,-0.03918042,6,1,false,false,-0.12076117,1.1415155,7.4262724,3.0781522,-0.015604417,3
