s_m,Lat,Lon,curvature,track_width,lateral_offset,boundary_L_m,boundary_R_m,boundary_L_lat,boundary_L_lon,boundary_R_lat,boundary_R_lon
0.000000,39.235206,-77.969020,-0.000225,14.000000,0.675000,2.275000,11.725000,39.235200,-77.968995,39.235240,-77.969148
3.193626,39.235179,-77.969031,0.000007,14.000000,0.675000,2.275000,11.725000,39.235172,-77.969006,39.235213,-77.969160
6.387252,39.235152,-77.969043,0.000155,14.000000,0.675000,2.275000,11.725000,39.235145,-77.969018,39.235186,-77.969172
9.580879,39.235124,-77.969055,-0.000006,14.000000,0.675000,2.275000,11.725000,39.235118,-77.969030,39.235158,-77.969184
12.774505,39.235097,-77.969067,0.000155,14.000000,0.675000,2.275000,11.725000,39.235090,-77.969042,39.235131,-77.969196
15.968131,39.235070,-77.969079,0.000296,14.000000,0.675000,2.275000,11.725000,39.235063,-77.969054,39.235103,-77.969208
19.161757,39.235042,-77.969091,0.000159,14.000000,0.675000,2.275000,11.725000,39.235036,-77.969066,39.235076,-77.969220
22.355383,39.235015,-77.969102,0.000106,14.000000,0.675000,2.275000,11.725000,39.235008,-77.969077,39.235048,-77.969231
25.549010,39.234987,-77.969114,0.000179,14.000000,0.675000,2.275000,11.725000,39.234981,-77.969089,39.235021,-77.969243
28.742636,39.234960,-77.969126,0.000216,14.000000,0.675000,2.275000,11.725000,39.234953,-77.969101,39.234994,-77.969255
31.936262,39.234933,-77.969138,0.000084,14.000000,0.675000,2.275000,11.725000,39.234926,-77.969112,39.234966,-77.969267
35.129888,39.234905,-77.969149,-0.000017,14.000000,0.675000,2.275000,11.725000,39.234899,-77.969124,39.234939,-77.969278
38.323515,39.234878,-77.969161,-0.000131,14.000000,0.675000,2.275000,11.725000,39.234871,-77.969136,39.234911,-77.969290
41.517141,39.234850,-77.969173,-0.000128,14.000000,0.675000,2.275000,11.725000,39.234844,-77.969148,39.234884,-77.969302
44.710767,39.234823,-77.969184,0.000086,14.000000,0.675000,2.275000,11.725000,39.234816,-77.969159,39.234857,-77.969313
47.904393,39.234796,-77.969196,-0.000007,14.000000,0.675000,2.275000,11.725000,39.234789,-77.969171,39.234829,-77.969325
51.098019,39.234768,-77.969208,-0.000196,14.000000,0.675000,2.275000,11.725000,39.234762,-77.969183,39.234802,-77.969337
54.291646,39.234741,-77.969220,-0.000064,14.000000,0.675000,2.275000,11.725000,39.234734,-77.969195,39.234774,-77.969349
57.485272,39.234713,-77.969231,-0.000081,14.000000,0.675000,2.275000,11.725000,39.234707,-77.969206,39.234747,-77.969360
60.678898,39.234686,-77.969243,-0.000159,14.000000,0.675000,2.275000,11.725000,39.234679,-77.969218,39.234720,-77.969372
63.872524,39.234659,-77.969255,0.000049,14.000000,0.675000,2.275000,11.725000,39.234652,-77.969230,39.234692,-77.969384
67.066150,39.234631,-77.969267,0.000242,14.000000,0.675000,2.275000,11.725000,39.234625,-77.969242,39.234665,-77.969396
70.259777,39.234604,-77.969278,0.000003,14.000000,0.675000,2.275000,11.725000,39.234597,-77.969253,39.234637,-77.969407
73.453403,39.234576,-77.969290,-0.000097,14.000000,0.675000,2.275000,11.725000,39.234570,-77.969265,39.234610,-77.969419
76.647029,39.234549,-77.969302,0.000080,14.000000,0.675000,2.275000,11.725000,39.234542,-77.969277,39.234583,-77.969431
79.840655,39.234522,-77.969314,0.000052,14.000000,0.675000,2.275000,11.725000,39.234515,-77.969289,39.234555,-77.969443
83.034282,39.234494,-77.969325,0.000059,14.000000,0.675000,2.275000,11.725000,39.234488,-77.969300,39.234528,-77.969454
86.227908,39.234467,-77.969337,-0.000391,14.000000,0.675000,2.275000,11.725000,39.234460,-77.969312,39.234500,-77.969466
89.421534,39.234439,-77.969349,-0.000426,14.000000,0.675000,2.275000,11.725000,39.234433,-77.969324,39.234473,-77.969478
92.615160,39.234412,-77.969361,0.000105,14.000000,0.675000,2.275000,11.725000,39.234405,-77.969336,39.234446,-77.969490
95.808786,39.234385,-77.969373,0.000058,14.000000,0.675000,2.275000,11.725000,39.234378,-77.969348,39.234418,-77.969501
99.002413,39.234357,-77.969384,-0.000054,14.000000,0.675000,2.275000,11.725000,39.234351,-77.969359,39.234391,-77.969513
102.196039,39.234330,-77.969396,0.000056,14.000000,0.675000,2.275000,11.725000,39.234323,-77.969371,39.234364,-77.969525
105.389665,39.234302,-77.969408,0.000114,14.000000,0.675000,2.275000,11.725000,39.234296,-77.969383,39.234336,-77.969537
108.583291,39.234275,-77.969420,-0.000208,14.000000,0.675000,2.275000,11.725000,39.234269,-77.969395,39.234309,-77.969549
111.776917,39.234248,-77.969432,-0.000349,14.000000,0.675000,2.275000,11.725000,39.234241,-77.969407,39.234282,-77.969560
114.970544,39.234220,-77.969443,-0.000152,14.000000,0.675000,2.275000,11.725000,39.234214,-77.969418,39.234254,-77.969572
118.164170,39.234193,-77.969455,-0.000182,14.000000,0.675000,2.275000,11.725000,39.234186,-77.969430,39.234227,-77.969584
121.357796,39.234166,-77.969467,-0.000231,14.000000,0.675000,2.275000,11.725000,39.234159,-77.969442,39.234200,-77.969596
124.551422,39.234138,-77.969479,-0.000292,14.000000,0.675000,2.275000,11.725000,39.234132,-77.969454,39.234172,-77.969608
127.745048,39.234111,-77.969491,-0.000205,14.000000,0.675000,2.275000,11.725000,39.234104,-77.969466,39.234145,-77.969620
130.938675,39.234084,-77.969503,-0.000001,14.000000,0.675000,2.275000,11.725000,39.234077,-77.969478,39.234118,-77.969632
134.132301,39.234056,-77.969515,-0.000124,14.000000,0.675000,2.275000,11.725000,39.234050,-77.969490,39.234091,-77.969644
137.325927,39.234029,-77.969527,-0.000131,14.000000,0.675000,2.275000,11.725000,39.234022,-77.969502,39.234063,-77.969656
140.519553,39.234002,-77.969539,0.000017,14.000000,0.675000,2.275000,11.725000,39.233995,-77.969514,39.234036,-77.969668
143.713180,39.233974,-77.969551,0.000034,14.000000,0.675000,2.275000,11.725000,39.233968,-77.969526,39.234009,-77.969680
146.906806,39.233947,-77.969563,-0.000136,14.000000,0.675000,2.275000,11.725000,39.233940,-77.969538,39.233981,-77.969692
150.100432,39.233920,-77.969575,-0.000139,14.000000,0.675000,2.275000,11.725000,39.233913,-77.969550,39.233954,-77.969704
153.294058,39.233892,-77.969587,0.000160,14.000000,0.675000,2.275000,11.725000,39.233886,-77.969562,39.233927,-77.969716
156.487684,39.233865,-77.969599,0.000072,14.000000,0.675000,2.275000,11.725000,39.233858,-77.969574,39.233899,-77.969728
159.681311,39.233838,-77.969611,-0.000128,14.000000,0.675000,2.275000,11.725000,39.233831,-77.969586,39.233872,-77.969740
162.874937,39.233810,-77.969623,0.000000,14.000000,0.675000,2.275000,11.725000,39.233804,-77.969598,39.233845,-77.969752
166.068563,39.233783,-77.969635,-0.000015,14.000000,0.675000,2.275000,11.725000,39.233776,-77.969610,39.233817,-77.969764
169.262189,39.233756,-77.969647,-0.000153,14.000000,0.675000,2.275000,11.725000,39.233749,-77.969622,39.233790,-77.969776
172.455815,39.233728,-77.969659,0.000001,14.000000,0.675000,2.275000,11.725000,39.233722,-77.969634,39.233763,-77.969788
175.649442,39.233701,-77.969671,0.000079,14.000000,0.675000,2.275000,11.725000,39.233694,-77.969646,39.233735,-77.969800
178.843068,39.233674,-77.969683,0.000000,14.000000,0.675000,2.275000,11.725000,39.233667,-77.969658,39.233708,-77.969812
182.036694,39.233646,-77.969695,-0.000000,14.000000,0.675000,2.275000,11.725000,39.233640,-77.969670,39.233681,-77.969824
185.230320,39.233619,-77.969707,0.000049,14.000000,0.675000,2.275000,11.725000,39.233612,-77.969682,39.233653,-77.969836
188.423947,39.233592,-77.969719,0.000079,14.000000,0.675000,2.275000,11.725000,39.233585,-77.969694,39.233626,-77.969848
191.617573,39.233564,-77.969731,0.000047,14.000000,0.675000,2.275000,11.725000,39.233558,-77.969706,39.233599,-77.969860
194.811199,39.233537,-77.969743,0.000075,14.000000,0.675000,2.275000,11.725000,39.233530,-77.969718,39.233571,-77.969872
198.004825,39.233510,-77.969755,0.000063,14.000000,0.675000,2.275000,11.725000,39.233503,-77.969730,39.233544,-77.969884
201.198451,39.233482,-77.969767,-0.000212,14.000000,0.675000,2.275000,11.725000,39.233476,-77.969742,39.233517,-77.969896
204.392078,39.233455,-77.969779,-0.000125,14.000000,0.675000,2.275000,11.725000,39.233448,-77.969754,39.233489,-77.969908
207.585704,39.233428,-77.969792,0.000388,14.000000,0.675000,2.275000,11.725000,39.233421,-77.969767,39.233462,-77.969920
210.779330,39.233400,-77.969803,0.000217,14.000000,0.675000,2.275000,11.725000,39.233394,-77.969778,39.233435,-77.969932
213.972956,39.233373,-77.969815,-0.000078,14.000000,0.675000,2.275000,11.725000,39.233366,-77.969790,39.233407,-77.969944
217.166582,39.233346,-77.969827,-0.000023,14.000000,0.675000,2.275000,11.725000,39.233339,-77.969802,39.233380,-77.969956
220.360209,39.233318,-77.969839,-0.000076,14.000000,0.675000,2.275000,11.725000,39.233312,-77.969814,39.233353,-77.969968
223.553835,39.233291,-77.969851,0.000048,14.000000,0.675000,2.275000,11.725000,39.233284,-77.969826,39.233325,-77.969980
226.747461,39.233264,-77.969863,0.000010,14.000000,0.675000,2.275000,11.725000,39.233257,-77.969838,39.233298,-77.969992
229.941087,39.233236,-77.969875,-0.000099,14.000000,0.675000,2.275000,11.725000,39.233230,-77.969850,39.233271,-77.970004
233.134713,39.233209,-77.969887,0.000194,14.000000,0.675000,2.275000,11.725000,39.233202,-77.969862,39.233243,-77.970016
236.328340,39.233182,-77.969899,0.000091,14.000000,0.675000,2.275000,11.725000,39.233175,-77.969874,39.233216,-77.970028
239.521966,39.233154,-77.969911,-0.000028,14.000000,0.675000,2.275000,11.725000,39.233148,-77.969886,39.233189,-77.970040
242.715592,39.233127,-77.969923,0.000308,14.000000,0.675000,2.275000,11.725000,39.233120,-77.969898,39.233161,-77.970052
245.909218,39.233100,-77.969935,0.000212,14.000000,0.675000,2.275000,11.725000,39.233093,-77.969910,39.233134,-77.970064
249.102845,39.233072,-77.969947,0.000036,14.000000,0.675000,2.275000,11.725000,39.233066,-77.969922,39.233106,-77.970076
252.296471,39.233045,-77.969959,0.000078,14.000000,0.675000,2.275000,11.725000,39.233038,-77.969934,39.233079,-77.970088
255.490097,39.233018,-77.969971,0.000082,14.000000,0.675000,2.275000,11.725000,39.233011,-77.969946,39.233052,-77.970100
258.683723,39.232990,-77.969983,0.000059,14.000000,0.675000,2.275000,11.725000,39.232984,-77.969958,39.233024,-77.970111
261.877349,39.232963,-77.969995,0.000203,14.000000,0.675000,2.275000,11.725000,39.232956,-77.969970,39.232997,-77.970123
265.070976,39.232935,-77.970006,0.000262,14.000000,0.675000,2.275000,11.725000,39.232929,-77.969981,39.232969,-77.970135
268.264602,39.232908,-77.970018,0.000129,14.000000,0.675000,2.275000,11.725000,39.232901,-77.969993,39.232942,-77.970147
271.458228,39.232881,-77.970030,0.000076,14.000000,0.675000,2.275000,11.725000,39.232874,-77.970005,39.232914,-77.970159
274.651854,39.232853,-77.970042,0.000091,14.000000,0.675000,2.275000,11.725000,39.232847,-77.970017,39.232887,-77.970171
277.845480,39.232826,-77.970054,0.000079,14.000000,0.675000,2.275000,11.725000,39.232819,-77.970029,39.232860,-77.970183
281.039107,39.232798,-77.970065,-0.000000,14.000000,0.675000,2.275000,11.725000,39.232792,-77.970040,39.232832,-77.970194
284.232733,39.232771,-77.970077,0.000256,14.000000,0.675000,2.275000,11.725000,39.232765,-77.970052,39.232805,-77.970206
287.426359,39.232744,-77.970089,0.000262,14.000000,0.675000,2.275000,11.725000,39.232737,-77.970064,39.232777,-77.970218
290.619985,39.232716,-77.970101,-0.000170,14.000000,0.675000,2.275000,11.725000,39.232710,-77.970076,39.232750,-77.970230
293.813612,39.232689,-77.970112,-0.000137,14.000000,0.675000,2.275000,11.725000,39.232682,-77.970087,39.232723,-77.970241
297.007238,39.232661,-77.970124,0.000398,14.000000,0.675000,2.275000,11.725000,39.232655,-77.970099,39.232695,-77.970253
300.200864,39.232634,-77.970136,0.000465,14.000000,0.675000,2.275000,11.725000,39.232628,-77.970111,39.232667,-77.970265
303.394490,39.232607,-77.970148,0.000054,14.000000,0.675000,2.275000,11.725000,39.232600,-77.970122,39.232640,-77.970277
306.588116,39.232579,-77.970159,0.000055,14.000000,0.675000,2.275000,11.725000,39.232573,-77.970134,39.232613,-77.970288
309.781743,39.232552,-77.970171,0.000167,14.000000,0.675000,2.275000,11.725000,39.232545,-77.970146,39.232585,-77.970300
312.975369,39.232524,-77.970182,0.000122,14.000000,0.675000,2.275000,11.725000,39.232518,-77.970157,39.232558,-77.970312
316.168995,39.232497,-77.970194,0.000217,14.000000,0.675000,2.275000,11.725000,39.232490,-77.970169,39.232530,-77.970323
319.362621,39.232469,-77.970206,0.000015,14.000000,0.675000,2.275000,11.725000,39.232463,-77.970181,39.232503,-77.970335
322.556247,39.232442,-77.970217,-0.000048,14.000000,0.675000,2.275000,11.725000,39.232436,-77.970192,39.232475,-77.970346
325.749874,39.232415,-77.970229,0.000001,14.000000,0.675000,2.275000,11.725000,39.232408,-77.970204,39.232448,-77.970358
328.943500,39.232387,-77.970240,-0.000093,14.000000,0.675000,2.275000,11.725000,39.232381,-77.970215,39.232420,-77.970370
332.137126,39.232360,-77.970252,0.000075,14.000000,0.675000,2.275000,11.725000,39.232353,-77.970227,39.232393,-77.970381
335.330752,39.232332,-77.970264,0.000078,14.000000,0.675000,2.275000,11.725000,39.232326,-77.970239,39.232365,-77.970393
338.524378,39.232305,-77.970275,0.000001,14.000000,0.675000,2.275000,11.725000,39.232298,-77.970250,39.232338,-77.970404
341.718005,39.232277,-77.970287,-0.000233,14.000000,0.656199,2.406610,11.593390,39.232271,-77.970260,39.232310,-77.970414
344.911631,39.232250,-77.970298,-0.000157,14.000000,0.618777,2.668564,11.331436,39.232242,-77.970269,39.232282,-77.970423
348.105257,39.232223,-77.970310,0.000077,14.000000,0.562917,3.059581,10.940419,39.232214,-77.970276,39.232254,-77.970431
351.298883,39.232195,-77.970322,0.000000,14.000000,0.507607,3.446750,10.553250,39.232185,-77.970284,39.232225,-77.970438
354.492510,39.232168,-77.970333,-0.000000,14.000000,0.452854,3.830019,10.169981,39.232157,-77.970291,39.232197,-77.970445
357.686136,39.232140,-77.970345,-0.000111,14.000000,0.417468,4.077722,9.922278,39.232129,-77.970300,39.232168,-77.970454
360.879762,39.232113,-77.970357,-0.000155,14.000000,0.401276,4.191067,9.808933,39.232101,-77.970310,39.232141,-77.970465
364.073388,39.232085,-77.970368,0.000033,14.000000,0.404103,4.171281,9.828719,39.232074,-77.970322,39.232113,-77.970476
367.267014,39.232058,-77.970380,-0.000032,14.000000,0.406969,4.151214,9.848786,39.232046,-77.970334,39.232086,-77.970488
370.460641,39.232031,-77.970391,-0.000216,14.000000,0.409877,4.130860,9.869140,39.232019,-77.970346,39.232059,-77.970500
373.654267,39.232003,-77.970403,0.000038,14.000000,0.412827,4.110213,9.889787,39.231991,-77.970358,39.232031,-77.970512
376.847893,39.231976,-77.970415,0.000080,14.000000,0.415819,4.089266,9.910734,39.231964,-77.970370,39.232004,-77.970524
380.041519,39.231948,-77.970426,-0.000212,14.000000,0.418855,4.068014,9.931986,39.231937,-77.970382,39.231977,-77.970536
383.235145,39.231921,-77.970438,-0.000116,14.000000,0.421936,4.046449,9.953551,39.231909,-77.970394,39.231949,-77.970548
386.428772,39.231893,-77.970450,0.000051,14.000000,0.425062,4.024565,9.975435,39.231882,-77.970406,39.231922,-77.970560
389.622398,39.231866,-77.970462,0.000024,14.000000,0.428235,4.002353,9.997647,39.231855,-77.970418,39.231895,-77.970572
392.816024,39.231839,-77.970473,-0.000129,14.000000,0.431456,3.979808,10.020192,39.231827,-77.970429,39.231867,-77.970584
396.009650,39.231811,-77.970485,-0.000221,14.000000,0.434726,3.956921,10.043079,39.231800,-77.970441,39.231840,-77.970595
399.203277,39.231784,-77.970497,-0.000112,14.000000,0.438045,3.933684,10.066316,39.231773,-77.970453,39.231813,-77.970607
402.396903,39.231756,-77.970508,0.000053,14.000000,0.441416,3.910089,10.089911,39.231745,-77.970465,39.231785,-77.970619
405.590529,39.231729,-77.970520,0.000059,14.000000,0.444839,3.886129,10.113871,39.231718,-77.970477,39.231758,-77.970631
408.784155,39.231702,-77.970532,-0.000221,14.000000,0.448315,3.861794,10.138206,39.231691,-77.970489,39.231731,-77.970643
411.977781,39.231674,-77.970544,-0.000501,14.000000,0.451751,3.837741,10.162259,39.231663,-77.970501,39.231703,-77.970655
415.171408,39.231647,-77.970555,-0.000304,14.000000,0.454861,3.815976,10.184024,39.231636,-77.970514,39.231676,-77.970667
418.365034,39.231619,-77.970567,0.000054,14.000000,0.457161,3.799872,10.200128,39.231608,-77.970526,39.231649,-77.970679
421.558660,39.231592,-77.970579,-0.000092,14.000000,0.458068,3.793522,10.206478,39.231581,-77.970537,39.231622,-77.970691
424.752286,39.231565,-77.970591,0.000071,14.000000,0.456992,3.801054,10.198946,39.231554,-77.970549,39.231594,-77.970703
427.945912,39.231537,-77.970603,0.000023,14.000000,0.453436,3.825948,10.174052,39.231526,-77.970561,39.231567,-77.970715
431.139539,39.231510,-77.970615,-0.000246,14.000000,0.447096,3.870326,10.129674,39.231499,-77.970572,39.231539,-77.970726
434.333165,39.231483,-77.970627,0.000033,14.000000,0.437870,3.934907,10.065093,39.231471,-77.970583,39.231512,-77.970737
437.526791,39.231455,-77.970638,0.000059,14.000000,0.425766,4.019637,9.980363,39.231444,-77.970594,39.231484,-77.970748
440.720417,39.231428,-77.970650,0.000077,14.000000,0.410808,4.124343,9.875657,39.231416,-77.970605,39.231456,-77.970759
443.914043,39.231400,-77.970662,-0.000047,14.000000,0.393039,4.248727,9.751273,39.231388,-77.970615,39.231429,-77.970769
447.107670,39.231373,-77.970674,-0.000157,14.000000,0.372518,4.392372,9.607628,39.231360,-77.970626,39.231401,-77.970780
450.301296,39.231346,-77.970686,0.000037,14.000000,0.349323,4.554740,9.445260,39.231333,-77.970636,39.231373,-77.970790
453.494922,39.231318,-77.970698,0.000285,14.000000,0.323547,4.735173,9.264827,39.231305,-77.970646,39.231345,-77.970800
456.688548,39.231291,-77.970710,0.000260,14.000000,0.295301,4.932894,9.067106,39.231277,-77.970655,39.231317,-77.970809
459.882175,39.231264,-77.970721,0.000156,14.000000,0.264713,5.147012,8.852988,39.231249,-77.970665,39.231289,-77.970819
463.075801,39.231236,-77.970733,0.000240,14.000000,0.231925,5.376522,8.623478,39.231221,-77.970674,39.231261,-77.970828
466.269427,39.231209,-77.970745,0.000185,14.000000,0.197098,5.620313,8.379687,39.231193,-77.970683,39.231233,-77.970837
469.463053,39.231181,-77.970757,0.000204,14.000000,0.160405,5.877168,8.122832,39.231165,-77.970692,39.231205,-77.970846
472.656679,39.231154,-77.970768,0.000066,14.000000,0.122032,6.145773,7.854227,39.231136,-77.970701,39.231176,-77.970855
475.850306,39.231127,-77.970780,0.000123,14.000000,0.082183,6.424720,7.575280,39.231108,-77.970709,39.231148,-77.970863
479.043932,39.231099,-77.970792,0.000348,14.000000,0.041069,6.712516,7.287484,39.231080,-77.970718,39.231120,-77.970872
482.237558,39.231072,-77.970803,0.000324,14.000000,-0.001084,7.007588,6.992412,39.231052,-77.970726,39.231092,-77.970880
485.431184,39.231044,-77.970815,0.000265,14.000000,-0.044042,7.308292,6.691708,39.231024,-77.970735,39.231063,-77.970889
488.624810,39.231017,-77.970827,-0.000077,14.000000,-0.087560,7.612918,6.387082,39.230995,-77.970743,39.231035,-77.970897
491.818437,39.230989,-77.970838,-0.000646,14.000000,-0.131386,7.919704,6.080296,39.230967,-77.970751,39.231007,-77.970905
495.012063,39.230962,-77.970850,-0.001258,14.000000,-0.175569,8.228982,5.771018,39.230938,-77.970759,39.230979,-77.970913
498.205689,39.230935,-77.970862,-0.001811,14.000000,-0.220894,8.546259,5.453741,39.230910,-77.970768,39.230951,-77.970922
501.399315,39.230907,-77.970874,-0.002172,14.000000,-0.268316,8.878214,5.121786,39.230881,-77.970776,39.230923,-77.970930
504.592942,39.230880,-77.970886,-0.003647,14.000000,-0.318612,9.230284,4.769716,39.230852,-77.970785,39.230895,-77.970938
507.786568,39.230853,-77.970898,-0.006008,14.000000,-0.371900,9.603303,4.396697,39.230823,-77.970794,39.230867,-77.970946
510.980194,39.230826,-77.970912,-0.007616,14.000000,-0.427867,9.995068,4.004932,39.230792,-77.970804,39.230839,-77.970955
514.173820,39.230799,-77.970926,-0.009665,14.000000,-0.485318,10.397229,3.602771,39.230762,-77.970815,39.230812,-77.970964
517.367446,39.230773,-77.970941,-0.011014,14.000000,-0.542756,10.799295,3.200705,39.230731,-77.970828,39.230785,-77.970975
520.561073,39.230747,-77.970957,-0.010453,14.000000,-0.598724,11.191069,2.808931,39.230701,-77.970842,39.230759,-77.970986
523.754699,39.230722,-77.970975,-0.011988,14.000000,-0.652294,11.566061,2.433939,39.230671,-77.970858,39.230732,-77.971000
526.948325,39.230697,-77.970994,-0.016641,14.000000,-0.702551,11.917857,2.082143,39.230640,-77.970876,39.230706,-77.971014
530.141951,39.230672,-77.971014,-0.020828,14.000000,-0.748607,12.240251,1.759749,39.230609,-77.970898,39.230682,-77.971030
533.335577,39.230649,-77.971036,-0.023469,14.000000,-0.789626,12.527385,1.472615,39.230578,-77.970924,39.230658,-77.971049
536.529204,39.230628,-77.971061,-0.025896,14.000000,-0.824839,12.773875,1.226125,39.230548,-77.970954,39.230635,-77.971071
539.722830,39.230608,-77.971087,-0.028127,14.000000,-0.852148,12.965036,1.034964,39.230519,-77.970988,39.230615,-77.971095
542.916456,39.230590,-77.971116,-0.028212,14.000000,-0.869579,13.087050,0.912950,39.230494,-77.971027,39.230596,-77.971122
546.110082,39.230574,-77.971147,-0.026911,14.000000,-0.875333,13.127328,0.872672,39.230472,-77.971069,39.230581,-77.971152
549.303708,39.230560,-77.971180,-0.027530,14.000000,-0.869250,13.084753,0.915247,39.230454,-77.971113,39.230567,-77.971184
552.497335,39.230548,-77.971214,-0.029029,14.000000,-0.851419,12.959931,1.040069,39.230439,-77.971160,39.230557,-77.971218
555.690961,39.230539,-77.971249,-0.028282,14.000000,-0.823583,12.765079,1.234921,39.230428,-77.971209,39.230550,-77.971253
558.884587,39.230533,-77.971285,-0.024869,14.000000,-0.787703,12.513924,1.486076,39.230422,-77.971259,39.230546,-77.971288
562.078213,39.230529,-77.971322,-0.022311,14.000000,-0.745906,12.221341,1.778659,39.230419,-77.971306,39.230545,-77.971324
565.271840,39.230527,-77.971359,-0.022792,14.000000,-0.699009,11.893062,2.106938,39.230419,-77.971353,39.230546,-77.971360
568.465466,39.230527,-77.971396,-0.022601,14.000000,-0.647903,11.535318,2.464682,39.230422,-77.971400,39.230549,-77.971395
571.659092,39.230529,-77.971432,-0.021050,14.000000,-0.593527,11.154692,2.845308,39.230428,-77.971446,39.230554,-77.971429
574.852718,39.230533,-77.971469,-0.020241,14.000000,-0.536852,10.757965,3.242035,39.230437,-77.971490,39.230561,-77.971463
578.046344,39.230538,-77.971505,-0.019408,14.000000,-0.478852,10.351964,3.648036,39.230447,-77.971533,39.230570,-77.971496
581.239971,39.230546,-77.971541,-0.019873,14.000000,-0.421011,9.947077,4.052923,39.230460,-77.971575,39.230581,-77.971528
584.433597,39.230555,-77.971576,-0.019659,14.000000,-0.364840,9.553878,4.446122,39.230474,-77.971615,39.230593,-77.971558
587.627223,39.230566,-77.971611,-0.018104,14.000000,-0.311537,9.180759,4.819241,39.230490,-77.971654,39.230606,-77.971588
590.820849,39.230579,-77.971644,-0.018269,14.000000,-0.261435,8.830042,5.169958,39.230508,-77.971691,39.230620,-77.971617
594.014475,39.230593,-77.971676,-0.018299,14.000000,-0.214437,8.501058,5.498942,39.230526,-77.971727,39.230635,-77.971644
597.208102,39.230608,-77.971708,-0.017969,14.000000,-0.169806,8.188640,5.811360,39.230547,-77.971761,39.230652,-77.971670
600.401728,39.230625,-77.971738,-0.017706,14.000000,-0.126634,7.886441,6.113559,39.230568,-77.971793,39.230669,-77.971695
603.595354,39.230643,-77.971767,-0.016728,14.000000,-0.084183,7.589279,6.410721,39.230591,-77.971824,39.230687,-77.971718
606.788980,39.230662,-77.971794,-0.016152,14.000000,-0.042433,7.297030,6.702970,39.230614,-77.971852,39.230706,-77.971741
609.982607,39.230683,-77.971820,-0.015301,14.000000,-0.001653,7.011573,6.988427,39.230639,-77.971879,39.230726,-77.971762
613.176233,39.230704,-77.971845,-0.014354,14.000000,0.037900,6.734697,7.265303,39.230664,-77.971904,39.230747,-77.971782
616.369859,39.230726,-77.971869,-0.013594,14.000000,0.075989,6.468080,7.531920,39.230690,-77.971928,39.230769,-77.971801
619.563485,39.230749,-77.971891,-0.012769,14.000000,0.112387,6.213288,7.786712,39.230716,-77.971950,39.230791,-77.971818
622.757111,39.230773,-77.971913,-0.012727,14.000000,0.146892,5.971759,8.028241,39.230743,-77.971970,39.230813,-77.971835
625.950738,39.230797,-77.971932,-0.012511,14.000000,0.179315,5.744797,8.255203,39.230770,-77.971989,39.230836,-77.971851
629.144364,39.230822,-77.971951,-0.012447,14.000000,0.209491,5.533566,8.466434,39.230798,-77.972007,39.230860,-77.971865
632.337990,39.230848,-77.971969,-0.012751,14.000000,0.237274,5.339085,8.660915,39.230826,-77.972024,39.230883,-77.971879
635.531616,39.230874,-77.971985,-0.011673,14.000000,0.262540,5.162220,8.837780,39.230854,-77.972039,39.230907,-77.971891
638.725242,39.230900,-77.971999,-0.010110,14.000000,0.285188,5.003685,8.996315,39.230883,-77.972053,39.230931,-77.971903
641.918869,39.230927,-77.972013,-0.010008,14.000000,0.305138,4.864036,9.135964,39.230911,-77.972066,39.230956,-77.971914
645.112495,39.230954,-77.972026,-0.010619,14.000000,0.322332,4.743674,9.256326,39.230940,-77.972078,39.230981,-77.971924
648.306121,39.230982,-77.972037,-0.010150,14.000000,0.336737,4.642841,9.357159,39.230970,-77.972089,39.231006,-77.971933
651.499747,39.231010,-77.972047,-0.009040,14.000000,0.348339,4.561626,9.438374,39.230999,-77.972098,39.231032,-77.971942
654.693373,39.231038,-77.972056,-0.008321,14.000000,0.357148,4.499964,9.500036,39.231028,-77.972107,39.231058,-77.971949
657.887000,39.231066,-77.972065,-0.007340,14.000000,0.363194,4.457644,9.542356,39.231057,-77.972115,39.231084,-77.971956
661.080626,39.231094,-77.972072,-0.006567,14.000000,0.366527,4.434309,9.565691,39.231086,-77.972122,39.231110,-77.971963
664.274252,39.231122,-77.972079,-0.006379,14.000000,0.367219,4.429465,9.570535,39.231116,-77.972129,39.231137,-77.971969
667.467878,39.231151,-77.972085,-0.006326,14.000000,0.365430,4.441987,9.558013,39.231145,-77.972135,39.231164,-77.971975
670.661505,39.231180,-77.972090,-0.006623,14.000000,0.361476,4.469668,9.530332,39.231174,-77.972141,39.231191,-77.971980
673.855131,39.231208,-77.972094,-0.006744,14.000000,0.355813,4.509310,9.490690,39.231204,-77.972146,39.231217,-77.971985
677.048757,39.231237,-77.972098,-0.006558,14.000000,0.348955,4.557313,9.442687,39.231233,-77.972150,39.231244,-77.971989
680.242383,39.231266,-77.972101,-0.006199,14.000000,0.341396,4.610231,9.389769,39.231263,-77.972154,39.231271,-77.971992
683.436009,39.231295,-77.972103,-0.005640,14.000000,0.333529,4.665294,9.334706,39.231293,-77.972157,39.231299,-77.971994
686.629636,39.231324,-77.972104,-0.005056,14.000000,0.325588,4.720882,9.279118,39.231322,-77.972159,39.231326,-77.971996
689.823262,39.231352,-77.972105,-0.005076,14.000000,0.317647,4.776471,9.223529,39.231352,-77.972160,39.231354,-77.971998
693.016888,39.231381,-77.972105,-0.005621,14.000000,0.309706,4.832059,9.167941,39.231381,-77.972161,39.231381,-77.971999
696.210514,39.231410,-77.972105,-0.005335,14.000000,0.301765,4.887647,9.112353,39.231411,-77.972161,39.231408,-77.971999
699.404140,39.231439,-77.972104,-0.004729,14.000000,0.293824,4.943235,9.056765,39.231441,-77.972161,39.231436,-77.971999
702.597767,39.231468,-77.972102,-0.004725,14.000000,0.285882,4.998824,9.001176,39.231470,-77.972160,39.231464,-77.971998
705.791393,39.231497,-77.972100,-0.004578,14.000000,0.277941,5.054412,8.945588,39.231500,-77.972158,39.231491,-77.971996
708.985019,39.231526,-77.972097,-0.004542,14.000000,0.270000,5.110000,8.890000,39.231529,-77.972156,39.231519,-77.971994
712.178645,39.231554,-77.972094,-0.004938,14.000000,0.262059,5.165588,8.834412,39.231559,-77.972153,39.231547,-77.971992
715.372272,39.231583,-77.972090,-0.005213,14.000000,0.254118,5.221176,8.778824,39.231588,-77.972150,39.231574,-77.971989
718.565898,39.231612,-77.972085,-0.004866,14.000000,0.246176,5.276765,8.723235,39.231618,-77.972146,39.231602,-77.971985
721.759524,39.231640,-77.972080,-0.004013,14.000000,0.238235,5.332353,8.667647,39.231647,-77.972142,39.231629,-77.971981
724.953150,39.231669,-77.972075,-0.004006,14.000000,0.230294,5.387941,8.612059,39.231676,-77.972137,39.231657,-77.971976
728.146776,39.231697,-77.972069,-0.004480,14.000000,0.222353,5.443529,8.556471,39.231706,-77.972131,39.231684,-77.971971
731.340403,39.231726,-77.972062,-0.004339,14.000000,0.214412,5.499118,8.500882,39.231735,-77.972125,39.231712,-77.971965
734.534029,39.231754,-77.972055,-0.004202,14.000000,0.206471,5.554706,8.445294,39.231764,-77.972119,39.231739,-77.971959
737.727655,39.231783,-77.972048,-0.004187,14.000000,0.198529,5.610294,8.389706,39.231793,-77.972112,39.231767,-77.971953
740.921281,39.231811,-77.972040,-0.003948,14.000000,0.190588,5.665882,8.334118,39.231822,-77.972104,39.231794,-77.971946
744.114907,39.231839,-77.972032,-0.003627,14.000000,0.182647,5.721471,8.278529,39.231851,-77.972096,39.231821,-77.971938
747.308534,39.231867,-77.972023,-0.003767,14.000000,0.174706,5.777059,8.222941,39.231880,-77.972088,39.231849,-77.971930
750.502160,39.231895,-77.972013,-0.004222,14.000000,0.166765,5.832647,8.167353,39.231908,-77.972079,39.231876,-77.971922
753.695786,39.231923,-77.972004,-0.004224,14.000000,0.158824,5.888235,8.111765,39.231937,-77.972069,39.231903,-77.971913
756.889412,39.231951,-77.971993,-0.003772,14.000000,0.150882,5.943824,8.056176,39.231966,-77.972060,39.231930,-77.971904
760.083038,39.231978,-77.971983,-0.003069,14.000000,0.142941,5.999412,8.000588,39.231994,-77.972049,39.231957,-77.971894
763.276665,39.232006,-77.971972,-0.002617,14.000000,0.135000,6.055000,7.945000,39.232022,-77.972039,39.231984,-77.971884
766.470291,39.232033,-77.971960,-0.002391,14.000000,0.127059,6.110588,7.889412,39.232050,-77.972028,39.232011,-77.971873
769.663917,39.232061,-77.971949,-0.002333,14.000000,0.119118,6.166176,7.833824,39.232078,-77.972017,39.232038,-77.971863
772.857543,39.232088,-77.971937,-0.002687,14.000000,0.111176,6.221765,7.778235,39.232106,-77.972005,39.232065,-77.971852
776.051170,39.232115,-77.971925,-0.002821,14.000000,0.103235,6.277353,7.722647,39.232134,-77.971994,39.232092,-77.971840
779.244796,39.232143,-77.971912,-0.002846,14.000000,0.095294,6.332941,7.667059,39.232162,-77.971982,39.232119,-77.971829
782.438422,39.232170,-77.971900,-0.002743,14.000000,0.087353,6.388529,7.611471,39.232190,-77.971969,39.232146,-77.971817
785.632048,39.232197,-77.971887,-0.002089,14.000000,0.079412,6.444118,7.555882,39.232218,-77.971956,39.232172,-77.971805
788.825674,39.232224,-77.971873,-0.001844,14.000000,0.071471,6.499706,7.500294,39.232245,-77.971944,39.232199,-77.971792
792.019301,39.232251,-77.971860,-0.002029,14.000000,0.063529,6.555294,7.444706,39.232272,-77.971930,39.232226,-77.971779
795.212927,39.232277,-77.971846,-0.001756,14.000000,0.055588,6.610882,7.389118,39.232300,-77.971917,39.232253,-77.971767
798.406553,39.232304,-77.971832,-0.001556,14.000000,0.047647,6.666471,7.333529,39.232327,-77.971904,39.232279,-77.971753
801.600179,39.232331,-77.971818,-0.001603,14.000000,0.039706,6.722059,7.277941,39.232354,-77.971890,39.232306,-77.971740
804.793805,39.232358,-77.971804,-0.001625,14.000000,0.031765,6.777647,7.222353,39.232381,-77.971876,39.232332,-77.971727
807.987432,39.232384,-77.971789,-0.001505,14.000000,0.023824,6.833235,7.166765,39.232409,-77.971862,39.232359,-77.971713
811.181058,39.232411,-77.971775,-0.001077,14.000000,0.015882,6.888824,7.111176,39.232435,-77.971848,39.232385,-77.971699
814.374684,39.232437,-77.971760,-0.001089,14.000000,0.007941,6.944412,7.055588,39.232462,-77.971834,39.232412,-77.971685
817.568310,39.232464,-77.971745,-0.001259,14.000000,0.000000,7.000000,7.000000,39.232489,-77.971819,39.232438,-77.971671
820.761937,39.232490,-77.971730,-0.001086,14.000000,-0.007941,7.055588,6.944412,39.232516,-77.971805,39.232465,-77.971657
823.955563,39.232517,-77.971715,-0.000916,14.000000,-0.015882,7.111176,6.888824,39.232543,-77.971790,39.232491,-77.971642
827.149189,39.232543,-77.971700,-0.000834,14.000000,-0.023824,7.166765,6.833235,39.232570,-77.971776,39.232517,-77.971628
830.342815,39.232569,-77.971685,-0.001068,14.000000,-0.031765,7.222353,6.777647,39.232596,-77.971761,39.232544,-77.971613
833.536441,39.232596,-77.971669,-0.001090,14.000000,-0.039706,7.277941,6.722059,39.232623,-77.971746,39.232570,-77.971598
836.730068,39.232622,-77.971654,-0.001028,14.000000,-0.047647,7.333529,6.666471,39.232650,-77.971731,39.232596,-77.971583
839.923694,39.232648,-77.971638,-0.001169,14.000000,-0.055588,7.389118,6.610882,39.232676,-77.971716,39.232623,-77.971569
843.117320,39.232674,-77.971622,-0.001223,14.000000,-0.063529,7.444706,6.555294,39.232703,-77.971700,39.232649,-77.971554
846.310946,39.232700,-77.971606,-0.001423,14.000000,-0.071471,7.500294,6.499706,39.232729,-77.971685,39.232675,-77.971538
849.504572,39.232726,-77.971590,-0.001247,14.000000,-0.117529,7.822706,6.177294,39.232757,-77.971672,39.232702,-77.971526
852.698199,39.232752,-77.971574,-0.000851,14.000000,-0.201176,8.408235,5.591765,39.232786,-77.971662,39.232730,-77.971516
855.891825,39.232778,-77.971558,-0.000895,14.000000,-0.321882,9.253176,4.746824,39.232815,-77.971654,39.232759,-77.971508
859.085451,39.232804,-77.971542,-0.000948,14.000000,-0.441000,10.087000,3.913000,39.232845,-77.971646,39.232788,-77.971501
862.279077,39.232830,-77.971525,-0.000691,14.000000,-0.558529,10.909706,3.090294,39.232874,-77.971638,39.232818,-77.971493
865.472703,39.232856,-77.971509,-0.000556,14.000000,-0.636353,11.454471,2.545529,39.232902,-77.971627,39.232846,-77.971482
868.666330,39.232882,-77.971492,-0.000547,14.000000,-0.675000,11.725000,2.275000,39.232929,-77.971614,39.232872,-77.971468
871.859956,39.232907,-77.971475,-0.000229,14.000000,-0.675000,11.725000,2.275000,39.232955,-77.971597,39.232898,-77.971452
875.053582,39.232933,-77.971459,0.000112,14.000000,-0.675000,11.725000,2.275000,39.232981,-77.971580,39.232924,-77.971435
878.247208,39.232959,-77.971442,0.000206,14.000000,-0.675000,11.725000,2.275000,39.233007,-77.971563,39.232950,-77.971418
881.440835,39.232985,-77.971425,0.000199,14.000000,-0.675000,11.725000,2.275000,39.233032,-77.971547,39.232976,-77.971402
884.634461,39.233011,-77.971409,0.000319,14.000000,-0.675000,11.725000,2.275000,39.233058,-77.971530,39.233001,-77.971385
887.828087,39.233037,-77.971392,0.000327,14.000000,-0.675000,11.725000,2.275000,39.233084,-77.971514,39.233027,-77.971369
891.021713,39.233062,-77.971376,0.000359,14.000000,-0.675000,11.725000,2.275000,39.233110,-77.971497,39.233053,-77.971352
894.215339,39.233088,-77.971359,0.000452,14.000000,-0.675000,11.725000,2.275000,39.233135,-77.971481,39.233079,-77.971335
897.408966,39.233114,-77.971343,0.000582,14.000000,-0.675000,11.725000,2.275000,39.233161,-77.971464,39.233105,-77.971319
900.602592,39.233140,-77.971326,0.000579,14.000000,-0.675000,11.725000,2.275000,39.233187,-77.971448,39.233131,-77.971303
903.796218,39.233166,-77.971310,0.000117,14.000000,-0.675000,11.725000,2.275000,39.233213,-77.971432,39.233157,-77.971286
906.989844,39.233192,-77.971294,0.000307,14.000000,-0.675000,11.725000,2.275000,39.233239,-77.971416,39.233183,-77.971270
910.183470,39.233218,-77.971277,0.000794,14.000000,-0.675000,11.725000,2.275000,39.233264,-77.971399,39.233209,-77.971254
913.377097,39.233244,-77.971261,0.000423,14.000000,-0.675000,11.725000,2.275000,39.233290,-77.971383,39.233235,-77.971237
916.570723,39.233270,-77.971245,0.000189,14.000000,-0.675000,11.725000,2.275000,39.233316,-77.971367,39.233261,-77.971221
919.764349,39.233296,-77.971229,0.000498,14.000000,-0.675000,11.725000,2.275000,39.233342,-77.971351,39.233287,-77.971205
922.957975,39.233322,-77.971213,0.000211,14.000000,-0.675000,11.725000,2.275000,39.233368,-77.971335,39.233313,-77.971189
926.151602,39.233348,-77.971197,-0.000450,14.000000,-0.675000,11.725000,2.275000,39.233394,-77.971319,39.233339,-77.971173
929.345228,39.233374,-77.971181,-0.000123,14.000000,-0.675000,11.725000,2.275000,39.233420,-77.971303,39.233365,-77.971157
932.538854,39.233400,-77.971164,0.000369,14.000000,-0.675000,11.725000,2.275000,39.233446,-77.971287,39.233391,-77.971141
935.732480,39.233426,-77.971148,0.000013,14.000000,-0.675000,11.725000,2.275000,39.233472,-77.971271,39.233417,-77.971125
938.926106,39.233452,-77.971132,-0.000011,14.000000,-0.675000,11.725000,2.275000,39.233498,-77.971255,39.233443,-77.971108
942.119733,39.233478,-77.971116,0.000341,14.000000,-0.675000,11.725000,2.275000,39.233524,-77.971239,39.233469,-77.971092
945.313359,39.233504,-77.971100,0.000315,14.000000,-0.675000,11.725000,2.275000,39.233550,-77.971223,39.233495,-77.971076
948.506985,39.233530,-77.971084,0.000535,14.000000,-0.675000,11.725000,2.275000,39.233576,-77.971207,39.233521,-77.971060
951.700611,39.233556,-77.971068,0.000833,14.000000,-0.675000,11.725000,2.275000,39.233602,-77.971191,39.233547,-77.971044
954.894237,39.233582,-77.971052,0.000800,14.000000,-0.674861,11.724029,2.275971,39.233628,-77.971175,39.233573,-77.971028
958.087864,39.233608,-77.971036,0.000841,14.000000,-0.674169,11.719180,2.280820,39.233653,-77.971159,39.233600,-77.971012
961.281490,39.233635,-77.971021,0.000996,14.000000,-0.672232,11.705627,2.294373,39.233679,-77.971144,39.233626,-77.970997
964.475116,39.233661,-77.971005,0.001135,14.000000,-0.668233,11.677628,2.322372,39.233705,-77.971128,39.233652,-77.970981
967.668742,39.233687,-77.970990,0.001172,14.000000,-0.661361,11.629530,2.370470,39.233731,-77.971112,39.233678,-77.970965
970.862368,39.233713,-77.970974,0.001270,14.000000,-0.650968,11.556773,2.443227,39.233756,-77.971096,39.233704,-77.970948
974.055995,39.233740,-77.970959,0.001275,14.000000,-0.636699,11.456893,2.543107,39.233782,-77.971080,39.233730,-77.970932
977.249621,39.233766,-77.970944,0.001679,14.000000,-0.618505,11.329534,2.670466,39.233808,-77.971064,39.233756,-77.970916
980.443247,39.233792,-77.970929,0.001924,14.000000,-0.596498,11.175483,2.824517,39.233833,-77.971048,39.233782,-77.970899
983.636873,39.233819,-77.970914,0.001719,14.000000,-0.570813,10.995688,3.004312,39.233858,-77.971032,39.233808,-77.970882
986.830500,39.233846,-77.970900,0.002217,14.000000,-0.541608,10.791259,3.208741,39.233883,-77.971015,39.233834,-77.970866
990.024126,39.233872,-77.970886,0.002432,14.000000,-0.509065,10.563456,3.436544,39.233909,-77.970999,39.233860,-77.970849
993.217752,39.233899,-77.970872,0.002095,14.000000,-0.473383,10.313682,3.686318,39.233934,-77.970983,39.233887,-77.970832
996.411378,39.233926,-77.970858,0.002413,14.000000,-0.434783,10.043479,3.956521,39.233959,-77.970966,39.233913,-77.970815
999.605004,39.233953,-77.970844,0.002483,14.000000,-0.393502,9.754511,4.245489,39.233984,-77.970950,39.233939,-77.970798
1002.798631,39.233980,-77.970831,0.001786,14.000000,-0.349794,9.448561,4.551439,39.234010,-77.970934,39.233965,-77.970782
1005.992257,39.234007,-77.970818,0.001482,14.000000,-0.303931,9.127515,4.872485,39.234036,-77.970917,39.233991,-77.970765
1009.185883,39.234034,-77.970805,0.001534,14.000000,-0.256193,8.793352,5.206648,39.234061,-77.970901,39.234018,-77.970749
1012.379509,39.234061,-77.970793,0.001851,14.000000,-0.206876,8.448132,5.551868,39.234087,-77.970885,39.234044,-77.970732
1015.573135,39.234088,-77.970780,0.002734,14.000000,-0.156283,8.093984,5.906016,39.234113,-77.970869,39.234070,-77.970716
1018.766762,39.234115,-77.970768,0.003351,14.000000,-0.104727,7.733092,6.266908,39.234138,-77.970853,39.234097,-77.970699
1021.960388,39.234143,-77.970756,0.003064,14.000000,-0.052526,7.367679,6.632321,39.234164,-77.970837,39.234124,-77.970683
1025.154014,39.234170,-77.970745,0.002570,14.000000,0.000000,7.000000,7.000000,39.234190,-77.970822,39.234151,-77.970667
1028.347640,39.234198,-77.970734,0.002620,14.000000,0.052526,6.632321,7.367679,39.234216,-77.970807,39.234178,-77.970652
1031.541267,39.234225,-77.970723,0.003396,14.000000,0.104727,6.266908,7.733092,39.234242,-77.970792,39.234205,-77.970637
1034.734893,39.234253,-77.970712,0.004225,14.000000,0.156283,5.906016,8.093984,39.234268,-77.970778,39.234233,-77.970622
1037.928519,39.234281,-77.970702,0.005066,14.000000,0.207229,5.549399,8.450601,39.234294,-77.970764,39.234261,-77.970608
1041.122145,39.234309,-77.970693,0.006119,14.000000,0.258446,5.190875,8.809125,39.234320,-77.970751,39.234289,-77.970594
1044.315771,39.234337,-77.970684,0.006742,14.000000,0.310996,4.823025,9.176975,39.234347,-77.970739,39.234318,-77.970580
1047.509398,39.234365,-77.970676,0.007638,14.000000,0.365713,4.440007,9.559993,39.234373,-77.970726,39.234348,-77.970568
1050.703024,39.234394,-77.970669,0.008989,14.000000,0.422666,4.041338,9.958662,39.234400,-77.970715,39.234378,-77.970555
1053.896650,39.234422,-77.970663,0.009415,14.000000,0.481428,3.630002,10.369998,39.234427,-77.970705,39.234408,-77.970544
1057.090276,39.234451,-77.970658,0.009239,14.000000,0.540589,3.215879,10.784121,39.234454,-77.970695,39.234439,-77.970534
1060.283902,39.234479,-77.970654,0.009365,14.000000,0.598430,2.810988,11.189012,39.234482,-77.970687,39.234470,-77.970525
1063.477529,39.234508,-77.970651,0.009226,14.000000,0.653341,2.426614,11.573386,39.234510,-77.970680,39.234502,-77.970517
1066.671155,39.234537,-77.970650,0.008854,14.000000,0.704369,2.069418,11.930582,39.234538,-77.970674,39.234534,-77.970512
1069.864781,39.234566,-77.970649,0.008999,14.000000,0.750617,1.745678,12.254322,39.234566,-77.970670,39.234566,-77.970507
1073.058407,39.234595,-77.970650,0.009528,14.000000,0.791264,1.461155,12.538845,39.234595,-77.970667,39.234598,-77.970504
1076.252033,39.234624,-77.970651,0.009358,14.000000,0.825577,1.220959,12.779041,39.234623,-77.970665,39.234631,-77.970503
1079.445660,39.234653,-77.970654,0.008889,14.000000,0.852938,1.029437,12.970563,39.234652,-77.970666,39.234663,-77.970504
1082.639286,39.234681,-77.970658,0.009578,14.000000,0.872846,0.890076,13.109924,39.234680,-77.970668,39.234695,-77.970507
1085.832912,39.234710,-77.970663,0.010611,14.000000,0.884940,0.805423,13.194577,39.234709,-77.970672,39.234728,-77.970511
1089.026538,39.234738,-77.970669,0.010973,14.000000,0.888995,0.777032,13.222968,39.234737,-77.970678,39.234760,-77.970518
1092.220165,39.234767,-77.970676,0.010797,14.000000,0.884940,0.805423,13.194577,39.234765,-77.970685,39.234793,-77.970527
1095.413791,39.234795,-77.970685,0.010419,14.000000,0.872846,0.890076,13.109924,39.234793,-77.970695,39.234824,-77.970538
1098.607417,39.234823,-77.970695,0.009555,14.000000,0.852938,1.029437,12.970563,39.234820,-77.970706,39.234856,-77.970550
1101.801043,39.234850,-77.970706,0.008490,14.000000,0.825577,1.220959,12.779041,39.234847,-77.970719,39.234886,-77.970565
1104.994669,39.234878,-77.970718,0.008047,14.000000,0.791264,1.461155,12.538845,39.234873,-77.970733,39.234915,-77.970580
1108.188296,39.234905,-77.970730,0.007481,14.000000,0.750617,1.745678,12.254322,39.234899,-77.970749,39.234944,-77.970598
1111.381922,39.234932,-77.970744,0.007387,14.000000,0.704369,2.069418,11.930582,39.234925,-77.970766,39.234972,-77.970616
1114.575548,39.234958,-77.970758,0.008323,14.000000,0.653341,2.426614,11.573386,39.234949,-77.970784,39.235000,-77.970635
1117.769174,39.234985,-77.970774,0.008918,14.000000,0.598430,2.810988,11.189012,39.234974,-77.970803,39.235028,-77.970656
1120.962800,39.235011,-77.970790,0.008872,14.000000,0.544722,3.186946,10.813054,39.234998,-77.970823,39.235055,-77.970678
1124.156427,39.235036,-77.970807,0.008543,14.000000,0.501402,3.490186,10.509814,39.235021,-77.970843,39.235081,-77.970700
1127.350053,39.235061,-77.970825,0.008677,14.000000,0.477473,3.657691,10.342309,39.235045,-77.970862,39.235108,-77.970721
1130.543679,39.235086,-77.970844,0.008828,14.000000,0.477473,3.657691,10.342309,39.235069,-77.970880,39.235135,-77.970742
1133.737305,39.235110,-77.970864,0.008386,14.000000,0.501402,3.490186,10.509814,39.235093,-77.970898,39.235163,-77.970762
1136.930932,39.235134,-77.970885,0.007955,14.000000,0.544722,3.186946,10.813054,39.235118,-77.970915,39.235190,-77.970782
1140.124558,39.235158,-77.970906,0.007532,14.000000,0.598430,2.810988,11.189012,39.235143,-77.970933,39.235218,-77.970801
1143.318184,39.235181,-77.970928,0.006900,14.000000,0.653341,2.426614,11.573386,39.235168,-77.970951,39.235245,-77.970822
1146.511810,39.235204,-77.970951,0.005750,14.000000,0.704369,2.069418,11.930582,39.235192,-77.970970,39.235271,-77.970843
1149.705436,39.235226,-77.970975,0.004680,14.000000,0.750617,1.745678,12.254322,39.235216,-77.970990,39.235297,-77.970865
1152.899063,39.235248,-77.970999,0.004050,14.000000,0.791264,1.461155,12.538845,39.235240,-77.971011,39.235322,-77.970888
1156.092689,39.235270,-77.971023,0.004194,14.000000,0.825577,1.220959,12.779041,39.235263,-77.971033,39.235346,-77.970911
1159.286315,39.235292,-77.971047,0.005160,14.000000,0.852938,1.029437,12.970563,39.235286,-77.971056,39.235370,-77.970935
1162.479941,39.235313,-77.971072,0.006005,14.000000,0.872846,0.890076,13.109924,39.235308,-77.971080,39.235394,-77.970961
1165.673567,39.235334,-77.971098,0.006652,14.000000,0.884940,0.805423,13.194577,39.235329,-77.971104,39.235417,-77.970988
1168.867194,39.235355,-77.971124,0.007111,14.000000,0.888995,0.777032,13.222968,39.235350,-77.971130,39.235440,-77.971016
1172.060820,39.235375,-77.971150,0.007041,14.000000,0.884940,0.805423,13.194577,39.235369,-77.971157,39.235462,-77.971045
1175.254446,39.235394,-77.971178,0.006358,14.000000,0.872846,0.890076,13.109924,39.235388,-77.971185,39.235482,-77.971076
1178.448072,39.235413,-77.971205,0.004863,14.000000,0.852938,1.029437,12.970563,39.235406,-77.971213,39.235502,-77.971107
1181.641698,39.235432,-77.971234,0.003171,14.000000,0.825577,1.220959,12.779041,39.235424,-77.971243,39.235520,-77.971138
1184.835325,39.235451,-77.971262,0.002217,14.000000,0.791264,1.461155,12.538845,39.235441,-77.971273,39.235538,-77.971169
1188.028951,39.235469,-77.971291,0.001296,14.000000,0.750617,1.745678,12.254322,39.235457,-77.971303,39.235555,-77.971200
1191.222577,39.235488,-77.971319,0.000370,14.000000,0.704369,2.069418,11.930582,39.235473,-77.971334,39.235571,-77.971231
1194.416203,39.235506,-77.971348,-0.000578,14.000000,0.653341,2.426614,11.573386,39.235489,-77.971366,39.235587,-77.971263
1197.609830,39.235524,-77.971376,-0.001724,14.000000,0.598430,2.810988,11.189012,39.235505,-77.971397,39.235602,-77.971294
1200.803456,39.235543,-77.971405,-0.002097,14.000000,0.540589,3.215879,10.784121,39.235520,-77.971429,39.235617,-77.971325
1203.997082,39.235561,-77.971433,-0.001679,14.000000,0.481428,3.630002,10.369998,39.235536,-77.971460,39.235633,-77.971355
1207.190708,39.235580,-77.971461,-0.001327,14.000000,0.422666,4.041338,9.958662,39.235552,-77.971492,39.235648,-77.971386
1210.384334,39.235599,-77.971490,-0.001439,14.000000,0.365713,4.440007,9.559993,39.235568,-77.971523,39.235664,-77.971417
1213.577961,39.235618,-77.971518,-0.001849,14.000000,0.310996,4.823025,9.176975,39.235585,-77.971554,39.235680,-77.971448
1216.771587,39.235637,-77.971545,-0.001694,14.000000,0.258446,5.190875,8.809125,39.235602,-77.971585,39.235696,-77.971478
1219.965213,39.235656,-77.971573,-0.001465,14.000000,0.207229,5.549399,8.450601,39.235618,-77.971616,39.235713,-77.971508
1223.158839,39.235675,-77.971601,-0.002376,14.000000,0.156283,5.906016,8.093984,39.235635,-77.971647,39.235730,-77.971538
1226.352465,39.235695,-77.971628,-0.002954,14.000000,0.104727,6.266908,7.733092,39.235653,-77.971677,39.235746,-77.971567
1229.546092,39.235714,-77.971655,-0.002600,14.000000,0.052526,6.632321,7.367679,39.235670,-77.971708,39.235763,-77.971597
1232.739718,39.235734,-77.971682,-0.002808,14.000000,0.000000,7.000000,7.000000,39.235688,-77.971738,39.235780,-77.971626
1235.933344,39.235754,-77.971709,-0.003168,14.000000,-0.052526,7.367679,6.632321,39.235706,-77.971768,39.235797,-77.971655
1239.126970,39.235774,-77.971735,-0.003010,14.000000,-0.104727,7.733092,6.266908,39.235725,-77.971798,39.235815,-77.971684
1242.320597,39.235795,-77.971762,-0.002939,14.000000,-0.156283,8.093984,5.906016,39.235743,-77.971828,39.235832,-77.971713
1245.514223,39.235815,-77.971788,-0.002830,14.000000,-0.206876,8.448132,5.551868,39.235762,-77.971858,39.235850,-77.971741
1248.707849,39.235836,-77.971813,-0.002912,14.000000,-0.256193,8.793352,5.206648,39.235781,-77.971887,39.235869,-77.971770
1251.901475,39.235857,-77.971839,-0.003425,14.000000,-0.303931,9.127515,4.872485,39.235801,-77.971916,39.235887,-77.971798
1255.095101,39.235878,-77.971864,-0.002930,14.000000,-0.349794,9.448561,4.551439,39.235820,-77.971945,39.235906,-77.971825
1258.288728,39.235900,-77.971889,-0.001851,14.000000,-0.393502,9.754511,4.245489,39.235840,-77.971973,39.235925,-77.971852
1261.482354,39.235921,-77.971914,-0.001584,14.000000,-0.434783,10.043479,3.956521,39.235860,-77.972000,39.235945,-77.971879
1264.675980,39.235943,-77.971938,-0.001558,14.000000,-0.473383,10.313682,3.686318,39.235881,-77.972028,39.235965,-77.971906
1267.869606,39.235964,-77.971963,-0.001892,14.000000,-0.509065,10.563456,3.436544,39.235901,-77.972055,39.235985,-77.971933
1271.063232,39.235986,-77.971987,-0.002203,14.000000,-0.541608,10.791259,3.208741,39.235922,-77.972082,39.236005,-77.971959
1274.256859,39.236008,-77.972011,-0.001944,14.000000,-0.570813,10.995688,3.004312,39.235944,-77.972108,39.236026,-77.971985
1277.450485,39.236030,-77.972035,-0.001572,14.000000,-0.596498,11.175483,2.824517,39.235965,-77.972134,39.236047,-77.972010
1280.644111,39.236052,-77.972059,-0.001289,14.000000,-0.618505,11.329534,2.670466,39.235987,-77.972160,39.236068,-77.972035
1283.837737,39.236074,-77.972083,-0.001160,14.000000,-0.636699,11.456893,2.543107,39.236008,-77.972185,39.236089,-77.972060
1287.031363,39.236097,-77.972106,-0.000839,14.000000,-0.650968,11.556773,2.443227,39.236030,-77.972210,39.236111,-77.972084
1290.224990,39.236119,-77.972130,-0.000584,14.000000,-0.661361,11.629530,2.370470,39.236052,-77.972234,39.236133,-77.972108
1293.418616,39.236141,-77.972153,-0.000296,14.000000,-0.633233,11.432628,2.567372,39.236076,-77.972256,39.236156,-77.972130
1296.612242,39.236164,-77.972177,0.000302,14.000000,-0.566399,10.964794,3.035206,39.236101,-77.972275,39.236181,-77.972149
1299.805868,39.236186,-77.972200,0.000645,14.000000,-0.460835,10.225846,3.774154,39.236128,-77.972292,39.236208,-77.972166
1302.999495,39.236209,-77.972224,0.000863,14.000000,-0.351528,9.460696,4.539304,39.236154,-77.972308,39.236235,-77.972183
1306.193121,39.236231,-77.972247,0.001493,14.000000,-0.239167,8.674167,5.325833,39.236181,-77.972325,39.236262,-77.972200
1309.386747,39.236253,-77.972271,0.002116,14.000000,-0.159167,8.114167,5.885833,39.236206,-77.972343,39.236287,-77.972219
1312.580373,39.236275,-77.972295,0.002095,14.000000,-0.112500,7.787500,6.212500,39.236229,-77.972364,39.236311,-77.972240
1315.773999,39.236297,-77.972319,0.001800,14.000000,-0.100000,7.700000,6.300000,39.236251,-77.972386,39.236334,-77.972264
1318.967626,39.236319,-77.972343,0.001306,14.000000,-0.087500,7.612500,6.387500,39.236274,-77.972410,39.236357,-77.972287
1322.161252,39.236341,-77.972368,0.001000,14.000000,-0.075000,7.525000,6.475000,39.236296,-77.972433,39.236379,-77.972311
1325.354878,39.236362,-77.972392,0.000951,14.000000,-0.062500,7.437500,6.562500,39.236318,-77.972457,39.236402,-77.972335
1328.548504,39.236384,-77.972417,0.000537,14.000000,-0.050000,7.350000,6.650000,39.236340,-77.972480,39.236424,-77.972359
1331.742130,39.236405,-77.972441,0.000364,14.000000,-0.037500,7.262500,6.737500,39.236362,-77.972504,39.236446,-77.972383
1334.935757,39.236427,-77.972466,0.000588,14.000000,-0.025000,7.175000,6.825000,39.236384,-77.972528,39.236468,-77.972407
1338.129383,39.236449,-77.972491,0.000546,14.000000,-0.012500,7.087500,6.912500,39.236406,-77.972552,39.236490,-77.972431
1341.323009,39.236470,-77.972515,0.000215,14.000000,0.000000,7.000000,7.000000,39.236428,-77.972576,39.236512,-77.972455
1344.516635,39.236491,-77.972540,0.000192,14.000000,0.012500,6.912500,7.087500,39.236450,-77.972600,39.236534,-77.972479
1347.710262,39.236513,-77.972565,0.000558,14.000000,0.025000,6.825000,7.175000,39.236472,-77.972624,39.236556,-77.972503
1350.903888,39.236534,-77.972590,0.000651,14.000000,0.037500,6.737500,7.262500,39.236494,-77.972648,39.236579,-77.972527
1354.097514,39.236556,-77.972615,0.000362,14.000000,0.050000,6.650000,7.350000,39.236515,-77.972672,39.236601,-77.972551
1357.291140,39.236577,-77.972639,0.000174,14.000000,0.062500,6.562500,7.437500,39.236537,-77.972696,39.236622,-77.972576
1360.484766,39.236599,-77.972664,0.000216,14.000000,0.075000,6.475000,7.525000,39.236559,-77.972720,39.236644,-77.972600
1363.678393,39.236620,-77.972689,0.000342,14.000000,0.087500,6.387500,7.612500,39.236581,-77.972744,39.236666,-77.972624
1366.872019,39.236641,-77.972714,0.000325,14.000000,0.100000,6.300000,7.700000,39.236603,-77.972768,39.236688,-77.972648
1370.065645,39.236663,-77.972739,0.000397,14.000000,0.112500,6.212500,7.787500,39.236625,-77.972792,39.236710,-77.972673
1373.259271,39.236684,-77.972764,0.000753,14.000000,0.125000,6.125000,7.875000,39.236646,-77.972817,39.236732,-77.972697
1376.452897,39.236705,-77.972789,0.000733,14.000000,0.137500,6.037500,7.962500,39.236668,-77.972841,39.236754,-77.972722
1379.646524,39.236726,-77.972815,0.000520,14.000000,0.149961,5.950270,8.049730,39.236690,-77.972865,39.236776,-77.972746
1382.840150,39.236747,-77.972840,0.000614,14.000000,0.162259,5.864189,8.135811,39.236711,-77.972890,39.236798,-77.972771
1386.033776,39.236769,-77.972865,0.000866,14.000000,0.174165,5.780847,8.219153,39.236733,-77.972914,39.236819,-77.972795
1389.227402,39.236790,-77.972890,0.001307,14.000000,0.185375,5.702375,8.297625,39.236754,-77.972939,39.236841,-77.972820
1392.421028,39.236811,-77.972916,0.001213,14.000000,0.195544,5.631191,8.368809,39.236776,-77.972963,39.236863,-77.972846
1395.614655,39.236832,-77.972941,0.000548,14.000000,0.204327,5.569713,8.430287,39.236797,-77.972988,39.236884,-77.972871
1398.808281,39.236852,-77.972967,0.000536,14.000000,0.211429,5.519999,8.480001,39.236818,-77.973013,39.236905,-77.972896
1402.001907,39.236873,-77.972993,0.000527,14.000000,0.216626,5.483617,8.516383,39.236839,-77.973038,39.236927,-77.972922
1405.195533,39.236894,-77.973018,-0.000068,14.000000,0.219744,5.461795,8.538205,39.236860,-77.973064,39.236948,-77.972947
1408.389160,39.236915,-77.973044,-0.000280,14.000000,0.220623,5.455639,8.544361,39.236881,-77.973090,39.236968,-77.972973
1411.582786,39.236936,-77.973070,-0.000362,14.000000,0.219126,5.466121,8.533879,39.236901,-77.973115,39.236989,-77.972998
1414.776412,39.236957,-77.973095,-0.000507,14.000000,0.215134,5.494063,8.505937,39.236922,-77.973141,39.237010,-77.973024
1417.970038,39.236977,-77.973121,-0.000406,14.000000,0.208552,5.540134,8.459866,39.236943,-77.973167,39.237030,-77.973050
1421.163664,39.236998,-77.973147,-0.000563,14.000000,0.199309,5.604834,8.395166,39.236963,-77.973194,39.237051,-77.973076
1424.357291,39.237019,-77.973172,-0.000866,14.000000,0.187208,5.689545,8.310455,39.236984,-77.973220,39.237071,-77.973102
1427.550917,39.237040,-77.973198,-0.001661,14.000000,0.172140,5.795022,8.204978,39.237004,-77.973246,39.237091,-77.973128
1430.744543,39.237061,-77.973223,-0.002571,14.000000,0.154085,5.921405,8.078595,39.237025,-77.973273,39.237111,-77.973154
1433.938169,39.237083,-77.973248,-0.002708,14.000000,0.133261,6.067175,7.932825,39.237046,-77.973300,39.237131,-77.973180
1437.131795,39.237104,-77.973273,-0.002572,14.000000,0.109903,6.230678,7.769322,39.237066,-77.973327,39.237151,-77.973206
1440.325422,39.237126,-77.973297,-0.002401,14.000000,0.084416,6.409090,7.590910,39.237087,-77.973353,39.237171,-77.973231
1443.519048,39.237147,-77.973322,-0.002587,14.000000,0.057151,6.599941,7.400059,39.237108,-77.973380,39.237191,-77.973257
1446.712674,39.237169,-77.973346,-0.002890,14.000000,0.028410,6.801130,7.198870,39.237129,-77.973406,39.237212,-77.973282
1449.906300,39.237191,-77.973370,-0.002732,14.000000,-0.001712,7.011985,6.988015,39.237151,-77.973432,39.237232,-77.973308
1453.099927,39.237214,-77.973393,-0.002379,14.000000,-0.033110,7.231769,6.768231,39.237172,-77.973458,39.237253,-77.973333
1456.293553,39.237236,-77.973417,-0.002525,14.000000,-0.065669,7.459680,6.540320,39.237193,-77.973484,39.237273,-77.973358
1459.487179,39.237258,-77.973440,-0.003151,14.000000,-0.099265,7.694856,6.305144,39.237215,-77.973510,39.237294,-77.973383
1462.680805,39.237281,-77.973463,-0.004003,14.000000,-0.134008,7.938057,6.061943,39.237237,-77.973536,39.237315,-77.973408
1465.874431,39.237304,-77.973486,-0.004386,14.000000,-0.170600,8.194200,5.805800,39.237259,-77.973561,39.237336,-77.973432
1469.068058,39.237327,-77.973508,-0.003849,14.000000,-0.209899,8.469293,5.530707,39.237282,-77.973587,39.237357,-77.973456
1472.261684,39.237351,-77.973529,-0.003695,14.000000,-0.252655,8.768584,5.231416,39.237304,-77.973612,39.237378,-77.973480
1475.455310,39.237374,-77.973551,-0.003916,14.000000,-0.299119,9.093832,4.906168,39.237327,-77.973637,39.237400,-77.973504
1478.648936,39.237398,-77.973572,-0.004017,14.000000,-0.349210,9.444472,4.555528,39.237350,-77.973662,39.237421,-77.973528
1481.842562,39.237422,-77.973593,-0.004234,14.000000,-0.402144,9.815009,4.184991,39.237373,-77.973687,39.237443,-77.973552
1485.036189,39.237446,-77.973613,-0.004296,14.000000,-0.456862,10.198032,3.801968,39.237396,-77.973712,39.237465,-77.973576
1488.229815,39.237471,-77.973633,-0.004271,14.000000,-0.512289,10.586021,3.413979,39.237420,-77.973737,39.237487,-77.973599
1491.423441,39.237495,-77.973652,-0.004079,14.000000,-0.567722,10.974051,3.025949,39.237444,-77.973761,39.237509,-77.973622
1494.617067,39.237520,-77.973671,-0.003717,14.000000,-0.622419,11.356935,2.643065,39.237468,-77.973784,39.237532,-77.973644
1497.810693,39.237545,-77.973689,-0.003922,14.000000,-0.675616,11.729309,2.270691,39.237492,-77.973807,39.237555,-77.973667
1501.004320,39.237570,-77.973708,-0.004983,14.000000,-0.726530,12.085711,1.914289,39.237517,-77.973830,39.237579,-77.973688
1504.197946,39.237596,-77.973725,-0.006458,14.000000,-0.774382,12.420672,1.579328,39.237543,-77.973853,39.237602,-77.973709
1507.391572,39.237621,-77.973742,-0.007370,14.000000,-0.814056,12.698391,1.301609,39.237570,-77.973874,39.237627,-77.973729
1510.585198,39.237647,-77.973758,-0.007674,14.000000,-0.840415,12.882904,1.117096,39.237598,-77.973894,39.237652,-77.973747
1513.778825,39.237674,-77.973774,-0.007717,14.000000,-0.848419,12.938934,1.061066,39.237626,-77.973911,39.237677,-77.973763
1516.972451,39.237700,-77.973788,-0.007381,14.000000,-0.837593,12.863152,1.136848,39.237656,-77.973926,39.237704,-77.973776
1520.166077,39.237727,-77.973802,-0.006398,14.000000,-0.807847,12.654928,1.345072,39.237686,-77.973939,39.237731,-77.973788
1523.359703,39.237754,-77.973815,-0.005110,14.000000,-0.763825,12.346772,1.653228,39.237716,-77.973949,39.237759,-77.973797
1526.553329,39.237781,-77.973827,-0.005200,14.000000,-0.710603,11.974223,2.025777,39.237746,-77.973959,39.237787,-77.973805
1529.746956,39.237809,-77.973839,-0.006278,14.000000,-0.653571,11.574995,2.425005,39.237776,-77.973967,39.237815,-77.973813
1532.940582,39.237836,-77.973851,-0.006886,14.000000,-0.593949,11.157640,2.842360,39.237807,-77.973974,39.237844,-77.973819
1536.134208,39.237864,-77.973861,-0.006680,14.000000,-0.532953,10.730672,3.269328,39.237838,-77.973981,39.237872,-77.973824
1539.327834,39.237892,-77.973871,-0.006531,14.000000,-0.471764,10.302350,3.697650,39.237868,-77.973986,39.237900,-77.973829
1542.521460,39.237920,-77.973879,-0.007071,14.000000,-0.411497,9.880477,4.119523,39.237899,-77.973991,39.237928,-77.973833
1545.715087,39.237948,-77.973888,-0.007421,14.000000,-0.353174,9.472216,4.527784,39.237930,-77.973995,39.237956,-77.973836
1548.908713,39.237976,-77.973895,-0.007423,14.000000,-0.298019,9.086132,4.913868,39.237961,-77.973998,39.237984,-77.973839
1552.102339,39.238005,-77.973901,-0.007409,14.000000,-0.247122,8.729855,5.270145,39.237992,-77.974001,39.238012,-77.973841
1555.295965,39.238033,-77.973907,-0.006602,14.000000,-0.201250,8.408748,5.591252,39.238023,-77.974003,39.238040,-77.973842
1558.489591,39.238062,-77.973911,-0.005647,14.000000,-0.160541,8.123787,5.876213,39.238053,-77.974005,39.238068,-77.973844
1561.683218,39.238091,-77.973915,-0.006062,14.000000,-0.124846,7.873923,6.126077,39.238084,-77.974006,39.238096,-77.973845
1564.876844,39.238120,-77.973919,-0.006601,14.000000,-0.093623,7.655364,6.344636,39.238114,-77.974007,39.238124,-77.973845
1568.070470,39.238148,-77.973921,-0.006615,14.000000,-0.066277,7.463941,6.536059,39.238144,-77.974008,39.238152,-77.973845
1571.264096,39.238177,-77.973923,-0.006166,14.000000,-0.042360,7.296519,6.703481,39.238175,-77.974008,39.238179,-77.973845
1574.457723,39.238206,-77.973924,-0.005479,14.000000,-0.021887,7.153207,6.846793,39.238205,-77.974007,39.238207,-77.973845
1577.651349,39.238235,-77.973924,-0.005040,14.000000,-0.005019,7.035133,6.964867,39.238235,-77.974006,39.238235,-77.973844
1580.844975,39.238264,-77.973924,-0.004219,14.000000,0.008128,6.943105,7.056895,39.238265,-77.974005,39.238263,-77.973842
1584.038601,39.238293,-77.973923,-0.003393,14.000000,0.017484,6.877609,7.122391,39.238294,-77.974003,39.238291,-77.973841
1587.232227,39.238322,-77.973922,-0.002917,14.000000,0.023027,6.838808,7.161192,39.238324,-77.974002,39.238319,-77.973839
1590.425854,39.238351,-77.973921,-0.002473,14.000000,0.024780,6.826537,7.173463,39.238353,-77.974000,39.238348,-77.973838
1593.619480,39.238379,-77.973919,-0.001644,14.000000,0.022812,6.840314,7.159686,39.238383,-77.973998,39.238376,-77.973836
1596.813106,39.238408,-77.973917,-0.000980,14.000000,0.017441,6.877910,7.122090,39.238412,-77.973997,39.238405,-77.973835
1600.006732,39.238437,-77.973915,-0.001028,14.000000,0.009435,6.933955,7.066045,39.238441,-77.973995,39.238433,-77.973833
1603.200358,39.238466,-77.973913,-0.000736,14.000000,0.000000,7.000000,7.000000,39.238470,-77.973994,39.238462,-77.973832
1606.393985,39.238495,-77.973911,-0.000318,14.000000,-0.009435,7.066045,6.933955,39.238499,-77.973992,39.238491,-77.973830
1609.587611,39.238524,-77.973908,-0.000479,14.000000,-0.017441,7.122090,6.877910,39.238528,-77.973991,39.238520,-77.973829
1612.781237,39.238552,-77.973906,-0.000465,14.000000,-0.022812,7.159686,6.840314,39.238557,-77.973989,39.238548,-77.973827
1615.974863,39.238581,-77.973903,0.000053,14.000000,-0.024780,7.173463,6.826537,39.238585,-77.973987,39.238577,-77.973824
1619.168490,39.238610,-77.973901,0.000433,14.000000,-0.023027,7.161192,6.838808,39.238614,-77.973984,39.238606,-77.973822
1622.362116,39.238639,-77.973899,0.000659,14.000000,-0.017484,7.122391,6.877609,39.238643,-77.973981,39.238635,-77.973819
1625.555742,39.238668,-77.973896,0.000974,14.000000,-0.008128,7.056895,6.943105,39.238672,-77.973978,39.238664,-77.973816
1628.749368,39.238697,-77.973894,0.001346,14.000000,0.005019,6.964867,7.035133,39.238700,-77.973975,39.238693,-77.973813
1631.942994,39.238725,-77.973892,0.001926,14.000000,0.021887,6.846793,7.153207,39.238729,-77.973972,39.238722,-77.973809
1635.136621,39.238754,-77.973890,0.002394,14.000000,0.042360,6.703481,7.296519,39.238757,-77.973968,39.238751,-77.973806
1638.330247,39.238783,-77.973889,0.002945,14.000000,0.066277,6.536059,7.463941,39.238785,-77.973965,39.238781,-77.973802
1641.523873,39.238812,-77.973888,0.003683,14.000000,0.093623,6.344636,7.655364,39.238813,-77.973961,39.238810,-77.973799
1644.717499,39.238841,-77.973887,0.003452,14.000000,0.124846,6.126077,7.873923,39.238842,-77.973958,39.238840,-77.973796
1647.911125,39.238870,-77.973887,0.003059,14.000000,0.160541,5.876213,8.123787,39.238870,-77.973955,39.238870,-77.973793
1651.104752,39.238899,-77.973887,0.003881,14.000000,0.201250,5.591252,8.408748,39.238898,-77.973952,39.238899,-77.973789
1654.298378,39.238928,-77.973887,0.005112,14.000000,0.247122,5.270145,8.729855,39.238927,-77.973948,39.238929,-77.973786
1657.492004,39.238956,-77.973888,0.006991,14.000000,0.298019,4.913868,9.086132,39.238955,-77.973945,39.238960,-77.973783
1660.685630,39.238985,-77.973890,0.010020,14.000000,0.352958,4.529292,9.470708,39.238983,-77.973943,39.238991,-77.973781
1663.879256,39.239014,-77.973893,0.012532,14.000000,0.410453,4.126831,9.873169,39.239010,-77.973941,39.239023,-77.973779
1667.072883,39.239043,-77.973898,0.014524,14.000000,0.468958,3.717291,10.282709,39.239038,-77.973941,39.239056,-77.973780
1670.266509,39.239071,-77.973904,0.017361,14.000000,0.527465,3.307748,10.692252,39.239065,-77.973942,39.239090,-77.973782
1673.460135,39.239099,-77.973912,0.020841,14.000000,0.585210,2.903530,11.096470,39.239093,-77.973945,39.239125,-77.973788
1676.653761,39.239127,-77.973923,0.023706,14.000000,0.641703,2.508082,11.491918,39.239120,-77.973950,39.239161,-77.973797
1679.847388,39.239154,-77.973936,0.025908,14.000000,0.696710,2.123030,11.876970,39.239146,-77.973959,39.239197,-77.973810
1683.041014,39.239180,-77.973952,0.030093,14.000000,0.750020,1.749860,12.250140,39.239173,-77.973970,39.239233,-77.973827
1686.234640,39.239205,-77.973971,0.033402,14.000000,0.795226,1.433416,12.566584,39.239197,-77.973985,39.239269,-77.973851
1689.428266,39.239228,-77.973994,0.031705,14.000000,0.825549,1.221156,12.778844,39.239220,-77.974005,39.239303,-77.973881
1692.621892,39.239249,-77.974019,0.029875,14.000000,0.834195,1.160638,12.839362,39.239241,-77.974029,39.239332,-77.973916
1695.815519,39.239268,-77.974047,0.030576,14.000000,0.820469,1.256717,12.743283,39.239259,-77.974056,39.239358,-77.973955
1699.009145,39.239285,-77.974077,0.030948,14.000000,0.784102,1.511289,12.488711,39.239273,-77.974087,39.239379,-77.973999
1702.202771,39.239299,-77.974109,0.030271,14.000000,0.731222,1.881445,12.118555,39.239284,-77.974119,39.239396,-77.974045
1705.396397,39.239311,-77.974143,0.028588,14.000000,0.668540,2.320222,11.679778,39.239291,-77.974153,39.239409,-77.974093
1708.590023,39.239320,-77.974178,0.027078,14.000000,0.603195,2.777632,11.222368,39.239296,-77.974187,39.239418,-77.974141
1711.783650,39.239327,-77.974214,0.026652,14.000000,0.536631,3.243584,10.756416,39.239299,-77.974222,39.239423,-77.974189
1714.977276,39.239332,-77.974251,0.025849,14.000000,0.470240,3.708319,10.291681,39.239299,-77.974256,39.239425,-77.974236
1718.170902,39.239334,-77.974287,0.024811,14.000000,0.405334,4.162663,9.837337,39.239297,-77.974289,39.239423,-77.974283
1721.364528,39.239334,-77.974325,0.023947,14.000000,0.343106,4.598256,9.401744,39.239293,-77.974323,39.239419,-77.974329
1724.558155,39.239332,-77.974361,0.023111,14.000000,0.284607,5.007749,8.992251,39.239287,-77.974355,39.239413,-77.974373
1727.751781,39.239328,-77.974398,0.021767,14.000000,0.230918,5.383575,8.616425,39.239280,-77.974387,39.239405,-77.974416
1730.945407,39.239322,-77.974434,0.019501,14.000000,0.182899,5.719709,8.280291,39.239272,-77.974418,39.239394,-77.974458
1734.139033,39.239314,-77.974470,0.018609,14.000000,0.141080,6.012439,7.987561,39.239262,-77.974449,39.239383,-77.974498
1737.332659,39.239304,-77.974505,0.018801,14.000000,0.105496,6.261526,7.738474,39.239251,-77.974478,39.239369,-77.974537
1740.526286,39.239293,-77.974539,0.017611,14.000000,0.075968,6.468224,7.531776,39.239240,-77.974508,39.239355,-77.974575
1743.719912,39.239280,-77.974572,0.017238,14.000000,0.052060,6.635577,7.364423,39.239227,-77.974536,39.239339,-77.974612
1746.913538,39.239266,-77.974604,0.017808,14.000000,0.033348,6.766562,7.233438,39.239213,-77.974564,39.239322,-77.974647
1750.107164,39.239250,-77.974636,0.017470,14.000000,0.019456,6.863806,7.136194,39.239199,-77.974591,39.239304,-77.974682
1753.300790,39.239234,-77.974666,0.016824,14.000000,0.009732,6.931878,7.068122,39.239184,-77.974617,39.239284,-77.974715
1756.494417,39.239215,-77.974694,0.015590,14.000000,0.002910,6.979627,7.020373,39.239167,-77.974642,39.239264,-77.974747
1759.688043,39.239196,-77.974722,0.013516,14.000000,-0.002910,7.020373,6.979627,39.239150,-77.974667,39.239242,-77.974777
1762.881669,39.239176,-77.974749,0.011471,14.000000,-0.009732,7.068122,6.931878,39.239131,-77.974690,39.239220,-77.974806
1766.075295,39.239155,-77.974774,0.010121,14.000000,-0.019456,7.136194,6.863806,39.239111,-77.974714,39.239197,-77.974833
1769.268921,39.239134,-77.974799,0.008845,14.000000,-0.033348,7.233438,6.766562,39.239091,-77.974736,39.239174,-77.974858
1772.462548,39.239112,-77.974823,0.007227,14.000000,-0.052060,7.364423,6.635577,39.239069,-77.974757,39.239150,-77.974882
1775.656174,39.239089,-77.974846,0.005115,14.000000,-0.075968,7.531776,6.468224,39.239047,-77.974778,39.239125,-77.974905
1778.849800,39.239066,-77.974869,0.002562,14.000000,-0.105496,7.738474,6.261526,39.239024,-77.974798,39.239101,-77.974926
1782.043426,39.239043,-77.974891,-0.000012,14.000000,-0.141080,7.987561,6.012439,39.238999,-77.974818,39.239076,-77.974947
1785.237053,39.239020,-77.974914,-0.002749,14.000000,-0.182899,8.280291,5.719709,39.238975,-77.974838,39.239052,-77.974966
1788.430679,39.238998,-77.974937,-0.005149,14.000000,-0.230918,8.616425,5.383575,39.238949,-77.974858,39.239028,-77.974986
1791.624305,39.238975,-77.974960,-0.007821,14.000000,-0.284607,8.992251,5.007749,39.238923,-77.974880,39.239004,-77.975005
1794.817931,39.238953,-77.974984,-0.011777,14.000000,-0.343106,9.401744,4.598256,39.238897,-77.974902,39.238981,-77.975024
1798.011557,39.238932,-77.975009,-0.015559,14.000000,-0.405334,9.837337,4.162663,39.238870,-77.974927,39.238958,-77.975044
1801.205184,39.238912,-77.975035,-0.019307,14.000000,-0.470240,10.291681,3.708319,39.238843,-77.974954,39.238936,-77.975065
1804.398810,39.238892,-77.975063,-0.023307,14.000000,-0.536631,10.756416,3.243584,39.238817,-77.974984,39.238915,-77.975087
1807.592436,39.238875,-77.975093,-0.025468,14.000000,-0.603195,11.222368,2.777632,39.238791,-77.975019,39.238896,-77.975111
1810.786062,39.238860,-77.975124,-0.025260,14.000000,-0.668540,11.679778,2.320222,39.238768,-77.975057,39.238878,-77.975137
1813.979688,39.238847,-77.975157,-0.024898,14.000000,-0.731222,12.118555,1.881445,39.238747,-77.975097,39.238862,-77.975166
1817.173315,39.238835,-77.975191,-0.026652,14.000000,-0.786879,12.508155,1.491845,39.238729,-77.975140,39.238848,-77.975197
1820.366941,39.238826,-77.975226,-0.028780,14.000000,-0.831260,12.818819,1.181181,39.238714,-77.975187,39.238837,-77.975230
1823.560567,39.238820,-77.975262,-0.028141,14.000000,-0.860344,13.022405,0.977595,39.238704,-77.975236,39.238829,-77.975264
1826.754193,39.238816,-77.975299,-0.026922,14.000000,-0.873367,13.113569,0.886431,39.238698,-77.975285,39.238824,-77.975300
1829.947820,39.238815,-77.975336,-0.028083,14.000000,-0.869933,13.089531,0.910469,39.238696,-77.975335,39.238823,-77.975336
1833.141446,39.238816,-77.975373,-0.027655,14.000000,-0.852938,12.970563,1.029437,39.238699,-77.975386,39.238825,-77.975372
1836.335072,39.238820,-77.975410,-0.024596,14.000000,-0.825577,12.779041,1.220959,39.238706,-77.975435,39.238831,-77.975407
1839.528698,39.238826,-77.975446,-0.023977,14.000000,-0.791264,12.538845,1.461155,39.238716,-77.975481,39.238839,-77.975442
1842.722324,39.238834,-77.975481,-0.025395,14.000000,-0.750617,12.254322,1.745678,39.238729,-77.975527,39.238849,-77.975475
1845.915951,39.238844,-77.975516,-0.026069,14.000000,-0.704369,11.930582,2.069418,39.238745,-77.975571,39.238861,-77.975506
1849.109577,39.238857,-77.975549,-0.027065,14.000000,-0.653341,11.573386,2.426614,39.238765,-77.975613,39.238876,-77.975536
1852.303203,39.238872,-77.975581,-0.026450,14.000000,-0.598430,11.189012,2.810988,39.238787,-77.975652,39.238893,-77.975563
1855.496829,39.238889,-77.975611,-0.022789,14.000000,-0.540589,10.784121,3.215879,39.238812,-77.975688,39.238911,-77.975588
1858.690455,39.238907,-77.975640,-0.020497,14.000000,-0.481428,10.369998,3.630002,39.238837,-77.975720,39.238932,-77.975612
1861.884082,39.238927,-77.975666,-0.020750,14.000000,-0.422666,9.958662,4.041338,39.238864,-77.975749,39.238953,-77.975633
1865.077708,39.238948,-77.975692,-0.021252,14.000000,-0.365713,9.559993,4.440007,39.238892,-77.975776,39.238974,-77.975653
1868.271334,39.238971,-77.975715,-0.021302,14.000000,-0.310996,9.176975,4.823025,39.238921,-77.975800,39.238997,-77.975670
1871.464960,39.238994,-77.975736,-0.020308,14.000000,-0.258446,8.809125,5.190875,39.238951,-77.975822,39.239020,-77.975685
1874.658586,39.239019,-77.975755,-0.019495,14.000000,-0.207229,8.450601,5.549399,39.238982,-77.975840,39.239044,-77.975699
1877.852213,39.239045,-77.975772,-0.019668,14.000000,-0.156283,8.093984,5.906016,39.239013,-77.975857,39.239068,-77.975711
1881.045839,39.239071,-77.975787,-0.019071,14.000000,-0.104727,7.733092,6.266908,39.239045,-77.975870,39.239092,-77.975720
1884.239465,39.239098,-77.975800,-0.017881,14.000000,-0.059565,7.416956,6.583044,39.239076,-77.975882,39.239117,-77.975728
1887.433091,39.239126,-77.975811,-0.017285,14.000000,-0.028115,7.196804,6.803196,39.239108,-77.975892,39.239142,-77.975735
1890.626718,39.239154,-77.975820,-0.016816,14.000000,-0.017610,7.123268,6.876732,39.239140,-77.975901,39.239167,-77.975742
1893.820344,39.239182,-77.975827,-0.016141,14.000000,-0.028115,7.196804,6.803196,39.239171,-77.975910,39.239192,-77.975749
1897.013970,39.239211,-77.975832,-0.016253,14.000000,-0.059565,7.416956,6.583044,39.239203,-77.975918,39.239218,-77.975757
1900.207596,39.239239,-77.975836,-0.017366,14.000000,-0.104727,7.733092,6.266908,39.239235,-77.975925,39.239243,-77.975763
1903.401222,39.239268,-77.975837,-0.017521,14.000000,-0.156283,8.093984,5.906016,39.239268,-77.975931,39.239269,-77.975769
1906.594849,39.239297,-77.975836,-0.015952,14.000000,-0.207229,8.450601,5.549399,39.239301,-77.975934,39.239295,-77.975772
1909.788475,39.239326,-77.975833,-0.014966,14.000000,-0.258446,8.809125,5.190875,39.239334,-77.975935,39.239321,-77.975773
1912.982101,39.239355,-77.975829,-0.015428,14.000000,-0.310996,9.176975,4.823025,39.239367,-77.975934,39.239348,-77.975774
1916.175727,39.239383,-77.975823,-0.015231,14.000000,-0.365713,9.559993,4.440007,39.239400,-77.975931,39.239375,-77.975772
1919.369353,39.239411,-77.975815,-0.014532,14.000000,-0.422666,9.958662,4.041338,39.239433,-77.975927,39.239403,-77.975769
1922.562980,39.239439,-77.975805,-0.014417,14.000000,-0.481428,10.369998,3.630002,39.239466,-77.975920,39.239430,-77.975764
1925.756606,39.239467,-77.975793,-0.014183,14.000000,-0.540589,10.784121,3.215879,39.239499,-77.975912,39.239457,-77.975758
1928.950232,39.239494,-77.975781,-0.013707,14.000000,-0.598430,11.189012,2.810988,39.239531,-77.975901,39.239484,-77.975750
1932.143858,39.239520,-77.975766,-0.013094,14.000000,-0.653341,11.573386,2.426614,39.239563,-77.975888,39.239511,-77.975740
1935.337485,39.239546,-77.975750,-0.012636,14.000000,-0.704369,11.930582,2.069418,39.239595,-77.975874,39.239538,-77.975729
1938.531111,39.239572,-77.975733,-0.012025,14.000000,-0.750617,12.254322,1.745678,39.239626,-77.975858,39.239564,-77.975715
1941.724737,39.239597,-77.975714,-0.011262,14.000000,-0.791264,12.538845,1.461155,39.239655,-77.975839,39.239590,-77.975700
1944.918363,39.239622,-77.975695,-0.011901,14.000000,-0.825577,12.779041,1.220959,39.239684,-77.975819,39.239616,-77.975683
1948.111989,39.239646,-77.975674,-0.013524,14.000000,-0.852938,12.970563,1.029437,39.239713,-77.975797,39.239640,-77.975664
1951.305616,39.239669,-77.975652,-0.013887,14.000000,-0.872846,13.109924,0.890076,39.239742,-77.975772,39.239664,-77.975644
1954.499242,39.239691,-77.975629,-0.012925,14.000000,-0.879585,13.157097,0.842903,39.239768,-77.975745,39.239686,-77.975621
1957.692868,39.239713,-77.975604,-0.012656,14.000000,-0.870441,13.093088,0.906912,39.239793,-77.975716,39.239707,-77.975596
1960.886494,39.239734,-77.975579,-0.012725,14.000000,-0.843064,12.901447,1.098553,39.239816,-77.975684,39.239727,-77.975570
1964.080120,39.239754,-77.975552,-0.012429,14.000000,-0.800885,12.606193,1.393807,39.239837,-77.975651,39.239744,-77.975541
1967.273747,39.239773,-77.975524,-0.012574,14.000000,-0.744950,12.214652,1.785348,39.239857,-77.975616,39.239761,-77.975511
1970.467373,39.239791,-77.975496,-0.013238,14.000000,-0.681961,11.773730,2.226270,39.239875,-77.975580,39.239775,-77.975480
1973.660999,39.239808,-77.975466,-0.013561,14.000000,-0.616018,11.312127,2.687873,39.239892,-77.975542,39.239789,-77.975448
1976.854625,39.239825,-77.975435,-0.012876,14.000000,-0.551221,10.858546,3.141454,39.239907,-77.975504,39.239801,-77.975415
1980.048251,39.239840,-77.975404,-0.011700,14.000000,-0.486203,10.403424,3.596576,39.239921,-77.975466,39.239812,-77.975382
1983.241878,39.239854,-77.975372,-0.010271,14.000000,-0.422243,9.955704,4.044296,39.239933,-77.975428,39.239822,-77.975349
1986.435504,39.239868,-77.975339,-0.009218,14.000000,-0.360515,9.523604,4.476396,39.239945,-77.975389,39.239832,-77.975315
1989.629130,39.239881,-77.975306,-0.008298,14.000000,-0.302061,9.114424,4.885576,39.239955,-77.975351,39.239841,-77.975281
1992.822756,39.239893,-77.975272,-0.007750,14.000000,-0.247998,8.735987,5.264013,39.239965,-77.975314,39.239849,-77.975247
1996.016383,39.239904,-77.975238,-0.008618,14.000000,-0.199247,8.394726,5.605274,39.239974,-77.975276,39.239858,-77.975213
1999.210009,39.239915,-77.975204,-0.009815,14.000000,-0.156396,8.094772,5.905228,39.239983,-77.975237,39.239865,-77.975179
2002.403635,39.239925,-77.975169,-0.010686,14.000000,-0.119508,7.836554,6.163446,39.239992,-77.975199,39.239872,-77.975146
2005.597261,39.239934,-77.975134,-0.010141,14.000000,-0.088410,7.618868,6.381132,39.240000,-77.975160,39.239879,-77.975112
2008.790887,39.239942,-77.975098,-0.008359,14.000000,-0.062640,7.438481,6.561519,39.240007,-77.975121,39.239885,-77.975078
2011.984514,39.239949,-77.975062,-0.006614,14.000000,-0.041730,7.292112,6.707888,39.240013,-77.975083,39.239890,-77.975044
2015.178140,39.239956,-77.975026,-0.004852,14.000000,-0.025350,7.177453,6.822547,39.240019,-77.975045,39.239896,-77.975009
2018.371766,39.239962,-77.974990,-0.003167,14.000000,-0.013531,7.094715,6.905285,39.240025,-77.975008,39.239901,-77.974973
2021.565392,39.239968,-77.974954,-0.001182,14.000000,-0.006071,7.042495,6.957505,39.240031,-77.974971,39.239907,-77.974938
2024.759018,39.239974,-77.974918,0.000834,14.000000,-0.002082,7.014576,6.985424,39.240036,-77.974934,39.239912,-77.974901
2027.952645,39.239980,-77.974881,0.002897,14.000000,0.000000,7.000000,7.000000,39.240042,-77.974898,39.239918,-77.974864
2031.146271,39.239986,-77.974845,0.005204,14.000000,0.002082,6.985424,7.014576,39.240048,-77.974863,39.239924,-77.974827
2034.339897,39.239993,-77.974809,0.006561,14.000000,0.006071,6.957505,7.042495,39.240054,-77.974829,39.239931,-77.974790
2037.533523,39.240000,-77.974773,0.006808,14.000000,0.013531,6.905285,7.094715,39.240060,-77.974794,39.239938,-77.974752
2040.727150,39.240008,-77.974738,0.007043,14.000000,0.025350,6.822547,7.177453,39.240067,-77.974760,39.239946,-77.974714
2043.920776,39.240017,-77.974702,0.007484,14.000000,0.041730,6.707888,7.292112,39.240074,-77.974726,39.239954,-77.974677
2047.114402,39.240026,-77.974667,0.007535,14.000000,0.062640,6.561519,7.438481,39.240082,-77.974692,39.239962,-77.974639
2050.308028,39.240036,-77.974632,0.007933,14.000000,0.088410,6.381132,7.618868,39.240090,-77.974658,39.239971,-77.974601
2053.501654,39.240046,-77.974598,0.008730,14.000000,0.119508,6.163446,7.836554,39.240098,-77.974625,39.239980,-77.974564
2056.695281,39.240057,-77.974564,0.009017,14.000000,0.156396,5.905228,8.094772,39.240106,-77.974591,39.239990,-77.974526
2059.888907,39.240069,-77.974530,0.009094,14.000000,0.199247,5.605274,8.394726,39.240115,-77.974558,39.240001,-77.974488
2063.082533,39.240082,-77.974497,0.009121,14.000000,0.247627,5.266612,8.733388,39.240125,-77.974525,39.240012,-77.974451
2066.276159,39.240096,-77.974464,0.010457,14.000000,0.300215,4.898497,9.101503,39.240134,-77.974492,39.240023,-77.974413
2069.469785,39.240110,-77.974432,0.012348,14.000000,0.355427,4.512011,9.487989,39.240145,-77.974459,39.240036,-77.974375
2072.663412,39.240125,-77.974401,0.011284,14.000000,0.411992,4.116055,9.883945,39.240156,-77.974427,39.240051,-77.974338
2075.857038,39.240142,-77.974370,0.007912,14.000000,0.469289,3.714974,10.285026,39.240169,-77.974395,39.240065,-77.974302
2079.050664,39.240158,-77.974340,0.005419,14.000000,0.527167,3.309828,10.690172,39.240183,-77.974363,39.240080,-77.974267
2082.244290,39.240176,-77.974310,0.005392,14.000000,0.585976,2.898167,11.101833,39.240197,-77.974331,39.240096,-77.974233
2085.437916,39.240193,-77.974281,0.007147,14.000000,0.646182,2.476726,11.523274,39.240211,-77.974299,39.240111,-77.974198
2088.631543,39.240211,-77.974252,0.008569,14.000000,0.707970,2.044209,11.955791,39.240226,-77.974267,39.240128,-77.974164
2091.825169,39.240230,-77.974224,0.009672,14.000000,0.762025,1.665828,12.334172,39.240241,-77.974237,39.240146,-77.974130
2095.018795,39.240250,-77.974196,0.010638,14.000000,0.798565,1.410044,12.589956,39.240259,-77.974208,39.240166,-77.974097
2098.212421,39.240270,-77.974170,0.010594,14.000000,0.807470,1.347707,12.652293,39.240278,-77.974181,39.240189,-77.974066
2101.406048,39.240290,-77.974144,0.009412,14.000000,0.787589,1.486878,12.513122,39.240300,-77.974157,39.240213,-77.974038
2104.599674,39.240312,-77.974119,0.008180,14.000000,0.738185,1.832705,12.167295,39.240323,-77.974135,39.240239,-77.974014
2107.793300,39.240334,-77.974095,0.007712,14.000000,0.668110,2.323227,11.676773,39.240347,-77.974116,39.240266,-77.973991
2110.986926,39.240356,-77.974072,0.007436,14.000000,0.587113,2.890210,11.109790,39.240373,-77.974098,39.240294,-77.973971
2114.180552,39.240379,-77.974049,0.006814,14.000000,0.505679,3.460250,10.539750,39.240398,-77.974081,39.240321,-77.973952
2117.374179,39.240402,-77.974027,0.004700,14.000000,0.425675,4.020277,9.979723,39.240424,-77.974065,39.240349,-77.973934
2120.567805,39.240426,-77.974006,0.002250,14.000000,0.348840,4.558120,9.441880,39.240450,-77.974049,39.240376,-77.973916
2123.761431,39.240449,-77.973984,0.000730,14.000000,0.276738,5.062836,8.937164,39.240476,-77.974032,39.240403,-77.973899
2126.955057,39.240473,-77.973963,-0.000689,14.000000,0.210716,5.524987,8.475013,39.240502,-77.974015,39.240429,-77.973882
2130.148683,39.240497,-77.973941,-0.001939,14.000000,0.151876,5.936867,8.063133,39.240528,-77.973997,39.240454,-77.973865
2133.342310,39.240520,-77.973920,-0.003342,14.000000,0.100896,6.293726,7.706274,39.240553,-77.973979,39.240479,-77.973847
2136.535936,39.240543,-77.973898,-0.004842,14.000000,0.057123,6.600139,7.399861,39.240579,-77.973959,39.240503,-77.973829
2139.729562,39.240566,-77.973875,-0.005474,14.000000,0.018451,6.870844,7.129156,39.240604,-77.973939,39.240527,-77.973810
2142.923188,39.240589,-77.973853,-0.006132,14.000000,-0.018451,7.129156,6.870844,39.240629,-77.973917,39.240550,-77.973790
2146.116815,39.240611,-77.973829,-0.007293,14.000000,-0.057123,7.399861,6.600139,39.240654,-77.973895,39.240573,-77.973770
2149.310441,39.240633,-77.973805,-0.007739,14.000000,-0.100896,7.706274,6.293726,39.240679,-77.973872,39.240596,-77.973750
2152.504067,39.240655,-77.973780,-0.006920,14.000000,-0.151876,8.063133,5.936867,39.240704,-77.973849,39.240618,-77.973730
2155.697693,39.240676,-77.973755,-0.005916,14.000000,-0.210716,8.475013,5.524987,39.240729,-77.973826,39.240641,-77.973709
2158.891319,39.240696,-77.973729,-0.006136,14.000000,-0.276738,8.937164,5.062836,39.240753,-77.973802,39.240664,-77.973687
2162.084946,39.240717,-77.973702,-0.006770,14.000000,-0.348840,9.441880,4.558120,39.240778,-77.973778,39.240687,-77.973666
2165.278572,39.240736,-77.973675,-0.007282,14.000000,-0.425675,9.979723,4.020277,39.240803,-77.973754,39.240710,-77.973644
2168.472198,39.240756,-77.973648,-0.008248,14.000000,-0.505679,10.539750,3.460250,39.240827,-77.973728,39.240732,-77.973621
2171.665824,39.240774,-77.973620,-0.008994,14.000000,-0.587113,11.109790,2.890210,39.240852,-77.973702,39.240754,-77.973598
2174.859450,39.240792,-77.973591,-0.009227,14.000000,-0.668110,11.676773,2.323227,39.240876,-77.973674,39.240776,-77.973574
2178.053077,39.240810,-77.973561,-0.009502,14.000000,-0.742304,12.196127,1.803873,39.240899,-77.973645,39.240797,-77.973549
2181.246703,39.240827,-77.973531,-0.009415,14.000000,-0.803426,12.623982,1.376018,39.240921,-77.973614,39.240816,-77.973522
2184.440329,39.240843,-77.973500,-0.009690,14.000000,-0.845487,12.918410,1.081590,39.240941,-77.973581,39.240834,-77.973493
2187.633955,39.240858,-77.973469,-0.010626,14.000000,-0.867366,13.071564,0.928436,39.240959,-77.973546,39.240851,-77.973463
2190.827581,39.240872,-77.973437,-0.010380,14.000000,-0.868422,13.078957,0.921043,39.240976,-77.973510,39.240865,-77.973431
2194.021208,39.240886,-77.973404,-0.009044,14.000000,-0.852938,12.970563,1.029437,39.240990,-77.973472,39.240877,-77.973398
2197.214834,39.240898,-77.973371,-0.008852,14.000000,-0.825577,12.779041,1.220959,39.241003,-77.973434,39.240888,-77.973364
2200.408460,39.240911,-77.973337,-0.010084,14.000000,-0.791264,12.538845,1.461155,39.241014,-77.973396,39.240898,-77.973330
2203.602086,39.240922,-77.973303,-0.010884,14.000000,-0.750617,12.254322,1.745678,39.241025,-77.973356,39.240907,-77.973295
2206.795713,39.240932,-77.973268,-0.010426,14.000000,-0.704369,11.930582,2.069418,39.241034,-77.973315,39.240914,-77.973260
2209.989339,39.240941,-77.973233,-0.008724,14.000000,-0.653341,11.573386,2.426614,39.241041,-77.973275,39.240921,-77.973224
2213.182965,39.240950,-77.973198,-0.006989,14.000000,-0.598430,11.189012,2.810988,39.241047,-77.973235,39.240926,-77.973188
2216.376591,39.240958,-77.973162,-0.006500,14.000000,-0.544722,10.813054,3.186946,39.241052,-77.973196,39.240930,-77.973152
2219.570217,39.240965,-77.973126,-0.006818,14.000000,-0.501402,10.509814,3.490186,39.241057,-77.973156,39.240935,-77.973116
2222.763844,39.240972,-77.973090,-0.007634,14.000000,-0.477473,10.342309,3.657691,39.241063,-77.973117,39.240940,-77.973081
2225.957470,39.240978,-77.973054,-0.008094,14.000000,-0.477473,10.342309,3.657691,39.241070,-77.973078,39.240946,-77.973046
2229.151096,39.240984,-77.973018,-0.007539,14.000000,-0.501402,10.509814,3.490186,39.241077,-77.973039,39.240953,-77.973011
2232.344722,39.240988,-77.972981,-0.006794,14.000000,-0.544722,10.813054,3.186946,39.241085,-77.973000,39.240960,-77.972976
2235.538348,39.240992,-77.972945,-0.006255,14.000000,-0.598430,11.189012,2.810988,39.241093,-77.972962,39.240967,-77.972940
2238.731975,39.240996,-77.972908,-0.006080,14.000000,-0.653341,11.573386,2.426614,39.241100,-77.972923,39.240974,-77.972905
2241.925601,39.240999,-77.972871,-0.006093,14.000000,-0.704369,11.930582,2.069418,39.241106,-77.972884,39.240980,-77.972869
2245.119227,39.241001,-77.972834,-0.005777,14.000000,-0.750617,12.254322,1.745678,39.241112,-77.972844,39.240986,-77.972833
2248.312853,39.241003,-77.972797,-0.005494,14.000000,-0.791264,12.538845,1.461155,39.241116,-77.972805,39.240990,-77.972796
2251.506480,39.241004,-77.972760,-0.005229,14.000000,-0.825577,12.779041,1.220959,39.241120,-77.972766,39.240993,-77.972760
2254.700106,39.241005,-77.972723,-0.005204,14.000000,-0.852938,12.970563,1.029437,39.241123,-77.972726,39.240996,-77.972723
2257.893732,39.241006,-77.972686,-0.005864,14.000000,-0.872846,13.109924,0.890076,39.241124,-77.972687,39.240998,-77.972686
2261.087358,39.241006,-77.972649,-0.006575,14.000000,-0.884940,13.194577,0.805423,39.241125,-77.972647,39.240998,-77.972649
2264.280984,39.241005,-77.972612,-0.008318,14.000000,-0.888995,13.222968,0.777032,39.241124,-77.972606,39.240998,-77.972612
2267.474611,39.241003,-77.972575,-0.010027,14.000000,-0.884940,13.194577,0.805423,39.241123,-77.972565,39.240996,-77.972576
2270.668237,39.241001,-77.972538,-0.008825,14.000000,-0.872846,13.109924,0.890076,39.241119,-77.972523,39.240993,-77.972539
2273.861863,39.240998,-77.972501,-0.006377,14.000000,-0.852938,12.970563,1.029437,39.241114,-77.972483,39.240988,-77.972503
2277.055489,39.240994,-77.972465,-0.004863,14.000000,-0.825577,12.779041,1.220959,39.241108,-77.972444,39.240983,-77.972467
2280.249115,39.240989,-77.972428,-0.004799,14.000000,-0.791264,12.538845,1.461155,39.241102,-77.972405,39.240976,-77.972431
2283.442742,39.240985,-77.972391,-0.005467,14.000000,-0.750617,12.254322,1.745678,39.241094,-77.972367,39.240969,-77.972395
2286.636368,39.240980,-77.972355,-0.005316,14.000000,-0.704369,11.930582,2.069418,39.241086,-77.972329,39.240961,-77.972360
2289.829994,39.240974,-77.972319,-0.004884,14.000000,-0.653341,11.573386,2.426614,39.241076,-77.972291,39.240952,-77.972324
2293.023620,39.240968,-77.972282,-0.004760,14.000000,-0.598430,11.189012,2.810988,39.241066,-77.972254,39.240943,-77.972290
2296.217246,39.240961,-77.972246,-0.004776,14.000000,-0.540589,10.784121,3.215879,39.241056,-77.972217,39.240933,-77.972255
2299.410873,39.240954,-77.972210,-0.004706,14.000000,-0.481428,10.369998,3.630002,39.241045,-77.972180,39.240922,-77.972221
2302.604499,39.240947,-77.972175,-0.004249,14.000000,-0.422666,9.958662,4.041338,39.241034,-77.972144,39.240911,-77.972187
2305.798125,39.240939,-77.972139,-0.003677,14.000000,-0.365713,9.559993,4.440007,39.241022,-77.972108,39.240900,-77.972153
2308.991751,39.240931,-77.972104,-0.003195,14.000000,-0.310996,9.176975,4.823025,39.241010,-77.972073,39.240889,-77.972120
2312.185378,39.240922,-77.972068,-0.002644,14.000000,-0.258446,8.809125,5.190875,39.240998,-77.972038,39.240877,-77.972086
2315.379004,39.240914,-77.972033,-0.002190,14.000000,-0.207229,8.450601,5.549399,39.240987,-77.972003,39.240866,-77.972052
2318.572630,39.240905,-77.971997,-0.001808,14.000000,-0.156283,8.093984,5.906016,39.240974,-77.971968,39.240854,-77.972019
2321.766256,39.240896,-77.971962,-0.001442,14.000000,-0.104727,7.733092,6.266908,39.240962,-77.971934,39.240842,-77.971985
2324.959882,39.240887,-77.971927,-0.001336,14.000000,-0.052526,7.367679,6.632321,39.240950,-77.971900,39.240830,-77.971952
2328.153509,39.240877,-77.971892,-0.001500,14.000000,-0.000000,7.000000,7.000000,39.240937,-77.971866,39.240818,-77.971918
2331.347135,39.240868,-77.971857,-0.001724,14.000000,0.052526,6.632321,7.367679,39.240925,-77.971832,39.240805,-77.971885
2334.540761,39.240859,-77.971822,-0.001319,14.000000,0.104727,6.266908,7.733092,39.240912,-77.971798,39.240793,-77.971852
2337.734387,39.240849,-77.971787,-0.001120,14.000000,0.156283,5.906016,8.093984,39.240899,-77.971764,39.240780,-77.971819
2340.928013,39.240839,-77.971752,-0.001154,14.000000,0.206876,5.551868,8.448132,39.240887,-77.971730,39.240767,-77.971785
2344.121640,39.240829,-77.971717,-0.000885,14.000000,0.256193,5.206648,8.793352,39.240874,-77.971697,39.240755,-77.971752
2347.315266,39.240820,-77.971683,-0.000906,14.000000,0.303931,4.872485,9.127515,39.240861,-77.971663,39.240742,-77.971719
2350.508892,39.240810,-77.971648,-0.000704,14.000000,0.349794,4.551439,9.448561,39.240848,-77.971630,39.240729,-77.971686
2353.702518,39.240799,-77.971613,-0.000592,14.000000,0.393502,4.245489,9.754511,39.240835,-77.971596,39.240717,-77.971653
2356.896145,39.240789,-77.971578,-0.000930,14.000000,0.434783,3.956521,10.043479,39.240823,-77.971562,39.240704,-77.971619
2360.089771,39.240779,-77.971544,-0.001051,14.000000,0.473383,3.686318,10.313682,39.240810,-77.971529,39.240692,-77.971586
2363.283397,39.240769,-77.971509,-0.000965,14.000000,0.509065,3.436544,10.563456,39.240798,-77.971495,39.240680,-77.971553
2366.477023,39.240759,-77.971475,-0.000888,14.000000,0.541608,3.208741,10.791259,39.240786,-77.971461,39.240668,-77.971520
2369.670649,39.240748,-77.971440,-0.000709,14.000000,0.570813,3.004312,10.995688,39.240774,-77.971427,39.240655,-77.971486
2372.864276,39.240738,-77.971405,-0.000831,14.000000,0.596498,2.824517,11.175483,39.240761,-77.971394,39.240644,-77.971453
2376.057902,39.240727,-77.971371,-0.000652,14.000000,0.618505,2.670466,11.329534,39.240750,-77.971360,39.240632,-77.971419
2379.251528,39.240716,-77.971337,-0.000213,14.000000,0.636699,2.543107,11.456893,39.240738,-77.971326,39.240620,-77.971385
2382.445154,39.240706,-77.971302,-0.000424,14.000000,0.650968,2.443227,11.556773,39.240726,-77.971292,39.240609,-77.971351
2385.638780,39.240695,-77.971268,-0.000498,14.000000,0.661361,2.370470,11.629530,39.240715,-77.971258,39.240597,-77.971318
2388.832407,39.240685,-77.971233,-0.000763,14.000000,0.668233,2.322372,11.677628,39.240704,-77.971223,39.240586,-77.971284
2392.026033,39.240674,-77.971199,-0.001002,14.000000,0.672232,2.294373,11.705627,39.240693,-77.971189,39.240576,-77.971250
2395.219659,39.240663,-77.971165,-0.000778,14.000000,0.674169,2.280820,11.719180,39.240682,-77.971155,39.240565,-77.971216
2398.413285,39.240652,-77.971130,-0.000912,14.000000,0.674861,2.275971,11.724029,39.240671,-77.971120,39.240554,-77.971182
2401.606911,39.240641,-77.971096,-0.000810,14.000000,0.675000,2.275000,11.725000,39.240660,-77.971086,39.240543,-77.971148
2404.800538,39.240630,-77.971062,-0.000527,14.000000,0.675000,2.275000,11.725000,39.240649,-77.971052,39.240532,-77.971114
2407.994164,39.240619,-77.971028,-0.000565,14.000000,0.675000,2.275000,11.725000,39.240638,-77.971018,39.240521,-77.971080
2411.187790,39.240608,-77.970994,-0.000588,14.000000,0.675000,2.275000,11.725000,39.240627,-77.970983,39.240510,-77.971046
2414.381416,39.240596,-77.970959,-0.000588,14.000000,0.675000,2.275000,11.725000,39.240615,-77.970949,39.240499,-77.971012
2417.575043,39.240585,-77.970925,-0.000645,14.000000,0.675000,2.275000,11.725000,39.240604,-77.970915,39.240487,-77.970978
2420.768669,39.240574,-77.970891,-0.000618,14.000000,0.675000,2.275000,11.725000,39.240593,-77.970881,39.240476,-77.970945
2423.962295,39.240562,-77.970857,-0.000523,14.000000,0.675000,2.275000,11.725000,39.240581,-77.970847,39.240465,-77.970911
2427.155921,39.240551,-77.970823,-0.000485,14.000000,0.675000,2.275000,11.725000,39.240570,-77.970813,39.240454,-77.970877
2430.349547,39.240540,-77.970789,-0.000483,14.000000,0.675000,2.275000,11.725000,39.240558,-77.970779,39.240442,-77.970843
2433.543174,39.240528,-77.970755,-0.000361,14.000000,0.675000,2.275000,11.725000,39.240547,-77.970745,39.240431,-77.970809
2436.736800,39.240516,-77.970721,-0.000224,14.000000,0.675000,2.275000,11.725000,39.240535,-77.970711,39.240419,-77.970776
2439.930426,39.240505,-77.970687,-0.000187,14.000000,0.675000,2.275000,11.725000,39.240524,-77.970677,39.240408,-77.970742
2443.124052,39.240493,-77.970653,0.000040,14.000000,0.675000,2.275000,11.725000,39.240512,-77.970643,39.240396,-77.970708
2446.317678,39.240482,-77.970619,-0.000006,14.000000,0.675000,2.275000,11.725000,39.240501,-77.970609,39.240385,-77.970674
2449.511305,39.240470,-77.970585,0.000074,14.000000,0.675000,2.275000,11.725000,39.240489,-77.970575,39.240373,-77.970640
2452.704931,39.240459,-77.970552,0.000278,14.000000,0.675000,2.275000,11.725000,39.240478,-77.970541,39.240361,-77.970606
2455.898557,39.240447,-77.970518,-0.000084,14.000000,0.675000,2.275000,11.725000,39.240466,-77.970507,39.240350,-77.970572
2459.092183,39.240436,-77.970484,0.000011,14.000000,0.675000,2.275000,11.725000,39.240454,-77.970473,39.240338,-77.970538
2462.285810,39.240424,-77.970450,-0.000005,14.000000,0.675000,2.275000,11.725000,39.240443,-77.970439,39.240327,-77.970504
2465.479436,39.240413,-77.970416,-0.000348,14.000000,0.675000,2.275000,11.725000,39.240431,-77.970405,39.240315,-77.970470
2468.673062,39.240401,-77.970382,-0.000115,14.000000,0.675000,2.275000,11.725000,39.240420,-77.970371,39.240304,-77.970436
2471.866688,39.240389,-77.970348,-0.000102,14.000000,0.675000,2.275000,11.725000,39.240408,-77.970337,39.240292,-77.970402
2475.060314,39.240378,-77.970314,-0.000227,14.000000,0.675000,2.275000,11.725000,39.240397,-77.970303,39.240281,-77.970368
2478.253941,39.240366,-77.970280,-0.000377,14.000000,0.675000,2.275000,11.725000,39.240385,-77.970269,39.240269,-77.970335
2481.447567,39.240355,-77.970246,-0.000617,14.000000,0.675000,2.275000,11.725000,39.240373,-77.970235,39.240258,-77.970301
2484.641193,39.240343,-77.970212,-0.000265,14.000000,0.675000,2.275000,11.725000,39.240362,-77.970201,39.240246,-77.970267
2487.834819,39.240331,-77.970178,-0.000166,14.000000,0.675000,2.275000,11.725000,39.240350,-77.970168,39.240234,-77.970233
2491.028445,39.240319,-77.970144,-0.000506,14.000000,0.675000,2.275000,11.725000,39.240338,-77.970134,39.240222,-77.970200
2494.222072,39.240308,-77.970111,-0.000577,14.000000,0.675000,2.275000,11.725000,39.240326,-77.970100,39.240211,-77.970166
2497.415698,39.240296,-77.970077,-0.000411,14.000000,0.675000,2.275000,11.725000,39.240315,-77.970066,39.240199,-77.970133
2500.609324,39.240284,-77.970043,-0.000031,14.000000,0.675000,2.275000,11.725000,39.240303,-77.970032,39.240187,-77.970099
2503.802950,39.240272,-77.970009,-0.000220,14.000000,0.675000,2.275000,11.725000,39.240291,-77.969998,39.240175,-77.970065
2506.996576,39.240260,-77.969976,-0.000662,14.000000,0.675000,2.275000,11.725000,39.240279,-77.969965,39.240164,-77.970032
2510.190203,39.240248,-77.969942,-0.000411,14.000000,0.675000,2.275000,11.725000,39.240267,-77.969931,39.240152,-77.969998
2513.383829,39.240236,-77.969908,-0.000134,14.000000,0.675000,2.275000,11.725000,39.240255,-77.969897,39.240140,-77.969964
2516.577455,39.240224,-77.969874,-0.000353,14.000000,0.675000,2.275000,11.725000,39.240243,-77.969863,39.240128,-77.969931
2519.771081,39.240212,-77.969841,-0.000767,14.000000,0.675000,2.275000,11.725000,39.240231,-77.969830,39.240116,-77.969897
2522.964708,39.240200,-77.969807,-0.000702,14.000000,0.675000,2.275000,11.725000,39.240219,-77.969796,39.240104,-77.969864
2526.158334,39.240188,-77.969773,-0.000767,14.000000,0.675000,2.275000,11.725000,39.240207,-77.969762,39.240092,-77.969831
2529.351960,39.240176,-77.969740,-0.001092,14.000000,0.675000,2.275000,11.725000,39.240195,-77.969729,39.240080,-77.969797
2532.545586,39.240164,-77.969706,-0.000993,14.000000,0.675000,2.275000,11.725000,39.240182,-77.969695,39.240068,-77.969764
2535.739212,39.240151,-77.969673,-0.001295,14.000000,0.675000,2.275000,11.725000,39.240170,-77.969662,39.240056,-77.969731
2538.932839,39.240139,-77.969639,-0.001786,14.000000,0.675000,2.275000,11.725000,39.240157,-77.969628,39.240043,-77.969698
2542.126465,39.240126,-77.969606,-0.001533,14.000000,0.675000,2.275000,11.725000,39.240145,-77.969595,39.240031,-77.969666
2545.320091,39.240113,-77.969573,-0.000956,14.000000,0.675000,2.275000,11.725000,39.240132,-77.969561,39.240018,-77.969633
2548.513717,39.240101,-77.969540,-0.001041,14.000000,0.675000,2.275000,11.725000,39.240119,-77.969528,39.240006,-77.969600
2551.707343,39.240088,-77.969507,-0.001321,14.000000,0.675000,2.275000,11.725000,39.240106,-77.969495,39.239993,-77.969568
2554.900970,39.240075,-77.969474,-0.001479,14.000000,0.675000,2.275000,11.725000,39.240093,-77.969462,39.239980,-77.969535
2558.094596,39.240062,-77.969441,-0.001430,14.000000,0.675000,2.275000,11.725000,39.240080,-77.969428,39.239967,-77.969503
2561.288222,39.240048,-77.969408,-0.001144,14.000000,0.675000,2.275000,11.725000,39.240067,-77.969395,39.239954,-77.969470
2564.481848,39.240035,-77.969375,-0.001484,14.000000,0.675000,2.275000,11.725000,39.240053,-77.969363,39.239941,-77.969438
2567.675475,39.240021,-77.969342,-0.001764,14.000000,0.675000,2.275000,11.725000,39.240040,-77.969330,39.239928,-77.969406
2570.869101,39.240008,-77.969309,-0.001925,14.000000,0.675000,2.275000,11.725000,39.240026,-77.969297,39.239914,-77.969374
2574.062727,39.239994,-77.969277,-0.001782,14.000000,0.675000,2.275000,11.725000,39.240012,-77.969264,39.239901,-77.969342
2577.256353,39.239980,-77.969244,-0.001446,14.000000,0.675000,2.275000,11.725000,39.239998,-77.969232,39.239887,-77.969310
2580.449979,39.239966,-77.969212,-0.001808,14.000000,0.675000,2.275000,11.725000,39.239984,-77.969199,39.239874,-77.969278
2583.643606,39.239952,-77.969180,-0.001917,14.000000,0.674861,2.275971,11.724029,39.239970,-77.969167,39.239860,-77.969247
2586.837232,39.239938,-77.969148,-0.001587,14.000000,0.674169,2.280820,11.719180,39.239955,-77.969134,39.239846,-77.969215
2590.030858,39.239923,-77.969116,-0.000986,14.000000,0.672232,2.294373,11.705627,39.239941,-77.969102,39.239832,-77.969184
2593.224484,39.239909,-77.969084,-0.000593,14.000000,0.668233,2.322372,11.677628,39.239927,-77.969070,39.239817,-77.969152
2596.418110,39.239894,-77.969052,-0.000662,14.000000,0.661361,2.370470,11.629530,39.239912,-77.969038,39.239803,-77.969120
2599.611737,39.239879,-77.969020,-0.000834,14.000000,0.650968,2.443227,11.556773,39.239898,-77.969005,39.239789,-77.969088
2602.805363,39.239865,-77.968988,-0.001114,14.000000,0.636699,2.543107,11.456893,39.239884,-77.968973,39.239775,-77.969056
2605.998989,39.239850,-77.968956,-0.001070,14.000000,0.618505,2.670466,11.329534,39.239871,-77.968940,39.239762,-77.969023
2609.192615,39.239835,-77.968924,-0.000748,14.000000,0.596498,2.824517,11.175483,39.239857,-77.968907,39.239748,-77.968991
2612.386241,39.239820,-77.968892,-0.000660,14.000000,0.570813,3.004312,10.995688,39.239843,-77.968874,39.239735,-77.968959
2615.579868,39.239805,-77.968861,-0.000903,14.000000,0.541608,3.208741,10.791259,39.239830,-77.968841,39.239722,-77.968926
2618.773494,39.239790,-77.968829,-0.000964,14.000000,0.509065,3.436544,10.563456,39.239816,-77.968808,39.239708,-77.968893
2621.967120,39.239775,-77.968798,-0.000839,14.000000,0.473383,3.686318,10.313682,39.239803,-77.968775,39.239695,-77.968860
2625.160746,39.239760,-77.968766,-0.000895,14.000000,0.434783,3.956521,10.043479,39.239790,-77.968742,39.239682,-77.968828
2628.354373,39.239744,-77.968735,-0.000561,14.000000,0.393502,4.245489,9.754511,39.239777,-77.968709,39.239669,-77.968795
2631.547999,39.239729,-77.968703,-0.000163,14.000000,0.349794,4.551439,9.448561,39.239764,-77.968675,39.239656,-77.968761
2634.741625,39.239714,-77.968672,-0.000413,14.000000,0.303931,4.872485,9.127515,39.239751,-77.968642,39.239644,-77.968728
2637.935251,39.239698,-77.968641,-0.000467,14.000000,0.256193,5.206648,8.793352,39.239738,-77.968608,39.239631,-77.968695
2641.128877,39.239683,-77.968609,-0.000413,14.000000,0.206876,5.551868,8.448132,39.239725,-77.968575,39.239618,-77.968662
2644.322504,39.239667,-77.968578,-0.000616,14.000000,0.156283,5.906016,8.093984,39.239713,-77.968541,39.239606,-77.968628
2647.516130,39.239652,-77.968547,-0.000433,14.000000,0.104727,6.266908,7.733092,39.239700,-77.968508,39.239593,-77.968595
2650.709756,39.239636,-77.968515,-0.000425,14.000000,0.052526,6.632321,7.367679,39.239687,-77.968474,39.239580,-77.968561
2653.903382,39.239621,-77.968484,-0.000812,14.000000,-0.000000,7.000000,7.000000,39.239674,-77.968440,39.239568,-77.968528
2657.097008,39.239605,-77.968453,-0.000670,14.000000,-0.052526,7.367679,6.632321,39.239661,-77.968407,39.239555,-77.968495
2660.290635,39.239590,-77.968422,-0.001240,14.000000,-0.104727,7.733092,6.266908,39.239648,-77.968373,39.239542,-77.968461
2663.484261,39.239574,-77.968391,-0.002457,14.000000,-0.156283,8.093984,5.906016,39.239635,-77.968339,39.239529,-77.968428
2666.677887,39.239558,-77.968360,-0.002510,14.000000,-0.207229,8.450601,5.549399,39.239621,-77.968306,39.239516,-77.968396
2669.871513,39.239542,-77.968329,-0.002847,14.000000,-0.258446,8.809125,5.190875,39.239608,-77.968272,39.239503,-77.968363
2673.065140,39.239525,-77.968299,-0.003883,14.000000,-0.310996,9.176975,4.823025,39.239594,-77.968238,39.239490,-77.968331
2676.258766,39.239509,-77.968268,-0.003954,14.000000,-0.365713,9.559993,4.440007,39.239579,-77.968204,39.239476,-77.968298
2679.452392,39.239492,-77.968238,-0.004052,14.000000,-0.422666,9.958662,4.041338,39.239564,-77.968170,39.239462,-77.968266
2682.646018,39.239475,-77.968209,-0.005749,14.000000,-0.481428,10.369998,3.630002,39.239549,-77.968136,39.239448,-77.968234
2685.839644,39.239457,-77.968179,-0.007349,14.000000,-0.540589,10.784121,3.215879,39.239533,-77.968102,39.239434,-77.968203
2689.033271,39.239439,-77.968151,-0.006942,14.000000,-0.598430,11.189012,2.810988,39.239517,-77.968068,39.239419,-77.968171
2692.226897,39.239420,-77.968122,-0.006603,14.000000,-0.653341,11.573386,2.426614,39.239499,-77.968035,39.239403,-77.968141
2695.420523,39.239401,-77.968095,-0.007631,14.000000,-0.704369,11.930582,2.069418,39.239481,-77.968002,39.239387,-77.968111
2698.614149,39.239381,-77.968068,-0.008201,14.000000,-0.750617,12.254322,1.745678,39.239461,-77.967969,39.239370,-77.968082
2701.807775,39.239361,-77.968041,-0.007453,14.000000,-0.791264,12.538845,1.461155,39.239441,-77.967938,39.239352,-77.968053
2705.001402,39.239340,-77.968015,-0.006703,14.000000,-0.825577,12.779041,1.220959,39.239420,-77.967908,39.239333,-77.968026
2708.195028,39.239319,-77.967990,-0.007552,14.000000,-0.852938,12.970563,1.029437,39.239398,-77.967879,39.239313,-77.967999
2711.388654,39.239298,-77.967965,-0.008514,14.000000,-0.872846,13.109924,0.890076,39.239375,-77.967850,39.239292,-77.967973
2714.582280,39.239275,-77.967942,-0.008451,14.000000,-0.884940,13.194577,0.805423,39.239351,-77.967823,39.239271,-77.967949
2717.775906,39.239253,-77.967919,-0.008266,14.000000,-0.888995,13.222968,0.777032,39.239326,-77.967797,39.239249,-77.967926
2720.969533,39.239230,-77.967896,-0.008385,14.000000,-0.884940,13.194577,0.805423,39.239300,-77.967773,39.239225,-77.967904
2724.163159,39.239206,-77.967875,-0.008724,14.000000,-0.872846,13.109924,0.890076,39.239274,-77.967750,39.239202,-77.967883
2727.356785,39.239182,-77.967854,-0.008125,14.000000,-0.852938,12.970563,1.029437,39.239246,-77.967728,39.239177,-77.967864
2730.550411,39.239158,-77.967834,-0.007107,14.000000,-0.825577,12.779041,1.220959,39.239218,-77.967708,39.239152,-77.967846
2733.744038,39.239133,-77.967815,-0.007441,14.000000,-0.791264,12.538845,1.461155,39.239190,-77.967690,39.239126,-77.967830
2736.937664,39.239108,-77.967797,-0.008443,14.000000,-0.750617,12.254322,1.745678,39.239162,-77.967673,39.239100,-77.967815
2740.131290,39.239082,-77.967779,-0.008374,14.000000,-0.704369,11.930582,2.069418,39.239132,-77.967657,39.239074,-77.967801
2743.324916,39.239057,-77.967763,-0.007647,14.000000,-0.653341,11.573386,2.426614,39.239102,-77.967642,39.239047,-77.967788
2746.518542,39.239030,-77.967747,-0.007194,14.000000,-0.598430,11.189012,2.810988,39.239073,-77.967629,39.239020,-77.967777
2749.712169,39.239004,-77.967732,-0.006682,14.000000,-0.540589,10.784121,3.215879,39.239043,-77.967617,39.238993,-77.967766
2752.905795,39.238977,-77.967718,-0.006714,14.000000,-0.484864,10.394046,3.605954,39.239013,-77.967606,39.238965,-77.967757
2756.099421,39.238951,-77.967704,-0.007719,14.000000,-0.440315,10.082202,3.917798,39.238983,-77.967595,39.238938,-77.967747
2759.293047,39.238923,-77.967692,-0.007317,14.000000,-0.415806,9.910643,4.089357,39.238953,-77.967583,39.238911,-77.967736
2762.486673,39.238896,-77.967680,-0.005583,14.000000,-0.415806,9.910643,4.089357,39.238924,-77.967571,39.238884,-77.967725
2765.680300,39.238868,-77.967669,-0.006582,14.000000,-0.440315,10.082202,3.917798,39.238895,-77.967557,39.238858,-77.967712
2768.873926,39.238841,-77.967658,-0.009033,14.000000,-0.484864,10.394046,3.605954,39.238866,-77.967542,39.238832,-77.967698
2772.067552,39.238813,-77.967648,-0.009292,14.000000,-0.540589,10.784121,3.215879,39.238836,-77.967527,39.238806,-77.967685
2775.261178,39.238785,-77.967640,-0.008469,14.000000,-0.598430,11.189012,2.810988,39.238806,-77.967513,39.238779,-77.967672
2778.454805,39.238756,-77.967633,-0.008022,14.000000,-0.653341,11.573386,2.426614,39.238776,-77.967501,39.238752,-77.967660
2781.648431,39.238728,-77.967626,-0.008034,14.000000,-0.704369,11.930582,2.069418,39.238746,-77.967490,39.238725,-77.967650
2784.842057,39.238699,-77.967621,-0.008227,14.000000,-0.750617,12.254322,1.745678,39.238715,-77.967480,39.238697,-77.967641
2788.035683,39.238671,-77.967616,-0.008349,14.000000,-0.791264,12.538845,1.461155,39.238683,-77.967471,39.238669,-77.967633
2791.229309,39.238642,-77.967612,-0.008539,14.000000,-0.825577,12.779041,1.220959,39.238652,-77.967465,39.238641,-77.967626
2794.422936,39.238613,-77.967610,-0.008543,14.000000,-0.852938,12.970563,1.029437,39.238620,-77.967460,39.238613,-77.967622
2797.616562,39.238584,-77.967608,-0.007491,14.000000,-0.872846,13.109924,0.890076,39.238588,-77.967456,39.238584,-77.967619
2800.810188,39.238555,-77.967608,-0.006185,14.000000,-0.884940,13.194577,0.805423,39.238556,-77.967455,39.238555,-77.967617
2804.003814,39.238527,-77.967608,-0.006055,14.000000,-0.888995,13.222968,0.777032,39.238525,-77.967454,39.238527,-77.967617
2807.197440,39.238498,-77.967608,-0.006407,14.000000,-0.884940,13.194577,0.805423,39.238494,-77.967455,39.238498,-77.967618
2810.391067,39.238469,-77.967610,-0.007376,14.000000,-0.872846,13.109924,0.890076,39.238463,-77.967458,39.238469,-77.967620
2813.584693,39.238440,-77.967612,-0.008672,14.000000,-0.852938,12.970563,1.029437,39.238431,-77.967462,39.238441,-77.967624
2816.778319,39.238411,-77.967615,-0.008206,14.000000,-0.825577,12.779041,1.220959,39.238399,-77.967468,39.238412,-77.967630
2819.971945,39.238383,-77.967620,-0.006411,14.000000,-0.791264,12.538845,1.461155,39.238368,-77.967476,39.238384,-77.967637
2823.165571,39.238354,-77.967625,-0.005170,14.000000,-0.750617,12.254322,1.745678,39.238338,-77.967484,39.238356,-77.967645
2826.359198,39.238325,-77.967631,-0.005340,14.000000,-0.704369,11.930582,2.069418,39.238308,-77.967494,39.238328,-77.967654
2829.552824,39.238297,-77.967637,-0.005781,14.000000,-0.653341,11.573386,2.426614,39.238278,-77.967505,39.238301,-77.967665
2832.746450,39.238269,-77.967644,-0.005646,14.000000,-0.598430,11.189012,2.810988,39.238248,-77.967517,39.238274,-77.967676
2835.940076,39.238240,-77.967652,-0.005224,14.000000,-0.540589,10.784121,3.215879,39.238219,-77.967530,39.238247,-77.967688
2839.133703,39.238212,-77.967660,-0.004866,14.000000,-0.481428,10.369998,3.630002,39.238190,-77.967543,39.238220,-77.967701
2842.327329,39.238184,-77.967669,-0.005395,14.000000,-0.422666,9.958662,4.041338,39.238162,-77.967557,39.238193,-77.967714
2845.520955,39.238156,-77.967678,-0.005660,14.000000,-0.365713,9.559993,4.440007,39.238133,-77.967571,39.238167,-77.967728
2848.714581,39.238128,-77.967688,-0.004945,14.000000,-0.310996,9.176975,4.823025,39.238105,-77.967586,39.238141,-77.967742
2851.908207,39.238101,-77.967699,-0.004061,14.000000,-0.258446,8.809125,5.190875,39.238077,-77.967601,39.238114,-77.967757
2855.101834,39.238073,-77.967710,-0.003595,14.000000,-0.207229,8.450601,5.549399,39.238050,-77.967617,39.238088,-77.967771
2858.295460,39.238046,-77.967722,-0.003491,14.000000,-0.156283,8.093984,5.906016,39.238022,-77.967633,39.238063,-77.967787
2861.489086,39.238018,-77.967734,-0.003617,14.000000,-0.104727,7.733092,6.266908,39.237995,-77.967649,39.238037,-77.967802
2864.682712,39.237991,-77.967746,-0.003864,14.000000,-0.052526,7.367679,6.632321,39.237968,-77.967665,39.238011,-77.967818
2867.876338,39.237964,-77.967759,-0.003502,14.000000,-0.000000,7.000000,7.000000,39.237942,-77.967683,39.237986,-77.967835
2871.069965,39.237937,-77.967772,-0.002826,14.000000,0.052526,6.632321,7.367679,39.237915,-77.967700,39.237961,-77.967852
2874.263591,39.237910,-77.967785,-0.002128,14.000000,0.104727,6.266908,7.733092,39.237889,-77.967718,39.237936,-77.967869
2877.457217,39.237883,-77.967799,-0.001504,14.000000,0.156283,5.906016,8.093984,39.237863,-77.967735,39.237910,-77.967886
2880.650843,39.237856,-77.967813,-0.001018,14.000000,0.206876,5.551868,8.448132,39.237837,-77.967753,39.237885,-77.967904
2883.844470,39.237830,-77.967827,-0.000460,14.000000,0.256193,5.206648,8.793352,39.237812,-77.967771,39.237860,-77.967921
2887.038096,39.237803,-77.967841,-0.000361,14.000000,0.303931,4.872485,9.127515,39.237786,-77.967788,39.237834,-77.967939
2890.231722,39.237776,-77.967855,-0.000228,14.000000,0.349794,4.551439,9.448561,39.237760,-77.967806,39.237809,-77.967956
2893.425348,39.237749,-77.967869,0.000165,14.000000,0.393502,4.245489,9.754511,39.237735,-77.967823,39.237783,-77.967974
2896.618974,39.237723,-77.967883,0.000141,14.000000,0.434783,3.956521,10.043479,39.237709,-77.967840,39.237757,-77.967991
2899.812601,39.237696,-77.967897,0.000332,14.000000,0.473383,3.686318,10.313682,39.237683,-77.967857,39.237731,-77.968008
2903.006227,39.237669,-77.967911,0.000813,14.000000,0.509065,3.436544,10.563456,39.237657,-77.967874,39.237705,-77.968024
2906.199853,39.237642,-77.967925,0.000865,14.000000,0.541608,3.208741,10.791259,39.237632,-77.967890,39.237679,-77.968041
2909.393479,39.237616,-77.967939,0.001038,14.000000,0.570813,3.004312,10.995688,39.237605,-77.967906,39.237653,-77.968057
2912.587105,39.237589,-77.967952,0.001233,14.000000,0.596498,2.824517,11.175483,39.237579,-77.967922,39.237626,-77.968073
2915.780732,39.237562,-77.967966,0.000989,14.000000,0.618505,2.670466,11.329534,39.237553,-77.967937,39.237599,-77.968088
2918.974358,39.237535,-77.967979,0.001035,14.000000,0.636699,2.543107,11.456893,39.237527,-77.967952,39.237572,-77.968103
2922.167984,39.237508,-77.967993,0.001011,14.000000,0.650968,2.443227,11.556773,39.237500,-77.967966,39.237545,-77.968118
2925.361610,39.237481,-77.968006,0.000934,14.000000,0.661361,2.370470,11.629530,39.237473,-77.967980,39.237518,-77.968132
2928.555236,39.237454,-77.968019,0.000945,14.000000,0.668233,2.322372,11.677628,39.237447,-77.967994,39.237491,-77.968146
2931.748863,39.237427,-77.968032,0.000627,14.000000,0.672232,2.294373,11.705627,39.237420,-77.968007,39.237464,-77.968159
2934.942489,39.237400,-77.968045,0.000489,14.000000,0.674169,2.280820,11.719180,39.237393,-77.968020,39.237437,-77.968172
2938.136115,39.237373,-77.968058,0.000735,14.000000,0.674861,2.275971,11.724029,39.237366,-77.968033,39.237410,-77.968185
2941.329741,39.237346,-77.968071,0.000870,14.000000,0.675000,2.275000,11.725000,39.237339,-77.968046,39.237382,-77.968198
2944.523368,39.237319,-77.968083,0.000579,14.000000,0.675000,2.275000,11.725000,39.237311,-77.968059,39.237355,-77.968211
2947.716994,39.237291,-77.968096,0.000515,14.000000,0.675000,2.275000,11.725000,39.237284,-77.968071,39.237328,-77.968224
2950.910620,39.237264,-77.968109,0.000612,14.000000,0.675000,2.275000,11.725000,39.237257,-77.968084,39.237300,-77.968237
2954.104246,39.237237,-77.968121,0.000264,14.000000,0.675000,2.275000,11.725000,39.237230,-77.968096,39.237273,-77.968249
2957.297872,39.237210,-77.968134,0.000058,14.000000,0.675000,2.275000,11.725000,39.237203,-77.968109,39.237246,-77.968262
2960.491499,39.237183,-77.968146,0.000082,14.000000,0.675000,2.275000,11.725000,39.237176,-77.968121,39.237218,-77.968274
2963.685125,39.237155,-77.968159,0.000116,14.000000,0.675000,2.275000,11.725000,39.237148,-77.968134,39.237191,-77.968287
2966.878751,39.237128,-77.968171,0.000244,14.000000,0.675000,2.275000,11.725000,39.237121,-77.968146,39.237164,-77.968299
2970.072377,39.237101,-77.968184,0.000407,14.000000,0.675000,2.275000,11.725000,39.237094,-77.968159,39.237137,-77.968312
2973.266003,39.237074,-77.968196,0.000375,14.000000,0.675000,2.275000,11.725000,39.237067,-77.968171,39.237109,-77.968324
2976.459630,39.237047,-77.968208,0.000271,14.000000,0.675000,2.275000,11.725000,39.237040,-77.968183,39.237082,-77.968337
2979.653256,39.237019,-77.968221,0.000416,14.000000,0.675000,2.275000,11.725000,39.237012,-77.968196,39.237055,-77.968349
2982.846882,39.236992,-77.968233,0.000136,14.000000,0.675000,2.275000,11.725000,39.236985,-77.968208,39.237027,-77.968361
2986.040508,39.236965,-77.968245,-0.000069,14.000000,0.675000,2.275000,11.725000,39.236958,-77.968220,39.237000,-77.968374
2989.234135,39.236938,-77.968258,0.000290,14.000000,0.675000,2.275000,11.725000,39.236931,-77.968233,39.236973,-77.968386
2992.427761,39.236910,-77.968270,0.000229,14.000000,0.675000,2.275000,11.725000,39.236903,-77.968245,39.236945,-77.968398
2995.621387,39.236883,-77.968282,0.000034,14.000000,0.675000,2.275000,11.725000,39.236876,-77.968257,39.236918,-77.968410
2998.815013,39.236856,-77.968294,0.000026,14.000000,0.675000,2.275000,11.725000,39.236849,-77.968269,39.236891,-77.968423
3002.008639,39.236828,-77.968306,0.000061,14.000000,0.675000,2.275000,11.725000,39.236822,-77.968281,39.236863,-77.968435
3005.202266,39.236801,-77.968319,0.000212,14.000000,0.675000,2.275000,11.725000,39.236794,-77.968294,39.236836,-77.968447
3008.395892,39.236774,-77.968331,0.000075,14.000000,0.675000,2.275000,11.725000,39.236767,-77.968306,39.236809,-77.968459
3011.589518,39.236747,-77.968343,0.000174,14.000000,0.675000,2.275000,11.725000,39.236740,-77.968318,39.236781,-77.968471
3014.783144,39.236719,-77.968355,0.000255,14.000000,0.675000,2.275000,11.725000,39.236713,-77.968330,39.236754,-77.968484
3017.976770,39.236692,-77.968367,-0.000152,14.000000,0.675000,2.275000,11.725000,39.236685,-77.968342,39.236727,-77.968496
3021.170397,39.236665,-77.968379,-0.000095,14.000000,0.675000,2.275000,11.725000,39.236658,-77.968354,39.236700,-77.968508
3024.364023,39.236637,-77.968391,0.000303,14.000000,0.675000,2.275000,11.725000,39.236631,-77.968367,39.236672,-77.968520
3027.557649,39.236610,-77.968404,0.000469,14.000000,0.675000,2.275000,11.725000,39.236603,-77.968379,39.236645,-77.968532
3030.751275,39.236583,-77.968416,0.000179,14.000000,0.675000,2.275000,11.725000,39.236576,-77.968391,39.236617,-77.968544
3033.944901,39.236555,-77.968428,-0.000133,14.000000,0.675000,2.275000,11.725000,39.236549,-77.968403,39.236590,-77.968556
3037.138528,39.236528,-77.968440,0.000129,14.000000,0.675000,2.275000,11.725000,39.236521,-77.968415,39.236563,-77.968568
3040.332154,39.236501,-77.968452,0.000349,14.000000,0.675000,2.275000,11.725000,39.236494,-77.968427,39.236535,-77.968580
3043.525780,39.236473,-77.968464,0.000083,14.000000,0.675000,2.275000,11.725000,39.236467,-77.968439,39.236508,-77.968592
3046.719406,39.236446,-77.968476,-0.000083,14.000000,0.675000,2.275000,11.725000,39.236439,-77.968451,39.236481,-77.968604
3049.913033,39.236419,-77.968488,0.000071,14.000000,0.675000,2.275000,11.725000,39.236412,-77.968463,39.236453,-77.968616
3053.106659,39.236391,-77.968500,0.000028,14.000000,0.675000,2.275000,11.725000,39.236385,-77.968475,39.236426,-77.968628
3056.300285,39.236364,-77.968512,-0.000106,14.000000,0.675000,2.275000,11.725000,39.236357,-77.968487,39.236399,-77.968640
3059.493911,39.236337,-77.968524,0.000079,14.000000,0.675000,2.275000,11.725000,39.236330,-77.968499,39.236371,-77.968652
3062.687537,39.236309,-77.968536,0.000132,14.000000,0.675000,2.275000,11.725000,39.236303,-77.968511,39.236344,-77.968664
3065.881164,39.236282,-77.968548,0.000049,14.000000,0.675000,2.275000,11.725000,39.236275,-77.968523,39.236316,-77.968676
3069.074790,39.236255,-77.968560,0.000092,14.000000,0.675000,2.275000,11.725000,39.236248,-77.968535,39.236289,-77.968688
3072.268416,39.236227,-77.968572,0.000084,14.000000,0.675000,2.275000,11.725000,39.236221,-77.968547,39.236262,-77.968700
3075.462042,39.236200,-77.968584,-0.000025,14.000000,0.675000,2.275000,11.725000,39.236193,-77.968559,39.236234,-77.968712
3078.655668,39.236173,-77.968596,-0.000028,14.000000,0.675000,2.275000,11.725000,39.236166,-77.968571,39.236207,-77.968724
3081.849295,39.236145,-77.968608,-0.000015,14.000000,0.675000,2.275000,11.725000,39.236139,-77.968583,39.236180,-77.968736
3085.042921,39.236118,-77.968620,0.000130,14.000000,0.675000,2.275000,11.725000,39.236111,-77.968595,39.236152,-77.968748
3088.236547,39.236091,-77.968632,0.000208,14.000000,0.675000,2.275000,11.725000,39.236084,-77.968607,39.236125,-77.968760
3091.430173,39.236063,-77.968643,-0.000180,14.000000,0.675000,2.275000,11.725000,39.236057,-77.968618,39.236098,-77.968772
3094.623800,39.236036,-77.968655,-0.000023,14.000000,0.675000,2.275000,11.725000,39.236029,-77.968630,39.236070,-77.968784
3097.817426,39.236009,-77.968667,0.000304,14.000000,0.675000,2.275000,11.725000,39.236002,-77.968642,39.236043,-77.968796
3101.011052,39.235981,-77.968679,-0.000061,14.000000,0.675000,2.275000,11.725000,39.235975,-77.968654,39.236015,-77.968808
3104.204678,39.235954,-77.968691,-0.000225,14.000000,0.675000,2.275000,11.725000,39.235947,-77.968666,39.235988,-77.968820
3107.398304,39.235927,-77.968703,0.000117,14.000000,0.675000,2.275000,11.725000,39.235920,-77.968678,39.235961,-77.968832
3110.591931,39.235899,-77.968715,0.000046,14.000000,0.675000,2.275000,11.725000,39.235893,-77.968690,39.235933,-77.968844
3113.785557,39.235872,-77.968727,-0.000045,14.000000,0.675000,2.275000,11.725000,39.235865,-77.968702,39.235906,-77.968856
3116.979183,39.235845,-77.968739,0.000077,14.000000,0.675000,2.275000,11.725000,39.235838,-77.968714,39.235879,-77.968868
3120.172809,39.235817,-77.968751,-0.000219,14.000000,0.675000,2.275000,11.725000,39.235811,-77.968726,39.235851,-77.968880
3123.366435,39.235790,-77.968763,-0.000113,14.000000,0.675000,2.275000,11.725000,39.235783,-77.968738,39.235824,-77.968891
3126.560062,39.235763,-77.968775,0.000196,14.000000,0.675000,2.275000,11.725000,39.235756,-77.968750,39.235797,-77.968903
3129.753688,39.235735,-77.968787,-0.000151,14.000000,0.675000,2.275000,11.725000,39.235729,-77.968762,39.235769,-77.968915
3132.947314,39.235708,-77.968799,-0.000232,14.000000,0.675000,2.275000,11.725000,39.235701,-77.968774,39.235742,-77.968927
3136.140940,39.235681,-77.968811,0.000098,14.000000,0.675000,2.275000,11.725000,39.235674,-77.968786,39.235715,-77.968939
3139.334566,39.235653,-77.968823,-0.000076,14.000000,0.675000,2.275000,11.725000,39.235647,-77.968798,39.235687,-77.968951
3142.528193,39.235626,-77.968835,0.000060,14.000000,0.675000,2.275000,11.725000,39.235619,-77.968810,39.235660,-77.968963
3145.721819,39.235599,-77.968847,0.000153,14.000000,0.675000,2.275000,11.725000,39.235592,-77.968822,39.235633,-77.968975
3148.915445,39.235571,-77.968858,-0.000293,14.000000,0.675000,2.275000,11.725000,39.235565,-77.968833,39.235605,-77.968987
3152.109071,39.235544,-77.968870,0.000007,14.000000,0.675000,2.275000,11.725000,39.235537,-77.968846,39.235578,-77.968999
3155.302698,39.235516,-77.968882,0.000252,14.000000,0.675000,2.275000,11.725000,39.235510,-77.968858,39.235551,-77.969011
3158.496324,39.235489,-77.968894,-0.000042,14.000000,0.675000,2.275000,11.725000,39.235482,-77.968869,39.235523,-77.969023
3161.689950,39.235462,-77.968906,0.000103,14.000000,0.675000,2.275000,11.725000,39.235455,-77.968881,39.235496,-77.969035
3164.883576,39.235434,-77.968918,0.000315,14.000000,0.675000,2.275000,11.725000,39.235428,-77.968893,39.235469,-77.969047
3168.077202,39.235407,-77.968930,0.000234,14.000000,0.675000,2.275000,11.725000,39.235400,-77.968905,39.235441,-77.969059
3171.270829,39.235380,-77.968942,-0.000108,14.000000,0.675000,2.275000,11.725000,39.235373,-77.968917,39.235414,-77.969071
3174.464455,39.235352,-77.968954,-0.000163,14.000000,0.675000,2.275000,11.725000,39.235346,-77.968929,39.235387,-77.969083
3177.658081,39.235325,-77.968966,0.000331,14.000000,0.675000,2.275000,11.725000,39.235318,-77.968941,39.235359,-77.969095
3180.851707,39.235298,-77.968978,0.000445,14.000000,0.675000,2.275000,11.725000,39.235291,-77.968953,39.235332,-77.969107
3184.045333,39.235270,-77.968990,0.000167,14.000000,0.675000,2.275000,11.725000,39.235264,-77.968965,39.235304,-77.969119
3187.238960,39.235243,-77.969001,-0.000100,14.000000,0.675000,2.275000,11.725000,39.235236,-77.968976,39.235277,-77.969130
3190.432586,39.235216,-77.969013,-0.000237,14.000000,0.675000,2.275000,11.725000,39.235209,-77.968988,39.235249,-77.969142
